experiment	case	variant	flow_id	role	boots	verified_bytes_per_boot	elapsed_ns_median	elapsed_ns_minimum	elapsed_ns_maximum	completion_from_first_ns_median	completion_from_first_ns_minimum	completion_from_first_ns_maximum	sync_from_first_ns_median	sync_from_first_ns_minimum	sync_from_first_ns_maximum
io-budget/formal-screen	ext4:append:fsync:1:16M:64K	baseline	0	file	3	16777216	225270000	217824900	229927800	225270000	217824900	229927800	3279936900	3258063600	3343895400
io-budget/formal-screen	ext4:append:fsync:1:16M:64K	ra0-wb1	0	file	3	16777216	123563200	122386200	125896100	123563200	122386200	125896100	2560053900	2450379500	2572991800
io-budget/formal-screen	ext4:append:fsync:1:16M:64K	ra0-wb2	0	file	3	16777216	124689100	123526700	130046100	124689100	123526700	130046100	2293869500	2267431000	2362949500
io-budget/formal-screen	ext4:append:fsync:1:16M:64K	ra0-wb4	0	file	3	16777216	123658400	123532900	126453200	123658400	123532900	126453200	2138904600	2138719200	2172351900
io-budget/formal-screen	ext4:append:fsync:1:16M:64K	ra0-wb8	0	file	3	16777216	123538600	123461600	125403300	123538600	123461600	125403300	1963324100	1941557700	2021824500
io-budget/formal-screen	ext4:append:fsync:1:16M:64K	ra1-wb1	0	file	3	16777216	122075700	121514400	125016600	122075700	121514400	125016600	2509219100	2489168700	2521953800
io-budget/formal-screen	ext4:append:fsync:1:16M:64K	ra1-wb2	0	file	3	16777216	124423900	123634200	125284100	124423900	123634200	125284100	2260462400	2207010000	2319652700
io-budget/formal-screen	ext4:append:fsync:1:16M:64K	ra1-wb4	0	file	3	16777216	125839000	125485200	126046700	125839000	125485200	126046700	2130421300	2109868000	2161935100
io-budget/formal-screen	ext4:append:fsync:1:16M:64K	ra1-wb8	0	file	3	16777216	124714200	122217500	126449300	124714200	122217500	126449300	1969924400	1944363200	2002004000
io-budget/formal-screen	ext4:append:fsync:1:16M:64K	ra2-wb1	0	file	3	16777216	122155700	121945900	123052100	122155700	121945900	123052100	2549071400	2518438500	2634269800
io-budget/formal-screen	ext4:append:fsync:1:16M:64K	ra2-wb2	0	file	3	16777216	122834000	122754100	122835000	122834000	122754100	122835000	2283918800	2270636800	2344461800
io-budget/formal-screen	ext4:append:fsync:1:16M:64K	ra2-wb4	0	file	3	16777216	127191600	124177100	127974700	127191600	124177100	127974700	2160168300	2145944600	2184602500
io-budget/formal-screen	ext4:append:fsync:1:16M:64K	ra2-wb8	0	file	3	16777216	128912600	127406400	129231100	128912600	127406400	129231100	1984989200	1945896400	2047761300
io-budget/formal-screen	ext4:append:fsync:1:16M:64K	ra4-wb1	0	file	3	16777216	123653900	122391800	126536100	123653900	122391800	126536100	2451904800	2403488000	2471727000
io-budget/formal-screen	ext4:append:fsync:1:16M:64K	ra4-wb2	0	file	3	16777216	126225400	125913300	140500100	126225400	125913300	140500100	2284323100	2257731600	2331137700
io-budget/formal-screen	ext4:append:fsync:1:16M:64K	ra4-wb4	0	file	3	16777216	124152900	123118800	126710500	124152900	123118800	126710500	2187885000	2149761600	2194755100
io-budget/formal-screen	ext4:append:fsync:1:16M:64K	ra4-wb8	0	file	3	16777216	123502200	122543000	125355400	123502200	122543000	125355400	2001481300	1988862700	2002504600
io-budget/formal-screen	ext4:append:fsync:1:16M:64K	ra8-wb1	0	file	3	16777216	122055500	121962200	125794100	122055500	121962200	125794100	2485191900	2424210200	2509915800
io-budget/formal-screen	ext4:append:fsync:1:16M:64K	ra8-wb2	0	file	3	16777216	128474400	125048600	129233300	128474400	125048600	129233300	2297892300	2252549500	2311791400
io-budget/formal-screen	ext4:append:fsync:1:16M:64K	ra8-wb4	0	file	3	16777216	126228000	123194600	129267300	126228000	123194600	129267300	2124067900	2115077000	2145769300
io-budget/formal-screen	ext4:append:fsync:1:16M:64K	ra8-wb8	0	file	3	16777216	122661300	121846400	129077500	122661300	121846400	129077500	2003359100	1940152400	2048854600
io-budget/formal-screen	ext4:cold-read:cache:4:4M:4K	baseline	0	file	3	4194304	601141700	588946200	601365700	601141700	588946200	601365700	0	0	0
io-budget/formal-screen	ext4:cold-read:cache:4:4M:4K	baseline	1	file	3	4194304	600033200	587913800	600040200	601355000	589133400	601576500	0	0	0
io-budget/formal-screen	ext4:cold-read:cache:4:4M:4K	baseline	2	file	3	4194304	596981900	584145500	599522000	601512500	589282500	601731800	0	0	0
io-budget/formal-screen	ext4:cold-read:cache:4:4M:4K	baseline	3	file	3	4194304	595765000	583740500	596579500	601663100	589429000	601887400	0	0	0
io-budget/formal-screen	ext4:cold-read:cache:4:4M:4K	ra0-wb1	0	file	3	4194304	613784000	608187500	621171400	613784000	608187500	621171400	0	0	0
io-budget/formal-screen	ext4:cold-read:cache:4:4M:4K	ra0-wb1	1	file	3	4194304	612861300	607248700	619964000	613968500	608375000	621384400	0	0	0
io-budget/formal-screen	ext4:cold-read:cache:4:4M:4K	ra0-wb1	2	file	3	4194304	608962800	603405700	619698700	614115400	608715200	621543600	0	0	0
io-budget/formal-screen	ext4:cold-read:cache:4:4M:4K	ra0-wb1	3	file	3	4194304	608702700	603040600	616604400	614262800	608868600	621706900	0	0	0
io-budget/formal-screen	ext4:cold-read:cache:4:4M:4K	ra0-wb2	0	file	3	4194304	623235500	622197500	639679100	623235500	622197500	639679100	0	0	0
io-budget/formal-screen	ext4:cold-read:cache:4:4M:4K	ra0-wb2	1	file	3	4194304	622389800	621061700	638712300	623410600	622382900	639873700	0	0	0
io-budget/formal-screen	ext4:cold-read:cache:4:4M:4K	ra0-wb2	2	file	3	4194304	618521900	616743700	634739400	623565900	622539700	640021900	0	0	0
io-budget/formal-screen	ext4:cold-read:cache:4:4M:4K	ra0-wb2	3	file	3	4194304	618297400	616502000	634269900	623717400	622699500	640169100	0	0	0
io-budget/formal-screen	ext4:cold-read:cache:4:4M:4K	ra0-wb4	0	file	3	4194304	657708400	615552700	679733200	657708400	615552700	679733200	0	0	0
io-budget/formal-screen	ext4:cold-read:cache:4:4M:4K	ra0-wb4	1	file	3	4194304	656545300	614559600	678856400	657899800	615741900	679928200	0	0	0
io-budget/formal-screen	ext4:cold-read:cache:4:4M:4K	ra0-wb4	2	file	3	4194304	652501600	610498800	674842800	658060400	615892700	680100900	0	0	0
io-budget/formal-screen	ext4:cold-read:cache:4:4M:4K	ra0-wb4	3	file	3	4194304	651979900	610160800	674591000	658243900	616037400	680272400	0	0	0
io-budget/formal-screen	ext4:cold-read:cache:4:4M:4K	ra0-wb8	0	file	3	4194304	632868000	608556500	658620800	632868000	608556500	658620800	0	0	0
io-budget/formal-screen	ext4:cold-read:cache:4:4M:4K	ra0-wb8	1	file	3	4194304	631897300	607673900	657593100	633042700	608748700	658840900	0	0	0
io-budget/formal-screen	ext4:cold-read:cache:4:4M:4K	ra0-wb8	2	file	3	4194304	627893500	603818200	657334700	633190300	608911600	659026200	0	0	0
io-budget/formal-screen	ext4:cold-read:cache:4:4M:4K	ra0-wb8	3	file	3	4194304	627513100	603480100	653798400	633332600	609067100	659327600	0	0	0
io-budget/formal-screen	ext4:cold-read:cache:4:4M:4K	ra1-wb1	0	file	3	4194304	667629600	666537900	674920300	667629600	666537900	674920300	0	0	0
io-budget/formal-screen	ext4:cold-read:cache:4:4M:4K	ra1-wb1	1	file	3	4194304	666557000	665644300	674098800	667852900	666732600	675205200	0	0	0
io-budget/formal-screen	ext4:cold-read:cache:4:4M:4K	ra1-wb1	2	file	3	4194304	662774900	661784500	670954700	668105000	666900700	675332600	0	0	0
io-budget/formal-screen	ext4:cold-read:cache:4:4M:4K	ra1-wb1	3	file	3	4194304	662376400	661542800	670703100	668250300	667060000	675607400	0	0	0
io-budget/formal-screen	ext4:cold-read:cache:4:4M:4K	ra1-wb2	0	file	3	4194304	688371700	688110300	725129700	688371700	688110300	725129700	0	0	0
io-budget/formal-screen	ext4:cold-read:cache:4:4M:4K	ra1-wb2	1	file	3	4194304	687378000	687304000	724330200	688546600	688514800	725400000	0	0	0
io-budget/formal-screen	ext4:cold-read:cache:4:4M:4K	ra1-wb2	2	file	3	4194304	683708400	683438000	720314700	688803800	688798600	725542100	0	0	0
io-budget/formal-screen	ext4:cold-read:cache:4:4M:4K	ra1-wb2	3	file	3	4194304	683398600	683068900	720131100	688944800	688930200	725733000	0	0	0
io-budget/formal-screen	ext4:cold-read:cache:4:4M:4K	ra1-wb4	0	file	3	4194304	731552700	674553800	732389900	731552700	674553800	732389900	0	0	0
io-budget/formal-screen	ext4:cold-read:cache:4:4M:4K	ra1-wb4	1	file	3	4194304	730227400	673597400	731435800	731745900	674737100	732614500	0	0	0
io-budget/formal-screen	ext4:cold-read:cache:4:4M:4K	ra1-wb4	2	file	3	4194304	727750100	670437200	729973200	731911400	674898600	732794800	0	0	0
io-budget/formal-screen	ext4:cold-read:cache:4:4M:4K	ra1-wb4	3	file	3	4194304	726447200	670174100	727429600	732023200	675050500	732970800	0	0	0
io-budget/formal-screen	ext4:cold-read:cache:4:4M:4K	ra1-wb8	0	file	3	4194304	681791700	680367700	703279200	681791700	680367700	703279200	0	0	0
io-budget/formal-screen	ext4:cold-read:cache:4:4M:4K	ra1-wb8	1	file	3	4194304	680766700	679276800	702332700	681987600	680596500	703489900	0	0	0
io-budget/formal-screen	ext4:cold-read:cache:4:4M:4K	ra1-wb8	2	file	3	4194304	676926600	675469500	698435100	682291900	680764900	703744400	0	0	0
io-budget/formal-screen	ext4:cold-read:cache:4:4M:4K	ra1-wb8	3	file	3	4194304	676521800	675098900	698082400	682444900	680929000	703871400	0	0	0
io-budget/formal-screen	ext4:cold-read:cache:4:4M:4K	ra2-wb1	0	file	3	4194304	620915600	611563700	633190300	620915600	611563700	633190300	0	0	0
io-budget/formal-screen	ext4:cold-read:cache:4:4M:4K	ra2-wb1	1	file	3	4194304	619763200	610609100	632022300	620972300	611733600	633375800	0	0	0
io-budget/formal-screen	ext4:cold-read:cache:4:4M:4K	ra2-wb1	2	file	3	4194304	616012900	606582200	631705900	621008600	611773000	633554000	0	0	0
io-budget/formal-screen	ext4:cold-read:cache:4:4M:4K	ra2-wb1	3	file	3	4194304	615721700	606148300	628019700	621227200	611807000	633717600	0	0	0
io-budget/formal-screen	ext4:cold-read:cache:4:4M:4K	ra2-wb2	0	file	3	4194304	620894700	606542800	624166600	620894700	606542800	624166600	0	0	0
io-budget/formal-screen	ext4:cold-read:cache:4:4M:4K	ra2-wb2	1	file	3	4194304	619816000	605391500	623457400	621063600	606740900	624607400	0	0	0
io-budget/formal-screen	ext4:cold-read:cache:4:4M:4K	ra2-wb2	2	file	3	4194304	619512300	601551100	620422600	621287200	607006500	624778100	0	0	0
io-budget/formal-screen	ext4:cold-read:cache:4:4M:4K	ra2-wb2	3	file	3	4194304	616059000	601082000	619990400	621349800	607051100	624823700	0	0	0
io-budget/formal-screen	ext4:cold-read:cache:4:4M:4K	ra2-wb4	0	file	3	4194304	633270900	613746200	637682600	633270900	613746200	637682600	0	0	0
io-budget/formal-screen	ext4:cold-read:cache:4:4M:4K	ra2-wb4	1	file	3	4194304	632114400	612820500	636014000	633484400	614033700	637850000	0	0	0
io-budget/formal-screen	ext4:cold-read:cache:4:4M:4K	ra2-wb4	2	file	3	4194304	631865900	608713900	632852600	633758400	614231600	637996900	0	0	0
io-budget/formal-screen	ext4:cold-read:cache:4:4M:4K	ra2-wb4	3	file	3	4194304	627878200	608216900	632546400	633903800	614293300	638117600	0	0	0
io-budget/formal-screen	ext4:cold-read:cache:4:4M:4K	ra2-wb8	0	file	3	4194304	636522500	632157000	657610000	636522500	632157000	657610000	0	0	0
io-budget/formal-screen	ext4:cold-read:cache:4:4M:4K	ra2-wb8	1	file	3	4194304	635377200	631050600	656303000	636727000	632388300	657782400	0	0	0
io-budget/formal-screen	ext4:cold-read:cache:4:4M:4K	ra2-wb8	2	file	3	4194304	631209700	627545500	655697300	636896900	632514100	657955300	0	0	0
io-budget/formal-screen	ext4:cold-read:cache:4:4M:4K	ra2-wb8	3	file	3	4194304	630865000	627164900	651661000	637102500	632599300	657999100	0	0	0
io-budget/formal-screen	ext4:cold-read:cache:4:4M:4K	ra4-wb1	0	file	3	4194304	506220300	501810200	513398500	506220300	501810200	513398500	0	0	0
io-budget/formal-screen	ext4:cold-read:cache:4:4M:4K	ra4-wb1	1	file	3	4194304	505127900	500926900	512056700	506277000	502024300	513456300	0	0	0
io-budget/formal-screen	ext4:cold-read:cache:4:4M:4K	ra4-wb1	2	file	3	4194304	501889000	497067400	511494800	506313200	502216400	513492300	0	0	0
io-budget/formal-screen	ext4:cold-read:cache:4:4M:4K	ra4-wb1	3	file	3	4194304	501624400	496777300	507804700	506550900	502320200	513750000	0	0	0
io-budget/formal-screen	ext4:cold-read:cache:4:4M:4K	ra4-wb2	0	file	3	4194304	522601500	508135400	526447800	522601500	508135400	526447800	0	0	0
io-budget/formal-screen	ext4:cold-read:cache:4:4M:4K	ra4-wb2	1	file	3	4194304	521605200	507324900	525486000	522770400	508558100	526785100	0	0	0
io-budget/formal-screen	ext4:cold-read:cache:4:4M:4K	ra4-wb2	2	file	3	4194304	518297600	507068900	521952200	522813900	508806600	526937600	0	0	0
io-budget/formal-screen	ext4:cold-read:cache:4:4M:4K	ra4-wb2	3	file	3	4194304	517879500	503648400	520738900	522852800	508870700	526998800	0	0	0
io-budget/formal-screen	ext4:cold-read:cache:4:4M:4K	ra4-wb4	0	file	3	4194304	506746300	505124300	516514000	506746300	505124300	516514000	0	0	0
io-budget/formal-screen	ext4:cold-read:cache:4:4M:4K	ra4-wb4	1	file	3	4194304	505505500	504152000	515552100	506799100	505295900	516675400	0	0	0
io-budget/formal-screen	ext4:cold-read:cache:4:4M:4K	ra4-wb4	2	file	3	4194304	505251200	499935900	511687400	507104500	505339100	516720400	0	0	0
io-budget/formal-screen	ext4:cold-read:cache:4:4M:4K	ra4-wb4	3	file	3	4194304	501975000	499480600	511287000	507259400	505374000	516757100	0	0	0
io-budget/formal-screen	ext4:cold-read:cache:4:4M:4K	ra4-wb8	0	file	3	4194304	515141700	497269400	532616500	515141700	497269400	532616500	0	0	0
io-budget/formal-screen	ext4:cold-read:cache:4:4M:4K	ra4-wb8	1	file	3	4194304	514144800	495897900	531292800	515412700	497322500	532706400	0	0	0
io-budget/formal-screen	ext4:cold-read:cache:4:4M:4K	ra4-wb8	2	file	3	4194304	510020600	495647300	528066500	515618300	497616400	532744200	0	0	0
io-budget/formal-screen	ext4:cold-read:cache:4:4M:4K	ra4-wb8	3	file	3	4194304	509524100	492284800	527956900	515729200	497681000	533187000	0	0	0
io-budget/formal-screen	ext4:cold-read:cache:4:4M:4K	ra8-wb1	0	file	3	4194304	450150600	449518000	453813500	450150600	449518000	453813500	0	0	0
io-budget/formal-screen	ext4:cold-read:cache:4:4M:4K	ra8-wb1	1	file	3	4194304	449023800	448418500	452930400	450204300	449575200	454101100	0	0	0
io-budget/formal-screen	ext4:cold-read:cache:4:4M:4K	ra8-wb1	2	file	3	4194304	445048700	444394600	449051400	450239300	449610700	454223800	0	0	0
io-budget/formal-screen	ext4:cold-read:cache:4:4M:4K	ra8-wb1	3	file	3	4194304	444596700	444326400	448711000	450273900	449928800	454381200	0	0	0
io-budget/formal-screen	ext4:cold-read:cache:4:4M:4K	ra8-wb2	0	file	3	4194304	473036400	464412100	473567000	473036400	464412100	473567000	0	0	0
io-budget/formal-screen	ext4:cold-read:cache:4:4M:4K	ra8-wb2	1	file	3	4194304	471930900	463386600	472737200	473084800	464462800	473985600	0	0	0
io-budget/formal-screen	ext4:cold-read:cache:4:4M:4K	ra8-wb2	2	file	3	4194304	467807600	459349300	472444100	473127800	464498200	474054300	0	0	0
io-budget/formal-screen	ext4:cold-read:cache:4:4M:4K	ra8-wb2	3	file	3	4194304	467421600	458918400	469211500	473159500	464532900	474099800	0	0	0
io-budget/formal-screen	ext4:cold-read:cache:4:4M:4K	ra8-wb4	0	file	3	4194304	468161900	445035600	470659000	468161900	445035600	470659000	0	0	0
io-budget/formal-screen	ext4:cold-read:cache:4:4M:4K	ra8-wb4	1	file	3	4194304	467178500	443886400	469559200	468211800	445088500	470839800	0	0	0
io-budget/formal-screen	ext4:cold-read:cache:4:4M:4K	ra8-wb4	2	file	3	4194304	462966700	439907700	466461800	468246700	445127000	470995800	0	0	0
io-budget/formal-screen	ext4:cold-read:cache:4:4M:4K	ra8-wb4	3	file	3	4194304	462576500	439299100	465970900	468279800	445161900	471042400	0	0	0
io-budget/formal-screen	ext4:cold-read:cache:4:4M:4K	ra8-wb8	0	file	3	4194304	455245800	443199000	465686400	455245800	443199000	465686400	0	0	0
io-budget/formal-screen	ext4:cold-read:cache:4:4M:4K	ra8-wb8	1	file	3	4194304	454055500	441789400	464279100	455296600	443253000	465742500	0	0	0
io-budget/formal-screen	ext4:cold-read:cache:4:4M:4K	ra8-wb8	2	file	3	4194304	449733900	441302100	463778900	455332200	443290800	465780400	0	0	0
io-budget/formal-screen	ext4:cold-read:cache:4:4M:4K	ra8-wb8	3	file	3	4194304	449349800	437737200	460002900	455367100	443325600	466053400	0	0	0
io-budget/formal-expanded	ext4:append:cache:1:1M:1K	baseline	0	file	3	1048576	48593600	48327100	50762200	48593600	48327100	50762200	0	0	0
io-budget/formal-expanded	ext4:append:cache:1:1M:1K	linux	0	file	3	1048576	8780500	8383700	8913300	8780500	8383700	8913300	0	0	0
io-budget/formal-expanded	ext4:append:cache:1:1M:1K	ra0-wb1	0	file	3	1048576	49215300	48875100	50389700	49215300	48875100	50389700	0	0	0
io-budget/formal-expanded	ext4:append:cache:1:1M:1K	ra0-wb8	0	file	3	1048576	49267500	48676500	52469400	49267500	48676500	52469400	0	0	0
io-budget/formal-expanded	ext4:append:cache:1:1M:1K	ra8-wb8	0	file	3	1048576	50528200	49247200	52485100	50528200	49247200	52485100	0	0	0
io-budget/formal-expanded	ext4:append:cache:1:1M:4K	baseline	0	file	3	1048576	18661400	18615600	18798800	18661400	18615600	18798800	0	0	0
io-budget/formal-expanded	ext4:append:cache:1:1M:4K	linux	0	file	3	1048576	6182300	5964700	6182700	6182300	5964700	6182700	0	0	0
io-budget/formal-expanded	ext4:append:cache:1:1M:4K	ra0-wb1	0	file	3	1048576	18000000	17912700	18696800	18000000	17912700	18696800	0	0	0
io-budget/formal-expanded	ext4:append:cache:1:1M:4K	ra0-wb8	0	file	3	1048576	17708200	17583300	19209700	17708200	17583300	19209700	0	0	0
io-budget/formal-expanded	ext4:append:cache:1:1M:4K	ra8-wb8	0	file	3	1048576	18747000	18429100	19184100	18747000	18429100	19184100	0	0	0
io-budget/formal-expanded	ext4:append:cache:1:1M:64K	baseline	0	file	3	1048576	10863400	10537000	11133600	10863400	10537000	11133600	0	0	0
io-budget/formal-expanded	ext4:append:cache:1:1M:64K	linux	0	file	3	1048576	5761900	5758000	6195600	5761900	5758000	6195600	0	0	0
io-budget/formal-expanded	ext4:append:cache:1:1M:64K	ra0-wb1	0	file	3	1048576	9775600	9703600	10493600	9775600	9703600	10493600	0	0	0
io-budget/formal-expanded	ext4:append:cache:1:1M:64K	ra0-wb8	0	file	3	1048576	10438800	9972800	10593700	10438800	9972800	10593700	0	0	0
io-budget/formal-expanded	ext4:append:cache:1:1M:64K	ra8-wb8	0	file	3	1048576	10491200	10155500	11156600	10491200	10155500	11156600	0	0	0
io-budget/formal-expanded	ext4:append:cache:1:4M:1K	baseline	0	file	3	4194304	228237300	206983300	228733800	228237300	206983300	228733800	0	0	0
io-budget/formal-expanded	ext4:append:cache:1:4M:1K	linux	0	file	3	4194304	26132900	25767200	26536200	26132900	25767200	26536200	0	0	0
io-budget/formal-expanded	ext4:append:cache:1:4M:1K	ra0-wb1	0	file	3	4194304	201497900	193688600	207459600	201497900	193688600	207459600	0	0	0
io-budget/formal-expanded	ext4:append:cache:1:4M:1K	ra0-wb8	0	file	3	4194304	200996700	199499600	202599100	200996700	199499600	202599100	0	0	0
io-budget/formal-expanded	ext4:append:cache:1:4M:1K	ra8-wb8	0	file	3	4194304	195996700	195389200	199425300	195996700	195389200	199425300	0	0	0
io-budget/formal-expanded	ext4:append:cache:1:4M:4K	baseline	0	file	3	4194304	73175600	73166300	74770800	73175600	73166300	74770800	0	0	0
io-budget/formal-expanded	ext4:append:cache:1:4M:4K	linux	0	file	3	4194304	17730300	17087600	18463900	17730300	17087600	18463900	0	0	0
io-budget/formal-expanded	ext4:append:cache:1:4M:4K	ra0-wb1	0	file	3	4194304	65827400	65720200	68904800	65827400	65720200	68904800	0	0	0
io-budget/formal-expanded	ext4:append:cache:1:4M:4K	ra0-wb8	0	file	3	4194304	66150500	65837100	66509900	66150500	65837100	66509900	0	0	0
io-budget/formal-expanded	ext4:append:cache:1:4M:4K	ra8-wb8	0	file	3	4194304	67757400	67740300	67991900	67757400	67740300	67991900	0	0	0
io-budget/formal-expanded	ext4:append:cache:1:4M:64K	baseline	0	file	3	4194304	37373200	37144300	39985900	37373200	37144300	39985900	0	0	0
io-budget/formal-expanded	ext4:append:cache:1:4M:64K	linux	0	file	3	4194304	15203800	15048300	15986500	15203800	15048300	15986500	0	0	0
io-budget/formal-expanded	ext4:append:cache:1:4M:64K	ra0-wb1	0	file	3	4194304	33828300	32766500	34499800	33828300	32766500	34499800	0	0	0
io-budget/formal-expanded	ext4:append:cache:1:4M:64K	ra0-wb8	0	file	3	4194304	32743300	32067400	32990800	32743300	32067400	32990800	0	0	0
io-budget/formal-expanded	ext4:append:cache:1:4M:64K	ra8-wb8	0	file	3	4194304	32769100	32021500	35531100	32769100	32021500	35531100	0	0	0
io-budget/formal-expanded	ext4:append:cache:1:16M:1K	baseline	0	file	3	16777216	1387109000	1261189000	1423606800	1387109000	1261189000	1423606800	0	0	0
io-budget/formal-expanded	ext4:append:cache:1:16M:1K	linux	0	file	3	16777216	101054100	95657000	104001500	101054100	95657000	104001500	0	0	0
io-budget/formal-expanded	ext4:append:cache:1:16M:1K	ra0-wb1	0	file	3	16777216	794282700	772333200	817120100	794282700	772333200	817120100	0	0	0
io-budget/formal-expanded	ext4:append:cache:1:16M:1K	ra0-wb8	0	file	3	16777216	784564500	782127600	812087200	784564500	782127600	812087200	0	0	0
io-budget/formal-expanded	ext4:append:cache:1:16M:1K	ra8-wb8	0	file	3	16777216	762339900	762087200	768911700	762339900	762087200	768911700	0	0	0
io-budget/formal-expanded	ext4:append:cache:1:16M:4K	baseline	0	file	3	16777216	410193300	397123500	412561200	410193300	397123500	412561200	0	0	0
io-budget/formal-expanded	ext4:append:cache:1:16M:4K	linux	0	file	3	16777216	60265500	59617000	60949700	60265500	59617000	60949700	0	0	0
io-budget/formal-expanded	ext4:append:cache:1:16M:4K	ra0-wb1	0	file	3	16777216	265636700	259892500	268818500	265636700	259892500	268818500	0	0	0
io-budget/formal-expanded	ext4:append:cache:1:16M:4K	ra0-wb8	0	file	3	16777216	267058300	262602700	269624000	267058300	262602700	269624000	0	0	0
io-budget/formal-expanded	ext4:append:cache:1:16M:4K	ra8-wb8	0	file	3	16777216	261100400	259365700	261816800	261100400	259365700	261816800	0	0	0
io-budget/formal-expanded	ext4:append:cache:1:16M:64K	baseline	0	file	3	16777216	217702000	217324900	218597500	217702000	217324900	218597500	0	0	0
io-budget/formal-expanded	ext4:append:cache:1:16M:64K	linux	0	file	3	16777216	52725000	52394200	53274800	52725000	52394200	53274800	0	0	0
io-budget/formal-expanded	ext4:append:cache:1:16M:64K	ra0-wb1	0	file	3	16777216	122978500	122719700	126605700	122978500	122719700	126605700	0	0	0
io-budget/formal-expanded	ext4:append:cache:1:16M:64K	ra0-wb8	0	file	3	16777216	124325900	121203300	128674800	124325900	121203300	128674800	0	0	0
io-budget/formal-expanded	ext4:append:cache:1:16M:64K	ra8-wb8	0	file	3	16777216	127703200	122562100	129796600	127703200	122562100	129796600	0	0	0
io-budget/formal-expanded	ext4:append:cache:1:64M:1K	baseline	0	file	3	67108864	17273839400	16687544700	17639695000	17273839400	16687544700	17639695000	0	0	0
io-budget/formal-expanded	ext4:append:cache:1:64M:1K	linux	0	file	3	67108864	409959500	401042200	428807600	409959500	401042200	428807600	0	0	0
io-budget/formal-expanded	ext4:append:cache:1:64M:1K	ra0-wb1	0	file	3	67108864	3067229100	3049341400	3164032300	3067229100	3049341400	3164032300	0	0	0
io-budget/formal-expanded	ext4:append:cache:1:64M:1K	ra0-wb8	0	file	3	67108864	3426705200	3353492700	3445409000	3426705200	3353492700	3445409000	0	0	0
io-budget/formal-expanded	ext4:append:cache:1:64M:1K	ra8-wb8	0	file	3	67108864	3463338600	3327991000	3721349700	3463338600	3327991000	3721349700	0	0	0
io-budget/formal-expanded	ext4:append:cache:1:64M:4K	baseline	0	file	3	67108864	4524068800	4412637900	4652536400	4524068800	4412637900	4652536400	0	0	0
io-budget/formal-expanded	ext4:append:cache:1:64M:4K	linux	0	file	3	67108864	259473600	259185000	267608200	259473600	259185000	267608200	0	0	0
io-budget/formal-expanded	ext4:append:cache:1:64M:4K	ra0-wb1	0	file	3	67108864	1055774800	1048305100	1056676700	1055774800	1048305100	1056676700	0	0	0
io-budget/formal-expanded	ext4:append:cache:1:64M:4K	ra0-wb8	0	file	3	67108864	1211287600	1209135500	1227915000	1211287600	1209135500	1227915000	0	0	0
io-budget/formal-expanded	ext4:append:cache:1:64M:4K	ra8-wb8	0	file	3	67108864	1221850500	1193252500	1234865200	1221850500	1193252500	1234865200	0	0	0
io-budget/formal-expanded	ext4:append:cache:1:64M:64K	baseline	0	file	3	67108864	3827873000	3688965400	3861459200	3827873000	3688965400	3861459200	0	0	0
io-budget/formal-expanded	ext4:append:cache:1:64M:64K	linux	0	file	3	67108864	243481000	241878200	244220200	243481000	241878200	244220200	0	0	0
io-budget/formal-expanded	ext4:append:cache:1:64M:64K	ra0-wb1	0	file	3	67108864	504124300	503443200	504890700	504124300	503443200	504890700	0	0	0
io-budget/formal-expanded	ext4:append:cache:1:64M:64K	ra0-wb8	0	file	3	67108864	567067600	557461400	568334200	567067600	557461400	568334200	0	0	0
io-budget/formal-expanded	ext4:append:cache:1:64M:64K	ra8-wb8	0	file	3	67108864	568046000	567329200	575393400	568046000	567329200	575393400	0	0	0
io-budget/formal-expanded	ext4:append:fsync:1:1M:4K	baseline	0	file	3	1048576	18914000	18909500	19299300	18914000	18909500	19299300	201765500	201155200	211691600
io-budget/formal-expanded	ext4:append:fsync:1:1M:4K	linux	0	file	3	1048576	6330100	6191000	6589600	6330100	6191000	6589600	24911600	24481100	25349700
io-budget/formal-expanded	ext4:append:fsync:1:1M:4K	ra0-wb1	0	file	3	1048576	18565700	18114700	18998600	18565700	18114700	18998600	179359900	177270100	188527300
io-budget/formal-expanded	ext4:append:fsync:1:1M:4K	ra0-wb8	0	file	3	1048576	18818700	17914700	19009500	18818700	17914700	19009500	145064500	142601000	149970000
io-budget/formal-expanded	ext4:append:fsync:1:1M:4K	ra8-wb8	0	file	3	1048576	18103600	17922300	19041300	18103600	17922300	19041300	140305000	136518700	145808000
io-budget/formal-expanded	ext4:append:fsync:1:4M:4K	baseline	0	file	3	4194304	73824000	73278200	74616100	73824000	73278200	74616100	802490500	796034200	809821200
io-budget/formal-expanded	ext4:append:fsync:1:4M:4K	linux	0	file	3	4194304	16796800	16775200	17455700	16796800	16775200	17455700	42242400	40935400	42929400
io-budget/formal-expanded	ext4:append:fsync:1:4M:4K	ra0-wb1	0	file	3	4194304	66076200	65314700	68112500	66076200	65314700	68112500	693619200	678983400	710524600
io-budget/formal-expanded	ext4:append:fsync:1:4M:4K	ra0-wb8	0	file	3	4194304	65908400	65574900	66143700	65908400	65574900	66143700	556718300	537764900	561628500
io-budget/formal-expanded	ext4:append:fsync:1:4M:4K	ra8-wb8	0	file	3	4194304	66792400	64907000	67800600	66792400	64907000	67800600	548937600	535915700	562206700
io-budget/formal-expanded	ext4:append:fsync:1:16M:64K	baseline	0	file	3	16777216	230914100	218808300	231557700	230914100	218808300	231557700	3386343800	3380676800	3404431100
io-budget/formal-expanded	ext4:append:fsync:1:16M:64K	linux	0	file	3	16777216	53174300	52793900	55055400	53174300	52793900	55055400	103405000	102049600	123616700
io-budget/formal-expanded	ext4:append:fsync:1:16M:64K	ra0-wb1	0	file	3	16777216	127510100	125985900	129210900	127510100	125985900	129210900	2546238200	2461727100	2564102100
io-budget/formal-expanded	ext4:append:fsync:1:16M:64K	ra0-wb8	0	file	3	16777216	124810900	124043900	128877200	124810900	124043900	128877200	2020612800	1974650000	2070567800
io-budget/formal-expanded	ext4:append:fsync:1:16M:64K	ra8-wb8	0	file	3	16777216	123780300	123013300	123954000	123780300	123013300	123954000	2017866500	1965788500	2025125500
io-budget/formal-expanded	ext4:append:fsync:1:64M:4K	baseline	0	file	3	67108864	4844227300	4598055200	4947846700	4844227300	4598055200	4947846700	17902554000	17477397400	17949334000
io-budget/formal-expanded	ext4:append:fsync:1:64M:4K	linux	0	file	3	67108864	266956800	265901400	271319900	266956800	265901400	271319900	357501300	356448400	365700400
io-budget/formal-expanded	ext4:append:fsync:1:64M:4K	ra0-wb1	0	file	3	67108864	1094270400	1089920200	1099263700	1094270400	1089920200	1099263700	14147766000	13867334300	14184647400
io-budget/formal-expanded	ext4:append:fsync:1:64M:4K	ra0-wb8	0	file	3	67108864	1168401700	1140524500	1191708100	1168401700	1140524500	1191708100	10272434600	10211408000	10922939400
io-budget/formal-expanded	ext4:append:fsync:1:64M:4K	ra8-wb8	0	file	3	67108864	1166875500	1165310300	1185695700	1166875500	1165310300	1185695700	10328223600	10084405100	10352736100
io-budget/formal-expanded	ext4:overwrite:cache:1:16M:64K	baseline	0	file	3	16777216	657493500	631396900	704744600	657493500	631396900	704744600	0	0	0
io-budget/formal-expanded	ext4:overwrite:cache:1:16M:64K	linux	0	file	3	16777216	51534100	50497000	51694500	51534100	50497000	51694500	0	0	0
io-budget/formal-expanded	ext4:overwrite:cache:1:16M:64K	ra0-wb1	0	file	3	16777216	123673100	122944500	128652100	123673100	122944500	128652100	0	0	0
io-budget/formal-expanded	ext4:overwrite:cache:1:16M:64K	ra0-wb8	0	file	3	16777216	122241700	122127200	122925100	122241700	122127200	122925100	0	0	0
io-budget/formal-expanded	ext4:overwrite:cache:1:16M:64K	ra8-wb8	0	file	3	16777216	126230300	124058600	127284200	126230300	124058600	127284200	0	0	0
io-budget/formal-expanded	ext4:overwrite:fsync:1:16M:64K	baseline	0	file	3	16777216	692091600	664573300	700939800	692091600	664573300	700939800	2335507500	2332081100	2352491400
io-budget/formal-expanded	ext4:overwrite:fsync:1:16M:64K	linux	0	file	3	16777216	50145800	49885600	51510300	50145800	49885600	51510300	92237700	91710700	96870700
io-budget/formal-expanded	ext4:overwrite:fsync:1:16M:64K	ra0-wb1	0	file	3	16777216	123517000	123382800	127643400	123517000	123382800	127643400	1728659900	1714402600	1740722400
io-budget/formal-expanded	ext4:overwrite:fsync:1:16M:64K	ra0-wb8	0	file	3	16777216	123215800	121226400	126202900	123215800	121226400	126202900	1284214800	1262103300	1335090600
io-budget/formal-expanded	ext4:overwrite:fsync:1:16M:64K	ra8-wb8	0	file	3	16777216	123480800	122406700	130024800	123480800	122406700	130024800	1329104600	1298223000	1361442700
io-budget/formal-expanded	ext4:cold-read:cache:1:16M:4K	baseline	0	file	3	16777216	598889700	588997800	625746000	598889700	588997800	625746000	0	0	0
io-budget/formal-expanded	ext4:cold-read:cache:1:16M:4K	linux	0	file	3	16777216	61421400	59855200	63345500	61421400	59855200	63345500	0	0	0
io-budget/formal-expanded	ext4:cold-read:cache:1:16M:4K	ra0-wb1	0	file	3	16777216	626620500	605818600	655660500	626620500	605818600	655660500	0	0	0
io-budget/formal-expanded	ext4:cold-read:cache:1:16M:4K	ra0-wb8	0	file	3	16777216	639916500	602679000	644417200	639916500	602679000	644417200	0	0	0
io-budget/formal-expanded	ext4:cold-read:cache:1:16M:4K	ra8-wb8	0	file	3	16777216	436279800	433111600	447810500	436279800	433111600	447810500	0	0	0
io-budget/formal-expanded	ext4:hot-read:cache:1:16M:4K	baseline	0	file	3	16777216	119187100	118346000	121628500	119187100	118346000	121628500	0	0	0
io-budget/formal-expanded	ext4:hot-read:cache:1:16M:4K	linux	0	file	3	16777216	54122000	53844500	54130700	54122000	53844500	54130700	0	0	0
io-budget/formal-expanded	ext4:hot-read:cache:1:16M:4K	ra0-wb1	0	file	3	16777216	120782900	119102900	124447900	120782900	119102900	124447900	0	0	0
io-budget/formal-expanded	ext4:hot-read:cache:1:16M:4K	ra0-wb8	0	file	3	16777216	122989000	121941100	124488900	122989000	121941100	124488900	0	0	0
io-budget/formal-expanded	ext4:hot-read:cache:1:16M:4K	ra8-wb8	0	file	3	16777216	117793400	116706700	122985100	117793400	116706700	122985100	0	0	0
io-budget/formal-expanded	ext4:cold-read:cache:4:4M:4K	baseline	0	file	3	4194304	614786600	611244600	631857700	614786600	611244600	631857700	0	0	0
io-budget/formal-expanded	ext4:cold-read:cache:4:4M:4K	baseline	1	file	3	4194304	613751300	610180400	630680100	614995800	611440100	632051700	0	0	0
io-budget/formal-expanded	ext4:cold-read:cache:4:4M:4K	baseline	2	file	3	4194304	609479400	607203700	626863600	615135600	611589800	632210200	0	0	0
io-budget/formal-expanded	ext4:cold-read:cache:4:4M:4K	baseline	3	file	3	4194304	608984200	606840700	626485900	615276600	611733600	632365900	0	0	0
io-budget/formal-expanded	ext4:cold-read:cache:4:4M:4K	linux	0	file	3	4194304	62408900	61658300	62916700	62408900	61658300	62916700	0	0	0
io-budget/formal-expanded	ext4:cold-read:cache:4:4M:4K	linux	1	file	3	4194304	61910500	61196800	62492300	62442600	61691300	62950500	0	0	0
io-budget/formal-expanded	ext4:cold-read:cache:4:4M:4K	linux	2	file	3	4194304	61628700	60673500	62248400	62456700	61705400	62964400	0	0	0
io-budget/formal-expanded	ext4:cold-read:cache:4:4M:4K	linux	3	file	3	4194304	61300900	60500400	62105800	62470700	61719300	62978600	0	0	0
io-budget/formal-expanded	ext4:cold-read:cache:4:4M:4K	ra0-wb1	0	file	3	4194304	621260300	601749700	639627300	621260300	601749700	639627300	0	0	0
io-budget/formal-expanded	ext4:cold-read:cache:4:4M:4K	ra0-wb1	1	file	3	4194304	620194600	600563500	638389200	621442500	601941800	639825300	0	0	0
io-budget/formal-expanded	ext4:cold-read:cache:4:4M:4K	ra0-wb1	2	file	3	4194304	616227400	596697400	638017000	621599300	602102600	639981200	0	0	0
io-budget/formal-expanded	ext4:cold-read:cache:4:4M:4K	ra0-wb1	3	file	3	4194304	615891200	596388300	634439600	621753700	602252200	640136400	0	0	0
io-budget/formal-expanded	ext4:cold-read:cache:4:4M:4K	ra0-wb8	0	file	3	4194304	633876300	609843200	643025800	633876300	609843200	643025800	0	0	0
io-budget/formal-expanded	ext4:cold-read:cache:4:4M:4K	ra0-wb8	1	file	3	4194304	632846000	608629300	641923300	634066500	610047800	643196600	0	0	0
io-budget/formal-expanded	ext4:cold-read:cache:4:4M:4K	ra0-wb8	2	file	3	4194304	629177800	605308300	637984100	634298300	610203400	643349400	0	0	0
io-budget/formal-expanded	ext4:cold-read:cache:4:4M:4K	ra0-wb8	3	file	3	4194304	628804000	604735800	637601800	634453000	610351000	643489300	0	0	0
io-budget/formal-expanded	ext4:cold-read:cache:4:4M:4K	ra8-wb8	0	file	3	4194304	452656000	444597100	456916100	452656000	444597100	456916100	0	0	0
io-budget/formal-expanded	ext4:cold-read:cache:4:4M:4K	ra8-wb8	1	file	3	4194304	451638700	443240300	455620500	452881600	444648700	456967300	0	0	0
io-budget/formal-expanded	ext4:cold-read:cache:4:4M:4K	ra8-wb8	2	file	3	4194304	447252200	438771200	452313200	453060500	444682800	457004900	0	0	0
io-budget/formal-expanded	ext4:cold-read:cache:4:4M:4K	ra8-wb8	3	file	3	4194304	446923800	438296300	451278400	453230800	444844700	457038800	0	0	0
io-budget/formal-expanded	ext4:append:fsync:4:4M:4K	baseline	0	file	3	4194304	350211400	347711000	358911700	350211400	347711000	358911700	1078406300	1057150200	1104171800
io-budget/formal-expanded	ext4:append:fsync:4:4M:4K	baseline	1	file	3	4194304	348610700	346330700	357367000	350359300	347894100	359062400	1799195900	1786714200	1823176800
io-budget/formal-expanded	ext4:append:fsync:4:4M:4K	baseline	2	file	3	4194304	348473800	346249900	357286100	350484400	348022100	359195100	2541009800	2540320900	2543029600
io-budget/formal-expanded	ext4:append:fsync:4:4M:4K	baseline	3	file	3	4194304	348500800	346283300	357335400	350606800	348146700	359330900	3282413200	3252853000	3283246300
io-budget/formal-expanded	ext4:append:fsync:4:4M:4K	linux	0	file	3	4194304	59862100	59194000	59959700	59862100	59194000	59959700	90517900	88784100	92073100
io-budget/formal-expanded	ext4:append:fsync:4:4M:4K	linux	1	file	3	4194304	57631400	57008800	57941300	59892700	59225200	59989300	104685200	102697500	106336900
io-budget/formal-expanded	ext4:append:fsync:4:4M:4K	linux	2	file	3	4194304	57591800	56948700	57905800	59909400	59242800	60005900	117918900	115959500	120498000
io-budget/formal-expanded	ext4:append:fsync:4:4M:4K	linux	3	file	3	4194304	57576200	56937200	57894000	59925700	59260800	60022500	131104400	129458000	133641000
io-budget/formal-expanded	ext4:append:fsync:4:4M:4K	ra0-wb1	0	file	3	4194304	264578500	259903400	266230900	264578500	259903400	266230900	861244000	858688200	874513100
io-budget/formal-expanded	ext4:append:fsync:4:4M:4K	ra0-wb1	1	file	3	4194304	262789500	258459700	264719000	264685300	260021100	266335600	1473141300	1465733900	1483871600
io-budget/formal-expanded	ext4:append:fsync:4:4M:4K	ra0-wb1	2	file	3	4194304	262632500	258322600	264583500	264767400	260093200	266414700	2088328500	2087778600	2094374200
io-budget/formal-expanded	ext4:append:fsync:4:4M:4K	ra0-wb1	3	file	3	4194304	262611400	258301500	264564600	264841900	260164600	266487100	2711003800	2676937400	2712823100
io-budget/formal-expanded	ext4:append:fsync:4:4M:4K	ra0-wb8	0	file	3	4194304	268861000	265537900	269304600	268861000	265537900	269304600	733812600	733803200	758356200
io-budget/formal-expanded	ext4:append:fsync:4:4M:4K	ra0-wb8	1	file	3	4194304	267100300	264069400	267678000	268963600	265640500	269400300	1220296000	1201266000	1235725100
io-budget/formal-expanded	ext4:append:fsync:4:4M:4K	ra0-wb8	2	file	3	4194304	266717000	263935400	267509200	269040900	265718300	269472100	1692373800	1677187100	1702965100
io-budget/formal-expanded	ext4:append:fsync:4:4M:4K	ra0-wb8	3	file	3	4194304	266687100	263919500	267489800	269115100	265790300	269545000	2168146400	2140700900	2182356500
io-budget/formal-expanded	ext4:append:fsync:4:4M:4K	ra8-wb8	0	file	3	4194304	259129400	258507500	261340600	259129400	258507500	261340600	727841000	716590100	745183400
io-budget/formal-expanded	ext4:append:fsync:4:4M:4K	ra8-wb8	1	file	3	4194304	257440000	257005900	259812600	259227500	258606100	261438400	1195504500	1180693800	1236685900
io-budget/formal-expanded	ext4:append:fsync:4:4M:4K	ra8-wb8	2	file	3	4194304	257274400	256866800	259670100	259302700	258680800	261513700	1662619900	1629945900	1684440300
io-budget/formal-expanded	ext4:append:fsync:4:4M:4K	ra8-wb8	3	file	3	4194304	257259100	256851100	259653200	259376900	258752600	261585400	2144647100	2092358000	2158858000
io-budget/formal-expanded	tmpfs:append:cache:1:16M:1K	baseline	0	file	3	16777216	230688800	225108300	231819800	230688800	225108300	231819800	0	0	0
io-budget/formal-expanded	tmpfs:append:cache:1:16M:1K	linux	0	file	3	16777216	85352200	84410400	86272500	85352200	84410400	86272500	0	0	0
io-budget/formal-expanded	tmpfs:append:cache:1:16M:1K	ra0-wb1	0	file	3	16777216	222383900	220800400	225703400	222383900	220800400	225703400	0	0	0
io-budget/formal-expanded	tmpfs:append:cache:1:16M:1K	ra0-wb8	0	file	3	16777216	223440000	222706000	226452100	223440000	222706000	226452100	0	0	0
io-budget/formal-expanded	tmpfs:append:cache:1:16M:1K	ra8-wb8	0	file	3	16777216	233137900	230507300	234402900	233137900	230507300	234402900	0	0	0
io-budget/formal-expanded	tmpfs:read:cache:1:16M:64K	baseline	0	file	3	16777216	108006800	107814300	110052800	108006800	107814300	110052800	0	0	0
io-budget/formal-expanded	tmpfs:read:cache:1:16M:64K	linux	0	file	3	16777216	50425000	49274800	51266600	50425000	49274800	51266600	0	0	0
io-budget/formal-expanded	tmpfs:read:cache:1:16M:64K	ra0-wb1	0	file	3	16777216	108211300	107115100	111162000	108211300	107115100	111162000	0	0	0
io-budget/formal-expanded	tmpfs:read:cache:1:16M:64K	ra0-wb8	0	file	3	16777216	108421600	107635900	110313000	108421600	107635900	110313000	0	0	0
io-budget/formal-expanded	tmpfs:read:cache:1:16M:64K	ra8-wb8	0	file	3	16777216	108518200	108031900	108825700	108518200	108031900	108825700	0	0	0
io-budget/formal-expanded	tmpfs:overwrite:cache:1:16M:4K	baseline	0	file	3	16777216	110570700	110533800	111057000	110570700	110533800	111057000	0	0	0
io-budget/formal-expanded	tmpfs:overwrite:cache:1:16M:4K	linux	0	file	3	16777216	44274900	43107300	44660000	44274900	43107300	44660000	0	0	0
io-budget/formal-expanded	tmpfs:overwrite:cache:1:16M:4K	ra0-wb1	0	file	3	16777216	108613700	108450000	110837200	108613700	108450000	110837200	0	0	0
io-budget/formal-expanded	tmpfs:overwrite:cache:1:16M:4K	ra0-wb8	0	file	3	16777216	108519100	107849800	111898300	108519100	107849800	111898300	0	0	0
io-budget/formal-expanded	tmpfs:overwrite:cache:1:16M:4K	ra8-wb8	0	file	3	16777216	109923800	109152600	110588200	109923800	109152600	110588200	0	0	0
io-budget/formal-fdatasync	ext4:overwrite:fdatasync:4:4M:4K	baseline	0	file	3	4194304	1496660800	1423758000	1639028500	1496660800	1423758000	1639028500	1940203300	1856711300	2061159900
io-budget/formal-fdatasync	ext4:overwrite:fdatasync:4:4M:4K	baseline	1	file	3	4194304	1497309100	1421676500	1637568300	1499685100	1424254100	1639437800	2366467300	2245517900	2456450000
io-budget/formal-fdatasync	ext4:overwrite:fdatasync:4:4M:4K	baseline	2	file	3	4194304	1499743100	1419395900	1637013300	1502645500	1424914000	1639797400	2778017700	2661990500	2848744500
io-budget/formal-fdatasync	ext4:overwrite:fdatasync:4:4M:4K	baseline	3	file	3	4194304	1497453300	1419510900	1633987200	1503640600	1425522100	1640152500	3186182800	3075000800	3251386300
io-budget/formal-fdatasync	ext4:overwrite:fdatasync:4:4M:4K	linux	0	file	3	4194304	59606700	57429300	65735700	59606700	57429300	65735700	82566100	82438500	86100900
io-budget/formal-fdatasync	ext4:overwrite:fdatasync:4:4M:4K	linux	1	file	3	4194304	57880200	55781600	63993000	59640500	57458800	65768200	92836600	92770400	95907300
io-budget/formal-fdatasync	ext4:overwrite:fdatasync:4:4M:4K	linux	2	file	3	4194304	57850600	55750300	63963300	59657300	57474900	65785100	102770200	102073400	105456400
io-budget/formal-fdatasync	ext4:overwrite:fdatasync:4:4M:4K	linux	3	file	3	4194304	57839600	55738400	63949600	59673800	57490600	65801700	112680900	111719400	115190800
io-budget/formal-fdatasync	ext4:overwrite:fdatasync:4:4M:4K	ra0-wb1	0	file	3	4194304	266540700	266294300	288693600	266540700	266294300	288693600	717079600	680483600	754703600
io-budget/formal-fdatasync	ext4:overwrite:fdatasync:4:4M:4K	ra0-wb1	1	file	3	4194304	264841200	263518400	287251600	266641100	266398900	288861900	1142113800	1104182300	1177817800
io-budget/formal-fdatasync	ext4:overwrite:fdatasync:4:4M:4K	ra0-wb1	2	file	3	4194304	264711200	262782600	287095600	266719900	266479600	288950500	1525140700	1493718300	1593843100
io-budget/formal-fdatasync	ext4:overwrite:fdatasync:4:4M:4K	ra0-wb1	3	file	3	4194304	264692700	262563600	286917500	266791800	266553300	289031400	1926171000	1895353800	2028798700
io-budget/formal-fdatasync	ext4:overwrite:fdatasync:4:4M:4K	ra0-wb8	0	file	3	4194304	260100700	257947600	272223400	260100700	257947600	272223400	578265600	575387000	579488000
io-budget/formal-fdatasync	ext4:overwrite:fdatasync:4:4M:4K	ra0-wb8	1	file	3	4194304	258624400	256451700	270651300	260201000	258045900	272329600	885370200	860932200	892799200
io-budget/formal-fdatasync	ext4:overwrite:fdatasync:4:4M:4K	ra0-wb8	2	file	3	4194304	258346700	256306300	270549900	260280100	258125600	272439300	1179597400	1146401200	1206007500
io-budget/formal-fdatasync	ext4:overwrite:fdatasync:4:4M:4K	ra0-wb8	3	file	3	4194304	258292100	256290600	270535100	260351200	258202500	272512400	1464621200	1448833500	1507554100
io-budget/formal-fdatasync	ext4:overwrite:fdatasync:4:4M:4K	ra8-wb8	0	file	3	4194304	257611400	256877200	257719400	257611400	256877200	257719400	562576400	545140400	568154200
io-budget/formal-fdatasync	ext4:overwrite:fdatasync:4:4M:4K	ra8-wb8	1	file	3	4194304	256178800	255343800	256277000	257706300	256977500	257813500	854448900	848003900	879389000
io-budget/formal-fdatasync	ext4:overwrite:fdatasync:4:4M:4K	ra8-wb8	2	file	3	4194304	256049800	255201200	256148100	257786800	257058100	257896200	1158090000	1156483300	1163614500
io-budget/formal-fdatasync	ext4:overwrite:fdatasync:4:4M:4K	ra8-wb8	3	file	3	4194304	256040300	255181400	256134800	257862800	257131600	257972000	1468662600	1467945700	1474122400
network-budget/formal-screen-v2	loopback:nonblocking:mixed:5:rx	baseline	4	stream	3	4194304	682313800	675378600	684277000	685659300	678050600	687479100	0	0	0
network-budget/formal-screen-v2	loopback:nonblocking:mixed:5:rx	baseline	0	stream	3	4194304	681948100	678238600	693313000	683240600	681575800	693313000	0	0	0
network-budget/formal-screen-v2	loopback:nonblocking:mixed:5:rx	baseline	3	stream	3	4194304	680341100	672988400	691195500	682301300	675634600	693717100	0	0	0
network-budget/formal-screen-v2	loopback:nonblocking:mixed:5:rx	baseline	1	stream	3	4194304	685144900	684459200	689729800	686436000	685144900	690887900	0	0	0
network-budget/formal-screen-v2	loopback:nonblocking:mixed:5:rx	baseline	2	stream	3	4194304	684481900	681215300	694382700	685711500	681215300	696228100	0	0	0
network-budget/formal-screen-v2	loopback:nonblocking:mixed:5:rx	baseline	5	control	3	65536	812896600	810058900	819241900	814022400	813192900	823153200	0	0	0
network-budget/formal-screen-v2	loopback:nonblocking:mixed:5:rx	w16-p1-m1	1	stream	3	4194304	665854700	663141200	690512100	665854700	663141200	690512100	0	0	0
network-budget/formal-screen-v2	loopback:nonblocking:mixed:5:rx	w16-p1-m1	3	stream	3	4194304	676855700	674439300	691196000	679267800	676864100	692908700	0	0	0
network-budget/formal-screen-v2	loopback:nonblocking:mixed:5:rx	w16-p1-m1	0	stream	3	4194304	678190400	675528700	686068500	682744000	680132200	689104300	0	0	0
network-budget/formal-screen-v2	loopback:nonblocking:mixed:5:rx	w16-p1-m1	4	stream	3	4194304	677718900	667539100	690918300	681314300	670888400	695038700	0	0	0
network-budget/formal-screen-v2	loopback:nonblocking:mixed:5:rx	w16-p1-m1	2	stream	3	4194304	675795500	673734900	684627800	677343400	675148000	686069100	0	0	0
network-budget/formal-screen-v2	loopback:nonblocking:mixed:5:rx	w16-p1-m1	5	control	3	65536	897343200	893320400	910246000	900744000	897636000	913079300	0	0	0
network-budget/formal-screen-v2	loopback:nonblocking:mixed:5:rx	w16-p1-m2	2	stream	3	4194304	638885200	627616000	648855400	638885200	629977700	650371500	0	0	0
network-budget/formal-screen-v2	loopback:nonblocking:mixed:5:rx	w16-p1-m2	4	stream	3	4194304	631335800	631163100	662485100	635610700	632667800	665120200	0	0	0
network-budget/formal-screen-v2	loopback:nonblocking:mixed:5:rx	w16-p1-m2	1	stream	3	4194304	637230900	636230100	656250700	639727600	637230900	661211100	0	0	0
network-budget/formal-screen-v2	loopback:nonblocking:mixed:5:rx	w16-p1-m2	3	stream	3	4194304	636570600	624216000	655003900	639887500	628675700	658677800	0	0	0
network-budget/formal-screen-v2	loopback:nonblocking:mixed:5:rx	w16-p1-m2	0	stream	3	4194304	638746100	637045500	657518900	640151000	639585300	657518900	0	0	0
network-budget/formal-screen-v2	loopback:nonblocking:mixed:5:rx	w16-p1-m2	5	control	3	65536	854042500	853923000	893177000	859513800	859192800	897892400	0	0	0
network-budget/formal-screen-v2	loopback:nonblocking:mixed:5:rx	w16-p1-m4	1	stream	3	4194304	642046400	639847400	662362200	646629800	641219900	667051600	0	0	0
network-budget/formal-screen-v2	loopback:nonblocking:mixed:5:rx	w16-p1-m4	2	stream	3	4194304	657493900	629587300	669424500	657493900	631899300	670950500	0	0	0
network-budget/formal-screen-v2	loopback:nonblocking:mixed:5:rx	w16-p1-m4	0	stream	3	4194304	653794500	646182800	676743100	657365300	646182800	676743100	0	0	0
network-budget/formal-screen-v2	loopback:nonblocking:mixed:5:rx	w16-p1-m4	4	stream	3	4194304	654696400	644705800	673834800	657098600	647994100	677419500	0	0	0
network-budget/formal-screen-v2	loopback:nonblocking:mixed:5:rx	w16-p1-m4	3	stream	3	4194304	653944700	641133900	676852600	655392400	645478500	679449800	0	0	0
network-budget/formal-screen-v2	loopback:nonblocking:mixed:5:rx	w16-p1-m4	5	control	3	65536	882568300	872645000	906293200	888021400	876031400	912071300	0	0	0
network-budget/formal-screen-v2	loopback:nonblocking:mixed:5:rx	w16-p2-m1	3	stream	3	4194304	655169100	654247000	656136300	658458100	654247000	658709700	0	0	0
network-budget/formal-screen-v2	loopback:nonblocking:mixed:5:rx	w16-p2-m1	4	stream	3	4194304	656853800	652292200	662231300	658252300	654842100	666826100	0	0	0
network-budget/formal-screen-v2	loopback:nonblocking:mixed:5:rx	w16-p2-m1	0	stream	3	4194304	659127500	648556200	667512500	661462600	648556200	671022200	0	0	0
network-budget/formal-screen-v2	loopback:nonblocking:mixed:5:rx	w16-p2-m1	1	stream	3	4194304	658881400	652824500	670843600	662163600	657409200	670843600	0	0	0
network-budget/formal-screen-v2	loopback:nonblocking:mixed:5:rx	w16-p2-m1	2	stream	3	4194304	658643000	652537200	668025800	662998400	654048500	669416600	0	0	0
network-budget/formal-screen-v2	loopback:nonblocking:mixed:5:rx	w16-p2-m1	5	control	3	65536	875501800	874336300	881697400	880884000	879973500	885007800	0	0	0
network-budget/formal-screen-v2	loopback:nonblocking:mixed:5:rx	w16-p2-m2	2	stream	3	4194304	641325100	622977600	654689700	643804400	624405200	654689700	0	0	0
network-budget/formal-screen-v2	loopback:nonblocking:mixed:5:rx	w16-p2-m2	3	stream	3	4194304	643489500	629825100	645853300	646903900	633200000	647234700	0	0	0
network-budget/formal-screen-v2	loopback:nonblocking:mixed:5:rx	w16-p2-m2	1	stream	3	4194304	645576400	635200900	649983600	647080400	635200900	653435800	0	0	0
network-budget/formal-screen-v2	loopback:nonblocking:mixed:5:rx	w16-p2-m2	4	stream	3	4194304	637366000	632969900	646191700	641877300	637309100	650558600	0	0	0
network-budget/formal-screen-v2	loopback:nonblocking:mixed:5:rx	w16-p2-m2	0	stream	3	4194304	646731100	632655500	652945900	649232000	635018500	652945900	0	0	0
network-budget/formal-screen-v2	loopback:nonblocking:mixed:5:rx	w16-p2-m2	5	control	3	65536	871093900	851854100	881360000	876462400	857202600	883677900	0	0	0
network-budget/formal-screen-v2	loopback:nonblocking:mixed:5:rx	w16-p2-m4	4	stream	3	4194304	640343400	639734500	642200700	644285600	643084300	645747000	0	0	0
network-budget/formal-screen-v2	loopback:nonblocking:mixed:5:rx	w16-p2-m4	2	stream	3	4194304	642300700	630697300	643628300	642300700	635294800	643944300	0	0	0
network-budget/formal-screen-v2	loopback:nonblocking:mixed:5:rx	w16-p2-m4	0	stream	3	4194304	643853900	638909500	647718500	646375100	640434500	647718500	0	0	0
network-budget/formal-screen-v2	loopback:nonblocking:mixed:5:rx	w16-p2-m4	1	stream	3	4194304	640269200	631992800	644778000	642806800	635466100	648504000	0	0	0
network-budget/formal-screen-v2	loopback:nonblocking:mixed:5:rx	w16-p2-m4	3	stream	3	4194304	642094700	626484400	647747900	642094700	627874700	649335400	0	0	0
network-budget/formal-screen-v2	loopback:nonblocking:mixed:5:rx	w16-p2-m4	5	control	3	65536	867643800	861677800	874224300	873279600	864216800	876559000	0	0	0
network-budget/formal-screen-v2	loopback:nonblocking:mixed:5:rx	w16-p4-m1	1	stream	3	4194304	643612000	640614900	644125000	643612000	642269200	644125000	0	0	0
network-budget/formal-screen-v2	loopback:nonblocking:mixed:5:rx	w16-p4-m1	0	stream	3	4194304	644826900	641402300	649016100	648775500	646106200	653566000	0	0	0
network-budget/formal-screen-v2	loopback:nonblocking:mixed:5:rx	w16-p4-m1	2	stream	3	4194304	645892900	645692600	658092300	647407000	647277200	658092300	0	0	0
network-budget/formal-screen-v2	loopback:nonblocking:mixed:5:rx	w16-p4-m1	3	stream	3	4194304	646533300	644174200	657332400	649063400	646684000	659945300	0	0	0
network-budget/formal-screen-v2	loopback:nonblocking:mixed:5:rx	w16-p4-m1	4	stream	3	4194304	636798800	627322000	657608700	640277700	630824100	661163900	0	0	0
network-budget/formal-screen-v2	loopback:nonblocking:mixed:5:rx	w16-p4-m1	5	control	3	65536	866623300	864236400	882851200	870352300	868704800	888403200	0	0	0
network-budget/formal-screen-v2	loopback:nonblocking:mixed:5:rx	w16-p4-m2	4	stream	3	4194304	660541000	651276900	672659100	664144400	656950900	675131000	0	0	0
network-budget/formal-screen-v2	loopback:nonblocking:mixed:5:rx	w16-p4-m2	1	stream	3	4194304	676017400	667431500	680676800	677626600	667431500	680676800	0	0	0
network-budget/formal-screen-v2	loopback:nonblocking:mixed:5:rx	w16-p4-m2	3	stream	3	4194304	676041800	657811300	680707100	678597400	662398900	682226400	0	0	0
network-budget/formal-screen-v2	loopback:nonblocking:mixed:5:rx	w16-p4-m2	2	stream	3	4194304	671043200	664871200	678482400	675982000	667644100	682995600	0	0	0
network-budget/formal-screen-v2	loopback:nonblocking:mixed:5:rx	w16-p4-m2	0	stream	3	4194304	667730600	656373200	680298800	667730600	663569300	683825100	0	0	0
network-budget/formal-screen-v2	loopback:nonblocking:mixed:5:rx	w16-p4-m2	5	control	3	65536	895764600	881364300	900927100	900474500	888302300	906434300	0	0	0
network-budget/formal-screen-v2	loopback:nonblocking:mixed:5:rx	w16-p4-m4	1	stream	3	4194304	664488700	648909300	665138400	665138400	648909300	667988900	0	0	0
network-budget/formal-screen-v2	loopback:nonblocking:mixed:5:rx	w16-p4-m4	3	stream	3	4194304	658613100	649999100	687159000	662939900	652418700	688626800	0	0	0
network-budget/formal-screen-v2	loopback:nonblocking:mixed:5:rx	w16-p4-m4	0	stream	3	4194304	648925600	646715500	678170800	652584400	649062300	682867500	0	0	0
network-budget/formal-screen-v2	loopback:nonblocking:mixed:5:rx	w16-p4-m4	2	stream	3	4194304	664731100	653418700	674430400	668103800	654892900	674430400	0	0	0
network-budget/formal-screen-v2	loopback:nonblocking:mixed:5:rx	w16-p4-m4	4	stream	3	4194304	667557500	653913700	685118400	668965400	658591300	687532800	0	0	0
network-budget/formal-screen-v2	loopback:nonblocking:mixed:5:rx	w16-p4-m4	5	control	3	65536	883213900	868322800	901943200	888551800	871794500	906414200	0	0	0
network-budget/formal-screen-v2	loopback:nonblocking:mixed:5:rx	w32-p1-m1	4	stream	3	4194304	628844200	614530300	652241100	632394700	618264100	657441300	0	0	0
network-budget/formal-screen-v2	loopback:nonblocking:mixed:5:rx	w32-p1-m1	3	stream	3	4194304	623177700	610927500	629429800	625374700	614592400	629429800	0	0	0
network-budget/formal-screen-v2	loopback:nonblocking:mixed:5:rx	w32-p1-m1	0	stream	3	4194304	626995100	612023300	644746900	632452700	617546500	644746900	0	0	0
network-budget/formal-screen-v2	loopback:nonblocking:mixed:5:rx	w32-p1-m1	1	stream	3	4194304	614778000	578168500	635778100	620953500	580253300	641959100	0	0	0
network-budget/formal-screen-v2	loopback:nonblocking:mixed:5:rx	w32-p1-m1	2	stream	3	4194304	641136200	562999900	644014300	644014300	565159200	646957400	0	0	0
network-budget/formal-screen-v2	loopback:nonblocking:mixed:5:rx	w32-p1-m1	5	control	3	65536	867816000	857134500	877267800	873064200	862460900	883905800	0	0	0
network-budget/formal-screen-v2	loopback:nonblocking:mixed:5:rx	w32-p1-m2	1	stream	3	4194304	576867700	557100600	581380400	580050500	560561900	581380400	0	0	0
network-budget/formal-screen-v2	loopback:nonblocking:mixed:5:rx	w32-p1-m2	0	stream	3	4194304	578929300	575922200	586425000	588071800	580907500	592246800	0	0	0
network-budget/formal-screen-v2	loopback:nonblocking:mixed:5:rx	w32-p1-m2	4	stream	3	4194304	585087500	572973500	590046100	585087500	579404800	595148200	0	0	0
network-budget/formal-screen-v2	loopback:nonblocking:mixed:5:rx	w32-p1-m2	2	stream	3	4194304	583075300	565629300	591341200	588089700	565629300	593281400	0	0	0
network-budget/formal-screen-v2	loopback:nonblocking:mixed:5:rx	w32-p1-m2	3	stream	3	4194304	577123800	564238600	584109400	588831700	567696200	592643500	0	0	0
network-budget/formal-screen-v2	loopback:nonblocking:mixed:5:rx	w32-p1-m2	5	control	3	65536	808843400	800872900	816614500	825973400	818383800	830931700	0	0	0
network-budget/formal-screen-v2	loopback:nonblocking:mixed:5:rx	w32-p1-m4	2	stream	3	4194304	601477900	599200100	616790100	606541300	603709500	618725300	0	0	0
network-budget/formal-screen-v2	loopback:nonblocking:mixed:5:rx	w32-p1-m4	0	stream	3	4194304	597117700	592752000	615393800	608187500	602721100	617511700	0	0	0
network-budget/formal-screen-v2	loopback:nonblocking:mixed:5:rx	w32-p1-m4	1	stream	3	4194304	608764100	595784100	627700000	608764100	603429400	627700000	0	0	0
network-budget/formal-screen-v2	loopback:nonblocking:mixed:5:rx	w32-p1-m4	3	stream	3	4194304	592325400	589147100	624439100	598019000	593052100	628252800	0	0	0
network-budget/formal-screen-v2	loopback:nonblocking:mixed:5:rx	w32-p1-m4	4	stream	3	4194304	571498500	569200800	625084800	573223400	571498500	630390200	0	0	0
network-budget/formal-screen-v2	loopback:nonblocking:mixed:5:rx	w32-p1-m4	5	control	3	65536	826981700	825525100	856068400	844817600	827563700	863154500	0	0	0
network-budget/formal-screen-v2	loopback:nonblocking:mixed:5:rx	w32-p2-m1	4	stream	3	4194304	648838000	598289900	650794600	652622900	604005700	655771300	0	0	0
network-budget/formal-screen-v2	loopback:nonblocking:mixed:5:rx	w32-p2-m1	0	stream	3	4194304	648032500	615744700	662211200	653299900	617823800	668141600	0	0	0
network-budget/formal-screen-v2	loopback:nonblocking:mixed:5:rx	w32-p2-m1	1	stream	3	4194304	640316200	620020000	649267700	646314500	620020000	649267700	0	0	0
network-budget/formal-screen-v2	loopback:nonblocking:mixed:5:rx	w32-p2-m1	3	stream	3	4194304	617028000	597922800	653091100	622037700	601498000	655250300	0	0	0
network-budget/formal-screen-v2	loopback:nonblocking:mixed:5:rx	w32-p2-m1	2	stream	3	4194304	652566700	618742700	666948400	652786700	622369400	668887200	0	0	0
network-budget/formal-screen-v2	loopback:nonblocking:mixed:5:rx	w32-p2-m1	5	control	3	65536	887805300	843022300	893903100	887805300	844916000	899592300	0	0	0
network-budget/formal-screen-v2	loopback:nonblocking:mixed:5:rx	w32-p2-m2	1	stream	3	4194304	597408700	585075900	609691600	601009600	585280300	609691600	0	0	0
network-budget/formal-screen-v2	loopback:nonblocking:mixed:5:rx	w32-p2-m2	2	stream	3	4194304	590873300	586480300	590966200	593211900	592926800	596008700	0	0	0
network-budget/formal-screen-v2	loopback:nonblocking:mixed:5:rx	w32-p2-m2	0	stream	3	4194304	589090300	579906700	603805800	594330600	582024800	609513100	0	0	0
network-budget/formal-screen-v2	loopback:nonblocking:mixed:5:rx	w32-p2-m2	4	stream	3	4194304	594894000	591003200	600923600	601619000	594597700	605952400	0	0	0
network-budget/formal-screen-v2	loopback:nonblocking:mixed:5:rx	w32-p2-m2	3	stream	3	4194304	598566000	593789100	603758900	598566000	595862700	607189500	0	0	0
network-budget/formal-screen-v2	loopback:nonblocking:mixed:5:rx	w32-p2-m2	5	control	3	65536	826808900	820393500	837544200	828793900	826808900	843030300	0	0	0
network-budget/formal-screen-v2	loopback:nonblocking:mixed:5:rx	w32-p2-m4	0	stream	3	4194304	568955200	563503800	582937700	570355400	568955200	586504300	0	0	0
network-budget/formal-screen-v2	loopback:nonblocking:mixed:5:rx	w32-p2-m4	1	stream	3	4194304	575916400	567428400	580550300	580550300	573883100	580980800	0	0	0
network-budget/formal-screen-v2	loopback:nonblocking:mixed:5:rx	w32-p2-m4	2	stream	3	4194304	580336700	579219300	582423300	582216300	581116000	587260400	0	0	0
network-budget/formal-screen-v2	loopback:nonblocking:mixed:5:rx	w32-p2-m4	3	stream	3	4194304	581786000	581262300	587407100	585144300	584667700	587407100	0	0	0
network-budget/formal-screen-v2	loopback:nonblocking:mixed:5:rx	w32-p2-m4	4	stream	3	4194304	580192900	564406100	582731100	582114300	571218700	587690300	0	0	0
network-budget/formal-screen-v2	loopback:nonblocking:mixed:5:rx	w32-p2-m4	5	control	3	65536	807620900	805157600	818536600	814252300	810036500	821911600	0	0	0
network-budget/formal-screen-v2	loopback:nonblocking:mixed:5:rx	w32-p4-m1	4	stream	3	4194304	567816600	537941800	617761500	573904600	541670500	623926800	0	0	0
network-budget/formal-screen-v2	loopback:nonblocking:mixed:5:rx	w32-p4-m1	2	stream	3	4194304	594744100	586610000	606988200	594744100	588790500	610898600	0	0	0
network-budget/formal-screen-v2	loopback:nonblocking:mixed:5:rx	w32-p4-m1	0	stream	3	4194304	600500400	589652800	619662500	602885500	594833900	625076800	0	0	0
network-budget/formal-screen-v2	loopback:nonblocking:mixed:5:rx	w32-p4-m1	1	stream	3	4194304	605110400	598049300	609874100	605110400	601727600	609874100	0	0	0
network-budget/formal-screen-v2	loopback:nonblocking:mixed:5:rx	w32-p4-m1	3	stream	3	4194304	603553800	600400300	620926800	609415000	605756800	622983000	0	0	0
network-budget/formal-screen-v2	loopback:nonblocking:mixed:5:rx	w32-p4-m1	5	control	3	65536	834750300	823468300	851435100	836950100	829932500	856643200	0	0	0
network-budget/formal-screen-v2	loopback:nonblocking:mixed:5:rx	w32-p4-m2	3	stream	3	4194304	609895400	587760800	637773500	613619000	591910200	639657700	0	0	0
network-budget/formal-screen-v2	loopback:nonblocking:mixed:5:rx	w32-p4-m2	1	stream	3	4194304	613456700	592355000	630326000	613456700	598300200	635820400	0	0	0
network-budget/formal-screen-v2	loopback:nonblocking:mixed:5:rx	w32-p4-m2	0	stream	3	4194304	605264700	598917700	635621200	612489000	599588900	639515800	0	0	0
network-budget/formal-screen-v2	loopback:nonblocking:mixed:5:rx	w32-p4-m2	2	stream	3	4194304	601516600	597199400	632691700	603710200	599736200	632691700	0	0	0
network-budget/formal-screen-v2	loopback:nonblocking:mixed:5:rx	w32-p4-m2	4	stream	3	4194304	610232300	599909100	632171800	615573900	599909100	639353500	0	0	0
network-budget/formal-screen-v2	loopback:nonblocking:mixed:5:rx	w32-p4-m2	5	control	3	65536	845455300	823692600	872790800	852450400	829409000	876437400	0	0	0
network-budget/formal-screen-v2	loopback:nonblocking:mixed:5:rx	w32-p4-m4	3	stream	3	4194304	604817900	581816900	662832800	608229600	585076600	666578800	0	0	0
network-budget/formal-screen-v2	loopback:nonblocking:mixed:5:rx	w32-p4-m4	1	stream	3	4194304	606027200	604807400	669282100	606027200	604807400	669282100	0	0	0
network-budget/formal-screen-v2	loopback:nonblocking:mixed:5:rx	w32-p4-m4	4	stream	3	4194304	607867600	601744500	661655400	612656900	608371000	667073900	0	0	0
network-budget/formal-screen-v2	loopback:nonblocking:mixed:5:rx	w32-p4-m4	0	stream	3	4194304	608656300	605848700	660043000	615328000	610819500	667217600	0	0	0
network-budget/formal-screen-v2	loopback:nonblocking:mixed:5:rx	w32-p4-m4	2	stream	3	4194304	614388900	606113300	661387200	615986700	608066300	663522400	0	0	0
network-budget/formal-screen-v2	loopback:nonblocking:mixed:5:rx	w32-p4-m4	5	control	3	65536	839119700	836869100	889923300	845556800	844898900	898632000	0	0	0
network-budget/formal-screen-v2	loopback:nonblocking:mixed:5:rx	w8-p1-m1	3	stream	3	4194304	813699300	808592500	826854600	817152000	811467700	830695100	0	0	0
network-budget/formal-screen-v2	loopback:nonblocking:mixed:5:rx	w8-p1-m1	2	stream	3	4194304	816809500	815797700	826236500	816993300	816809500	828322000	0	0	0
network-budget/formal-screen-v2	loopback:nonblocking:mixed:5:rx	w8-p1-m1	4	stream	3	4194304	818577600	811347700	827052400	819779400	813296600	829951200	0	0	0
network-budget/formal-screen-v2	loopback:nonblocking:mixed:5:rx	w8-p1-m1	1	stream	3	4194304	818346300	816161300	821683700	820494800	816161300	822953800	0	0	0
network-budget/formal-screen-v2	loopback:nonblocking:mixed:5:rx	w8-p1-m1	0	stream	3	4194304	817079800	805801800	827126100	820779100	808515900	827126100	0	0	0
network-budget/formal-screen-v2	loopback:nonblocking:mixed:5:rx	w8-p1-m1	5	control	3	65536	1016739600	1013387000	1034128700	1020943100	1015349100	1038898300	0	0	0
network-budget/formal-screen-v2	loopback:nonblocking:mixed:5:rx	w8-p1-m2	0	stream	3	4194304	782864000	780296900	794661000	782864000	780296900	797549400	0	0	0
network-budget/formal-screen-v2	loopback:nonblocking:mixed:5:rx	w8-p1-m2	3	stream	3	4194304	793742800	778131000	799706700	795853600	780752700	800938800	0	0	0
network-budget/formal-screen-v2	loopback:nonblocking:mixed:5:rx	w8-p1-m2	4	stream	3	4194304	796053800	778021200	802201300	799751000	781360600	804173600	0	0	0
network-budget/formal-screen-v2	loopback:nonblocking:mixed:5:rx	w8-p1-m2	1	stream	3	4194304	793214200	776776600	797495300	796869000	777958200	800404600	0	0	0
network-budget/formal-screen-v2	loopback:nonblocking:mixed:5:rx	w8-p1-m2	2	stream	3	4194304	787613800	764673200	800327300	787613800	766579100	801629000	0	0	0
network-budget/formal-screen-v2	loopback:nonblocking:mixed:5:rx	w8-p1-m2	5	control	3	65536	995117100	977288800	1008125600	999601400	981368100	1010823900	0	0	0
network-budget/formal-screen-v2	loopback:nonblocking:mixed:5:rx	w8-p1-m4	3	stream	3	4194304	754960200	749311300	795994100	758359500	751241900	798938400	0	0	0
network-budget/formal-screen-v2	loopback:nonblocking:mixed:5:rx	w8-p1-m4	2	stream	3	4194304	776027100	762038000	783881300	777956400	763214500	786041100	0	0	0
network-budget/formal-screen-v2	loopback:nonblocking:mixed:5:rx	w8-p1-m4	4	stream	3	4194304	763047100	762109400	786561700	765698900	764782900	790295000	0	0	0
network-budget/formal-screen-v2	loopback:nonblocking:mixed:5:rx	w8-p1-m4	1	stream	3	4194304	776162600	767545800	795297900	777353600	767545800	796656700	0	0	0
network-budget/formal-screen-v2	loopback:nonblocking:mixed:5:rx	w8-p1-m4	0	stream	3	4194304	773799200	766113400	794882300	773799200	769492100	794882300	0	0	0
network-budget/formal-screen-v2	loopback:nonblocking:mixed:5:rx	w8-p1-m4	5	control	3	65536	966574600	962121600	992273800	970725900	966294500	996807500	0	0	0
network-budget/formal-screen-v2	loopback:nonblocking:mixed:5:rx	w8-p2-m1	1	stream	3	4194304	753231100	747704500	780857700	755410000	747704500	784326800	0	0	0
network-budget/formal-screen-v2	loopback:nonblocking:mixed:5:rx	w8-p2-m1	3	stream	3	4194304	756268500	748955300	784145300	759175500	752374000	785352900	0	0	0
network-budget/formal-screen-v2	loopback:nonblocking:mixed:5:rx	w8-p2-m1	4	stream	3	4194304	767353000	755420100	786033600	771022300	757370300	788003100	0	0	0
network-budget/formal-screen-v2	loopback:nonblocking:mixed:5:rx	w8-p2-m1	2	stream	3	4194304	770194200	758242200	778866300	770194200	759455400	778866300	0	0	0
network-budget/formal-screen-v2	loopback:nonblocking:mixed:5:rx	w8-p2-m1	0	stream	3	4194304	765211000	758270200	782486600	766638800	760962400	785211000	0	0	0
network-budget/formal-screen-v2	loopback:nonblocking:mixed:5:rx	w8-p2-m1	5	control	3	65536	964055200	950500900	981144600	965291000	954672100	985374000	0	0	0
network-budget/formal-screen-v2	loopback:nonblocking:mixed:5:rx	w8-p2-m2	1	stream	3	4194304	776969100	775092000	778848500	777240700	776351000	778848500	0	0	0
network-budget/formal-screen-v2	loopback:nonblocking:mixed:5:rx	w8-p2-m2	3	stream	3	4194304	784388500	782257000	786814000	785006100	784388500	789748900	0	0	0
network-budget/formal-screen-v2	loopback:nonblocking:mixed:5:rx	w8-p2-m2	0	stream	3	4194304	786413100	783735300	797532600	786726600	786413100	801248100	0	0	0
network-budget/formal-screen-v2	loopback:nonblocking:mixed:5:rx	w8-p2-m2	2	stream	3	4194304	784550700	754504600	792961600	786569800	755829700	794159300	0	0	0
network-budget/formal-screen-v2	loopback:nonblocking:mixed:5:rx	w8-p2-m2	4	stream	3	4194304	783350800	780767100	797901700	786830000	782822900	799889800	0	0	0
network-budget/formal-screen-v2	loopback:nonblocking:mixed:5:rx	w8-p2-m2	5	control	3	65536	990114800	984239800	1004093700	994359600	987026900	1006835900	0	0	0
network-budget/formal-screen-v2	loopback:nonblocking:mixed:5:rx	w8-p2-m4	2	stream	3	4194304	786873900	761052500	799349700	788813200	762252300	801364400	0	0	0
network-budget/formal-screen-v2	loopback:nonblocking:mixed:5:rx	w8-p2-m4	4	stream	3	4194304	773078100	760219000	789131900	775755900	762957000	791944300	0	0	0
network-budget/formal-screen-v2	loopback:nonblocking:mixed:5:rx	w8-p2-m4	1	stream	3	4194304	785450500	767428500	802009400	786649600	770907300	802009400	0	0	0
network-budget/formal-screen-v2	loopback:nonblocking:mixed:5:rx	w8-p2-m4	3	stream	3	4194304	783782700	769602800	796096200	787199000	771569200	800096800	0	0	0
network-budget/formal-screen-v2	loopback:nonblocking:mixed:5:rx	w8-p2-m4	0	stream	3	4194304	779870200	777121900	802136300	779870200	777121900	803367900	0	0	0
network-budget/formal-screen-v2	loopback:nonblocking:mixed:5:rx	w8-p2-m4	5	control	3	65536	977724800	976507000	1003990100	981884800	980725700	1007641500	0	0	0
network-budget/formal-screen-v2	loopback:nonblocking:mixed:5:rx	w8-p4-m1	1	stream	3	4194304	806460600	799955100	809979000	806460600	803497400	809979000	0	0	0
network-budget/formal-screen-v2	loopback:nonblocking:mixed:5:rx	w8-p4-m1	2	stream	3	4194304	803507200	802762100	814576400	804743700	802762100	815832800	0	0	0
network-budget/formal-screen-v2	loopback:nonblocking:mixed:5:rx	w8-p4-m1	3	stream	3	4194304	804258800	796132800	816254400	806271100	797314600	818244100	0	0	0
network-budget/formal-screen-v2	loopback:nonblocking:mixed:5:rx	w8-p4-m1	4	stream	3	4194304	801858300	800597600	816217200	803761300	803333500	818946900	0	0	0
network-budget/formal-screen-v2	loopback:nonblocking:mixed:5:rx	w8-p4-m1	0	stream	3	4194304	802321900	795550200	815385400	805139800	799233200	819090700	0	0	0
network-budget/formal-screen-v2	loopback:nonblocking:mixed:5:rx	w8-p4-m1	5	control	3	65536	1011059900	1010646100	1016548600	1014532700	1014148000	1019165200	0	0	0
network-budget/formal-screen-v2	loopback:nonblocking:mixed:5:rx	w8-p4-m2	1	stream	3	4194304	796957200	791303000	826481900	796957200	793924100	826481900	0	0	0
network-budget/formal-screen-v2	loopback:nonblocking:mixed:5:rx	w8-p4-m2	0	stream	3	4194304	799326200	794662200	817407000	802322500	798313300	820347400	0	0	0
network-budget/formal-screen-v2	loopback:nonblocking:mixed:5:rx	w8-p4-m2	2	stream	3	4194304	802989100	782231000	810790600	804325200	782231000	814486700	0	0	0
network-budget/formal-screen-v2	loopback:nonblocking:mixed:5:rx	w8-p4-m2	3	stream	3	4194304	803269600	795918700	823717700	805350400	797269000	824979800	0	0	0
network-budget/formal-screen-v2	loopback:nonblocking:mixed:5:rx	w8-p4-m2	4	stream	3	4194304	805156300	796219700	825804400	808915300	798051600	827813200	0	0	0
network-budget/formal-screen-v2	loopback:nonblocking:mixed:5:rx	w8-p4-m2	5	control	3	65536	1001139400	985801200	1022574000	1003938200	989222700	1025330400	0	0	0
network-budget/formal-screen-v2	loopback:nonblocking:mixed:5:rx	w8-p4-m4	4	stream	3	4194304	796702900	784415800	801335500	799747800	788159000	803384500	0	0	0
network-budget/formal-screen-v2	loopback:nonblocking:mixed:5:rx	w8-p4-m4	1	stream	3	4194304	800008300	792408900	803962200	803870000	793708200	803962200	0	0	0
network-budget/formal-screen-v2	loopback:nonblocking:mixed:5:rx	w8-p4-m4	2	stream	3	4194304	797195200	796758100	805074600	798899500	798416100	806550300	0	0	0
network-budget/formal-screen-v2	loopback:nonblocking:mixed:5:rx	w8-p4-m4	3	stream	3	4194304	799163800	791120900	803404200	802099800	794648500	805673700	0	0	0
network-budget/formal-screen-v2	loopback:nonblocking:mixed:5:rx	w8-p4-m4	0	stream	3	4194304	796848400	787797700	802767200	799634000	787797700	802767200	0	0	0
network-budget/formal-screen-v2	loopback:nonblocking:mixed:5:rx	w8-p4-m4	5	control	3	65536	1007517600	998847800	1009147700	1008794500	1003415900	1013429200	0	0	0
network-budget/formal-screen-v2	tap:nonblocking:mixed:5:tx	baseline	0	stream	3	4194304	818334127	783234049	824723448	818779218	783409161	824723448	0	0	0
network-budget/formal-screen-v2	tap:nonblocking:mixed:5:tx	baseline	1	stream	3	4194304	808326550	778070240	823429412	808558556	778128104	823830692	0	0	0
network-budget/formal-screen-v2	tap:nonblocking:mixed:5:tx	baseline	2	stream	3	4194304	816431985	777996584	824718867	816431985	777996584	824989553	0	0	0
network-budget/formal-screen-v2	tap:nonblocking:mixed:5:tx	baseline	3	stream	3	4194304	809452447	777296526	830761810	809566979	777507350	830876521	0	0	0
network-budget/formal-screen-v2	tap:nonblocking:mixed:5:tx	baseline	4	stream	3	4194304	817879921	783163549	823545697	818198703	783549643	823577180	0	0	0
network-budget/formal-screen-v2	tap:nonblocking:mixed:5:tx	baseline	5	control	3	65536	917189533	880445435	921513621	917693894	880766710	921765340	0	0	0
network-budget/formal-screen-v2	tap:nonblocking:mixed:5:tx	w16-p1-m1	0	stream	3	4194304	824100787	758027699	864772827	824618738	758300641	864863723	0	0	0
network-budget/formal-screen-v2	tap:nonblocking:mixed:5:tx	w16-p1-m1	1	stream	3	4194304	815671813	763929563	865067363	815823756	764100933	865401998	0	0	0
network-budget/formal-screen-v2	tap:nonblocking:mixed:5:tx	w16-p1-m1	2	stream	3	4194304	824950199	765084159	855231028	825334862	765490804	855358543	0	0	0
network-budget/formal-screen-v2	tap:nonblocking:mixed:5:tx	w16-p1-m1	3	stream	3	4194304	817248169	756609137	863535558	817297601	756609137	863775246	0	0	0
network-budget/formal-screen-v2	tap:nonblocking:mixed:5:tx	w16-p1-m1	4	stream	3	4194304	826069383	764533932	857834654	826367766	764867085	857834654	0	0	0
network-budget/formal-screen-v2	tap:nonblocking:mixed:5:tx	w16-p1-m1	5	control	3	65536	976399324	916313537	1006212198	976399324	916616884	1006530934	0	0	0
network-budget/formal-screen-v2	tap:nonblocking:mixed:5:tx	w16-p1-m2	0	stream	3	4194304	812812009	757729617	824394937	812812009	757729617	824817312	0	0	0
network-budget/formal-screen-v2	tap:nonblocking:mixed:5:tx	w16-p1-m2	1	stream	3	4194304	815048319	767683454	816939800	815138103	768044042	816939800	0	0	0
network-budget/formal-screen-v2	tap:nonblocking:mixed:5:tx	w16-p1-m2	2	stream	3	4194304	813046870	766596627	824287524	813072675	766864215	824372856	0	0	0
network-budget/formal-screen-v2	tap:nonblocking:mixed:5:tx	w16-p1-m2	3	stream	3	4194304	815855319	766824616	819955741	816012332	767286401	820170228	0	0	0
network-budget/formal-screen-v2	tap:nonblocking:mixed:5:tx	w16-p1-m2	4	stream	3	4194304	818886993	765879567	820317734	819114383	766060221	820648454	0	0	0
network-budget/formal-screen-v2	tap:nonblocking:mixed:5:tx	w16-p1-m2	5	control	3	65536	955969769	912106798	970760898	956399104	912455744	971135994	0	0	0
network-budget/formal-screen-v2	tap:nonblocking:mixed:5:tx	w16-p1-m4	0	stream	3	4194304	857597086	818733694	862223903	857717857	819124210	862726034	0	0	0
network-budget/formal-screen-v2	tap:nonblocking:mixed:5:tx	w16-p1-m4	1	stream	3	4194304	853540957	818651655	859931923	853553633	818915819	860078563	0	0	0
network-budget/formal-screen-v2	tap:nonblocking:mixed:5:tx	w16-p1-m4	2	stream	3	4194304	863222911	810809554	865056535	863603613	810809554	865377198	0	0	0
network-budget/formal-screen-v2	tap:nonblocking:mixed:5:tx	w16-p1-m4	3	stream	3	4194304	855267546	819215351	860374479	855502156	819629414	860374479	0	0	0
network-budget/formal-screen-v2	tap:nonblocking:mixed:5:tx	w16-p1-m4	4	stream	3	4194304	854298873	814289130	862210350	854387794	814390425	862410237	0	0	0
network-budget/formal-screen-v2	tap:nonblocking:mixed:5:tx	w16-p1-m4	5	control	3	65536	1013068008	970196398	1018765110	1013339665	970424688	1018765110	0	0	0
network-budget/formal-screen-v2	tap:nonblocking:mixed:5:tx	w16-p2-m1	0	stream	3	4194304	805858712	738354630	823657063	805874036	738354630	823737569	0	0	0
network-budget/formal-screen-v2	tap:nonblocking:mixed:5:tx	w16-p2-m1	1	stream	3	4194304	816829844	738720095	823861853	817231185	739071189	823981203	0	0	0
network-budget/formal-screen-v2	tap:nonblocking:mixed:5:tx	w16-p2-m1	2	stream	3	4194304	807890471	739407363	831033298	808088972	739468352	831386691	0	0	0
network-budget/formal-screen-v2	tap:nonblocking:mixed:5:tx	w16-p2-m1	3	stream	3	4194304	807545760	737753032	825457890	807595185	737919782	825457890	0	0	0
network-budget/formal-screen-v2	tap:nonblocking:mixed:5:tx	w16-p2-m1	4	stream	3	4194304	814185301	738387440	831660305	814458343	738630264	831864338	0	0	0
network-budget/formal-screen-v2	tap:nonblocking:mixed:5:tx	w16-p2-m1	5	control	3	65536	970899230	892230016	978169238	970899230	892695650	978362534	0	0	0
network-budget/formal-screen-v2	tap:nonblocking:mixed:5:tx	w16-p2-m2	0	stream	3	4194304	803525847	768291651	862706335	803525847	768617019	863258143	0	0	0
network-budget/formal-screen-v2	tap:nonblocking:mixed:5:tx	w16-p2-m2	1	stream	3	4194304	801026219	769638579	853640156	801391078	770092373	853640156	0	0	0
network-budget/formal-screen-v2	tap:nonblocking:mixed:5:tx	w16-p2-m2	2	stream	3	4194304	809205174	759508035	862122212	809240462	759508035	862406329	0	0	0
network-budget/formal-screen-v2	tap:nonblocking:mixed:5:tx	w16-p2-m2	3	stream	3	4194304	810227674	768701079	859270723	810694991	769075845	859682694	0	0	0
network-budget/formal-screen-v2	tap:nonblocking:mixed:5:tx	w16-p2-m2	4	stream	3	4194304	809273931	763268110	854343340	809466193	763418840	854498232	0	0	0
network-budget/formal-screen-v2	tap:nonblocking:mixed:5:tx	w16-p2-m2	5	control	3	65536	960272116	918598595	1038131979	960596461	918884652	1038400629	0	0	0
network-budget/formal-screen-v2	tap:nonblocking:mixed:5:tx	w16-p2-m4	0	stream	3	4194304	807977806	784356150	817772134	808036674	784434215	817849041	0	0	0
network-budget/formal-screen-v2	tap:nonblocking:mixed:5:tx	w16-p2-m4	1	stream	3	4194304	804994121	793987330	823409028	805180707	794311909	823594045	0	0	0
network-budget/formal-screen-v2	tap:nonblocking:mixed:5:tx	w16-p2-m4	2	stream	3	4194304	806491346	785338540	815197663	806491346	785441236	815197663	0	0	0
network-budget/formal-screen-v2	tap:nonblocking:mixed:5:tx	w16-p2-m4	3	stream	3	4194304	807150327	794026532	823067279	807245283	794475593	823474154	0	0	0
network-budget/formal-screen-v2	tap:nonblocking:mixed:5:tx	w16-p2-m4	4	stream	3	4194304	807425701	786442570	824581854	807701182	786606136	824838824	0	0	0
network-budget/formal-screen-v2	tap:nonblocking:mixed:5:tx	w16-p2-m4	5	control	3	65536	952172472	933766071	973782254	952549403	933766071	974139672	0	0	0
network-budget/formal-screen-v2	tap:nonblocking:mixed:5:tx	w16-p4-m1	0	stream	3	4194304	840032811	789635776	946397579	840305983	789930355	946668365	0	0	0
network-budget/formal-screen-v2	tap:nonblocking:mixed:5:tx	w16-p4-m1	1	stream	3	4194304	840324398	788914466	946458341	840488597	788963002	946884345	0	0	0
network-budget/formal-screen-v2	tap:nonblocking:mixed:5:tx	w16-p4-m1	2	stream	3	4194304	840619357	790241196	947066262	840997338	790623944	947390085	0	0	0
network-budget/formal-screen-v2	tap:nonblocking:mixed:5:tx	w16-p4-m1	3	stream	3	4194304	839504960	797070699	945373255	839579234	797555526	945412972	0	0	0
network-budget/formal-screen-v2	tap:nonblocking:mixed:5:tx	w16-p4-m1	4	stream	3	4194304	831722778	795870607	946097198	831722778	796040891	946221493	0	0	0
network-budget/formal-screen-v2	tap:nonblocking:mixed:5:tx	w16-p4-m1	5	control	3	65536	981950515	943717403	1112230022	982295981	943717403	1112230022	0	0	0
network-budget/formal-screen-v2	tap:nonblocking:mixed:5:tx	w16-p4-m2	0	stream	3	4194304	795324475	777984991	807070775	795324475	777984991	807105333	0	0	0
network-budget/formal-screen-v2	tap:nonblocking:mixed:5:tx	w16-p4-m2	1	stream	3	4194304	799282710	786506079	804896730	799342730	786851266	805295384	0	0	0
network-budget/formal-screen-v2	tap:nonblocking:mixed:5:tx	w16-p4-m2	2	stream	3	4194304	798264171	787959569	804445096	798533150	788128253	804651739	0	0	0
network-budget/formal-screen-v2	tap:nonblocking:mixed:5:tx	w16-p4-m2	3	stream	3	4194304	797601747	787311473	807307693	797643218	787565363	807678445	0	0	0
network-budget/formal-screen-v2	tap:nonblocking:mixed:5:tx	w16-p4-m2	4	stream	3	4194304	801470947	781244894	803676809	801635027	781302385	803987488	0	0	0
network-budget/formal-screen-v2	tap:nonblocking:mixed:5:tx	w16-p4-m2	5	control	3	65536	951063322	949871766	957392760	951107460	949871766	957578916	0	0	0
network-budget/formal-screen-v2	tap:nonblocking:mixed:5:tx	w16-p4-m4	0	stream	3	4194304	818519151	808334637	818521503	818519151	808551278	818747004	0	0	0
network-budget/formal-screen-v2	tap:nonblocking:mixed:5:tx	w16-p4-m4	1	stream	3	4194304	813286685	808595733	825427281	813750730	808705985	825547542	0	0	0
network-budget/formal-screen-v2	tap:nonblocking:mixed:5:tx	w16-p4-m4	2	stream	3	4194304	817856437	806575161	825087366	818254015	806649710	825136377	0	0	0
network-budget/formal-screen-v2	tap:nonblocking:mixed:5:tx	w16-p4-m4	3	stream	3	4194304	811085697	805953672	823820870	811085697	805953672	824197287	0	0	0
network-budget/formal-screen-v2	tap:nonblocking:mixed:5:tx	w16-p4-m4	4	stream	3	4194304	814831062	812765407	819086125	815118341	813055772	819358619	0	0	0
network-budget/formal-screen-v2	tap:nonblocking:mixed:5:tx	w16-p4-m4	5	control	3	65536	964548391	957600511	966752964	964774522	958016529	967000561	0	0	0
network-budget/formal-screen-v2	tap:nonblocking:mixed:5:tx	w32-p1-m1	0	stream	3	4194304	912871052	911226831	975884738	913137183	911357033	976031275	0	0	0
network-budget/formal-screen-v2	tap:nonblocking:mixed:5:tx	w32-p1-m1	1	stream	3	4194304	931855771	865173864	936913922	932093299	865332626	937397854	0	0	0
network-budget/formal-screen-v2	tap:nonblocking:mixed:5:tx	w32-p1-m1	2	stream	3	4194304	905015690	856864918	998439574	905371055	857238893	998793304	0	0	0
network-budget/formal-screen-v2	tap:nonblocking:mixed:5:tx	w32-p1-m1	3	stream	3	4194304	926508005	867866195	994630889	926508005	867953723	994858553	0	0	0
network-budget/formal-screen-v2	tap:nonblocking:mixed:5:tx	w32-p1-m1	4	stream	3	4194304	939104387	913558505	958121751	939288580	913558505	958139103	0	0	0
network-budget/formal-screen-v2	tap:nonblocking:mixed:5:tx	w32-p1-m1	5	control	3	65536	1101136643	1069023309	1159161337	1101254085	1069317165	1159161337	0	0	0
network-budget/formal-screen-v2	tap:nonblocking:mixed:5:tx	w32-p1-m2	0	stream	3	4194304	875831506	856062681	1018057267	876074316	856062681	1018134890	0	0	0
network-budget/formal-screen-v2	tap:nonblocking:mixed:5:tx	w32-p1-m2	1	stream	3	4194304	872397615	860906884	960243490	872863012	861028687	960384365	0	0	0
network-budget/formal-screen-v2	tap:nonblocking:mixed:5:tx	w32-p1-m2	2	stream	3	4194304	891721464	884930982	1010890181	892011071	885298926	1011191554	0	0	0
network-budget/formal-screen-v2	tap:nonblocking:mixed:5:tx	w32-p1-m2	3	stream	3	4194304	919417154	850855761	967974268	919417154	850855761	968037558	0	0	0
network-budget/formal-screen-v2	tap:nonblocking:mixed:5:tx	w32-p1-m2	4	stream	3	4194304	894074980	874750368	1001023983	894514738	874940211	1001217451	0	0	0
network-budget/formal-screen-v2	tap:nonblocking:mixed:5:tx	w32-p1-m2	5	control	3	65536	1056281878	1040444721	1190599901	1056677306	1040752457	1190995932	0	0	0
network-budget/formal-screen-v2	tap:nonblocking:mixed:5:tx	w32-p1-m4	0	stream	3	4194304	937043097	872714146	937816488	937212520	872770794	938098731	0	0	0
network-budget/formal-screen-v2	tap:nonblocking:mixed:5:tx	w32-p1-m4	1	stream	3	4194304	895687307	895456113	940644432	895957915	895577547	940848268	0	0	0
network-budget/formal-screen-v2	tap:nonblocking:mixed:5:tx	w32-p1-m4	2	stream	3	4194304	922804728	901991723	939143962	922804728	902363367	939507045	0	0	0
network-budget/formal-screen-v2	tap:nonblocking:mixed:5:tx	w32-p1-m4	3	stream	3	4194304	909349320	906679938	938114547	909445287	906923343	938205342	0	0	0
network-budget/formal-screen-v2	tap:nonblocking:mixed:5:tx	w32-p1-m4	4	stream	3	4194304	923023947	904846994	956606697	923023947	904846994	956809616	0	0	0
network-budget/formal-screen-v2	tap:nonblocking:mixed:5:tx	w32-p1-m4	5	control	3	65536	1092563476	1060367498	1109834144	1092647051	1060475122	1110202839	0	0	0
network-budget/formal-screen-v2	tap:nonblocking:mixed:5:tx	w32-p2-m1	0	stream	3	4194304	819129551	805380792	829265574	819129551	805554435	829690125	0	0	0
network-budget/formal-screen-v2	tap:nonblocking:mixed:5:tx	w32-p2-m1	1	stream	3	4194304	827599090	794210227	835103014	828036719	794223445	835126993	0	0	0
network-budget/formal-screen-v2	tap:nonblocking:mixed:5:tx	w32-p2-m1	2	stream	3	4194304	828708332	807660702	832730363	828938749	808015145	833039415	0	0	0
network-budget/formal-screen-v2	tap:nonblocking:mixed:5:tx	w32-p2-m1	3	stream	3	4194304	822657397	806190622	829526368	822705508	806430630	829869132	0	0	0
network-budget/formal-screen-v2	tap:nonblocking:mixed:5:tx	w32-p2-m1	4	stream	3	4194304	824573693	808294480	833465539	824692011	808762873	833645413	0	0	0
network-budget/formal-screen-v2	tap:nonblocking:mixed:5:tx	w32-p2-m1	5	control	3	65536	989669436	967429020	995010250	989669436	967429020	995039655	0	0	0
network-budget/formal-screen-v2	tap:nonblocking:mixed:5:tx	w32-p2-m2	0	stream	3	4194304	755863231	735257380	797594806	755863231	735393822	798023268	0	0	0
network-budget/formal-screen-v2	tap:nonblocking:mixed:5:tx	w32-p2-m2	1	stream	3	4194304	741298457	730917940	797513958	741845688	730917940	797794383	0	0	0
network-budget/formal-screen-v2	tap:nonblocking:mixed:5:tx	w32-p2-m2	2	stream	3	4194304	755277277	739630276	789760254	755562210	740015512	789831917	0	0	0
network-budget/formal-screen-v2	tap:nonblocking:mixed:5:tx	w32-p2-m2	3	stream	3	4194304	762575105	733043696	798344598	762610945	733229545	798534091	0	0	0
network-budget/formal-screen-v2	tap:nonblocking:mixed:5:tx	w32-p2-m2	4	stream	3	4194304	758285093	734020357	782983347	758437106	734510724	782983347	0	0	0
network-budget/formal-screen-v2	tap:nonblocking:mixed:5:tx	w32-p2-m2	5	control	3	65536	918433646	895266848	957579445	918900435	895582049	957847182	0	0	0
network-budget/formal-screen-v2	tap:nonblocking:mixed:5:tx	w32-p2-m4	0	stream	3	4194304	760078701	748403924	811901888	760393436	748403924	812202656	0	0	0
network-budget/formal-screen-v2	tap:nonblocking:mixed:5:tx	w32-p2-m4	1	stream	3	4194304	757143368	754019314	802487749	757428960	754231706	802487749	0	0	0
network-budget/formal-screen-v2	tap:nonblocking:mixed:5:tx	w32-p2-m4	2	stream	3	4194304	759432363	755967761	805503832	759445775	756111775	805844883	0	0	0
network-budget/formal-screen-v2	tap:nonblocking:mixed:5:tx	w32-p2-m4	3	stream	3	4194304	765764573	754699626	803660706	765849463	754915790	803819309	0	0	0
network-budget/formal-screen-v2	tap:nonblocking:mixed:5:tx	w32-p2-m4	4	stream	3	4194304	759698822	741266208	797594829	760043058	741292475	797671992	0	0	0
network-budget/formal-screen-v2	tap:nonblocking:mixed:5:tx	w32-p2-m4	5	control	3	65536	924724824	922576458	968070443	925108709	922576458	968521136	0	0	0
network-budget/formal-screen-v2	tap:nonblocking:mixed:5:tx	w32-p4-m1	0	stream	3	4194304	818442352	740146713	830692863	818817514	740146713	831044177	0	0	0
network-budget/formal-screen-v2	tap:nonblocking:mixed:5:tx	w32-p4-m1	1	stream	3	4194304	806823530	753481288	831948294	806884514	753932058	832355780	0	0	0
network-budget/formal-screen-v2	tap:nonblocking:mixed:5:tx	w32-p4-m1	2	stream	3	4194304	805420450	745300476	829258566	805607986	745327733	829428164	0	0	0
network-budget/formal-screen-v2	tap:nonblocking:mixed:5:tx	w32-p4-m1	3	stream	3	4194304	817780049	753103065	818312997	817780049	753322696	818392065	0	0	0
network-budget/formal-screen-v2	tap:nonblocking:mixed:5:tx	w32-p4-m1	4	stream	3	4194304	817632841	755567604	818755340	817937853	755895259	818755340	0	0	0
network-budget/formal-screen-v2	tap:nonblocking:mixed:5:tx	w32-p4-m1	5	control	3	65536	978791155	915914953	988451127	979191280	916096049	988768721	0	0	0
network-budget/formal-screen-v2	tap:nonblocking:mixed:5:tx	w32-p4-m2	0	stream	3	4194304	730407755	704709888	767605698	730694471	704955698	767858314	0	0	0
network-budget/formal-screen-v2	tap:nonblocking:mixed:5:tx	w32-p4-m2	1	stream	3	4194304	716266029	688100606	752903352	716266029	688188010	752903352	0	0	0
network-budget/formal-screen-v2	tap:nonblocking:mixed:5:tx	w32-p4-m2	2	stream	3	4194304	732321918	707070623	765960037	732682100	707457799	766144826	0	0	0
network-budget/formal-screen-v2	tap:nonblocking:mixed:5:tx	w32-p4-m2	3	stream	3	4194304	722655787	692717514	767059121	722709011	692731756	767481344	0	0	0
network-budget/formal-screen-v2	tap:nonblocking:mixed:5:tx	w32-p4-m2	4	stream	3	4194304	727812873	704485208	759328640	727926455	704795053	759385149	0	0	0
network-budget/formal-screen-v2	tap:nonblocking:mixed:5:tx	w32-p4-m2	5	control	3	65536	881448676	877950696	924908051	881678687	877950696	925246744	0	0	0
network-budget/formal-screen-v2	tap:nonblocking:mixed:5:tx	w32-p4-m4	0	stream	3	4194304	784687750	760567140	848403604	785090506	760971737	848490878	0	0	0
network-budget/formal-screen-v2	tap:nonblocking:mixed:5:tx	w32-p4-m4	1	stream	3	4194304	785831459	745655777	846973308	786276297	745655777	846973308	0	0	0
network-budget/formal-screen-v2	tap:nonblocking:mixed:5:tx	w32-p4-m4	2	stream	3	4194304	771715740	761789127	860195290	771715740	761930657	860605226	0	0	0
network-budget/formal-screen-v2	tap:nonblocking:mixed:5:tx	w32-p4-m4	3	stream	3	4194304	779389951	760957082	850271482	779528163	761291319	850615953	0	0	0
network-budget/formal-screen-v2	tap:nonblocking:mixed:5:tx	w32-p4-m4	4	stream	3	4194304	784347454	751745951	851890827	784643051	751802746	852070627	0	0	0
network-budget/formal-screen-v2	tap:nonblocking:mixed:5:tx	w32-p4-m4	5	control	3	65536	947207825	916097018	1020188691	947462591	916377062	1020478196	0	0	0
network-budget/formal-screen-v2	tap:nonblocking:mixed:5:tx	w8-p1-m1	0	stream	3	4194304	869110289	867206811	879218384	869285229	867301128	879532059	0	0	0
network-budget/formal-screen-v2	tap:nonblocking:mixed:5:tx	w8-p1-m1	1	stream	3	4194304	877619290	876284137	878166204	878019937	876453736	878208317	0	0	0
network-budget/formal-screen-v2	tap:nonblocking:mixed:5:tx	w8-p1-m1	2	stream	3	4194304	869531105	868154516	877603811	869624835	868154516	877903941	0	0	0
network-budget/formal-screen-v2	tap:nonblocking:mixed:5:tx	w8-p1-m1	3	stream	3	4194304	877158834	875434254	880290658	877158834	875638643	880667410	0	0	0
network-budget/formal-screen-v2	tap:nonblocking:mixed:5:tx	w8-p1-m1	4	stream	3	4194304	875738462	874810489	878520203	876013055	875048975	878704098	0	0	0
network-budget/formal-screen-v2	tap:nonblocking:mixed:5:tx	w8-p1-m1	5	control	3	65536	992871204	987923376	998827233	992949527	987923376	998901680	0	0	0
network-budget/formal-screen-v2	tap:nonblocking:mixed:5:tx	w8-p1-m2	0	stream	3	4194304	893748600	876977884	900419237	893946376	877053931	900419237	0	0	0
network-budget/formal-screen-v2	tap:nonblocking:mixed:5:tx	w8-p1-m2	1	stream	3	4194304	892731054	876340081	895954318	892731054	876340081	896153207	0	0	0
network-budget/formal-screen-v2	tap:nonblocking:mixed:5:tx	w8-p1-m2	2	stream	3	4194304	894874184	866827950	904273972	894918178	867001060	904692132	0	0	0
network-budget/formal-screen-v2	tap:nonblocking:mixed:5:tx	w8-p1-m2	3	stream	3	4194304	893539341	877040102	901285459	893659929	877490420	901703234	0	0	0
network-budget/formal-screen-v2	tap:nonblocking:mixed:5:tx	w8-p1-m2	4	stream	3	4194304	894216942	876516686	905733489	894445459	876778841	906047573	0	0	0
network-budget/formal-screen-v2	tap:nonblocking:mixed:5:tx	w8-p1-m2	5	control	3	65536	1013446881	996091653	1015125239	1013796329	996504563	1015244966	0	0	0
network-budget/formal-screen-v2	tap:nonblocking:mixed:5:tx	w8-p1-m4	0	stream	3	4194304	890112535	868537013	905266237	890281843	868537013	905551933	0	0	0
network-budget/formal-screen-v2	tap:nonblocking:mixed:5:tx	w8-p1-m4	1	stream	3	4194304	891057885	860692751	897740835	891159806	860827351	898072026	0	0	0
network-budget/formal-screen-v2	tap:nonblocking:mixed:5:tx	w8-p1-m4	2	stream	3	4194304	892094432	868369201	905186625	892450517	868405715	905347930	0	0	0
network-budget/formal-screen-v2	tap:nonblocking:mixed:5:tx	w8-p1-m4	3	stream	3	4194304	891464428	859420806	903593024	891752581	859750813	903996867	0	0	0
network-budget/formal-screen-v2	tap:nonblocking:mixed:5:tx	w8-p1-m4	4	stream	3	4194304	890897672	867912672	896564040	890897672	868120441	896564040	0	0	0
network-budget/formal-screen-v2	tap:nonblocking:mixed:5:tx	w8-p1-m4	5	control	3	65536	1007252649	974133303	1008765175	1007339805	974159235	1008911026	0	0	0
network-budget/formal-screen-v2	tap:nonblocking:mixed:5:tx	w8-p2-m1	0	stream	3	4194304	889787738	848967473	904081669	889984785	849383073	904153008	0	0	0
network-budget/formal-screen-v2	tap:nonblocking:mixed:5:tx	w8-p2-m1	1	stream	3	4194304	891727371	839753545	896578055	891727371	839753545	896794297	0	0	0
network-budget/formal-screen-v2	tap:nonblocking:mixed:5:tx	w8-p2-m1	2	stream	3	4194304	896849191	840115424	898312835	897071317	840269183	898453400	0	0	0
network-budget/formal-screen-v2	tap:nonblocking:mixed:5:tx	w8-p2-m1	3	stream	3	4194304	890222639	848524231	904455620	890644616	848763760	904787279	0	0	0
network-budget/formal-screen-v2	tap:nonblocking:mixed:5:tx	w8-p2-m1	4	stream	3	4194304	896105779	848036867	905026749	896453987	848114621	905042328	0	0	0
network-budget/formal-screen-v2	tap:nonblocking:mixed:5:tx	w8-p2-m1	5	control	3	65536	1005086623	954286035	1015270387	1005269646	954657382	1015270387	0	0	0
network-budget/formal-screen-v2	tap:nonblocking:mixed:5:tx	w8-p2-m2	0	stream	3	4194304	878226498	876385470	907702076	878434405	876537418	908181252	0	0	0
network-budget/formal-screen-v2	tap:nonblocking:mixed:5:tx	w8-p2-m2	1	stream	3	4194304	880673746	872241310	900867525	881049523	872327433	901120223	0	0	0
network-budget/formal-screen-v2	tap:nonblocking:mixed:5:tx	w8-p2-m2	2	stream	3	4194304	880326876	875331677	904956825	880690073	875409118	904956825	0	0	0
network-budget/formal-screen-v2	tap:nonblocking:mixed:5:tx	w8-p2-m2	3	stream	3	4194304	877339862	873920746	908384018	877339862	874201411	908475911	0	0	0
network-budget/formal-screen-v2	tap:nonblocking:mixed:5:tx	w8-p2-m2	4	stream	3	4194304	881167057	878830828	907404256	881393211	878830828	907775139	0	0	0
network-budget/formal-screen-v2	tap:nonblocking:mixed:5:tx	w8-p2-m2	5	control	3	65536	991565880	991297605	1020142405	991880364	991773678	1020307333	0	0	0
network-budget/formal-screen-v2	tap:nonblocking:mixed:5:tx	w8-p2-m4	0	stream	3	4194304	892867735	881547200	904333360	893058243	881662497	904521918	0	0	0
network-budget/formal-screen-v2	tap:nonblocking:mixed:5:tx	w8-p2-m4	1	stream	3	4194304	899361751	879911200	909821986	899643838	879911200	909910881	0	0	0
network-budget/formal-screen-v2	tap:nonblocking:mixed:5:tx	w8-p2-m4	2	stream	3	4194304	900022539	887016277	902235319	900373672	887450129	902235319	0	0	0
network-budget/formal-screen-v2	tap:nonblocking:mixed:5:tx	w8-p2-m4	3	stream	3	4194304	898615391	886506386	901020201	898676953	886708240	901159670	0	0	0
network-budget/formal-screen-v2	tap:nonblocking:mixed:5:tx	w8-p2-m4	4	stream	3	4194304	894110908	880243181	909402688	894118821	880516097	909694201	0	0	0
network-budget/formal-screen-v2	tap:nonblocking:mixed:5:tx	w8-p2-m4	5	control	3	65536	1008738773	998483944	1019564918	1008738773	998854440	1019811418	0	0	0
network-budget/formal-screen-v2	tap:nonblocking:mixed:5:tx	w8-p4-m1	0	stream	3	4194304	905257367	893525943	958664122	905337465	893805645	958679541	0	0	0
network-budget/formal-screen-v2	tap:nonblocking:mixed:5:tx	w8-p4-m1	1	stream	3	4194304	899351824	884448436	960303767	899557587	884448436	960684595	0	0	0
network-budget/formal-screen-v2	tap:nonblocking:mixed:5:tx	w8-p4-m1	2	stream	3	4194304	899699565	894562155	957223418	899809423	894681611	957373926	0	0	0
network-budget/formal-screen-v2	tap:nonblocking:mixed:5:tx	w8-p4-m1	3	stream	3	4194304	906296418	895990836	958946158	906586303	896352797	958990298	0	0	0
network-budget/formal-screen-v2	tap:nonblocking:mixed:5:tx	w8-p4-m1	4	stream	3	4194304	898850992	896635512	965065539	898850992	897082354	965310307	0	0	0
network-budget/formal-screen-v2	tap:nonblocking:mixed:5:tx	w8-p4-m1	5	control	3	65536	1015870382	1015395941	1081674472	1016105376	1015754570	1081674472	0	0	0
network-budget/formal-screen-v2	tap:nonblocking:mixed:5:tx	w8-p4-m2	0	stream	3	4194304	855003966	836280655	872521813	855467955	836408231	872933424	0	0	0
network-budget/formal-screen-v2	tap:nonblocking:mixed:5:tx	w8-p4-m2	1	stream	3	4194304	854161471	835691929	865873897	854161471	836106244	865873897	0	0	0
network-budget/formal-screen-v2	tap:nonblocking:mixed:5:tx	w8-p4-m2	2	stream	3	4194304	845557145	828599523	864043175	845736596	828599523	864321645	0	0	0
network-budget/formal-screen-v2	tap:nonblocking:mixed:5:tx	w8-p4-m2	3	stream	3	4194304	855776262	837696813	870766104	856141071	837857537	870872021	0	0	0
network-budget/formal-screen-v2	tap:nonblocking:mixed:5:tx	w8-p4-m2	4	stream	3	4194304	854729398	828837388	864876421	854980567	829104453	865334540	0	0	0
network-budget/formal-screen-v2	tap:nonblocking:mixed:5:tx	w8-p4-m2	5	control	3	65536	968995890	947846630	981295135	969078787	947926566	981522403	0	0	0
network-budget/formal-screen-v2	tap:nonblocking:mixed:5:tx	w8-p4-m4	0	stream	3	4194304	874534811	860013901	931014149	874841222	860436408	931216652	0	0	0
network-budget/formal-screen-v2	tap:nonblocking:mixed:5:tx	w8-p4-m4	1	stream	3	4194304	882426706	858870421	940608128	882881088	858945496	940961593	0	0	0
network-budget/formal-screen-v2	tap:nonblocking:mixed:5:tx	w8-p4-m4	2	stream	3	4194304	876387177	861870303	938288013	876387177	862165541	938305326	0	0	0
network-budget/formal-screen-v2	tap:nonblocking:mixed:5:tx	w8-p4-m4	3	stream	3	4194304	881454526	859742623	931878011	881606415	859742623	931954568	0	0	0
network-budget/formal-screen-v2	tap:nonblocking:mixed:5:tx	w8-p4-m4	4	stream	3	4194304	876424480	859973388	932943144	876760327	860134398	933208337	0	0	0
network-budget/formal-screen-v2	tap:nonblocking:mixed:5:tx	w8-p4-m4	5	control	3	65536	994062336	979634049	1060860833	994140937	979869625	1060860833	0	0	0
network-budget/formal-near-v2	tap:nonblocking:mixed:near:tx	baseline	0	stream	3	4194304	4890428292	4849209603	4897090513	4891261067	4851147112	4898965637	0	0	0
network-budget/formal-near-v2	tap:nonblocking:mixed:near:tx	baseline	1	stream	3	4194304	4749064001	4673792560	4809570091	4750471585	4675885239	4810824354	0	0	0
network-budget/formal-near-v2	tap:nonblocking:mixed:near:tx	baseline	2	stream	3	4194304	4204377608	4147865861	4623202502	4205922597	4148301692	4624877403	0	0	0
network-budget/formal-near-v2	tap:nonblocking:mixed:near:tx	baseline	3	stream	3	4194304	4975161222	4831596467	5035049973	4976498370	4832290261	5036266777	0	0	0
network-budget/formal-near-v2	tap:nonblocking:mixed:near:tx	baseline	4	stream	3	4194304	4357778186	3638059484	4828142281	4357843795	3638059484	4829168662	0	0	0
network-budget/formal-near-v2	tap:nonblocking:mixed:near:tx	baseline	5	stream	3	4194304	4944633633	4691237868	5024688962	4945014191	4692092034	5024947089	0	0	0
network-budget/formal-near-v2	tap:nonblocking:mixed:near:tx	baseline	6	stream	3	4194304	4633265628	3912265507	4941294892	4633265628	3914166729	4942955531	0	0	0
network-budget/formal-near-v2	tap:nonblocking:mixed:near:tx	baseline	7	stream	3	4194304	4898532414	4178436311	4914211655	4900534431	4179424535	4914638205	0	0	0
network-budget/formal-near-v2	tap:nonblocking:mixed:near:tx	baseline	8	stream	3	4194304	4169818310	3377509409	4626112942	4170433746	3378416224	4627222394	0	0	0
network-budget/formal-near-v2	tap:nonblocking:mixed:near:tx	baseline	9	stream	3	4194304	4701669110	3993027124	4813616126	4703670118	3994620585	4815114854	0	0	0
network-budget/formal-near-v2	tap:nonblocking:mixed:near:tx	baseline	10	stream	3	4194304	4377959314	3954370039	5021662449	4378137965	3955287585	5024124502	0	0	0
network-budget/formal-near-v2	tap:nonblocking:mixed:near:tx	baseline	11	stream	3	4194304	4597746853	4348065164	4865740869	4597892586	4349269836	4866388935	0	0	0
network-budget/formal-near-v2	tap:nonblocking:mixed:near:tx	baseline	12	stream	3	4194304	4837680195	4141860697	5065396208	4838198675	4142391718	5066540106	0	0	0
network-budget/formal-near-v2	tap:nonblocking:mixed:near:tx	baseline	13	stream	3	4194304	4661887398	3887088750	4663978068	4663945338	3887798084	4664695689	0	0	0
network-budget/formal-near-v2	tap:nonblocking:mixed:near:tx	baseline	14	stream	3	4194304	4421110571	4391921557	4605539047	4421950393	4392507047	4606214048	0	0	0
network-budget/formal-near-v2	tap:nonblocking:mixed:near:tx	baseline	15	stream	3	4194304	4411501701	4143921908	4822702639	4412792122	4144363741	4822971333	0	0	0
network-budget/formal-near-v2	tap:nonblocking:mixed:near:tx	baseline	16	stream	3	4194304	4202638009	3967320650	4971826107	4203130562	3968377605	4972946655	0	0	0
network-budget/formal-near-v2	tap:nonblocking:mixed:near:tx	baseline	17	stream	3	4194304	4606748839	4498397148	4909758013	4607507619	4500544648	4910766105	0	0	0
network-budget/formal-near-v2	tap:nonblocking:mixed:near:tx	baseline	18	stream	3	4194304	4620892319	3886005319	5024077706	4622228935	3886877255	5026414998	0	0	0
network-budget/formal-near-v2	tap:nonblocking:mixed:near:tx	baseline	19	stream	3	4194304	4388395722	3992755900	4655441553	4390274584	3993341232	4657183657	0	0	0
network-budget/formal-near-v2	tap:nonblocking:mixed:near:tx	baseline	20	stream	3	4194304	4812692835	4771086410	5087676581	4813047813	4772567785	5087773543	0	0	0
network-budget/formal-near-v2	tap:nonblocking:mixed:near:tx	baseline	21	stream	3	4194304	3896592898	3799801812	4774444464	3896722990	3801272222	4776002640	0	0	0
network-budget/formal-near-v2	tap:nonblocking:mixed:near:tx	baseline	22	stream	3	4194304	4131035882	3792186640	4999517452	4131279812	3792513971	5001692224	0	0	0
network-budget/formal-near-v2	tap:nonblocking:mixed:near:tx	baseline	23	stream	3	4194304	4607639886	4171571230	5042642797	4609593617	4172522303	5044342413	0	0	0
network-budget/formal-near-v2	tap:nonblocking:mixed:near:tx	baseline	24	stream	3	4194304	4725079747	3738848594	4911773696	4726854892	3740673177	4912093139	0	0	0
network-budget/formal-near-v2	tap:nonblocking:mixed:near:tx	baseline	25	stream	3	4194304	4278045478	4161734795	4857372158	4279406344	4162919585	4858176588	0	0	0
network-budget/formal-near-v2	tap:nonblocking:mixed:near:tx	baseline	26	stream	3	4194304	4679433154	3257966698	5083098779	4680843428	3257966698	5083864887	0	0	0
network-budget/formal-near-v2	tap:nonblocking:mixed:near:tx	baseline	27	control	3	65536	5126527944	5079219678	5204484610	5127926763	5080409394	5205593228	0	0	0
network-budget/formal-near-v2	tap:nonblocking:mixed:near:tx	w16-p1-m1	0	stream	3	4194304	12654207580	12540105648	12759718370	12656343373	12542196040	12760056143	0	0	0
network-budget/formal-near-v2	tap:nonblocking:mixed:near:tx	w16-p1-m1	1	stream	3	4194304	12677326347	12534605415	13215578749	12678976745	12534605415	13216465794	0	0	0
network-budget/formal-near-v2	tap:nonblocking:mixed:near:tx	w16-p1-m1	2	stream	3	4194304	12535004983	12035699437	13180779022	12536490695	12037081642	13180779022	0	0	0
network-budget/formal-near-v2	tap:nonblocking:mixed:near:tx	w16-p1-m1	3	stream	3	4194304	12410308650	12157462158	12574426484	12411054340	12157653447	12575865473	0	0	0
network-budget/formal-near-v2	tap:nonblocking:mixed:near:tx	w16-p1-m1	4	stream	3	4194304	12515983236	12492663303	13158491240	12517213019	12494775217	13158698810	0	0	0
network-budget/formal-near-v2	tap:nonblocking:mixed:near:tx	w16-p1-m1	5	stream	3	4194304	12677917838	12547933925	13151794386	12679438624	12548416045	13153548315	0	0	0
network-budget/formal-near-v2	tap:nonblocking:mixed:near:tx	w16-p1-m1	6	stream	3	4194304	12545804717	12314519893	13158543644	12547121209	12314861497	13158646800	0	0	0
network-budget/formal-near-v2	tap:nonblocking:mixed:near:tx	w16-p1-m1	7	stream	3	4194304	12655445820	12491162575	13305290141	12657223770	12493039165	13306815401	0	0	0
network-budget/formal-near-v2	tap:nonblocking:mixed:near:tx	w16-p1-m1	8	stream	3	4194304	12657066029	12527163787	13193526388	12658075014	12527981816	13193928692	0	0	0
network-budget/formal-near-v2	tap:nonblocking:mixed:near:tx	w16-p1-m1	9	stream	3	4194304	12387298040	12254950166	13263571755	12388249871	12256610119	13265731198	0	0	0
network-budget/formal-near-v2	tap:nonblocking:mixed:near:tx	w16-p1-m1	10	stream	3	4194304	12697544111	12285027613	13186475345	12699433773	12286758542	13188067281	0	0	0
network-budget/formal-near-v2	tap:nonblocking:mixed:near:tx	w16-p1-m1	11	stream	3	4194304	12298082284	12183841488	13229381439	12300098998	12184052400	13230648211	0	0	0
network-budget/formal-near-v2	tap:nonblocking:mixed:near:tx	w16-p1-m1	12	stream	3	4194304	12691142850	12376979372	12868753082	12691485903	12378371022	12871230954	0	0	0
network-budget/formal-near-v2	tap:nonblocking:mixed:near:tx	w16-p1-m1	13	stream	3	4194304	12612957052	12483641788	13269571185	12613614439	12484473296	13270097809	0	0	0
network-budget/formal-near-v2	tap:nonblocking:mixed:near:tx	w16-p1-m1	14	stream	3	4194304	12657495258	12612092928	12672178009	12658156058	12613727098	12674409499	0	0	0
network-budget/formal-near-v2	tap:nonblocking:mixed:near:tx	w16-p1-m1	15	stream	3	4194304	12685845562	11879693119	13407482573	12687292636	11881711293	13408573034	0	0	0
network-budget/formal-near-v2	tap:nonblocking:mixed:near:tx	w16-p1-m1	16	stream	3	4194304	12663512459	12362507247	12680125842	12665862981	12364059380	12680595146	0	0	0
network-budget/formal-near-v2	tap:nonblocking:mixed:near:tx	w16-p1-m1	17	stream	3	4194304	12484999186	12262108662	13279739005	12485877430	12263419805	13282172780	0	0	0
network-budget/formal-near-v2	tap:nonblocking:mixed:near:tx	w16-p1-m1	18	stream	3	4194304	12685138107	12361368872	13277652689	12685776868	12361453776	13278482063	0	0	0
network-budget/formal-near-v2	tap:nonblocking:mixed:near:tx	w16-p1-m1	19	stream	3	4194304	12373664307	12077074197	12656006579	12374631824	12077821085	12658167582	0	0	0
network-budget/formal-near-v2	tap:nonblocking:mixed:near:tx	w16-p1-m1	20	stream	3	4194304	12157289989	11511984973	13231973456	12157553830	11513768516	13233838919	0	0	0
network-budget/formal-near-v2	tap:nonblocking:mixed:near:tx	w16-p1-m1	21	stream	3	4194304	12517729139	12108704848	13291039415	12518316314	12109412567	13292053152	0	0	0
network-budget/formal-near-v2	tap:nonblocking:mixed:near:tx	w16-p1-m1	22	stream	3	4194304	12677668581	12439058050	12906314545	12678828775	12440280248	12908289454	0	0	0
network-budget/formal-near-v2	tap:nonblocking:mixed:near:tx	w16-p1-m1	23	stream	3	4194304	12362821112	12281820619	13297991574	12363956806	12282349624	13300252222	0	0	0
network-budget/formal-near-v2	tap:nonblocking:mixed:near:tx	w16-p1-m1	24	stream	3	4194304	12655893530	12363716553	13255640582	12658160950	12364142199	13257290535	0	0	0
network-budget/formal-near-v2	tap:nonblocking:mixed:near:tx	w16-p1-m1	25	stream	3	4194304	12157607525	11621111499	13298632278	12157607525	11623056077	13299976910	0	0	0
network-budget/formal-near-v2	tap:nonblocking:mixed:near:tx	w16-p1-m1	26	stream	3	4194304	12363003605	12228599575	13184304142	12364033557	12229692331	13186397801	0	0	0
network-budget/formal-near-v2	tap:nonblocking:mixed:near:tx	w16-p1-m1	27	control	3	65536	12788004276	12642951916	13397527817	12788164886	12643523389	13398007706	0	0	0
network-budget/formal-near-v2	tap:nonblocking:mixed:near:tx	w16-p1-m2	0	stream	3	4194304	12164566844	11899475686	12835253218	12165243426	11900061651	12835539790	0	0	0
network-budget/formal-near-v2	tap:nonblocking:mixed:near:tx	w16-p1-m2	1	stream	3	4194304	12850309812	12313423141	13119288577	12850514032	12315027628	13119967427	0	0	0
network-budget/formal-near-v2	tap:nonblocking:mixed:near:tx	w16-p1-m2	2	stream	3	4194304	12700876060	12107123228	12900926533	12701208387	12108877013	12901882046	0	0	0
network-budget/formal-near-v2	tap:nonblocking:mixed:near:tx	w16-p1-m2	3	stream	3	4194304	12635635373	12413957809	12884229000	12637272358	12414726830	12886138612	0	0	0
network-budget/formal-near-v2	tap:nonblocking:mixed:near:tx	w16-p1-m2	4	stream	3	4194304	12873822377	12425323268	13234576180	12874243761	12425866107	13235643100	0	0	0
network-budget/formal-near-v2	tap:nonblocking:mixed:near:tx	w16-p1-m2	5	stream	3	4194304	12991769438	12407403677	13089599090	12992682856	12408551745	13089659092	0	0	0
network-budget/formal-near-v2	tap:nonblocking:mixed:near:tx	w16-p1-m2	6	stream	3	4194304	12497133094	12365961893	12801483706	12498454355	12366332762	12801597205	0	0	0
network-budget/formal-near-v2	tap:nonblocking:mixed:near:tx	w16-p1-m2	7	stream	3	4194304	12565177907	12156127229	13163172770	12567294925	12158448237	13165008829	0	0	0
network-budget/formal-near-v2	tap:nonblocking:mixed:near:tx	w16-p1-m2	8	stream	3	4194304	12823986022	12433216122	13078269044	12824481567	12434028966	13079906903	0	0	0
network-budget/formal-near-v2	tap:nonblocking:mixed:near:tx	w16-p1-m2	9	stream	3	4194304	12979835308	11720963682	13108535569	12980582051	11722269559	13109397592	0	0	0
network-budget/formal-near-v2	tap:nonblocking:mixed:near:tx	w16-p1-m2	10	stream	3	4194304	12904321045	12409119991	13223588782	12905331727	12411194508	13224890413	0	0	0
network-budget/formal-near-v2	tap:nonblocking:mixed:near:tx	w16-p1-m2	11	stream	3	4194304	12923778210	12196272956	13164273602	12924353928	12197663264	13166708978	0	0	0
network-budget/formal-near-v2	tap:nonblocking:mixed:near:tx	w16-p1-m2	12	stream	3	4194304	12914459585	12145017139	13228578608	12916293091	12145745321	13230298568	0	0	0
network-budget/formal-near-v2	tap:nonblocking:mixed:near:tx	w16-p1-m2	13	stream	3	4194304	12936068314	12156566869	13414860432	12936206829	12158404112	13416238052	0	0	0
network-budget/formal-near-v2	tap:nonblocking:mixed:near:tx	w16-p1-m2	14	stream	3	4194304	12676988955	12193893401	12915857020	12676988955	12195156411	12916228638	0	0	0
network-budget/formal-near-v2	tap:nonblocking:mixed:near:tx	w16-p1-m2	15	stream	3	4194304	12932905451	12427118090	13075366679	12932905451	12429261004	13075549593	0	0	0
network-budget/formal-near-v2	tap:nonblocking:mixed:near:tx	w16-p1-m2	16	stream	3	4194304	12982388325	12305659495	13230929040	12983227819	12306727132	13232133004	0	0	0
network-budget/formal-near-v2	tap:nonblocking:mixed:near:tx	w16-p1-m2	17	stream	3	4194304	12870751252	12161720288	13089042617	12872701994	12163250707	13091262917	0	0	0
network-budget/formal-near-v2	tap:nonblocking:mixed:near:tx	w16-p1-m2	18	stream	3	4194304	12725926806	12332872749	12985110122	12726866794	12333110391	12986297414	0	0	0
network-budget/formal-near-v2	tap:nonblocking:mixed:near:tx	w16-p1-m2	19	stream	3	4194304	12646552121	12158475834	12760261160	12647614347	12158475834	12762589606	0	0	0
network-budget/formal-near-v2	tap:nonblocking:mixed:near:tx	w16-p1-m2	20	stream	3	4194304	12945678220	12433763112	13415860889	12947199384	12435727861	13416356291	0	0	0
network-budget/formal-near-v2	tap:nonblocking:mixed:near:tx	w16-p1-m2	21	stream	3	4194304	12686412082	12405762215	13174412155	12687112378	12406250978	13174979302	0	0	0
network-budget/formal-near-v2	tap:nonblocking:mixed:near:tx	w16-p1-m2	22	stream	3	4194304	12982554449	11651070608	13211590791	12982809213	11651190727	13211826288	0	0	0
network-budget/formal-near-v2	tap:nonblocking:mixed:near:tx	w16-p1-m2	23	stream	3	4194304	12686956306	12076044591	12857310636	12688400102	12076979220	12858052566	0	0	0
network-budget/formal-near-v2	tap:nonblocking:mixed:near:tx	w16-p1-m2	24	stream	3	4194304	12967134319	12392558078	13234607323	12967450437	12394819803	13236619001	0	0	0
network-budget/formal-near-v2	tap:nonblocking:mixed:near:tx	w16-p1-m2	25	stream	3	4194304	12483318045	12371495626	12958353440	12484715199	12372163479	12959839328	0	0	0
network-budget/formal-near-v2	tap:nonblocking:mixed:near:tx	w16-p1-m2	26	stream	3	4194304	12791659995	12422692449	13415498676	12792290507	12424342307	13416497015	0	0	0
network-budget/formal-near-v2	tap:nonblocking:mixed:near:tx	w16-p1-m2	27	control	3	65536	13079416256	12520470861	13324777523	13081210074	12520567285	13326334933	0	0	0
network-budget/formal-near-v2	tap:nonblocking:mixed:near:tx	w16-p1-m4	0	stream	3	4194304	12189181219	11936339631	12898973997	12189414590	11937420345	12900278070	0	0	0
network-budget/formal-near-v2	tap:nonblocking:mixed:near:tx	w16-p1-m4	1	stream	3	4194304	12657391666	12398604983	12886876875	12659148578	12400419158	12888830020	0	0	0
network-budget/formal-near-v2	tap:nonblocking:mixed:near:tx	w16-p1-m4	2	stream	3	4194304	12540613712	12312984324	12937519087	12541739709	12313699867	12938247008	0	0	0
network-budget/formal-near-v2	tap:nonblocking:mixed:near:tx	w16-p1-m4	3	stream	3	4194304	12872265204	12273930857	13157799633	12872854515	12274814932	13159297993	0	0	0
network-budget/formal-near-v2	tap:nonblocking:mixed:near:tx	w16-p1-m4	4	stream	3	4194304	12970219198	12572350479	13184020741	12971981921	12574223669	13184368641	0	0	0
network-budget/formal-near-v2	tap:nonblocking:mixed:near:tx	w16-p1-m4	5	stream	3	4194304	12555788188	12412778491	13089742969	12557010645	12413635934	13090228492	0	0	0
network-budget/formal-near-v2	tap:nonblocking:mixed:near:tx	w16-p1-m4	6	stream	3	4194304	12969110842	12456122801	13174425078	12969461611	12458288149	13176511543	0	0	0
network-budget/formal-near-v2	tap:nonblocking:mixed:near:tx	w16-p1-m4	7	stream	3	4194304	12641941457	12103192902	13158761808	12643643814	12105544552	13160602096	0	0	0
network-budget/formal-near-v2	tap:nonblocking:mixed:near:tx	w16-p1-m4	8	stream	3	4194304	12938545518	12399006126	13113231229	12940643164	12400477982	13114917488	0	0	0
network-budget/formal-near-v2	tap:nonblocking:mixed:near:tx	w16-p1-m4	9	stream	3	4194304	12490188330	12191824703	13148394946	12492277799	12192263508	13149501370	0	0	0
network-budget/formal-near-v2	tap:nonblocking:mixed:near:tx	w16-p1-m4	10	stream	3	4194304	12879071211	12657555222	12910776481	12881470783	12659099627	12910776481	0	0	0
network-budget/formal-near-v2	tap:nonblocking:mixed:near:tx	w16-p1-m4	11	stream	3	4194304	12988005315	12536473645	13015167504	12989989533	12539079033	13015435971	0	0	0
network-budget/formal-near-v2	tap:nonblocking:mixed:near:tx	w16-p1-m4	12	stream	3	4194304	13000655033	12492937014	13150729132	13003169262	12493449483	13151456993	0	0	0
network-budget/formal-near-v2	tap:nonblocking:mixed:near:tx	w16-p1-m4	13	stream	3	4194304	13016754202	12583702933	13072217033	13018097059	12584492881	13072818890	0	0	0
network-budget/formal-near-v2	tap:nonblocking:mixed:near:tx	w16-p1-m4	14	stream	3	4194304	12581717189	12270340269	13001864455	12583779725	12272244806	13002169171	0	0	0
network-budget/formal-near-v2	tap:nonblocking:mixed:near:tx	w16-p1-m4	15	stream	3	4194304	12871193962	12591081451	13157290381	12871702837	12591212169	13159450009	0	0	0
network-budget/formal-near-v2	tap:nonblocking:mixed:near:tx	w16-p1-m4	16	stream	3	4194304	12974279410	12210712336	13144355634	12976166722	12212112119	13144355634	0	0	0
network-budget/formal-near-v2	tap:nonblocking:mixed:near:tx	w16-p1-m4	17	stream	3	4194304	12761718179	12591334425	13051817058	12762782269	12591772865	13051953816	0	0	0
network-budget/formal-near-v2	tap:nonblocking:mixed:near:tx	w16-p1-m4	18	stream	3	4194304	13020630946	12553034673	13158467635	13021820160	12554161509	13159317483	0	0	0
network-budget/formal-near-v2	tap:nonblocking:mixed:near:tx	w16-p1-m4	19	stream	3	4194304	12964446221	12658512177	13165937262	12965880081	12659182068	13167539148	0	0	0
network-budget/formal-near-v2	tap:nonblocking:mixed:near:tx	w16-p1-m4	20	stream	3	4194304	12899205666	12156920673	13096746092	12900193429	12159192934	13098026328	0	0	0
network-budget/formal-near-v2	tap:nonblocking:mixed:near:tx	w16-p1-m4	21	stream	3	4194304	12898701266	12658957414	13182331470	12900184082	12658957414	13184096875	0	0	0
network-budget/formal-near-v2	tap:nonblocking:mixed:near:tx	w16-p1-m4	22	stream	3	4194304	12639803261	12347910411	12793714845	12641845715	12348256142	12795303548	0	0	0
network-budget/formal-near-v2	tap:nonblocking:mixed:near:tx	w16-p1-m4	23	stream	3	4194304	13124574431	12485414875	13150847653	13125903654	12487404125	13151524400	0	0	0
network-budget/formal-near-v2	tap:nonblocking:mixed:near:tx	w16-p1-m4	24	stream	3	4194304	12969167873	12511460315	12976578939	12970099526	12512762336	12978893961	0	0	0
network-budget/formal-near-v2	tap:nonblocking:mixed:near:tx	w16-p1-m4	25	stream	3	4194304	12899989897	12576620089	13170831912	12900102028	12577223110	13172259838	0	0	0
network-budget/formal-near-v2	tap:nonblocking:mixed:near:tx	w16-p1-m4	26	stream	3	4194304	12829943744	12217485386	12860177901	12830151264	12218520782	12861206372	0	0	0
network-budget/formal-near-v2	tap:nonblocking:mixed:near:tx	w16-p1-m4	27	control	3	65536	13108516493	12678216512	13274049847	13109351211	12679600279	13274139193	0	0	0
network-budget/formal-near-v2	tap:nonblocking:mixed:near:tx	w16-p2-m1	0	stream	3	4194304	11999749123	11850030674	12006636419	12001744027	11851261616	12007237304	0	0	0
network-budget/formal-near-v2	tap:nonblocking:mixed:near:tx	w16-p2-m1	1	stream	3	4194304	11969459627	11868030818	12013321408	11970830420	11869769668	12014972318	0	0	0
network-budget/formal-near-v2	tap:nonblocking:mixed:near:tx	w16-p2-m1	2	stream	3	4194304	11973275687	11484371387	12065041227	11975726994	11486433268	12066943271	0	0	0
network-budget/formal-near-v2	tap:nonblocking:mixed:near:tx	w16-p2-m1	3	stream	3	4194304	11785819994	11684965028	12044570462	11787678369	11686274340	12046297551	0	0	0
network-budget/formal-near-v2	tap:nonblocking:mixed:near:tx	w16-p2-m1	4	stream	3	4194304	11967335486	11421436154	12049043739	11967335486	11422031996	12050387782	0	0	0
network-budget/formal-near-v2	tap:nonblocking:mixed:near:tx	w16-p2-m1	5	stream	3	4194304	11778897247	11542057134	11875147622	11779530928	11542173894	11876785263	0	0	0
network-budget/formal-near-v2	tap:nonblocking:mixed:near:tx	w16-p2-m1	6	stream	3	4194304	11944166139	11530156528	12072604401	11945750107	11530303588	12074174192	0	0	0
network-budget/formal-near-v2	tap:nonblocking:mixed:near:tx	w16-p2-m1	7	stream	3	4194304	11868989314	11850265900	11971877759	11869770284	11850942041	11974028478	0	0	0
network-budget/formal-near-v2	tap:nonblocking:mixed:near:tx	w16-p2-m1	8	stream	3	4194304	11840706491	11446166008	12013393972	11842782471	11446925853	12013789715	0	0	0
network-budget/formal-near-v2	tap:nonblocking:mixed:near:tx	w16-p2-m1	9	stream	3	4194304	11964748023	11639500140	12011083297	11965064102	11639936063	12012220793	0	0	0
network-budget/formal-near-v2	tap:nonblocking:mixed:near:tx	w16-p2-m1	10	stream	3	4194304	11923533045	11632265303	11931862179	11924020423	11633670713	11932978652	0	0	0
network-budget/formal-near-v2	tap:nonblocking:mixed:near:tx	w16-p2-m1	11	stream	3	4194304	11803407483	11214249672	11943730125	11805164015	11215777014	11943730125	0	0	0
network-budget/formal-near-v2	tap:nonblocking:mixed:near:tx	w16-p2-m1	12	stream	3	4194304	11750851340	11139602164	11822238917	11752039559	11139829371	11823917507	0	0	0
network-budget/formal-near-v2	tap:nonblocking:mixed:near:tx	w16-p2-m1	13	stream	3	4194304	12010877003	11866117628	12042130333	12012078939	11868294195	12043374538	0	0	0
network-budget/formal-near-v2	tap:nonblocking:mixed:near:tx	w16-p2-m1	14	stream	3	4194304	11793604105	11761850722	11794715517	11794181466	11762224198	11795562828	0	0	0
network-budget/formal-near-v2	tap:nonblocking:mixed:near:tx	w16-p2-m1	15	stream	3	4194304	11792071736	11598679787	11889166527	11792602064	11599563254	11891512542	0	0	0
network-budget/formal-near-v2	tap:nonblocking:mixed:near:tx	w16-p2-m1	16	stream	3	4194304	11880976901	11213597395	11985622603	11882897320	11214366491	11987082735	0	0	0
network-budget/formal-near-v2	tap:nonblocking:mixed:near:tx	w16-p2-m1	17	stream	3	4194304	11938209201	11837584206	12031331041	11938492549	11838848482	12031795154	0	0	0
network-budget/formal-near-v2	tap:nonblocking:mixed:near:tx	w16-p2-m1	18	stream	3	4194304	11904181366	11232307387	11932082555	11905225633	11232655592	11934028759	0	0	0
network-budget/formal-near-v2	tap:nonblocking:mixed:near:tx	w16-p2-m1	19	stream	3	4194304	11864294476	11789117156	11940645270	11865163405	11790898559	11942649328	0	0	0
network-budget/formal-near-v2	tap:nonblocking:mixed:near:tx	w16-p2-m1	20	stream	3	4194304	11865604175	11599113932	11995498107	11867895137	11599765414	11996561816	0	0	0
network-budget/formal-near-v2	tap:nonblocking:mixed:near:tx	w16-p2-m1	21	stream	3	4194304	11879615216	11734091693	12048114829	11881099114	11735080173	12048658366	0	0	0
network-budget/formal-near-v2	tap:nonblocking:mixed:near:tx	w16-p2-m1	22	stream	3	4194304	11902996864	11783592809	12035621176	11905551002	11784612975	12036324741	0	0	0
network-budget/formal-near-v2	tap:nonblocking:mixed:near:tx	w16-p2-m1	23	stream	3	4194304	11718520309	11588538923	11960086210	11719491874	11590559467	11961562457	0	0	0
network-budget/formal-near-v2	tap:nonblocking:mixed:near:tx	w16-p2-m1	24	stream	3	4194304	11691913772	11576221904	11697288316	11693886101	11577120670	11698813513	0	0	0
network-budget/formal-near-v2	tap:nonblocking:mixed:near:tx	w16-p2-m1	25	stream	3	4194304	11856961544	11723770267	12004650860	11856961544	11724170276	12005614299	0	0	0
network-budget/formal-near-v2	tap:nonblocking:mixed:near:tx	w16-p2-m1	26	stream	3	4194304	11698941127	11624050884	12057697170	11699134890	11624118226	12057923115	0	0	0
network-budget/formal-near-v2	tap:nonblocking:mixed:near:tx	w16-p2-m1	27	control	3	65536	12102014420	11981000497	12164508147	12102603333	11981116110	12165959470	0	0	0
network-budget/formal-near-v2	tap:nonblocking:mixed:near:tx	w16-p2-m2	0	stream	3	4194304	11867001260	11150223715	12399729191	11868275048	11152094469	12400886502	0	0	0
network-budget/formal-near-v2	tap:nonblocking:mixed:near:tx	w16-p2-m2	1	stream	3	4194304	11791757866	11202004893	12403803143	11792924631	11203323974	12406315926	0	0	0
network-budget/formal-near-v2	tap:nonblocking:mixed:near:tx	w16-p2-m2	2	stream	3	4194304	11803624779	11142559615	12040741788	11804298172	11144181926	12041757633	0	0	0
network-budget/formal-near-v2	tap:nonblocking:mixed:near:tx	w16-p2-m2	3	stream	3	4194304	11789077611	11187312307	12547594447	11790939817	11187489967	12548447556	0	0	0
network-budget/formal-near-v2	tap:nonblocking:mixed:near:tx	w16-p2-m2	4	stream	3	4194304	11752748979	11016436170	12481551514	11752840554	11018240201	12482877148	0	0	0
network-budget/formal-near-v2	tap:nonblocking:mixed:near:tx	w16-p2-m2	5	stream	3	4194304	11743037182	11219511914	12442554935	11744326048	11219511914	12443338646	0	0	0
network-budget/formal-near-v2	tap:nonblocking:mixed:near:tx	w16-p2-m2	6	stream	3	4194304	11629934552	11151691556	12487343372	11630930636	11152209125	12488914114	0	0	0
network-budget/formal-near-v2	tap:nonblocking:mixed:near:tx	w16-p2-m2	7	stream	3	4194304	11849195233	11195667139	12521773191	11850013903	11197183329	12522702751	0	0	0
network-budget/formal-near-v2	tap:nonblocking:mixed:near:tx	w16-p2-m2	8	stream	3	4194304	11915779391	11215040056	12320867786	11916375853	11217236896	12322670254	0	0	0
network-budget/formal-near-v2	tap:nonblocking:mixed:near:tx	w16-p2-m2	9	stream	3	4194304	11838102379	10779677222	12492143195	11839608704	10779977896	12494396965	0	0	0
network-budget/formal-near-v2	tap:nonblocking:mixed:near:tx	w16-p2-m2	10	stream	3	4194304	11806521046	11205181720	12542451771	11808574256	11206364461	12543025627	0	0	0
network-budget/formal-near-v2	tap:nonblocking:mixed:near:tx	w16-p2-m2	11	stream	3	4194304	11665459922	11134193812	12483028802	11666533392	11136314986	12485165306	0	0	0
network-budget/formal-near-v2	tap:nonblocking:mixed:near:tx	w16-p2-m2	12	stream	3	4194304	11738782776	11037971981	12475288150	11739316889	11039667988	12475936746	0	0	0
network-budget/formal-near-v2	tap:nonblocking:mixed:near:tx	w16-p2-m2	13	stream	3	4194304	11827236718	11188969211	12355156869	11829224392	11189837276	12355873275	0	0	0
network-budget/formal-near-v2	tap:nonblocking:mixed:near:tx	w16-p2-m2	14	stream	3	4194304	11850672139	11183219035	12332011862	11851601630	11184063145	12332564415	0	0	0
network-budget/formal-near-v2	tap:nonblocking:mixed:near:tx	w16-p2-m2	15	stream	3	4194304	11619905194	11062416436	12501694915	11620264184	11063042372	12501991739	0	0	0
network-budget/formal-near-v2	tap:nonblocking:mixed:near:tx	w16-p2-m2	16	stream	3	4194304	11613654836	11219931436	12437978236	11613852277	11220845669	12440560029	0	0	0
network-budget/formal-near-v2	tap:nonblocking:mixed:near:tx	w16-p2-m2	17	stream	3	4194304	11794065035	11197173661	12382843935	11794826636	11197938551	12385170161	0	0	0
network-budget/formal-near-v2	tap:nonblocking:mixed:near:tx	w16-p2-m2	18	stream	3	4194304	11646452874	11150776877	12527787623	11646710193	11152026537	12529199655	0	0	0
network-budget/formal-near-v2	tap:nonblocking:mixed:near:tx	w16-p2-m2	19	stream	3	4194304	11858711672	11087649620	12546600083	11860481363	11088768537	12546810597	0	0	0
network-budget/formal-near-v2	tap:nonblocking:mixed:near:tx	w16-p2-m2	20	stream	3	4194304	11783280778	11213359804	12555522088	11784646017	11215278780	12556771514	0	0	0
network-budget/formal-near-v2	tap:nonblocking:mixed:near:tx	w16-p2-m2	21	stream	3	4194304	11470104532	11038216912	12525829184	11472251512	11038311050	12525968884	0	0	0
network-budget/formal-near-v2	tap:nonblocking:mixed:near:tx	w16-p2-m2	22	stream	3	4194304	11853013172	11165310183	12480136454	11853880545	11165989120	12480574542	0	0	0
network-budget/formal-near-v2	tap:nonblocking:mixed:near:tx	w16-p2-m2	23	stream	3	4194304	11560044280	11151323800	12552119945	11560044280	11152320453	12553981754	0	0	0
network-budget/formal-near-v2	tap:nonblocking:mixed:near:tx	w16-p2-m2	24	stream	3	4194304	11826727285	11203170055	12504431431	11827156911	11205203467	12504431431	0	0	0
network-budget/formal-near-v2	tap:nonblocking:mixed:near:tx	w16-p2-m2	25	stream	3	4194304	11860362070	10931335943	12236050840	11861949611	10931720591	12237984242	0	0	0
network-budget/formal-near-v2	tap:nonblocking:mixed:near:tx	w16-p2-m2	26	stream	3	4194304	11664854687	11051623475	11967041964	11666542977	11053988319	11968668034	0	0	0
network-budget/formal-near-v2	tap:nonblocking:mixed:near:tx	w16-p2-m2	27	control	3	65536	12008244066	11352442480	12696067760	12008996626	11352814363	12698703653	0	0	0
network-budget/formal-near-v2	tap:nonblocking:mixed:near:tx	w16-p2-m4	0	stream	3	4194304	12316584282	11751029386	12532918295	12318794559	11751741574	12535161184	0	0	0
network-budget/formal-near-v2	tap:nonblocking:mixed:near:tx	w16-p2-m4	1	stream	3	4194304	12160675920	11713854720	12474193390	12162777987	11715628572	12476275282	0	0	0
network-budget/formal-near-v2	tap:nonblocking:mixed:near:tx	w16-p2-m4	2	stream	3	4194304	12363214675	11769506139	12529957053	12364854146	11769642167	12531633229	0	0	0
network-budget/formal-near-v2	tap:nonblocking:mixed:near:tx	w16-p2-m4	3	stream	3	4194304	12188398161	11742013620	12371871074	12188827136	11742860049	12372588580	0	0	0
network-budget/formal-near-v2	tap:nonblocking:mixed:near:tx	w16-p2-m4	4	stream	3	4194304	12412625802	11762307316	12557516850	12412625802	11762834918	12558914597	0	0	0
network-budget/formal-near-v2	tap:nonblocking:mixed:near:tx	w16-p2-m4	5	stream	3	4194304	12141872322	11661329458	12579356051	12143437784	11662907352	12579726163	0	0	0
network-budget/formal-near-v2	tap:nonblocking:mixed:near:tx	w16-p2-m4	6	stream	3	4194304	12220871435	11766089850	12400792151	12222192278	11766354309	12403449232	0	0	0
network-budget/formal-near-v2	tap:nonblocking:mixed:near:tx	w16-p2-m4	7	stream	3	4194304	12404911426	11761913838	12562419738	12406011171	11762522361	12564347075	0	0	0
network-budget/formal-near-v2	tap:nonblocking:mixed:near:tx	w16-p2-m4	8	stream	3	4194304	12367023072	11741513826	12481426913	12367962014	11743855714	12482563913	0	0	0
network-budget/formal-near-v2	tap:nonblocking:mixed:near:tx	w16-p2-m4	9	stream	3	4194304	12311288460	11749978034	12563639112	12313146257	11752043453	12565798503	0	0	0
network-budget/formal-near-v2	tap:nonblocking:mixed:near:tx	w16-p2-m4	10	stream	3	4194304	12290963891	11684755222	12573978222	12292407408	11685081829	12574712461	0	0	0
network-budget/formal-near-v2	tap:nonblocking:mixed:near:tx	w16-p2-m4	11	stream	3	4194304	12414149342	11661969062	12529370717	12414783283	11663002208	12530371770	0	0	0
network-budget/formal-near-v2	tap:nonblocking:mixed:near:tx	w16-p2-m4	12	stream	3	4194304	12104969705	11715399658	12561020079	12106348301	11716808825	12561664314	0	0	0
network-budget/formal-near-v2	tap:nonblocking:mixed:near:tx	w16-p2-m4	13	stream	3	4194304	12161864914	11726187826	12301455027	12162728577	11728092255	12301694643	0	0	0
network-budget/formal-near-v2	tap:nonblocking:mixed:near:tx	w16-p2-m4	14	stream	3	4194304	12413953262	11519744698	12493966651	12416310619	11520317095	12495203900	0	0	0
network-budget/formal-near-v2	tap:nonblocking:mixed:near:tx	w16-p2-m4	15	stream	3	4194304	12362442248	11763426495	12503018255	12362935747	11764920123	12504089876	0	0	0
network-budget/formal-near-v2	tap:nonblocking:mixed:near:tx	w16-p2-m4	16	stream	3	4194304	12417979102	11407417200	12554197861	12420742140	11407417200	12554197861	0	0	0
network-budget/formal-near-v2	tap:nonblocking:mixed:near:tx	w16-p2-m4	17	stream	3	4194304	12007047948	11754239676	12564349097	12007212484	11756421184	12565275816	0	0	0
network-budget/formal-near-v2	tap:nonblocking:mixed:near:tx	w16-p2-m4	18	stream	3	4194304	12147114035	11742535436	12326739533	12148290577	11744789349	12326888893	0	0	0
network-budget/formal-near-v2	tap:nonblocking:mixed:near:tx	w16-p2-m4	19	stream	3	4194304	12334209731	11660134658	12570193780	12334489467	11661273262	12572199109	0	0	0
network-budget/formal-near-v2	tap:nonblocking:mixed:near:tx	w16-p2-m4	20	stream	3	4194304	12412661633	11912789205	12457741491	12413227744	11913866822	12459493580	0	0	0
network-budget/formal-near-v2	tap:nonblocking:mixed:near:tx	w16-p2-m4	21	stream	3	4194304	12408966920	11748206344	12631882552	12410719431	11748612945	12632676095	0	0	0
network-budget/formal-near-v2	tap:nonblocking:mixed:near:tx	w16-p2-m4	22	stream	3	4194304	12342027280	11753695787	12430074946	12342827610	11756145344	12431934855	0	0	0
network-budget/formal-near-v2	tap:nonblocking:mixed:near:tx	w16-p2-m4	23	stream	3	4194304	12168772901	11598261912	12519880443	12171168672	11599447969	12521338374	0	0	0
network-budget/formal-near-v2	tap:nonblocking:mixed:near:tx	w16-p2-m4	24	stream	3	4194304	12323389698	11412056947	12355083950	12325866508	11412978121	12355641226	0	0	0
network-budget/formal-near-v2	tap:nonblocking:mixed:near:tx	w16-p2-m4	25	stream	3	4194304	12386692640	11692020590	12515398942	12387968394	11693661538	12515690022	0	0	0
network-budget/formal-near-v2	tap:nonblocking:mixed:near:tx	w16-p2-m4	26	stream	3	4194304	12388574540	11661967543	12631616117	12390572497	11662956803	12632878153	0	0	0
network-budget/formal-near-v2	tap:nonblocking:mixed:near:tx	w16-p2-m4	27	control	3	65536	12554313520	11891543304	12707355838	12556296419	11892941728	12708069025	0	0	0
network-budget/formal-near-v2	tap:nonblocking:mixed:near:tx	w16-p4-m1	0	stream	3	4194304	12013104781	10864736588	12649346261	12013643678	10866910588	12651591772	0	0	0
network-budget/formal-near-v2	tap:nonblocking:mixed:near:tx	w16-p4-m1	1	stream	3	4194304	11904454018	11554842941	12052959176	11905638918	11554917734	12054709748	0	0	0
network-budget/formal-near-v2	tap:nonblocking:mixed:near:tx	w16-p4-m1	2	stream	3	4194304	12110250805	12028393152	12268374947	12111220106	12030080011	12268712267	0	0	0
network-budget/formal-near-v2	tap:nonblocking:mixed:near:tx	w16-p4-m1	3	stream	3	4194304	12029737724	12016717026	12563187601	12030593404	12016717026	12563920669	0	0	0
network-budget/formal-near-v2	tap:nonblocking:mixed:near:tx	w16-p4-m1	4	stream	3	4194304	12017581554	11934642549	12509727705	12019185254	11936925601	12510742376	0	0	0
network-budget/formal-near-v2	tap:nonblocking:mixed:near:tx	w16-p4-m1	5	stream	3	4194304	12068819978	12030890381	12072560895	12070746392	12031712624	12074100044	0	0	0
network-budget/formal-near-v2	tap:nonblocking:mixed:near:tx	w16-p4-m1	6	stream	3	4194304	12033768027	11831735649	12647657246	12035982192	11834136380	12648595889	0	0	0
network-budget/formal-near-v2	tap:nonblocking:mixed:near:tx	w16-p4-m1	7	stream	3	4194304	12098145136	12073927070	12412952654	12098145136	12075882273	12413234475	0	0	0
network-budget/formal-near-v2	tap:nonblocking:mixed:near:tx	w16-p4-m1	8	stream	3	4194304	11766672723	11567537304	12185897834	11768735687	11568301574	12187313005	0	0	0
network-budget/formal-near-v2	tap:nonblocking:mixed:near:tx	w16-p4-m1	9	stream	3	4194304	12007135118	11996714405	12613294561	12008202155	11999033933	12613915238	0	0	0
network-budget/formal-near-v2	tap:nonblocking:mixed:near:tx	w16-p4-m1	10	stream	3	4194304	11799227312	11689301597	12661704774	11800530927	11690249763	12663294317	0	0	0
network-budget/formal-near-v2	tap:nonblocking:mixed:near:tx	w16-p4-m1	11	stream	3	4194304	12080698648	12004493309	12436918634	12081475443	12004908412	12437345067	0	0	0
network-budget/formal-near-v2	tap:nonblocking:mixed:near:tx	w16-p4-m1	12	stream	3	4194304	12075314526	11926157927	12659183229	12075521715	11926848612	12660687973	0	0	0
network-budget/formal-near-v2	tap:nonblocking:mixed:near:tx	w16-p4-m1	13	stream	3	4194304	11931334282	11739929273	12650517845	11931489769	11740036042	12650738535	0	0	0
network-budget/formal-near-v2	tap:nonblocking:mixed:near:tx	w16-p4-m1	14	stream	3	4194304	11965959621	11826912708	12002382496	11967957427	11827071386	12003790543	0	0	0
network-budget/formal-near-v2	tap:nonblocking:mixed:near:tx	w16-p4-m1	15	stream	3	4194304	12039876466	11659967232	12215586587	12041786227	11661813695	12216129973	0	0	0
network-budget/formal-near-v2	tap:nonblocking:mixed:near:tx	w16-p4-m1	16	stream	3	4194304	11993566036	11986264644	12554188398	11994036364	11988699552	12555405134	0	0	0
network-budget/formal-near-v2	tap:nonblocking:mixed:near:tx	w16-p4-m1	17	stream	3	4194304	12055457195	12033872777	12616183527	12055792818	12034380425	12616565680	0	0	0
network-budget/formal-near-v2	tap:nonblocking:mixed:near:tx	w16-p4-m1	18	stream	3	4194304	11966117600	11920893718	12580966989	11967347774	11922665724	12580966989	0	0	0
network-budget/formal-near-v2	tap:nonblocking:mixed:near:tx	w16-p4-m1	19	stream	3	4194304	12049796407	12041589890	12561477457	12051870677	12043372316	12562587394	0	0	0
network-budget/formal-near-v2	tap:nonblocking:mixed:near:tx	w16-p4-m1	20	stream	3	4194304	12063451723	12038707132	12449958424	12064822400	12040136350	12452087532	0	0	0
network-budget/formal-near-v2	tap:nonblocking:mixed:near:tx	w16-p4-m1	21	stream	3	4194304	11750969995	11672285351	12610675924	11751271158	11672481368	12611147187	0	0	0
network-budget/formal-near-v2	tap:nonblocking:mixed:near:tx	w16-p4-m1	22	stream	3	4194304	12059249585	11796069287	12381153121	12059816005	11797165789	12383018573	0	0	0
network-budget/formal-near-v2	tap:nonblocking:mixed:near:tx	w16-p4-m1	23	stream	3	4194304	12092960115	11916121572	12354336600	12093344159	11916959264	12355614063	0	0	0
network-budget/formal-near-v2	tap:nonblocking:mixed:near:tx	w16-p4-m1	24	stream	3	4194304	12061263693	11937343878	12653812650	12061890132	11937940855	12656121934	0	0	0
network-budget/formal-near-v2	tap:nonblocking:mixed:near:tx	w16-p4-m1	25	stream	3	4194304	12081382321	11363352188	12333025354	12082837027	11365520286	12335005703	0	0	0
network-budget/formal-near-v2	tap:nonblocking:mixed:near:tx	w16-p4-m1	26	stream	3	4194304	12106046923	12022996099	12572698323	12106759410	12024281593	12574344554	0	0	0
network-budget/formal-near-v2	tap:nonblocking:mixed:near:tx	w16-p4-m1	27	control	3	65536	12216106370	12165360982	12782980894	12217693412	12167225601	12784359751	0	0	0
network-budget/formal-near-v2	tap:nonblocking:mixed:near:tx	w16-p4-m2	0	stream	3	4194304	12133432839	11944200779	13089303242	12133775227	11944477296	13090354095	0	0	0
network-budget/formal-near-v2	tap:nonblocking:mixed:near:tx	w16-p4-m2	1	stream	3	4194304	12100490991	11965987257	13011914023	12102621724	11967728622	13011914023	0	0	0
network-budget/formal-near-v2	tap:nonblocking:mixed:near:tx	w16-p4-m2	2	stream	3	4194304	12134357287	11932580356	13058477298	12135594079	11933030107	13058632028	0	0	0
network-budget/formal-near-v2	tap:nonblocking:mixed:near:tx	w16-p4-m2	3	stream	3	4194304	12116695177	11947198553	13025640549	12118620517	11948228647	13027157696	0	0	0
network-budget/formal-near-v2	tap:nonblocking:mixed:near:tx	w16-p4-m2	4	stream	3	4194304	11974918703	11915622278	12950468595	11976291119	11917790703	12950753607	0	0	0
network-budget/formal-near-v2	tap:nonblocking:mixed:near:tx	w16-p4-m2	5	stream	3	4194304	12143027471	11956412916	13086314496	12145272250	11957126057	13086964914	0	0	0
network-budget/formal-near-v2	tap:nonblocking:mixed:near:tx	w16-p4-m2	6	stream	3	4194304	11982962853	11945439066	12981640671	11983172986	11946264606	12982717072	0	0	0
network-budget/formal-near-v2	tap:nonblocking:mixed:near:tx	w16-p4-m2	7	stream	3	4194304	12036854896	11957155919	13086887418	12037379905	11958796113	13088540381	0	0	0
network-budget/formal-near-v2	tap:nonblocking:mixed:near:tx	w16-p4-m2	8	stream	3	4194304	12110669939	11917010100	12825108390	12111430253	11917992776	12825197808	0	0	0
network-budget/formal-near-v2	tap:nonblocking:mixed:near:tx	w16-p4-m2	9	stream	3	4194304	12036285275	11871049036	13011064804	12038303294	11871369267	13011781440	0	0	0
network-budget/formal-near-v2	tap:nonblocking:mixed:near:tx	w16-p4-m2	10	stream	3	4194304	12107892742	11628113447	12961553353	12109561440	11629530308	12962030940	0	0	0
network-budget/formal-near-v2	tap:nonblocking:mixed:near:tx	w16-p4-m2	11	stream	3	4194304	11932106236	11665088270	12969811993	11932639985	11666013476	12970199526	0	0	0
network-budget/formal-near-v2	tap:nonblocking:mixed:near:tx	w16-p4-m2	12	stream	3	4194304	12090533924	11935332118	13070893792	12091382548	11935495133	13072696829	0	0	0
network-budget/formal-near-v2	tap:nonblocking:mixed:near:tx	w16-p4-m2	13	stream	3	4194304	12138609590	11923774838	13051759130	12139752499	11926079476	13052652096	0	0	0
network-budget/formal-near-v2	tap:nonblocking:mixed:near:tx	w16-p4-m2	14	stream	3	4194304	12125609216	11952669921	13076498043	12126240481	11952793186	13078665521	0	0	0
network-budget/formal-near-v2	tap:nonblocking:mixed:near:tx	w16-p4-m2	15	stream	3	4194304	12026713420	11960500360	13067550131	12026713420	11961145962	13069124353	0	0	0
network-budget/formal-near-v2	tap:nonblocking:mixed:near:tx	w16-p4-m2	16	stream	3	4194304	12135300042	11891713926	12985261399	12137621040	11893014035	12985807818	0	0	0
network-budget/formal-near-v2	tap:nonblocking:mixed:near:tx	w16-p4-m2	17	stream	3	4194304	12091335994	11927072322	12869360037	12093204180	11927072322	12871237502	0	0	0
network-budget/formal-near-v2	tap:nonblocking:mixed:near:tx	w16-p4-m2	18	stream	3	4194304	11988508332	11715188173	12781362986	11989176024	11715574037	12782684197	0	0	0
network-budget/formal-near-v2	tap:nonblocking:mixed:near:tx	w16-p4-m2	19	stream	3	4194304	11923528191	11754239863	12899919290	11923604858	11755363112	12901332631	0	0	0
network-budget/formal-near-v2	tap:nonblocking:mixed:near:tx	w16-p4-m2	20	stream	3	4194304	11968983589	11844172244	13070076441	11970822254	11845594764	13071804913	0	0	0
network-budget/formal-near-v2	tap:nonblocking:mixed:near:tx	w16-p4-m2	21	stream	3	4194304	12052790807	11911553617	13025333849	12054101300	11912754323	13026505703	0	0	0
network-budget/formal-near-v2	tap:nonblocking:mixed:near:tx	w16-p4-m2	22	stream	3	4194304	12053719283	11877740542	13015717500	12054909773	11879660446	13017761733	0	0	0
network-budget/formal-near-v2	tap:nonblocking:mixed:near:tx	w16-p4-m2	23	stream	3	4194304	11995943553	11933750225	13034626828	11996976693	11935838045	13035868570	0	0	0
network-budget/formal-near-v2	tap:nonblocking:mixed:near:tx	w16-p4-m2	24	stream	3	4194304	11932027385	11701234104	13085291012	11932394012	11703245510	13086093465	0	0	0
network-budget/formal-near-v2	tap:nonblocking:mixed:near:tx	w16-p4-m2	25	stream	3	4194304	12136683587	11838100073	13044407729	12138464053	11839178554	13045383727	0	0	0
network-budget/formal-near-v2	tap:nonblocking:mixed:near:tx	w16-p4-m2	26	stream	3	4194304	12046552391	11892107913	13050067556	12048130784	11893625194	13052022148	0	0	0
network-budget/formal-near-v2	tap:nonblocking:mixed:near:tx	w16-p4-m2	27	control	3	65536	12296342648	12104192229	13223866760	12296950202	12105095125	13226016977	0	0	0
network-budget/formal-near-v2	tap:nonblocking:mixed:near:tx	w16-p4-m4	0	stream	3	4194304	11025211923	11002708656	11823023923	11025779666	11003489308	11824414116	0	0	0
network-budget/formal-near-v2	tap:nonblocking:mixed:near:tx	w16-p4-m4	1	stream	3	4194304	11056960388	11046750420	11762629774	11057462364	11047119270	11762629774	0	0	0
network-budget/formal-near-v2	tap:nonblocking:mixed:near:tx	w16-p4-m4	2	stream	3	4194304	11054429537	11033809082	11798423333	11056177046	11034092799	11798992191	0	0	0
network-budget/formal-near-v2	tap:nonblocking:mixed:near:tx	w16-p4-m4	3	stream	3	4194304	11032953673	10990428478	11833062278	11034157039	10990428478	11834478649	0	0	0
network-budget/formal-near-v2	tap:nonblocking:mixed:near:tx	w16-p4-m4	4	stream	3	4194304	10956124219	10923981801	11812052321	10957162930	10924947932	11813621714	0	0	0
network-budget/formal-near-v2	tap:nonblocking:mixed:near:tx	w16-p4-m4	5	stream	3	4194304	11061098851	11041652726	11840001611	11061098851	11044094448	11841719551	0	0	0
network-budget/formal-near-v2	tap:nonblocking:mixed:near:tx	w16-p4-m4	6	stream	3	4194304	11042780307	10984987741	11825748252	11043496807	10986912107	11827066087	0	0	0
network-budget/formal-near-v2	tap:nonblocking:mixed:near:tx	w16-p4-m4	7	stream	3	4194304	11044776553	11035247975	11814891906	11046077763	11036758249	11816776682	0	0	0
network-budget/formal-near-v2	tap:nonblocking:mixed:near:tx	w16-p4-m4	8	stream	3	4194304	11042575341	11016716331	11822243751	11043026071	11018522198	11822517849	0	0	0
network-budget/formal-near-v2	tap:nonblocking:mixed:near:tx	w16-p4-m4	9	stream	3	4194304	11042546749	11030886498	11827972245	11043064012	11032938982	11828671965	0	0	0
network-budget/formal-near-v2	tap:nonblocking:mixed:near:tx	w16-p4-m4	10	stream	3	4194304	11050538899	10985922238	11835156782	11051795390	10986545284	11836796817	0	0	0
network-budget/formal-near-v2	tap:nonblocking:mixed:near:tx	w16-p4-m4	11	stream	3	4194304	11078586831	11053291945	11846339782	11080457632	11054862296	11848450569	0	0	0
network-budget/formal-near-v2	tap:nonblocking:mixed:near:tx	w16-p4-m4	12	stream	3	4194304	11063579224	11012305208	11818363526	11064687956	11014367717	11819220377	0	0	0
network-budget/formal-near-v2	tap:nonblocking:mixed:near:tx	w16-p4-m4	13	stream	3	4194304	11047393389	11037007951	11800903021	11048581838	11037150658	11801838378	0	0	0
network-budget/formal-near-v2	tap:nonblocking:mixed:near:tx	w16-p4-m4	14	stream	3	4194304	11039738484	11013121177	11838973044	11041225605	11015258472	11839198315	0	0	0
network-budget/formal-near-v2	tap:nonblocking:mixed:near:tx	w16-p4-m4	15	stream	3	4194304	11016389068	11008199131	11821465287	11017084824	11009598305	11822964607	0	0	0
network-budget/formal-near-v2	tap:nonblocking:mixed:near:tx	w16-p4-m4	16	stream	3	4194304	11048826573	11028182192	11772045087	11049628220	11029023629	11772401164	0	0	0
network-budget/formal-near-v2	tap:nonblocking:mixed:near:tx	w16-p4-m4	17	stream	3	4194304	11057557439	11033640542	11823738012	11058321898	11036158018	11825692943	0	0	0
network-budget/formal-near-v2	tap:nonblocking:mixed:near:tx	w16-p4-m4	18	stream	3	4194304	11037663993	11037075968	11827374174	11038686128	11038663268	11828541742	0	0	0
network-budget/formal-near-v2	tap:nonblocking:mixed:near:tx	w16-p4-m4	19	stream	3	4194304	11040553638	11036296938	11806262407	11040810694	11037786444	11808068031	0	0	0
network-budget/formal-near-v2	tap:nonblocking:mixed:near:tx	w16-p4-m4	20	stream	3	4194304	11060928991	11027498650	11801552723	11061839681	11028910819	11802657658	0	0	0
network-budget/formal-near-v2	tap:nonblocking:mixed:near:tx	w16-p4-m4	21	stream	3	4194304	11067150578	10985286660	11819763718	11068121386	10985708883	11820539385	0	0	0
network-budget/formal-near-v2	tap:nonblocking:mixed:near:tx	w16-p4-m4	22	stream	3	4194304	11070931350	10976643370	11834365570	11072894878	10977734978	11835372074	0	0	0
network-budget/formal-near-v2	tap:nonblocking:mixed:near:tx	w16-p4-m4	23	stream	3	4194304	11028153598	11023018278	11816319305	11029429977	11025357238	11816406005	0	0	0
network-budget/formal-near-v2	tap:nonblocking:mixed:near:tx	w16-p4-m4	24	stream	3	4194304	11044818040	11015634770	11785472794	11046985365	11016988037	11787495200	0	0	0
network-budget/formal-near-v2	tap:nonblocking:mixed:near:tx	w16-p4-m4	25	stream	3	4194304	11069975724	11000478568	11818313004	11071644035	11001040221	11818804234	0	0	0
network-budget/formal-near-v2	tap:nonblocking:mixed:near:tx	w16-p4-m4	26	stream	3	4194304	11144831193	11020323500	11813175240	11145213033	11020474059	11814415218	0	0	0
network-budget/formal-near-v2	tap:nonblocking:mixed:near:tx	w16-p4-m4	27	control	3	65536	11231011338	11201556202	11995908558	11232846605	11203347233	11997394058	0	0	0
network-budget/formal-near-v2	tap:nonblocking:mixed:near:tx	w32-p1-m1	0	stream	3	4194304	13206056562	12659100057	13917310708	13208203737	12659661828	13918571748	0	0	0
network-budget/formal-near-v2	tap:nonblocking:mixed:near:tx	w32-p1-m1	1	stream	3	4194304	13399846814	12581727716	13771049208	13400259390	12583576940	13772902805	0	0	0
network-budget/formal-near-v2	tap:nonblocking:mixed:near:tx	w32-p1-m1	2	stream	3	4194304	12919240246	12564893095	13554904803	12920938116	12565300561	13557206349	0	0	0
network-budget/formal-near-v2	tap:nonblocking:mixed:near:tx	w32-p1-m1	3	stream	3	4194304	12899150407	11431701089	12972333906	12899408313	11432963320	12973718401	0	0	0
network-budget/formal-near-v2	tap:nonblocking:mixed:near:tx	w32-p1-m1	4	stream	3	4194304	13291209876	12086221904	13741329390	13292334100	12086221904	13741329390	0	0	0
network-budget/formal-near-v2	tap:nonblocking:mixed:near:tx	w32-p1-m1	5	stream	3	4194304	12711980671	12539656002	13771176602	12713893141	12540930253	13771606115	0	0	0
network-budget/formal-near-v2	tap:nonblocking:mixed:near:tx	w32-p1-m1	6	stream	3	4194304	12576106130	12397314761	13542992686	12577145041	12398670080	13545168061	0	0	0
network-budget/formal-near-v2	tap:nonblocking:mixed:near:tx	w32-p1-m1	7	stream	3	4194304	13076900733	11949885486	13605789856	13077403366	11950991347	13607557287	0	0	0
network-budget/formal-near-v2	tap:nonblocking:mixed:near:tx	w32-p1-m1	8	stream	3	4194304	13148025484	12680834687	13733293979	13149528017	12682804058	13734925335	0	0	0
network-budget/formal-near-v2	tap:nonblocking:mixed:near:tx	w32-p1-m1	9	stream	3	4194304	12630426127	12522492322	13055842978	12631144283	12523092577	13057671316	0	0	0
network-budget/formal-near-v2	tap:nonblocking:mixed:near:tx	w32-p1-m1	10	stream	3	4194304	13240291607	12361213672	13666631051	13240291607	12362108173	13667400991	0	0	0
network-budget/formal-near-v2	tap:nonblocking:mixed:near:tx	w32-p1-m1	11	stream	3	4194304	13108507720	12648191274	13540106243	13109705271	12649970232	13542162570	0	0	0
network-budget/formal-near-v2	tap:nonblocking:mixed:near:tx	w32-p1-m1	12	stream	3	4194304	12476458319	11217493428	13731708151	12476789226	11217801645	13732600084	0	0	0
network-budget/formal-near-v2	tap:nonblocking:mixed:near:tx	w32-p1-m1	13	stream	3	4194304	12927588460	12909937400	13222527805	12927748407	12910422447	13223077986	0	0	0
network-budget/formal-near-v2	tap:nonblocking:mixed:near:tx	w32-p1-m1	14	stream	3	4194304	12998100760	12658221806	13316257752	12998695464	12659718548	13317073220	0	0	0
network-budget/formal-near-v2	tap:nonblocking:mixed:near:tx	w32-p1-m1	15	stream	3	4194304	13020742842	12721378541	13531226187	13021595249	12723035748	13531716327	0	0	0
network-budget/formal-near-v2	tap:nonblocking:mixed:near:tx	w32-p1-m1	16	stream	3	4194304	13292206868	12519187587	13479175407	13292968107	12520017262	13479530817	0	0	0
network-budget/formal-near-v2	tap:nonblocking:mixed:near:tx	w32-p1-m1	17	stream	3	4194304	12810471084	12676031039	13918353608	12811433947	12676764182	13918587908	0	0	0
network-budget/formal-near-v2	tap:nonblocking:mixed:near:tx	w32-p1-m1	18	stream	3	4194304	13101744989	12634922323	13725047201	13102369101	12635575730	13725347273	0	0	0
network-budget/formal-near-v2	tap:nonblocking:mixed:near:tx	w32-p1-m1	19	stream	3	4194304	12572448024	12050920950	12933837120	12573281516	12052106572	12934200377	0	0	0
network-budget/formal-near-v2	tap:nonblocking:mixed:near:tx	w32-p1-m1	20	stream	3	4194304	13055561458	12157820664	13754983362	13057488059	12158789547	13756117612	0	0	0
network-budget/formal-near-v2	tap:nonblocking:mixed:near:tx	w32-p1-m1	21	stream	3	4194304	12985419111	12607893884	13759738504	12987049781	12609410570	13760342141	0	0	0
network-budget/formal-near-v2	tap:nonblocking:mixed:near:tx	w32-p1-m1	22	stream	3	4194304	12948321716	12709774391	13565428963	12948411811	12709906185	13565591322	0	0	0
network-budget/formal-near-v2	tap:nonblocking:mixed:near:tx	w32-p1-m1	23	stream	3	4194304	13053405257	12720637541	13282254546	13054429643	12722084842	13284020471	0	0	0
network-budget/formal-near-v2	tap:nonblocking:mixed:near:tx	w32-p1-m1	24	stream	3	4194304	13265564714	12256988429	13629182557	13266611222	12258367743	13629266230	0	0	0
network-budget/formal-near-v2	tap:nonblocking:mixed:near:tx	w32-p1-m1	25	stream	3	4194304	13281688116	12559198490	13699377868	13283757564	12561268869	13700694497	0	0	0
network-budget/formal-near-v2	tap:nonblocking:mixed:near:tx	w32-p1-m1	26	stream	3	4194304	12983041500	11908180626	13617821328	12985327652	11908400123	13619348695	0	0	0
network-budget/formal-near-v2	tap:nonblocking:mixed:near:tx	w32-p1-m1	27	control	3	65536	13376530280	12839919809	13864953713	13378728527	12840225098	13865834499	0	0	0
network-budget/formal-near-v2	tap:nonblocking:mixed:near:tx	w32-p1-m2	0	stream	3	4194304	12713690785	12587299470	13523384155	12715291470	12588544880	13525711247	0	0	0
network-budget/formal-near-v2	tap:nonblocking:mixed:near:tx	w32-p1-m2	1	stream	3	4194304	12357754916	12016622966	13654790044	12359717940	12016622966	13655327452	0	0	0
network-budget/formal-near-v2	tap:nonblocking:mixed:near:tx	w32-p1-m2	2	stream	3	4194304	12514659304	12290831662	13465129852	12516470576	12292206485	13465503991	0	0	0
network-budget/formal-near-v2	tap:nonblocking:mixed:near:tx	w32-p1-m2	3	stream	3	4194304	12678864481	12551963879	13190092295	12680344617	12553139049	13191453908	0	0	0
network-budget/formal-near-v2	tap:nonblocking:mixed:near:tx	w32-p1-m2	4	stream	3	4194304	12515763480	12363244763	13287553653	12517430421	12364589144	13289351656	0	0	0
network-budget/formal-near-v2	tap:nonblocking:mixed:near:tx	w32-p1-m2	5	stream	3	4194304	12513544990	11526357927	13428913409	12515747799	11527456514	13429117265	0	0	0
network-budget/formal-near-v2	tap:nonblocking:mixed:near:tx	w32-p1-m2	6	stream	3	4194304	12508442807	12468177377	13352995390	12509980446	12468528984	13355369772	0	0	0
network-budget/formal-near-v2	tap:nonblocking:mixed:near:tx	w32-p1-m2	7	stream	3	4194304	12613540880	12163228320	13507229462	12616028941	12163656278	13509183850	0	0	0
network-budget/formal-near-v2	tap:nonblocking:mixed:near:tx	w32-p1-m2	8	stream	3	4194304	12574961526	11983527846	13077425229	12577228898	11984413466	13079671094	0	0	0
network-budget/formal-near-v2	tap:nonblocking:mixed:near:tx	w32-p1-m2	9	stream	3	4194304	12602503622	12141977513	13521047607	12604059486	12142068135	13521874224	0	0	0
network-budget/formal-near-v2	tap:nonblocking:mixed:near:tx	w32-p1-m2	10	stream	3	4194304	12539909650	12539888303	13653370409	12541631216	12541298533	13655396741	0	0	0
network-budget/formal-near-v2	tap:nonblocking:mixed:near:tx	w32-p1-m2	11	stream	3	4194304	12610087270	12440768965	13323147673	12610987564	12441371555	13323147673	0	0	0
network-budget/formal-near-v2	tap:nonblocking:mixed:near:tx	w32-p1-m2	12	stream	3	4194304	12662037698	11764995383	13000184770	12664643635	11765836104	13001452830	0	0	0
network-budget/formal-near-v2	tap:nonblocking:mixed:near:tx	w32-p1-m2	13	stream	3	4194304	12453159130	12432312356	12845822976	12455181836	12432939827	12847458118	0	0	0
network-budget/formal-near-v2	tap:nonblocking:mixed:near:tx	w32-p1-m2	14	stream	3	4194304	12705310499	11912225917	13307080047	12707989062	11912519707	13307543740	0	0	0
network-budget/formal-near-v2	tap:nonblocking:mixed:near:tx	w32-p1-m2	15	stream	3	4194304	12685863186	12588095699	13260314532	12688208097	12590201884	13262031531	0	0	0
network-budget/formal-near-v2	tap:nonblocking:mixed:near:tx	w32-p1-m2	16	stream	3	4194304	12683918049	12413395482	13541406191	12684087911	12413899296	13541717025	0	0	0
network-budget/formal-near-v2	tap:nonblocking:mixed:near:tx	w32-p1-m2	17	stream	3	4194304	12564096143	12533779212	13379490664	12564246863	12535566611	13380488764	0	0	0
network-budget/formal-near-v2	tap:nonblocking:mixed:near:tx	w32-p1-m2	18	stream	3	4194304	12543699059	12017010193	13360527282	12546435259	12017010193	13361223367	0	0	0
network-budget/formal-near-v2	tap:nonblocking:mixed:near:tx	w32-p1-m2	19	stream	3	4194304	12692728153	12595444309	12903976882	12693457880	12597199760	12904896906	0	0	0
network-budget/formal-near-v2	tap:nonblocking:mixed:near:tx	w32-p1-m2	20	stream	3	4194304	12593601041	12414095440	13378602780	12594876529	12414510451	13380779608	0	0	0
network-budget/formal-near-v2	tap:nonblocking:mixed:near:tx	w32-p1-m2	21	stream	3	4194304	12485329864	12100900371	13655324820	12486351236	12102130126	13655430414	0	0	0
network-budget/formal-near-v2	tap:nonblocking:mixed:near:tx	w32-p1-m2	22	stream	3	4194304	12914124085	12577501588	13514815150	12915078271	12578202000	13516029401	0	0	0
network-budget/formal-near-v2	tap:nonblocking:mixed:near:tx	w32-p1-m2	23	stream	3	4194304	12447240511	12341887595	12662726867	12447336697	12342508903	12664694991	0	0	0
network-budget/formal-near-v2	tap:nonblocking:mixed:near:tx	w32-p1-m2	24	stream	3	4194304	12339530118	11863011757	13510479263	12340308732	11864036128	13512355246	0	0	0
network-budget/formal-near-v2	tap:nonblocking:mixed:near:tx	w32-p1-m2	25	stream	3	4194304	12425315650	12303073233	13424692257	12426992006	12303328241	13426131026	0	0	0
network-budget/formal-near-v2	tap:nonblocking:mixed:near:tx	w32-p1-m2	26	stream	3	4194304	12500769072	12413332199	13104358123	12501010768	12414483310	13106459387	0	0	0
network-budget/formal-near-v2	tap:nonblocking:mixed:near:tx	w32-p1-m2	27	control	3	65536	12797960073	12686756720	13645111094	12798033781	12688700835	13645606743	0	0	0
network-budget/formal-near-v2	tap:nonblocking:mixed:near:tx	w32-p1-m4	0	stream	3	4194304	12539107593	12009726549	13093590934	12541280407	12010451125	13093590934	0	0	0
network-budget/formal-near-v2	tap:nonblocking:mixed:near:tx	w32-p1-m4	1	stream	3	4194304	12547683080	12200188559	13417084484	12550119566	12202431982	13418852753	0	0	0
network-budget/formal-near-v2	tap:nonblocking:mixed:near:tx	w32-p1-m4	2	stream	3	4194304	12647684421	12344576678	12660069304	12647791158	12346253115	12661177343	0	0	0
network-budget/formal-near-v2	tap:nonblocking:mixed:near:tx	w32-p1-m4	3	stream	3	4194304	12496285382	12415452265	12663398250	12497885186	12415547313	12663907745	0	0	0
network-budget/formal-near-v2	tap:nonblocking:mixed:near:tx	w32-p1-m4	4	stream	3	4194304	12648758105	11650790023	13184483777	12649355673	11652540749	13185191340	0	0	0
network-budget/formal-near-v2	tap:nonblocking:mixed:near:tx	w32-p1-m4	5	stream	3	4194304	12421607972	11499589297	13028240836	12421878877	11500467916	13030084011	0	0	0
network-budget/formal-near-v2	tap:nonblocking:mixed:near:tx	w32-p1-m4	6	stream	3	4194304	12403625839	12399948507	13130067154	12405086383	12401191246	13131766439	0	0	0
network-budget/formal-near-v2	tap:nonblocking:mixed:near:tx	w32-p1-m4	7	stream	3	4194304	12638618355	11866869881	12724664674	12639123867	11866869881	12725220559	0	0	0
network-budget/formal-near-v2	tap:nonblocking:mixed:near:tx	w32-p1-m4	8	stream	3	4194304	12550792721	12480927431	12726523828	12551952642	12482135883	12726833173	0	0	0
network-budget/formal-near-v2	tap:nonblocking:mixed:near:tx	w32-p1-m4	9	stream	3	4194304	12368137666	12225398095	13002175624	12370206936	12226122671	13004242879	0	0	0
network-budget/formal-near-v2	tap:nonblocking:mixed:near:tx	w32-p1-m4	10	stream	3	4194304	12155076290	11899178678	13242456299	12157232281	11899589962	13244367347	0	0	0
network-budget/formal-near-v2	tap:nonblocking:mixed:near:tx	w32-p1-m4	11	stream	3	4194304	12083560738	11191696497	12861352031	12083560738	11192530549	12862822019	0	0	0
network-budget/formal-near-v2	tap:nonblocking:mixed:near:tx	w32-p1-m4	12	stream	3	4194304	12460176261	12215912311	13167550115	12461715483	12217752201	13167716139	0	0	0
network-budget/formal-near-v2	tap:nonblocking:mixed:near:tx	w32-p1-m4	13	stream	3	4194304	12444517158	12326880999	12571781210	12444600475	12328555680	12572758579	0	0	0
network-budget/formal-near-v2	tap:nonblocking:mixed:near:tx	w32-p1-m4	14	stream	3	4194304	12556344006	12479395932	13243517001	12557887436	12481349141	13245096978	0	0	0
network-budget/formal-near-v2	tap:nonblocking:mixed:near:tx	w32-p1-m4	15	stream	3	4194304	12605176741	12161376469	13222417141	12606495911	12162126592	13224633714	0	0	0
network-budget/formal-near-v2	tap:nonblocking:mixed:near:tx	w32-p1-m4	16	stream	3	4194304	12466498289	12364364147	12568655838	12467395911	12366727238	12570632168	0	0	0
network-budget/formal-near-v2	tap:nonblocking:mixed:near:tx	w32-p1-m4	17	stream	3	4194304	12412736478	12375727265	12972680505	12414106123	12376858500	12974285694	0	0	0
network-budget/formal-near-v2	tap:nonblocking:mixed:near:tx	w32-p1-m4	18	stream	3	4194304	12583020939	12378603880	13077356178	12584079530	12379274088	13078671429	0	0	0
network-budget/formal-near-v2	tap:nonblocking:mixed:near:tx	w32-p1-m4	19	stream	3	4194304	11994186850	11952458086	13417680511	11996163786	11954203737	13418866574	0	0	0
network-budget/formal-near-v2	tap:nonblocking:mixed:near:tx	w32-p1-m4	20	stream	3	4194304	12643703257	12282251186	13218287194	12645761919	12282610840	13218692961	0	0	0
network-budget/formal-near-v2	tap:nonblocking:mixed:near:tx	w32-p1-m4	21	stream	3	4194304	12629046017	12312217156	13196190875	12631253202	12312650183	13196955241	0	0	0
network-budget/formal-near-v2	tap:nonblocking:mixed:near:tx	w32-p1-m4	22	stream	3	4194304	12649638194	12373260506	12999769130	12650437145	12375613160	13000398238	0	0	0
network-budget/formal-near-v2	tap:nonblocking:mixed:near:tx	w32-p1-m4	23	stream	3	4194304	12449301547	12396447120	13120438871	12449515221	12397392394	13120925196	0	0	0
network-budget/formal-near-v2	tap:nonblocking:mixed:near:tx	w32-p1-m4	24	stream	3	4194304	12399135930	12274230501	13122382744	12401088775	12275537082	13124519674	0	0	0
network-budget/formal-near-v2	tap:nonblocking:mixed:near:tx	w32-p1-m4	25	stream	3	4194304	12578141429	12487493553	13209004891	12578795569	12489094695	13210394308	0	0	0
network-budget/formal-near-v2	tap:nonblocking:mixed:near:tx	w32-p1-m4	26	stream	3	4194304	12422485952	12308944713	13033254830	12422805835	12309134162	13034101995	0	0	0
network-budget/formal-near-v2	tap:nonblocking:mixed:near:tx	w32-p1-m4	27	control	3	65536	12726163081	12567097644	13325142583	12727692544	12567750653	13326107751	0	0	0
network-budget/formal-near-v2	tap:nonblocking:mixed:near:tx	w32-p2-m1	0	stream	3	4194304	12093664380	11628850693	12143932211	12095456990	11628930843	12144989938	0	0	0
network-budget/formal-near-v2	tap:nonblocking:mixed:near:tx	w32-p2-m1	1	stream	3	4194304	12143620271	11224820517	12193861223	12143724130	11225960795	12194963001	0	0	0
network-budget/formal-near-v2	tap:nonblocking:mixed:near:tx	w32-p2-m1	2	stream	3	4194304	11642194098	11237180453	12174731850	11642550804	11238615177	12174731850	0	0	0
network-budget/formal-near-v2	tap:nonblocking:mixed:near:tx	w32-p2-m1	3	stream	3	4194304	12157574873	11317621624	12164604838	12157766435	11317747495	12165595288	0	0	0
network-budget/formal-near-v2	tap:nonblocking:mixed:near:tx	w32-p2-m1	4	stream	3	4194304	12035532355	11647616069	12139216974	12036068594	11649976070	12140500630	0	0	0
network-budget/formal-near-v2	tap:nonblocking:mixed:near:tx	w32-p2-m1	5	stream	3	4194304	12126762371	11705174889	12247082749	12128730389	11705956167	12248786706	0	0	0
network-budget/formal-near-v2	tap:nonblocking:mixed:near:tx	w32-p2-m1	6	stream	3	4194304	11545103857	10558887761	11990375677	11545659427	10559324539	11991873090	0	0	0
network-budget/formal-near-v2	tap:nonblocking:mixed:near:tx	w32-p2-m1	7	stream	3	4194304	12141440292	11517791074	12146187869	12141865456	11518439462	12147749356	0	0	0
network-budget/formal-near-v2	tap:nonblocking:mixed:near:tx	w32-p2-m1	8	stream	3	4194304	11967395636	11681557837	12049380489	11967513585	11684091150	12049567401	0	0	0
network-budget/formal-near-v2	tap:nonblocking:mixed:near:tx	w32-p2-m1	9	stream	3	4194304	12065679677	11146719711	12156076718	12067158510	11146995681	12158124611	0	0	0
network-budget/formal-near-v2	tap:nonblocking:mixed:near:tx	w32-p2-m1	10	stream	3	4194304	11950518965	11689466165	12062215343	11950879592	11691883931	12062215343	0	0	0
network-budget/formal-near-v2	tap:nonblocking:mixed:near:tx	w32-p2-m1	11	stream	3	4194304	12056032520	11487133931	12061577052	12056503773	11489058402	12063676519	0	0	0
network-budget/formal-near-v2	tap:nonblocking:mixed:near:tx	w32-p2-m1	12	stream	3	4194304	11982814072	11374202913	12052252713	11984794224	11375418946	12052540660	0	0	0
network-budget/formal-near-v2	tap:nonblocking:mixed:near:tx	w32-p2-m1	13	stream	3	4194304	11723123220	11701761112	12245490398	11725118220	11702950876	12246364251	0	0	0
network-budget/formal-near-v2	tap:nonblocking:mixed:near:tx	w32-p2-m1	14	stream	3	4194304	11962652248	11637705253	12157655177	11963572660	11638724062	12158823268	0	0	0
network-budget/formal-near-v2	tap:nonblocking:mixed:near:tx	w32-p2-m1	15	stream	3	4194304	12146530551	11124222602	12234978515	12147544871	11124579551	12235618142	0	0	0
network-budget/formal-near-v2	tap:nonblocking:mixed:near:tx	w32-p2-m1	16	stream	3	4194304	12181139332	11714240823	12230701263	12182568094	11716297684	12231514450	0	0	0
network-budget/formal-near-v2	tap:nonblocking:mixed:near:tx	w32-p2-m1	17	stream	3	4194304	11769314647	11721065768	12207245169	11771193570	11723767621	12207539728	0	0	0
network-budget/formal-near-v2	tap:nonblocking:mixed:near:tx	w32-p2-m1	18	stream	3	4194304	11623369945	11459931817	12113880656	11624259360	11461006716	12114322353	0	0	0
network-budget/formal-near-v2	tap:nonblocking:mixed:near:tx	w32-p2-m1	19	stream	3	4194304	11826515696	11662657063	12246602884	11828223025	11665290879	12248477277	0	0	0
network-budget/formal-near-v2	tap:nonblocking:mixed:near:tx	w32-p2-m1	20	stream	3	4194304	11309794825	10622871291	12237683147	11309794825	10623716553	12239227280	0	0	0
network-budget/formal-near-v2	tap:nonblocking:mixed:near:tx	w32-p2-m1	21	stream	3	4194304	11884760791	10866782487	12228869935	11885376559	10868066441	12230652478	0	0	0
network-budget/formal-near-v2	tap:nonblocking:mixed:near:tx	w32-p2-m1	22	stream	3	4194304	11385426922	10832248657	11790193408	11386684485	10833861815	11790437952	0	0	0
network-budget/formal-near-v2	tap:nonblocking:mixed:near:tx	w32-p2-m1	23	stream	3	4194304	11478547063	11089345330	11895010628	11479715722	11091475784	11896374287	0	0	0
network-budget/formal-near-v2	tap:nonblocking:mixed:near:tx	w32-p2-m1	24	stream	3	4194304	12038779513	11607636017	12175161572	12040598903	11608151048	12175898618	0	0	0
network-budget/formal-near-v2	tap:nonblocking:mixed:near:tx	w32-p2-m1	25	stream	3	4194304	11733648471	11659882347	11996617544	11735295849	11661670567	11997559174	0	0	0
network-budget/formal-near-v2	tap:nonblocking:mixed:near:tx	w32-p2-m1	26	stream	3	4194304	12189799241	11599517803	12237294749	12190517547	11600861213	12238696238	0	0	0
network-budget/formal-near-v2	tap:nonblocking:mixed:near:tx	w32-p2-m1	27	control	3	65536	12291031449	11818283564	12346846934	12292369008	11818545569	12346934258	0	0	0
network-budget/formal-near-v2	tap:nonblocking:mixed:near:tx	w32-p2-m2	0	stream	3	4194304	12276058087	11792739591	12863996378	12277215233	11793822522	12865375052	0	0	0
network-budget/formal-near-v2	tap:nonblocking:mixed:near:tx	w32-p2-m2	1	stream	3	4194304	12286988345	12158724813	12641010608	12287654350	12160469055	12641194520	0	0	0
network-budget/formal-near-v2	tap:nonblocking:mixed:near:tx	w32-p2-m2	2	stream	3	4194304	12497547882	12145081681	13313477281	12499719509	12147697909	13314121591	0	0	0
network-budget/formal-near-v2	tap:nonblocking:mixed:near:tx	w32-p2-m2	3	stream	3	4194304	12474193709	12250947395	12743281895	12474604983	12251334046	12743281895	0	0	0
network-budget/formal-near-v2	tap:nonblocking:mixed:near:tx	w32-p2-m2	4	stream	3	4194304	12460478322	11851035017	13026043106	12462582434	11853339001	13026865199	0	0	0
network-budget/formal-near-v2	tap:nonblocking:mixed:near:tx	w32-p2-m2	5	stream	3	4194304	12158239601	12112915405	13327866050	12160283703	12115386102	13329035806	0	0	0
network-budget/formal-near-v2	tap:nonblocking:mixed:near:tx	w32-p2-m2	6	stream	3	4194304	12224288704	10827705841	12542931817	12224288704	10829904310	12545043776	0	0	0
network-budget/formal-near-v2	tap:nonblocking:mixed:near:tx	w32-p2-m2	7	stream	3	4194304	12071350808	11992500227	13356050737	12072828769	11992999563	13357965945	0	0	0
network-budget/formal-near-v2	tap:nonblocking:mixed:near:tx	w32-p2-m2	8	stream	3	4194304	12515922966	12064919381	13182096977	12518179411	12064919381	13183842403	0	0	0
network-budget/formal-near-v2	tap:nonblocking:mixed:near:tx	w32-p2-m2	9	stream	3	4194304	12323231353	12084532883	13088001753	12323331305	12087016383	13088583192	0	0	0
network-budget/formal-near-v2	tap:nonblocking:mixed:near:tx	w32-p2-m2	10	stream	3	4194304	12448210876	12289154851	13318564370	12450566860	12290554747	13319467244	0	0	0
network-budget/formal-near-v2	tap:nonblocking:mixed:near:tx	w32-p2-m2	11	stream	3	4194304	12236346345	11907261096	13338245510	12237287791	11907556480	13339529949	0	0	0
network-budget/formal-near-v2	tap:nonblocking:mixed:near:tx	w32-p2-m2	12	stream	3	4194304	12468017010	11906479098	13230564687	12469122418	11907702543	13230644977	0	0	0
network-budget/formal-near-v2	tap:nonblocking:mixed:near:tx	w32-p2-m2	13	stream	3	4194304	12301273308	11907014531	13355417829	12302701743	11907568772	13355744121	0	0	0
network-budget/formal-near-v2	tap:nonblocking:mixed:near:tx	w32-p2-m2	14	stream	3	4194304	12363134269	12136281406	13414568967	12364444077	12137904339	13416138395	0	0	0
network-budget/formal-near-v2	tap:nonblocking:mixed:near:tx	w32-p2-m2	15	stream	3	4194304	12294886154	12276087490	13357949492	12295597538	12276800029	13359976388	0	0	0
network-budget/formal-near-v2	tap:nonblocking:mixed:near:tx	w32-p2-m2	16	stream	3	4194304	12504330772	11994236010	13326901939	12504503777	11995246804	13328021815	0	0	0
network-budget/formal-near-v2	tap:nonblocking:mixed:near:tx	w32-p2-m2	17	stream	3	4194304	12186604267	11972028249	13265210332	12187871408	11973955846	13265615503	0	0	0
network-budget/formal-near-v2	tap:nonblocking:mixed:near:tx	w32-p2-m2	18	stream	3	4194304	12659064854	12198050337	13167070078	12660912945	12198809974	13167579143	0	0	0
network-budget/formal-near-v2	tap:nonblocking:mixed:near:tx	w32-p2-m2	19	stream	3	4194304	12258136113	12156731317	13261229501	12259148192	12158483738	13262814061	0	0	0
network-budget/formal-near-v2	tap:nonblocking:mixed:near:tx	w32-p2-m2	20	stream	3	4194304	12293448121	11136052419	12466210628	12293705276	11136143515	12466507289	0	0	0
network-budget/formal-near-v2	tap:nonblocking:mixed:near:tx	w32-p2-m2	21	stream	3	4194304	12451221725	12289873397	13336151672	12452754464	12291431251	13336847022	0	0	0
network-budget/formal-near-v2	tap:nonblocking:mixed:near:tx	w32-p2-m2	22	stream	3	4194304	12174962392	11696692089	13414542881	12177051079	11697462638	13416046948	0	0	0
network-budget/formal-near-v2	tap:nonblocking:mixed:near:tx	w32-p2-m2	23	stream	3	4194304	12517062015	12407289657	13174750565	12519076813	12408469477	13176407337	0	0	0
network-budget/formal-near-v2	tap:nonblocking:mixed:near:tx	w32-p2-m2	24	stream	3	4194304	12490636524	12287743439	13124123572	12492284169	12288825890	13125142324	0	0	0
network-budget/formal-near-v2	tap:nonblocking:mixed:near:tx	w32-p2-m2	25	stream	3	4194304	12153060244	11911569050	13309954935	12153254050	11912419064	13311379903	0	0	0
network-budget/formal-near-v2	tap:nonblocking:mixed:near:tx	w32-p2-m2	26	stream	3	4194304	12502830790	12189900366	13094815958	12504008623	12190510161	13096049726	0	0	0
network-budget/formal-near-v2	tap:nonblocking:mixed:near:tx	w32-p2-m2	27	control	3	65536	12641711566	12418980952	13480957559	12644252483	12419812717	13481445922	0	0	0
network-budget/formal-near-v2	tap:nonblocking:mixed:near:tx	w32-p2-m4	0	stream	3	4194304	12413639369	12279129875	12459407840	12414106542	12281354946	12460908047	0	0	0
network-budget/formal-near-v2	tap:nonblocking:mixed:near:tx	w32-p2-m4	1	stream	3	4194304	12370936689	12206609806	12393126463	12370936689	12208534853	12394639004	0	0	0
network-budget/formal-near-v2	tap:nonblocking:mixed:near:tx	w32-p2-m4	2	stream	3	4194304	12407636548	11930246445	12414914103	12409326722	11931881238	12416505031	0	0	0
network-budget/formal-near-v2	tap:nonblocking:mixed:near:tx	w32-p2-m4	3	stream	3	4194304	12083691186	11812108823	12458363228	12085417920	11813177853	12458539771	0	0	0
network-budget/formal-near-v2	tap:nonblocking:mixed:near:tx	w32-p2-m4	4	stream	3	4194304	12184263619	12108358515	12568978571	12185493730	12108885479	12570640822	0	0	0
network-budget/formal-near-v2	tap:nonblocking:mixed:near:tx	w32-p2-m4	5	stream	3	4194304	12438762371	11686476917	12666326701	12439533772	11688715206	12666326701	0	0	0
network-budget/formal-near-v2	tap:nonblocking:mixed:near:tx	w32-p2-m4	6	stream	3	4194304	12480862531	12321660555	12670889344	12481588691	12322592712	12673037419	0	0	0
network-budget/formal-near-v2	tap:nonblocking:mixed:near:tx	w32-p2-m4	7	stream	3	4194304	11746129072	11730439954	12469055937	11747010298	11732586135	12469896207	0	0	0
network-budget/formal-near-v2	tap:nonblocking:mixed:near:tx	w32-p2-m4	8	stream	3	4194304	12460497337	12183096913	12482040372	12462343845	12183696942	12483453814	0	0	0
network-budget/formal-near-v2	tap:nonblocking:mixed:near:tx	w32-p2-m4	9	stream	3	4194304	12344600300	11987106829	12600541950	12345516976	11988709017	12600658356	0	0	0
network-budget/formal-near-v2	tap:nonblocking:mixed:near:tx	w32-p2-m4	10	stream	3	4194304	12408847286	12054897664	12665087492	12409382698	12054897664	12666412011	0	0	0
network-budget/formal-near-v2	tap:nonblocking:mixed:near:tx	w32-p2-m4	11	stream	3	4194304	12368097576	12038385339	12464458371	12368384774	12039134486	12465580969	0	0	0
network-budget/formal-near-v2	tap:nonblocking:mixed:near:tx	w32-p2-m4	12	stream	3	4194304	12261894672	12256795446	12405118146	12262697739	12258857161	12405357514	0	0	0
network-budget/formal-near-v2	tap:nonblocking:mixed:near:tx	w32-p2-m4	13	stream	3	4194304	12429797297	12083947004	12594740922	12430395359	12084269353	12596135760	0	0	0
network-budget/formal-near-v2	tap:nonblocking:mixed:near:tx	w32-p2-m4	14	stream	3	4194304	12455870198	12259015427	12548754413	12456180463	12261049860	12551000501	0	0	0
network-budget/formal-near-v2	tap:nonblocking:mixed:near:tx	w32-p2-m4	15	stream	3	4194304	12472489326	12286430748	12574369168	12472933588	12287858089	12575213507	0	0	0
network-budget/formal-near-v2	tap:nonblocking:mixed:near:tx	w32-p2-m4	16	stream	3	4194304	12463743325	12329273041	12470244051	12465280113	12330306280	12471969034	0	0	0
network-budget/formal-near-v2	tap:nonblocking:mixed:near:tx	w32-p2-m4	17	stream	3	4194304	12408328995	12165029790	12483458711	12409457402	12166879594	12483878289	0	0	0
network-budget/formal-near-v2	tap:nonblocking:mixed:near:tx	w32-p2-m4	18	stream	3	4194304	12209774874	11843617531	12593807352	12211615741	11844308657	12595270418	0	0	0
network-budget/formal-near-v2	tap:nonblocking:mixed:near:tx	w32-p2-m4	19	stream	3	4194304	12659134997	12265031237	12665399010	12659308631	12267057965	12666310996	0	0	0
network-budget/formal-near-v2	tap:nonblocking:mixed:near:tx	w32-p2-m4	20	stream	3	4194304	12487894904	11779937494	12564479469	12489821578	11780302073	12564710911	0	0	0
network-budget/formal-near-v2	tap:nonblocking:mixed:near:tx	w32-p2-m4	21	stream	3	4194304	12415633379	11199076782	12449619223	12417404782	11200315425	12451851280	0	0	0
network-budget/formal-near-v2	tap:nonblocking:mixed:near:tx	w32-p2-m4	22	stream	3	4194304	12389416798	12355297862	12572218520	12390769217	12355983317	12574504340	0	0	0
network-budget/formal-near-v2	tap:nonblocking:mixed:near:tx	w32-p2-m4	23	stream	3	4194304	12333189300	11884803236	12472400343	12334169394	11886693390	12473390608	0	0	0
network-budget/formal-near-v2	tap:nonblocking:mixed:near:tx	w32-p2-m4	24	stream	3	4194304	12455528676	11670081427	12534498986	12457591385	11672473024	12534946700	0	0	0
network-budget/formal-near-v2	tap:nonblocking:mixed:near:tx	w32-p2-m4	25	stream	3	4194304	12467510128	12280471827	12480020712	12469037327	12281814417	12481262623	0	0	0
network-budget/formal-near-v2	tap:nonblocking:mixed:near:tx	w32-p2-m4	26	stream	3	4194304	12495456861	12036754322	12538425107	12497596080	12036903864	12540211807	0	0	0
network-budget/formal-near-v2	tap:nonblocking:mixed:near:tx	w32-p2-m4	27	control	3	65536	12628358621	12607697494	12740212289	12628490745	12610041543	12741310469	0	0	0
network-budget/formal-near-v2	tap:nonblocking:mixed:near:tx	w32-p4-m1	0	stream	3	4194304	11580222954	10961608900	11623423637	11581920167	10963482359	11624874205	0	0	0
network-budget/formal-near-v2	tap:nonblocking:mixed:near:tx	w32-p4-m1	1	stream	3	4194304	11672450641	11162444621	11936542182	11673538754	11164072363	11937239471	0	0	0
network-budget/formal-near-v2	tap:nonblocking:mixed:near:tx	w32-p4-m1	2	stream	3	4194304	11666200803	11328247778	11755268083	11667641134	11329432095	11755268083	0	0	0
network-budget/formal-near-v2	tap:nonblocking:mixed:near:tx	w32-p4-m1	3	stream	3	4194304	11576763044	11079922263	11911487078	11577323095	11080742198	11911924909	0	0	0
network-budget/formal-near-v2	tap:nonblocking:mixed:near:tx	w32-p4-m1	4	stream	3	4194304	11780333283	11533554800	11981597777	11782072523	11535741306	11981931355	0	0	0
network-budget/formal-near-v2	tap:nonblocking:mixed:near:tx	w32-p4-m1	5	stream	3	4194304	11392471530	10066074799	11592635234	11392615960	10066151585	11593204744	0	0	0
network-budget/formal-near-v2	tap:nonblocking:mixed:near:tx	w32-p4-m1	6	stream	3	4194304	11775180823	11450873706	11987475419	11775512576	11453157770	11988851901	0	0	0
network-budget/formal-near-v2	tap:nonblocking:mixed:near:tx	w32-p4-m1	7	stream	3	4194304	11659866673	11315723969	11912018565	11660365308	11316181323	11912642029	0	0	0
network-budget/formal-near-v2	tap:nonblocking:mixed:near:tx	w32-p4-m1	8	stream	3	4194304	11442103455	11245105386	11979766578	11442170610	11246370962	11980006207	0	0	0
network-budget/formal-near-v2	tap:nonblocking:mixed:near:tx	w32-p4-m1	9	stream	3	4194304	11446701228	11297723410	11809302040	11448690013	11298400925	11810295355	0	0	0
network-budget/formal-near-v2	tap:nonblocking:mixed:near:tx	w32-p4-m1	10	stream	3	4194304	11538781111	10443247604	11690447891	11538953937	10443247604	11691609892	0	0	0
network-budget/formal-near-v2	tap:nonblocking:mixed:near:tx	w32-p4-m1	11	stream	3	4194304	11574046247	11230779859	11803870847	11575577270	11232119762	11805426182	0	0	0
network-budget/formal-near-v2	tap:nonblocking:mixed:near:tx	w32-p4-m1	12	stream	3	4194304	11495462953	10348711436	11788967411	11496342347	10350209502	11790335255	0	0	0
network-budget/formal-near-v2	tap:nonblocking:mixed:near:tx	w32-p4-m1	13	stream	3	4194304	11726237294	11211178592	11786187918	11727183575	11212002864	11787394193	0	0	0
network-budget/formal-near-v2	tap:nonblocking:mixed:near:tx	w32-p4-m1	14	stream	3	4194304	11574642892	11532330466	11712378252	11576135553	11534592535	11713078290	0	0	0
network-budget/formal-near-v2	tap:nonblocking:mixed:near:tx	w32-p4-m1	15	stream	3	4194304	11576689643	11535631125	11966580963	11577140881	11536728597	11968197418	0	0	0
network-budget/formal-near-v2	tap:nonblocking:mixed:near:tx	w32-p4-m1	16	stream	3	4194304	11595693626	10797274680	11979448260	11595977599	10798905351	11980482932	0	0	0
network-budget/formal-near-v2	tap:nonblocking:mixed:near:tx	w32-p4-m1	17	stream	3	4194304	11072256038	10952360800	11876485896	11072635120	10954208044	11877315336	0	0	0
network-budget/formal-near-v2	tap:nonblocking:mixed:near:tx	w32-p4-m1	18	stream	3	4194304	11753211263	11262507408	11981267259	11754115458	11264314048	11983326970	0	0	0
network-budget/formal-near-v2	tap:nonblocking:mixed:near:tx	w32-p4-m1	19	stream	3	4194304	11360370804	11256592665	11406310524	11361577883	11257586875	11408005134	0	0	0
network-budget/formal-near-v2	tap:nonblocking:mixed:near:tx	w32-p4-m1	20	stream	3	4194304	11418732917	10807669254	11547223708	11420030461	10808420896	11547774293	0	0	0
network-budget/formal-near-v2	tap:nonblocking:mixed:near:tx	w32-p4-m1	21	stream	3	4194304	11567258048	10989496945	11593655834	11569248647	10991256907	11594050266	0	0	0
network-budget/formal-near-v2	tap:nonblocking:mixed:near:tx	w32-p4-m1	22	stream	3	4194304	11517486206	11180652127	11934237462	11519224622	11182625547	11934339352	0	0	0
network-budget/formal-near-v2	tap:nonblocking:mixed:near:tx	w32-p4-m1	23	stream	3	4194304	11364828171	11344371917	11557327652	11364828171	11346264948	11557616513	0	0	0
network-budget/formal-near-v2	tap:nonblocking:mixed:near:tx	w32-p4-m1	24	stream	3	4194304	11578212873	11311403709	11927874806	11579634764	11312679815	11929007405	0	0	0
network-budget/formal-near-v2	tap:nonblocking:mixed:near:tx	w32-p4-m1	25	stream	3	4194304	11609147627	11361673520	11792747703	11609878182	11363733970	11793268078	0	0	0
network-budget/formal-near-v2	tap:nonblocking:mixed:near:tx	w32-p4-m1	26	stream	3	4194304	11775925870	11593027464	11916979901	11776162093	11594930991	11917934142	0	0	0
network-budget/formal-near-v2	tap:nonblocking:mixed:near:tx	w32-p4-m1	27	control	3	65536	11906272004	11709697138	12081084314	11907167289	11711312012	12082447179	0	0	0
network-budget/formal-near-v2	tap:nonblocking:mixed:near:tx	w32-p4-m2	0	stream	3	4194304	12975310252	12706577762	13167795074	12976764681	12707813597	13168339386	0	0	0
network-budget/formal-near-v2	tap:nonblocking:mixed:near:tx	w32-p4-m2	1	stream	3	4194304	13245569248	12739965791	13275903512	13247074814	12741617175	13277423421	0	0	0
network-budget/formal-near-v2	tap:nonblocking:mixed:near:tx	w32-p4-m2	2	stream	3	4194304	13082599573	12687994925	13198118937	13082797218	12689391513	13199705784	0	0	0
network-budget/formal-near-v2	tap:nonblocking:mixed:near:tx	w32-p4-m2	3	stream	3	4194304	12722115216	12377482046	13117904060	12722243459	12379299080	13120076702	0	0	0
network-budget/formal-near-v2	tap:nonblocking:mixed:near:tx	w32-p4-m2	4	stream	3	4194304	13194539529	12608676766	13240666927	13195240150	12610599989	13241530580	0	0	0
network-budget/formal-near-v2	tap:nonblocking:mixed:near:tx	w32-p4-m2	5	stream	3	4194304	12888424086	12685332941	13182153472	12889356976	12685684360	13182153472	0	0	0
network-budget/formal-near-v2	tap:nonblocking:mixed:near:tx	w32-p4-m2	6	stream	3	4194304	13026476684	12640750095	13036510673	13026880572	12641631166	13038450900	0	0	0
network-budget/formal-near-v2	tap:nonblocking:mixed:near:tx	w32-p4-m2	7	stream	3	4194304	13209024623	12328219294	13225910650	13210801080	12329023226	13226185247	0	0	0
network-budget/formal-near-v2	tap:nonblocking:mixed:near:tx	w32-p4-m2	8	stream	3	4194304	12815681877	12289889025	12962341436	12817955495	12291351876	12964208948	0	0	0
network-budget/formal-near-v2	tap:nonblocking:mixed:near:tx	w32-p4-m2	9	stream	3	4194304	12614027937	12551551464	13045762161	12615985012	12552824999	13047627631	0	0	0
network-budget/formal-near-v2	tap:nonblocking:mixed:near:tx	w32-p4-m2	10	stream	3	4194304	12896748079	12740429891	13269956238	12897531416	12740933557	13272033787	0	0	0
network-budget/formal-near-v2	tap:nonblocking:mixed:near:tx	w32-p4-m2	11	stream	3	4194304	12819482479	12508820435	13164516693	12819482479	12509215270	13164720617	0	0	0
network-budget/formal-near-v2	tap:nonblocking:mixed:near:tx	w32-p4-m2	12	stream	3	4194304	12991840547	12215105842	13044064198	12992593082	12216616291	13044390742	0	0	0
network-budget/formal-near-v2	tap:nonblocking:mixed:near:tx	w32-p4-m2	13	stream	3	4194304	13080157542	12741673574	13183975736	13080950270	12742396546	13185760766	0	0	0
network-budget/formal-near-v2	tap:nonblocking:mixed:near:tx	w32-p4-m2	14	stream	3	4194304	12737885923	12644684078	12937458302	12739484150	12646055352	12938641164	0	0	0
network-budget/formal-near-v2	tap:nonblocking:mixed:near:tx	w32-p4-m2	15	stream	3	4194304	13108747641	12659858571	13261831991	13110426665	12660982977	13263192285	0	0	0
network-budget/formal-near-v2	tap:nonblocking:mixed:near:tx	w32-p4-m2	16	stream	3	4194304	12543101261	12491738759	13141019028	12543329402	12492015258	13142132511	0	0	0
network-budget/formal-near-v2	tap:nonblocking:mixed:near:tx	w32-p4-m2	17	stream	3	4194304	13157183429	12715480737	13236500492	13158471135	12716474748	13237696931	0	0	0
network-budget/formal-near-v2	tap:nonblocking:mixed:near:tx	w32-p4-m2	18	stream	3	4194304	12606814345	12518191630	13198711903	12606814345	12519910034	13199354482	0	0	0
network-budget/formal-near-v2	tap:nonblocking:mixed:near:tx	w32-p4-m2	19	stream	3	4194304	13149450062	12542481794	13274222557	13150482749	12542783191	13276293695	0	0	0
network-budget/formal-near-v2	tap:nonblocking:mixed:near:tx	w32-p4-m2	20	stream	3	4194304	12687746291	12665318815	12943463514	12688734042	12666891609	12944057171	0	0	0
network-budget/formal-near-v2	tap:nonblocking:mixed:near:tx	w32-p4-m2	21	stream	3	4194304	13118925373	12700786848	13194289742	13121293281	12700885921	13195342742	0	0	0
network-budget/formal-near-v2	tap:nonblocking:mixed:near:tx	w32-p4-m2	22	stream	3	4194304	12585381083	12577015953	13251274280	12585819713	12577568969	13252744164	0	0	0
network-budget/formal-near-v2	tap:nonblocking:mixed:near:tx	w32-p4-m2	23	stream	3	4194304	12376945914	11938698651	13237319095	12378163576	11939348757	13238664179	0	0	0
network-budget/formal-near-v2	tap:nonblocking:mixed:near:tx	w32-p4-m2	24	stream	3	4194304	13009251912	12625035740	13208131311	13009829732	12626774179	13208819594	0	0	0
network-budget/formal-near-v2	tap:nonblocking:mixed:near:tx	w32-p4-m2	25	stream	3	4194304	12316457468	12207092660	13269895490	12316816456	12208016622	13270367246	0	0	0
network-budget/formal-near-v2	tap:nonblocking:mixed:near:tx	w32-p4-m2	26	stream	3	4194304	12852603488	12726529716	13209940468	12852718729	12727605066	13210799191	0	0	0
network-budget/formal-near-v2	tap:nonblocking:mixed:near:tx	w32-p4-m2	27	control	3	65536	13413612935	12891125288	13415435871	13415532757	12891330018	13417493169	0	0	0
network-budget/formal-near-v2	tap:nonblocking:mixed:near:tx	w32-p4-m4	0	stream	3	4194304	14277440092	13860125764	14411449803	14279651289	13862264205	14413042657	0	0	0
network-budget/formal-near-v2	tap:nonblocking:mixed:near:tx	w32-p4-m4	1	stream	3	4194304	14363876740	13840011645	14374296512	14364726588	13840086535	14375813620	0	0	0
network-budget/formal-near-v2	tap:nonblocking:mixed:near:tx	w32-p4-m4	2	stream	3	4194304	14320959693	13764576946	14524539389	14321079872	13765349526	14526401014	0	0	0
network-budget/formal-near-v2	tap:nonblocking:mixed:near:tx	w32-p4-m4	3	stream	3	4194304	14343120130	13677165700	14482992838	14344496648	13678604424	14484379809	0	0	0
network-budget/formal-near-v2	tap:nonblocking:mixed:near:tx	w32-p4-m4	4	stream	3	4194304	14346863918	13141454650	14542954193	14347949900	13142004588	14543698228	0	0	0
network-budget/formal-near-v2	tap:nonblocking:mixed:near:tx	w32-p4-m4	5	stream	3	4194304	14366023794	13842222543	14581309431	14367839945	13842924676	14583483994	0	0	0
network-budget/formal-near-v2	tap:nonblocking:mixed:near:tx	w32-p4-m4	6	stream	3	4194304	14277342547	13730015481	14369795365	14278031608	13730015481	14370626465	0	0	0
network-budget/formal-near-v2	tap:nonblocking:mixed:near:tx	w32-p4-m4	7	stream	3	4194304	14277175065	13555506571	14568409268	14279407331	13556475529	14570833415	0	0	0
network-budget/formal-near-v2	tap:nonblocking:mixed:near:tx	w32-p4-m4	8	stream	3	4194304	14118002419	13323981533	14612156763	14118536925	13325582575	14614475225	0	0	0
network-budget/formal-near-v2	tap:nonblocking:mixed:near:tx	w32-p4-m4	9	stream	3	4194304	14333321185	13802349241	14411050696	14334478495	13802649504	14413079032	0	0	0
network-budget/formal-near-v2	tap:nonblocking:mixed:near:tx	w32-p4-m4	10	stream	3	4194304	14190307918	13760085862	14554520127	14190754940	13761242887	14556132034	0	0	0
network-budget/formal-near-v2	tap:nonblocking:mixed:near:tx	w32-p4-m4	11	stream	3	4194304	14331925547	13839854949	14527035822	14334398854	13840338895	14527603689	0	0	0
network-budget/formal-near-v2	tap:nonblocking:mixed:near:tx	w32-p4-m4	12	stream	3	4194304	14322146209	13810829058	14356535207	14324473723	13812137189	14357996841	0	0	0
network-budget/formal-near-v2	tap:nonblocking:mixed:near:tx	w32-p4-m4	13	stream	3	4194304	14364017054	13721490388	14369862680	14364282168	13723008602	14371577803	0	0	0
network-budget/formal-near-v2	tap:nonblocking:mixed:near:tx	w32-p4-m4	14	stream	3	4194304	13963881514	13866264141	14425099788	13964546993	13866728475	14425500985	0	0	0
network-budget/formal-near-v2	tap:nonblocking:mixed:near:tx	w32-p4-m4	15	stream	3	4194304	14322247815	13849331765	14610539071	14323459186	13849715688	14611448062	0	0	0
network-budget/formal-near-v2	tap:nonblocking:mixed:near:tx	w32-p4-m4	16	stream	3	4194304	13961330947	13590060718	14597469927	13962272427	13592384225	14598459262	0	0	0
network-budget/formal-near-v2	tap:nonblocking:mixed:near:tx	w32-p4-m4	17	stream	3	4194304	13846687865	13789921342	13917535158	13849213798	13792130202	13919269029	0	0	0
network-budget/formal-near-v2	tap:nonblocking:mixed:near:tx	w32-p4-m4	18	stream	3	4194304	14289543897	13731454686	14592137485	14289543897	13733382698	14594244262	0	0	0
network-budget/formal-near-v2	tap:nonblocking:mixed:near:tx	w32-p4-m4	19	stream	3	4194304	14167424326	13681380526	14547358893	14169516161	13682420073	14548015929	0	0	0
network-budget/formal-near-v2	tap:nonblocking:mixed:near:tx	w32-p4-m4	20	stream	3	4194304	14335440784	13856467194	14617238887	14335650910	13857699968	14619030018	0	0	0
network-budget/formal-near-v2	tap:nonblocking:mixed:near:tx	w32-p4-m4	21	stream	3	4194304	13853752054	13761246679	14467545796	13855210487	13762931343	14469482958	0	0	0
network-budget/formal-near-v2	tap:nonblocking:mixed:near:tx	w32-p4-m4	22	stream	3	4194304	14368125329	13792972803	14558589150	14370129794	13793149047	14559697884	0	0	0
network-budget/formal-near-v2	tap:nonblocking:mixed:near:tx	w32-p4-m4	23	stream	3	4194304	13924442521	13852361067	14533565372	13924771888	13852985470	14533798451	0	0	0
network-budget/formal-near-v2	tap:nonblocking:mixed:near:tx	w32-p4-m4	24	stream	3	4194304	14339069732	13921249707	14417523418	14340955367	13923091437	14417523418	0	0	0
network-budget/formal-near-v2	tap:nonblocking:mixed:near:tx	w32-p4-m4	25	stream	3	4194304	14160963934	13519623878	14474725427	14162600617	13520515229	14476026938	0	0	0
network-budget/formal-near-v2	tap:nonblocking:mixed:near:tx	w32-p4-m4	26	stream	3	4194304	13921234733	13787901260	14310926594	13922978036	13788370612	14312227091	0	0	0
network-budget/formal-near-v2	tap:nonblocking:mixed:near:tx	w32-p4-m4	27	control	3	65536	14517812509	14009278235	14763862971	14520237545	14010039541	14766156496	0	0	0
network-budget/formal-near-v2	tap:nonblocking:mixed:near:tx	w8-p1-m1	0	stream	3	4194304	11831325424	11656423471	11895528164	11832846480	11657186334	11897432378	0	0	0
network-budget/formal-near-v2	tap:nonblocking:mixed:near:tx	w8-p1-m1	1	stream	3	4194304	11717549763	11650245095	12041699429	11719715471	11651015389	12042243079	0	0	0
network-budget/formal-near-v2	tap:nonblocking:mixed:near:tx	w8-p1-m1	2	stream	3	4194304	11648898634	11619046150	11804424564	11649874562	11621425359	11806372596	0	0	0
network-budget/formal-near-v2	tap:nonblocking:mixed:near:tx	w8-p1-m1	3	stream	3	4194304	11760621479	11732404917	12044371626	11761184036	11734282088	12045648810	0	0	0
network-budget/formal-near-v2	tap:nonblocking:mixed:near:tx	w8-p1-m1	4	stream	3	4194304	11676396375	11661746187	11871692732	11677542843	11663724167	11873408396	0	0	0
network-budget/formal-near-v2	tap:nonblocking:mixed:near:tx	w8-p1-m1	5	stream	3	4194304	11860229184	11756671829	11954978463	11861166056	11757084842	11955053343	0	0	0
network-budget/formal-near-v2	tap:nonblocking:mixed:near:tx	w8-p1-m1	6	stream	3	4194304	11865793874	11707971245	11934315141	11867194637	11708138323	11934989110	0	0	0
network-budget/formal-near-v2	tap:nonblocking:mixed:near:tx	w8-p1-m1	7	stream	3	4194304	11784231979	11754944765	11908199603	11784231979	11755741537	11908628289	0	0	0
network-budget/formal-near-v2	tap:nonblocking:mixed:near:tx	w8-p1-m1	8	stream	3	4194304	11848406811	11752837700	12038197724	11849621314	11754287158	12038502455	0	0	0
network-budget/formal-near-v2	tap:nonblocking:mixed:near:tx	w8-p1-m1	9	stream	3	4194304	11866858338	11754799904	12025914510	11868578332	11755495460	12027291419	0	0	0
network-budget/formal-near-v2	tap:nonblocking:mixed:near:tx	w8-p1-m1	10	stream	3	4194304	11743826548	11377592403	11901615936	11745212931	11379690653	11903071925	0	0	0
network-budget/formal-near-v2	tap:nonblocking:mixed:near:tx	w8-p1-m1	11	stream	3	4194304	11897131027	11659998900	12004239048	11899122329	11661239734	12004402268	0	0	0
network-budget/formal-near-v2	tap:nonblocking:mixed:near:tx	w8-p1-m1	12	stream	3	4194304	11898207567	11399665826	12046816717	11899067446	11399929073	12047428531	0	0	0
network-budget/formal-near-v2	tap:nonblocking:mixed:near:tx	w8-p1-m1	13	stream	3	4194304	11836139843	11347133096	12027050355	11836842292	11347747853	12028898998	0	0	0
network-budget/formal-near-v2	tap:nonblocking:mixed:near:tx	w8-p1-m1	14	stream	3	4194304	11860368304	11755100249	12021171551	11861830974	11755975865	12021569888	0	0	0
network-budget/formal-near-v2	tap:nonblocking:mixed:near:tx	w8-p1-m1	15	stream	3	4194304	11873153051	11655071970	11900109445	11874293196	11655557787	11900222995	0	0	0
network-budget/formal-near-v2	tap:nonblocking:mixed:near:tx	w8-p1-m1	16	stream	3	4194304	11825241962	11625729513	12013887243	11827016715	11626662248	12014106556	0	0	0
network-budget/formal-near-v2	tap:nonblocking:mixed:near:tx	w8-p1-m1	17	stream	3	4194304	11708983407	11647806648	11993893853	11708983407	11649438379	11993893853	0	0	0
network-budget/formal-near-v2	tap:nonblocking:mixed:near:tx	w8-p1-m1	18	stream	3	4194304	11727266371	11331108016	11749073745	11728439617	11331302832	11749867708	0	0	0
network-budget/formal-near-v2	tap:nonblocking:mixed:near:tx	w8-p1-m1	19	stream	3	4194304	11760341292	11760235993	11849179188	11761988823	11761415125	11850750134	0	0	0
network-budget/formal-near-v2	tap:nonblocking:mixed:near:tx	w8-p1-m1	20	stream	3	4194304	11742045655	11561161559	12028352671	11742935608	11562713659	12029198775	0	0	0
network-budget/formal-near-v2	tap:nonblocking:mixed:near:tx	w8-p1-m1	21	stream	3	4194304	11805003661	11752363634	12024304697	11805325806	11752686664	12025386028	0	0	0
network-budget/formal-near-v2	tap:nonblocking:mixed:near:tx	w8-p1-m1	22	stream	3	4194304	11838521022	11564089914	11983506350	11839152044	11566118420	11985122744	0	0	0
network-budget/formal-near-v2	tap:nonblocking:mixed:near:tx	w8-p1-m1	23	stream	3	4194304	11815547645	11649302390	12040414644	11817749334	11649786076	12041368389	0	0	0
network-budget/formal-near-v2	tap:nonblocking:mixed:near:tx	w8-p1-m1	24	stream	3	4194304	11835388309	11648412530	11913111648	11836390810	11649727895	11915165267	0	0	0
network-budget/formal-near-v2	tap:nonblocking:mixed:near:tx	w8-p1-m1	25	stream	3	4194304	11816074875	11753846295	11818272733	11816472158	11754927361	11819776068	0	0	0
network-budget/formal-near-v2	tap:nonblocking:mixed:near:tx	w8-p1-m1	26	stream	3	4194304	11819866692	11642519349	12047368653	11819981248	11644183331	12048553486	0	0	0
network-budget/formal-near-v2	tap:nonblocking:mixed:near:tx	w8-p1-m1	27	control	3	65536	11959395904	11845210761	12134488980	11959490084	11847167174	12135093363	0	0	0
network-budget/formal-near-v2	tap:nonblocking:mixed:near:tx	w8-p1-m2	0	stream	3	4194304	11827999431	11336020418	12033819705	11829023144	11338323766	12035265709	0	0	0
network-budget/formal-near-v2	tap:nonblocking:mixed:near:tx	w8-p1-m2	1	stream	3	4194304	12000966632	11205544449	12134658514	12001828099	11206350621	12137079926	0	0	0
network-budget/formal-near-v2	tap:nonblocking:mixed:near:tx	w8-p1-m2	2	stream	3	4194304	11990962440	11509220071	12144721565	11992141340	11510646661	12144721565	0	0	0
network-budget/formal-near-v2	tap:nonblocking:mixed:near:tx	w8-p1-m2	3	stream	3	4194304	11876632719	11513675054	12072123320	11878501414	11514595674	12074395837	0	0	0
network-budget/formal-near-v2	tap:nonblocking:mixed:near:tx	w8-p1-m2	4	stream	3	4194304	11978956781	11317799665	12120598438	11980297621	11319931217	12121499536	0	0	0
network-budget/formal-near-v2	tap:nonblocking:mixed:near:tx	w8-p1-m2	5	stream	3	4194304	11906039126	11585971914	12015976566	11908920459	11586722520	12017662643	0	0	0
network-budget/formal-near-v2	tap:nonblocking:mixed:near:tx	w8-p1-m2	6	stream	3	4194304	12001582342	11569689820	12116739160	12002220103	11569689820	12117828070	0	0	0
network-budget/formal-near-v2	tap:nonblocking:mixed:near:tx	w8-p1-m2	7	stream	3	4194304	11802045458	11564088529	12133051930	11802993973	11565099314	12134029122	0	0	0
network-budget/formal-near-v2	tap:nonblocking:mixed:near:tx	w8-p1-m2	8	stream	3	4194304	11936131416	11585727307	12153827131	11937632028	11586423396	12155294947	0	0	0
network-budget/formal-near-v2	tap:nonblocking:mixed:near:tx	w8-p1-m2	9	stream	3	4194304	11695556610	11582790899	12124990723	11695556610	11583878863	12126211362	0	0	0
network-budget/formal-near-v2	tap:nonblocking:mixed:near:tx	w8-p1-m2	10	stream	3	4194304	11989175242	11451973650	12154760037	11990273886	11454299558	12155138678	0	0	0
network-budget/formal-near-v2	tap:nonblocking:mixed:near:tx	w8-p1-m2	11	stream	3	4194304	12006730505	11637150285	12149467496	12009039156	11637737315	12151192810	0	0	0
network-budget/formal-near-v2	tap:nonblocking:mixed:near:tx	w8-p1-m2	12	stream	3	4194304	11926939349	11432880566	12144569327	11928371036	11433512197	12146363250	0	0	0
network-budget/formal-near-v2	tap:nonblocking:mixed:near:tx	w8-p1-m2	13	stream	3	4194304	11757696076	11519623816	12014055627	11759887338	11520006002	12014271443	0	0	0
network-budget/formal-near-v2	tap:nonblocking:mixed:near:tx	w8-p1-m2	14	stream	3	4194304	12006998049	11578607952	12092762233	12008256991	11580892174	12092931032	0	0	0
network-budget/formal-near-v2	tap:nonblocking:mixed:near:tx	w8-p1-m2	15	stream	3	4194304	11703598917	11481400378	12153057624	11704115596	11483408299	12155155653	0	0	0
network-budget/formal-near-v2	tap:nonblocking:mixed:near:tx	w8-p1-m2	16	stream	3	4194304	11856747111	11562464593	12145196326	11856944719	11564861180	12147874868	0	0	0
network-budget/formal-near-v2	tap:nonblocking:mixed:near:tx	w8-p1-m2	17	stream	3	4194304	11946427812	11635540679	12082155315	11947222725	11637782957	12082605203	0	0	0
network-budget/formal-near-v2	tap:nonblocking:mixed:near:tx	w8-p1-m2	18	stream	3	4194304	11699381513	11310961884	12126729117	11700085688	11311217597	12129274295	0	0	0
network-budget/formal-near-v2	tap:nonblocking:mixed:near:tx	w8-p1-m2	19	stream	3	4194304	11771160356	11567597316	12052010871	11772914786	11568796964	12052692018	0	0	0
network-budget/formal-near-v2	tap:nonblocking:mixed:near:tx	w8-p1-m2	20	stream	3	4194304	11934124745	11559450826	12134359944	11936129815	11559951065	12135123692	0	0	0
network-budget/formal-near-v2	tap:nonblocking:mixed:near:tx	w8-p1-m2	21	stream	3	4194304	12010537789	11416713035	12124227868	12012105599	11418902383	12126993105	0	0	0
network-budget/formal-near-v2	tap:nonblocking:mixed:near:tx	w8-p1-m2	22	stream	3	4194304	11788658517	11378449790	11904398419	11789083953	11379777595	11905936291	0	0	0
network-budget/formal-near-v2	tap:nonblocking:mixed:near:tx	w8-p1-m2	23	stream	3	4194304	12003670294	11571621641	12113008150	12003925655	11573213948	12113317325	0	0	0
network-budget/formal-near-v2	tap:nonblocking:mixed:near:tx	w8-p1-m2	24	stream	3	4194304	12013367315	11541102016	12070737747	12014655634	11542824460	12072067143	0	0	0
network-budget/formal-near-v2	tap:nonblocking:mixed:near:tx	w8-p1-m2	25	stream	3	4194304	11986072894	11481231486	12045289937	11988455636	11483162228	12047204971	0	0	0
network-budget/formal-near-v2	tap:nonblocking:mixed:near:tx	w8-p1-m2	26	stream	3	4194304	11970406065	11568145934	12144925302	11971009805	11568271952	12147011080	0	0	0
network-budget/formal-near-v2	tap:nonblocking:mixed:near:tx	w8-p1-m2	27	control	3	65536	12108732650	11677949770	12237486321	12109123802	11678509128	12237595492	0	0	0
network-budget/formal-near-v2	tap:nonblocking:mixed:near:tx	w8-p1-m4	0	stream	3	4194304	11901395812	11696050809	12077186017	11902788810	11696145431	12079019730	0	0	0
network-budget/formal-near-v2	tap:nonblocking:mixed:near:tx	w8-p1-m4	1	stream	3	4194304	11877493929	11616273979	12073041922	11878505093	11617841587	12073372854	0	0	0
network-budget/formal-near-v2	tap:nonblocking:mixed:near:tx	w8-p1-m4	2	stream	3	4194304	11802390166	11614052106	11881827359	11802954719	11615245557	11882660559	0	0	0
network-budget/formal-near-v2	tap:nonblocking:mixed:near:tx	w8-p1-m4	3	stream	3	4194304	11881377706	11663280386	12053730122	11882207736	11664214757	12055707314	0	0	0
network-budget/formal-near-v2	tap:nonblocking:mixed:near:tx	w8-p1-m4	4	stream	3	4194304	11860580695	11729129985	12064247608	11862591092	11729853136	12064271915	0	0	0
network-budget/formal-near-v2	tap:nonblocking:mixed:near:tx	w8-p1-m4	5	stream	3	4194304	11865799977	11690460268	12052364329	11866921230	11691353360	12054297961	0	0	0
network-budget/formal-near-v2	tap:nonblocking:mixed:near:tx	w8-p1-m4	6	stream	3	4194304	11799239066	11722479112	11975683195	11800955522	11724398801	11977311515	0	0	0
network-budget/formal-near-v2	tap:nonblocking:mixed:near:tx	w8-p1-m4	7	stream	3	4194304	11804782783	11556000480	12080852250	11805543004	11557459292	12082626525	0	0	0
network-budget/formal-near-v2	tap:nonblocking:mixed:near:tx	w8-p1-m4	8	stream	3	4194304	11900191783	11717607296	12068069274	11902677313	11718727528	12069547437	0	0	0
network-budget/formal-near-v2	tap:nonblocking:mixed:near:tx	w8-p1-m4	9	stream	3	4194304	11799270565	11535368183	12081517469	11799585695	11536028473	12082833648	0	0	0
network-budget/formal-near-v2	tap:nonblocking:mixed:near:tx	w8-p1-m4	10	stream	3	4194304	11652450782	11646725447	11787552884	11652884586	11647991353	11788048236	0	0	0
network-budget/formal-near-v2	tap:nonblocking:mixed:near:tx	w8-p1-m4	11	stream	3	4194304	11773806809	11576657889	11960991924	11773993897	11576904680	11961131159	0	0	0
network-budget/formal-near-v2	tap:nonblocking:mixed:near:tx	w8-p1-m4	12	stream	3	4194304	11858118714	11618288235	11917435163	11859630082	11619935660	11917630457	0	0	0
network-budget/formal-near-v2	tap:nonblocking:mixed:near:tx	w8-p1-m4	13	stream	3	4194304	11602425888	11581892866	12070476174	11604738400	11583684004	12071191290	0	0	0
network-budget/formal-near-v2	tap:nonblocking:mixed:near:tx	w8-p1-m4	14	stream	3	4194304	11766347619	11694978237	12043127574	11767656984	11695194469	12043127574	0	0	0
network-budget/formal-near-v2	tap:nonblocking:mixed:near:tx	w8-p1-m4	15	stream	3	4194304	11881919620	11531519420	12091839845	11883828250	11532549371	12093090682	0	0	0
network-budget/formal-near-v2	tap:nonblocking:mixed:near:tx	w8-p1-m4	16	stream	3	4194304	11894539932	11687259645	11898182885	11895742618	11687601419	11898269675	0	0	0
network-budget/formal-near-v2	tap:nonblocking:mixed:near:tx	w8-p1-m4	17	stream	3	4194304	11723575637	11531061045	11866930534	11724647600	11531698593	11869040737	0	0	0
network-budget/formal-near-v2	tap:nonblocking:mixed:near:tx	w8-p1-m4	18	stream	3	4194304	11876512340	11658783248	11893884768	11877466384	11659357695	11896249862	0	0	0
network-budget/formal-near-v2	tap:nonblocking:mixed:near:tx	w8-p1-m4	19	stream	3	4194304	11882029931	11665128333	12087924047	11882518030	11665638017	12088354913	0	0	0
network-budget/formal-near-v2	tap:nonblocking:mixed:near:tx	w8-p1-m4	20	stream	3	4194304	11889040089	11639780282	11918466823	11891169065	11639780282	11919629366	0	0	0
network-budget/formal-near-v2	tap:nonblocking:mixed:near:tx	w8-p1-m4	21	stream	3	4194304	11751021934	11578470883	11883501675	11751406079	11578603935	11885289503	0	0	0
network-budget/formal-near-v2	tap:nonblocking:mixed:near:tx	w8-p1-m4	22	stream	3	4194304	11723079442	11714324938	11910109874	11725262253	11715655997	11911814906	0	0	0
network-budget/formal-near-v2	tap:nonblocking:mixed:near:tx	w8-p1-m4	23	stream	3	4194304	11647545516	11526159459	12009044599	11648433774	11526933181	12009298615	0	0	0
network-budget/formal-near-v2	tap:nonblocking:mixed:near:tx	w8-p1-m4	24	stream	3	4194304	11848501123	11624759642	12025449911	11848501123	11625740218	12026810919	0	0	0
network-budget/formal-near-v2	tap:nonblocking:mixed:near:tx	w8-p1-m4	25	stream	3	4194304	11874925353	11726162530	12035758880	11876565454	11728188081	12036836157	0	0	0
network-budget/formal-near-v2	tap:nonblocking:mixed:near:tx	w8-p1-m4	26	stream	3	4194304	11676912488	11607485855	12059817145	11679014127	11608952315	12062099998	0	0	0
network-budget/formal-near-v2	tap:nonblocking:mixed:near:tx	w8-p1-m4	27	control	3	65536	11983908756	11813245815	12181026544	11984313072	11813580007	12183119923	0	0	0
network-budget/formal-near-v2	tap:nonblocking:mixed:near:tx	w8-p2-m1	0	stream	3	4194304	9703186573	9687805521	11026664251	9704030358	9687909305	11029242977	0	0	0
network-budget/formal-near-v2	tap:nonblocking:mixed:near:tx	w8-p2-m1	1	stream	3	4194304	9788082975	9682957100	11002185860	9788276580	9683918422	11002780557	0	0	0
network-budget/formal-near-v2	tap:nonblocking:mixed:near:tx	w8-p2-m1	2	stream	3	4194304	9782991719	9622792253	10981664506	9785352601	9624921410	10982598558	0	0	0
network-budget/formal-near-v2	tap:nonblocking:mixed:near:tx	w8-p2-m1	3	stream	3	4194304	9758501143	9678408073	10904098865	9760205595	9680016550	10906153681	0	0	0
network-budget/formal-near-v2	tap:nonblocking:mixed:near:tx	w8-p2-m1	4	stream	3	4194304	9851610422	9627075931	11000595620	9853249091	9627439606	11002905421	0	0	0
network-budget/formal-near-v2	tap:nonblocking:mixed:near:tx	w8-p2-m1	5	stream	3	4194304	9776275475	9700849437	11010191242	9777609376	9701720256	11011582889	0	0	0
network-budget/formal-near-v2	tap:nonblocking:mixed:near:tx	w8-p2-m1	6	stream	3	4194304	9838183645	9642505325	11027399791	9839153877	9643272308	11028235312	0	0	0
network-budget/formal-near-v2	tap:nonblocking:mixed:near:tx	w8-p2-m1	7	stream	3	4194304	9868478943	9679439225	10962718546	9869296571	9679664979	10963706877	0	0	0
network-budget/formal-near-v2	tap:nonblocking:mixed:near:tx	w8-p2-m1	8	stream	3	4194304	9870090613	9676310136	10994304708	9871915875	9676818501	10994952332	0	0	0
network-budget/formal-near-v2	tap:nonblocking:mixed:near:tx	w8-p2-m1	9	stream	3	4194304	9872870277	9656338862	11013960753	9873225086	9658247572	11013960753	0	0	0
network-budget/formal-near-v2	tap:nonblocking:mixed:near:tx	w8-p2-m1	10	stream	3	4194304	9873270047	9662004390	10946913325	9873985870	9664421692	10949092277	0	0	0
network-budget/formal-near-v2	tap:nonblocking:mixed:near:tx	w8-p2-m1	11	stream	3	4194304	9854627049	9704679029	10866232867	9856842368	9705857345	10866957562	0	0	0
network-budget/formal-near-v2	tap:nonblocking:mixed:near:tx	w8-p2-m1	12	stream	3	4194304	9782128293	9696690600	11023344602	9783624250	9698930278	11024876265	0	0	0
network-budget/formal-near-v2	tap:nonblocking:mixed:near:tx	w8-p2-m1	13	stream	3	4194304	9883439652	9557692490	10964250027	9884846158	9559467477	10965901490	0	0	0
network-budget/formal-near-v2	tap:nonblocking:mixed:near:tx	w8-p2-m1	14	stream	3	4194304	9848854085	9565768771	10972256387	9851005679	9566510885	10973292749	0	0	0
network-budget/formal-near-v2	tap:nonblocking:mixed:near:tx	w8-p2-m1	15	stream	3	4194304	9872674645	9344991761	11016326807	9874974657	9346393096	11017390419	0	0	0
network-budget/formal-near-v2	tap:nonblocking:mixed:near:tx	w8-p2-m1	16	stream	3	4194304	9861021818	9373416897	10965718505	9861299546	9375104452	10966225948	0	0	0
network-budget/formal-near-v2	tap:nonblocking:mixed:near:tx	w8-p2-m1	17	stream	3	4194304	9885191848	9678634038	11010416037	9885634101	9679230214	11012855847	0	0	0
network-budget/formal-near-v2	tap:nonblocking:mixed:near:tx	w8-p2-m1	18	stream	3	4194304	9885805440	9678219302	10971788791	9887756562	9680532328	10973681743	0	0	0
network-budget/formal-near-v2	tap:nonblocking:mixed:near:tx	w8-p2-m1	19	stream	3	4194304	9883063324	9694265629	10986287550	9883959536	9694695154	10988273456	0	0	0
network-budget/formal-near-v2	tap:nonblocking:mixed:near:tx	w8-p2-m1	20	stream	3	4194304	9774073467	9674456914	10821053485	9775647471	9675937929	10822514881	0	0	0
network-budget/formal-near-v2	tap:nonblocking:mixed:near:tx	w8-p2-m1	21	stream	3	4194304	9870924233	9636656010	11013995815	9872957284	9637325854	11014370338	0	0	0
network-budget/formal-near-v2	tap:nonblocking:mixed:near:tx	w8-p2-m1	22	stream	3	4194304	9655950712	9530579216	10994976470	9657207976	9530718139	10997110553	0	0	0
network-budget/formal-near-v2	tap:nonblocking:mixed:near:tx	w8-p2-m1	23	stream	3	4194304	9849510421	9626590350	10884370609	9850553078	9626642601	10885523606	0	0	0
network-budget/formal-near-v2	tap:nonblocking:mixed:near:tx	w8-p2-m1	24	stream	3	4194304	9786471821	9653973066	11001236272	9787632205	9655295260	11001319604	0	0	0
network-budget/formal-near-v2	tap:nonblocking:mixed:near:tx	w8-p2-m1	25	stream	3	4194304	9643436876	9579421728	10901740310	9644513892	9579983904	10903038262	0	0	0
network-budget/formal-near-v2	tap:nonblocking:mixed:near:tx	w8-p2-m1	26	stream	3	4194304	9830805028	9618944002	10876272378	9830805028	9620993715	10878055591	0	0	0
network-budget/formal-near-v2	tap:nonblocking:mixed:near:tx	w8-p2-m1	27	control	3	65536	9985627950	9799952596	11117080809	9987432032	9799952596	11119371556	0	0	0
network-budget/formal-near-v2	tap:nonblocking:mixed:near:tx	w8-p2-m2	0	stream	3	4194304	8387106251	7993140254	8875494786	8387581464	7994531935	8875949249	0	0	0
network-budget/formal-near-v2	tap:nonblocking:mixed:near:tx	w8-p2-m2	1	stream	3	4194304	8378918029	7881869955	8848484599	8380032454	7882360048	8849869333	0	0	0
network-budget/formal-near-v2	tap:nonblocking:mixed:near:tx	w8-p2-m2	2	stream	3	4194304	8375065592	7961384049	8782579985	8376503489	7962350510	8783091163	0	0	0
network-budget/formal-near-v2	tap:nonblocking:mixed:near:tx	w8-p2-m2	3	stream	3	4194304	8380887936	7919644466	8881556723	8381314635	7920024079	8883664566	0	0	0
network-budget/formal-near-v2	tap:nonblocking:mixed:near:tx	w8-p2-m2	4	stream	3	4194304	8396817092	8023834390	8884615949	8397746093	8024126098	8885838125	0	0	0
network-budget/formal-near-v2	tap:nonblocking:mixed:near:tx	w8-p2-m2	5	stream	3	4194304	8390565521	8047124920	8825619195	8391452184	8048660495	8825904411	0	0	0
network-budget/formal-near-v2	tap:nonblocking:mixed:near:tx	w8-p2-m2	6	stream	3	4194304	8394692372	8037140084	8817393627	8394763935	8037579363	8819738732	0	0	0
network-budget/formal-near-v2	tap:nonblocking:mixed:near:tx	w8-p2-m2	7	stream	3	4194304	8400919859	7980911111	8876417695	8402569785	7981123379	8876886660	0	0	0
network-budget/formal-near-v2	tap:nonblocking:mixed:near:tx	w8-p2-m2	8	stream	3	4194304	8352760831	8030330723	8856510008	8354508055	8031228514	8857685683	0	0	0
network-budget/formal-near-v2	tap:nonblocking:mixed:near:tx	w8-p2-m2	9	stream	3	4194304	8322352535	8014333284	8870702847	8324177675	8015045626	8872413786	0	0	0
network-budget/formal-near-v2	tap:nonblocking:mixed:near:tx	w8-p2-m2	10	stream	3	4194304	8376499521	8037580195	8856014369	8378518775	8039196496	8856809668	0	0	0
network-budget/formal-near-v2	tap:nonblocking:mixed:near:tx	w8-p2-m2	11	stream	3	4194304	8389136044	8008234023	8899108579	8390342062	8009478439	8900384248	0	0	0
network-budget/formal-near-v2	tap:nonblocking:mixed:near:tx	w8-p2-m2	12	stream	3	4194304	8320486832	8035274671	8891615457	8321813145	8035383064	8893472485	0	0	0
network-budget/formal-near-v2	tap:nonblocking:mixed:near:tx	w8-p2-m2	13	stream	3	4194304	8381149275	8006575578	8872119863	8381863426	8007754108	8874102620	0	0	0
network-budget/formal-near-v2	tap:nonblocking:mixed:near:tx	w8-p2-m2	14	stream	3	4194304	8372770044	8046972402	8842827305	8373394348	8048006172	8842827305	0	0	0
network-budget/formal-near-v2	tap:nonblocking:mixed:near:tx	w8-p2-m2	15	stream	3	4194304	8375131406	7977548360	8893904017	8375620539	7978345291	8894515139	0	0	0
network-budget/formal-near-v2	tap:nonblocking:mixed:near:tx	w8-p2-m2	16	stream	3	4194304	8395270014	8031065270	8886217317	8395940147	8032164968	8887279416	0	0	0
network-budget/formal-near-v2	tap:nonblocking:mixed:near:tx	w8-p2-m2	17	stream	3	4194304	8365678828	7998471180	8860720985	8366006653	8000170863	8861127468	0	0	0
network-budget/formal-near-v2	tap:nonblocking:mixed:near:tx	w8-p2-m2	18	stream	3	4194304	8261113123	8043068505	8862194934	8261113123	8044487204	8864352960	0	0	0
network-budget/formal-near-v2	tap:nonblocking:mixed:near:tx	w8-p2-m2	19	stream	3	4194304	8376790966	7971086852	8883560367	8376974969	7973100113	8884559631	0	0	0
network-budget/formal-near-v2	tap:nonblocking:mixed:near:tx	w8-p2-m2	20	stream	3	4194304	8347835047	8044494330	8871148077	8348641403	8046614915	8871239192	0	0	0
network-budget/formal-near-v2	tap:nonblocking:mixed:near:tx	w8-p2-m2	21	stream	3	4194304	8403323332	8012582932	8877272944	8404314735	8014411966	8877498186	0	0	0
network-budget/formal-near-v2	tap:nonblocking:mixed:near:tx	w8-p2-m2	22	stream	3	4194304	8392563611	7991964782	8832598851	8394464848	7993862442	8834091691	0	0	0
network-budget/formal-near-v2	tap:nonblocking:mixed:near:tx	w8-p2-m2	23	stream	3	4194304	8397023106	8052974678	8854596217	8397564719	8053596204	8854744183	0	0	0
network-budget/formal-near-v2	tap:nonblocking:mixed:near:tx	w8-p2-m2	24	stream	3	4194304	8398059679	8011360946	8885899846	8398441500	8011360946	8886262635	0	0	0
network-budget/formal-near-v2	tap:nonblocking:mixed:near:tx	w8-p2-m2	25	stream	3	4194304	8354884842	7974773063	8846875611	8356492537	7976107607	8847437921	0	0	0
network-budget/formal-near-v2	tap:nonblocking:mixed:near:tx	w8-p2-m2	26	stream	3	4194304	8328907701	8006939737	8828122688	8329143364	8007987317	8828851293	0	0	0
network-budget/formal-near-v2	tap:nonblocking:mixed:near:tx	w8-p2-m2	27	control	3	65536	8509775522	8166678498	9008981640	8510076726	8168282355	9011266686	0	0	0
network-budget/formal-near-v2	tap:nonblocking:mixed:near:tx	w8-p2-m4	0	stream	3	4194304	8236378147	7791191019	9130373808	8237881074	7792166173	9132121838	0	0	0
network-budget/formal-near-v2	tap:nonblocking:mixed:near:tx	w8-p2-m4	1	stream	3	4194304	8225788471	7840205453	9133167572	8226938640	7840388678	9134960904	0	0	0
network-budget/formal-near-v2	tap:nonblocking:mixed:near:tx	w8-p2-m4	2	stream	3	4194304	8223051655	7825218748	9048465926	8224652253	7827221272	9049804618	0	0	0
network-budget/formal-near-v2	tap:nonblocking:mixed:near:tx	w8-p2-m4	3	stream	3	4194304	8233131308	7818165989	9093516852	8234845239	7819240836	9095065645	0	0	0
network-budget/formal-near-v2	tap:nonblocking:mixed:near:tx	w8-p2-m4	4	stream	3	4194304	8228739723	7842229935	9164578049	8229812769	7843559423	9165620896	0	0	0
network-budget/formal-near-v2	tap:nonblocking:mixed:near:tx	w8-p2-m4	5	stream	3	4194304	8246365379	7821248216	9108083033	8247151725	7821317573	9110295448	0	0	0
network-budget/formal-near-v2	tap:nonblocking:mixed:near:tx	w8-p2-m4	6	stream	3	4194304	8104019763	7739780937	9117298376	8104410306	7739780937	9118935825	0	0	0
network-budget/formal-near-v2	tap:nonblocking:mixed:near:tx	w8-p2-m4	7	stream	3	4194304	8139153371	7835844868	9150551880	8140981229	7836158464	9152917976	0	0	0
network-budget/formal-near-v2	tap:nonblocking:mixed:near:tx	w8-p2-m4	8	stream	3	4194304	8224465366	7847917623	9157708245	8226594332	7850322882	9158056483	0	0	0
network-budget/formal-near-v2	tap:nonblocking:mixed:near:tx	w8-p2-m4	9	stream	3	4194304	8242213794	7849583816	9085748974	8243736537	7851128217	9086662620	0	0	0
network-budget/formal-near-v2	tap:nonblocking:mixed:near:tx	w8-p2-m4	10	stream	3	4194304	8236129165	7824799456	9142795527	8238060502	7826906346	9144715065	0	0	0
network-budget/formal-near-v2	tap:nonblocking:mixed:near:tx	w8-p2-m4	11	stream	3	4194304	8228727485	7848579381	9155140807	8228727485	7849738954	9155621881	0	0	0
network-budget/formal-near-v2	tap:nonblocking:mixed:near:tx	w8-p2-m4	12	stream	3	4194304	8251208275	7798674286	9164742737	8252519726	7800411638	9165446116	0	0	0
network-budget/formal-near-v2	tap:nonblocking:mixed:near:tx	w8-p2-m4	13	stream	3	4194304	8242273547	7850807092	9162287766	8242718873	7852063429	9163535102	0	0	0
network-budget/formal-near-v2	tap:nonblocking:mixed:near:tx	w8-p2-m4	14	stream	3	4194304	8238503165	7827728112	9107801452	8240707015	7828563449	9109325131	0	0	0
network-budget/formal-near-v2	tap:nonblocking:mixed:near:tx	w8-p2-m4	15	stream	3	4194304	8185071101	7856072202	9155542706	8186502017	7856458739	9156168682	0	0	0
network-budget/formal-near-v2	tap:nonblocking:mixed:near:tx	w8-p2-m4	16	stream	3	4194304	8251817145	7818833746	9106976897	8252076661	7820757553	9106976897	0	0	0
network-budget/formal-near-v2	tap:nonblocking:mixed:near:tx	w8-p2-m4	17	stream	3	4194304	8229054222	7772775828	9129527752	8231415530	7774182852	9129715329	0	0	0
network-budget/formal-near-v2	tap:nonblocking:mixed:near:tx	w8-p2-m4	18	stream	3	4194304	8221612799	7814986907	9171059215	8222120477	7815882471	9171162366	0	0	0
network-budget/formal-near-v2	tap:nonblocking:mixed:near:tx	w8-p2-m4	19	stream	3	4194304	8072906945	7822179994	9101071164	8073227731	7822755628	9103123492	0	0	0
network-budget/formal-near-v2	tap:nonblocking:mixed:near:tx	w8-p2-m4	20	stream	3	4194304	8236779177	7854354398	9106308991	8239011067	7856162575	9108439344	0	0	0
network-budget/formal-near-v2	tap:nonblocking:mixed:near:tx	w8-p2-m4	21	stream	3	4194304	8202767459	7834844038	9166986672	8203435415	7835608147	9168153945	0	0	0
network-budget/formal-near-v2	tap:nonblocking:mixed:near:tx	w8-p2-m4	22	stream	3	4194304	8228241328	7837025605	9124534098	8230279026	7838023880	9125065803	0	0	0
network-budget/formal-near-v2	tap:nonblocking:mixed:near:tx	w8-p2-m4	23	stream	3	4194304	8222316966	7846559240	9140351891	8223680308	7848038671	9142643343	0	0	0
network-budget/formal-near-v2	tap:nonblocking:mixed:near:tx	w8-p2-m4	24	stream	3	4194304	8129654817	7817681947	9160206646	8130515438	7818318169	9161614440	0	0	0
network-budget/formal-near-v2	tap:nonblocking:mixed:near:tx	w8-p2-m4	25	stream	3	4194304	8248562628	7815434966	9120049151	8249512450	7817737328	9122501712	0	0	0
network-budget/formal-near-v2	tap:nonblocking:mixed:near:tx	w8-p2-m4	26	stream	3	4194304	8177683468	7855859770	9136112893	8177799866	7856337220	9136922628	0	0	0
network-budget/formal-near-v2	tap:nonblocking:mixed:near:tx	w8-p2-m4	27	control	3	65536	8361185705	7965374937	9279681236	8361564955	7967084701	9281798270	0	0	0
network-budget/formal-near-v2	tap:nonblocking:mixed:near:tx	w8-p4-m1	0	stream	3	4194304	10325144866	10262338531	10478657105	10326753626	10263813295	10479646512	0	0	0
network-budget/formal-near-v2	tap:nonblocking:mixed:near:tx	w8-p4-m1	1	stream	3	4194304	10374066630	10199990981	10486790605	10375697477	10200223722	10488664734	0	0	0
network-budget/formal-near-v2	tap:nonblocking:mixed:near:tx	w8-p4-m1	2	stream	3	4194304	10293687044	10291446766	10437254058	10294907874	10292122226	10439226544	0	0	0
network-budget/formal-near-v2	tap:nonblocking:mixed:near:tx	w8-p4-m1	3	stream	3	4194304	10347375692	10264407214	10480118618	10347798606	10266301934	10482269050	0	0	0
network-budget/formal-near-v2	tap:nonblocking:mixed:near:tx	w8-p4-m1	4	stream	3	4194304	10300641707	10276975382	10329594442	10301228751	10278079695	10331095353	0	0	0
network-budget/formal-near-v2	tap:nonblocking:mixed:near:tx	w8-p4-m1	5	stream	3	4194304	10351724579	10228337694	10440076775	10352382041	10230494397	10441621650	0	0	0
network-budget/formal-near-v2	tap:nonblocking:mixed:near:tx	w8-p4-m1	6	stream	3	4194304	10379122857	10270150384	10454194562	10380401488	10271928696	10454918305	0	0	0
network-budget/formal-near-v2	tap:nonblocking:mixed:near:tx	w8-p4-m1	7	stream	3	4194304	10288499866	10107100085	10470167448	10289993069	10108064560	10472184644	0	0	0
network-budget/formal-near-v2	tap:nonblocking:mixed:near:tx	w8-p4-m1	8	stream	3	4194304	10365829111	10125578687	10458510959	10366976332	10125578687	10459441729	0	0	0
network-budget/formal-near-v2	tap:nonblocking:mixed:near:tx	w8-p4-m1	9	stream	3	4194304	10376135208	10260393549	10451370982	10377639844	10261741156	10453454395	0	0	0
network-budget/formal-near-v2	tap:nonblocking:mixed:near:tx	w8-p4-m1	10	stream	3	4194304	10327929017	10270746668	10482032165	10328707872	10272835905	10482550300	0	0	0
network-budget/formal-near-v2	tap:nonblocking:mixed:near:tx	w8-p4-m1	11	stream	3	4194304	10271450862	10254299259	10374150826	10273703010	10254446925	10374431316	0	0	0
network-budget/formal-near-v2	tap:nonblocking:mixed:near:tx	w8-p4-m1	12	stream	3	4194304	10311493738	10280386902	10446483161	10311649600	10281936834	10448166071	0	0	0
network-budget/formal-near-v2	tap:nonblocking:mixed:near:tx	w8-p4-m1	13	stream	3	4194304	10373400780	10109528489	10491215549	10374418591	10109616180	10491392261	0	0	0
network-budget/formal-near-v2	tap:nonblocking:mixed:near:tx	w8-p4-m1	14	stream	3	4194304	10258757626	10170260591	10339426414	10259992362	10172360968	10339426414	0	0	0
network-budget/formal-near-v2	tap:nonblocking:mixed:near:tx	w8-p4-m1	15	stream	3	4194304	10277553534	10140961236	10281606882	10278838096	10142311060	10282468514	0	0	0
network-budget/formal-near-v2	tap:nonblocking:mixed:near:tx	w8-p4-m1	16	stream	3	4194304	10276443498	10198426728	10375448403	10277334955	10198426728	10375547610	0	0	0
network-budget/formal-near-v2	tap:nonblocking:mixed:near:tx	w8-p4-m1	17	stream	3	4194304	10297704577	10182272242	10374716062	10298841746	10182601294	10375569806	0	0	0
network-budget/formal-near-v2	tap:nonblocking:mixed:near:tx	w8-p4-m1	18	stream	3	4194304	10370482937	10241906601	10411184919	10371556069	10243602296	10412915968	0	0	0
network-budget/formal-near-v2	tap:nonblocking:mixed:near:tx	w8-p4-m1	19	stream	3	4194304	10356503859	10223518847	10463489375	10358324502	10225528950	10464058544	0	0	0
network-budget/formal-near-v2	tap:nonblocking:mixed:near:tx	w8-p4-m1	20	stream	3	4194304	10330442023	10267244901	10459620204	10330710553	10267847210	10460035072	0	0	0
network-budget/formal-near-v2	tap:nonblocking:mixed:near:tx	w8-p4-m1	21	stream	3	4194304	10317285902	10286860088	10336273577	10319806272	10287615099	10337055708	0	0	0
network-budget/formal-near-v2	tap:nonblocking:mixed:near:tx	w8-p4-m1	22	stream	3	4194304	10366708947	10254675045	10432751645	10368605844	10256086037	10434982436	0	0	0
network-budget/formal-near-v2	tap:nonblocking:mixed:near:tx	w8-p4-m1	23	stream	3	4194304	10362849003	10234912445	10480998415	10364841781	10235436589	10481657716	0	0	0
network-budget/formal-near-v2	tap:nonblocking:mixed:near:tx	w8-p4-m1	24	stream	3	4194304	10363195902	10289003024	10481824337	10364618462	10289408969	10483115794	0	0	0
network-budget/formal-near-v2	tap:nonblocking:mixed:near:tx	w8-p4-m1	25	stream	3	4194304	10328529833	10220205752	10491937902	10329045276	10221030272	10493339935	0	0	0
network-budget/formal-near-v2	tap:nonblocking:mixed:near:tx	w8-p4-m1	26	stream	3	4194304	10321237558	10270047782	10481660937	10321589997	10271689631	10482875091	0	0	0
network-budget/formal-near-v2	tap:nonblocking:mixed:near:tx	w8-p4-m1	27	control	3	65536	10470078668	10380075498	10583848274	10471665537	10381348211	10584116918	0	0	0
network-budget/formal-near-v2	tap:nonblocking:mixed:near:tx	w8-p4-m2	0	stream	3	4194304	5071941104	5053721185	5113672040	5072855590	5054739486	5114650553	0	0	0
network-budget/formal-near-v2	tap:nonblocking:mixed:near:tx	w8-p4-m2	1	stream	3	4194304	5105588735	5039635848	5128247701	5107898533	5040460375	5129253889	0	0	0
network-budget/formal-near-v2	tap:nonblocking:mixed:near:tx	w8-p4-m2	2	stream	3	4194304	5104282165	5058822129	5119970360	5105574038	5059113745	5121089665	0	0	0
network-budget/formal-near-v2	tap:nonblocking:mixed:near:tx	w8-p4-m2	3	stream	3	4194304	5074891825	5047865137	5126967895	5075826711	5049190896	5127421611	0	0	0
network-budget/formal-near-v2	tap:nonblocking:mixed:near:tx	w8-p4-m2	4	stream	3	4194304	5071773476	5032896111	5131767788	5073180725	5034049676	5133980285	0	0	0
network-budget/formal-near-v2	tap:nonblocking:mixed:near:tx	w8-p4-m2	5	stream	3	4194304	5094875302	5055536932	5123811386	5096960824	5056315753	5123811386	0	0	0
network-budget/formal-near-v2	tap:nonblocking:mixed:near:tx	w8-p4-m2	6	stream	3	4194304	5101601832	5051300745	5128983176	5102767600	5053110472	5129692973	0	0	0
network-budget/formal-near-v2	tap:nonblocking:mixed:near:tx	w8-p4-m2	7	stream	3	4194304	5101792796	5047467063	5129244534	5103653311	5049442152	5130042577	0	0	0
network-budget/formal-near-v2	tap:nonblocking:mixed:near:tx	w8-p4-m2	8	stream	3	4194304	5100302019	5026649214	5132421762	5100961065	5027100677	5134726262	0	0	0
network-budget/formal-near-v2	tap:nonblocking:mixed:near:tx	w8-p4-m2	9	stream	3	4194304	5093608250	5027644478	5120169605	5094451089	5028012476	5121957042	0	0	0
network-budget/formal-near-v2	tap:nonblocking:mixed:near:tx	w8-p4-m2	10	stream	3	4194304	5065065904	5052357640	5124567692	5065317928	5054260714	5125131497	0	0	0
network-budget/formal-near-v2	tap:nonblocking:mixed:near:tx	w8-p4-m2	11	stream	3	4194304	5099797719	5045344719	5126126965	5099797719	5046583704	5126315369	0	0	0
network-budget/formal-near-v2	tap:nonblocking:mixed:near:tx	w8-p4-m2	12	stream	3	4194304	5091076205	5053453446	5128738813	5091480212	5054973875	5130454387	0	0	0
network-budget/formal-near-v2	tap:nonblocking:mixed:near:tx	w8-p4-m2	13	stream	3	4194304	5070058003	5044729672	5121011667	5070640162	5045768867	5122407754	0	0	0
network-budget/formal-near-v2	tap:nonblocking:mixed:near:tx	w8-p4-m2	14	stream	3	4194304	5100821470	5055670180	5137621778	5101826560	5056586173	5138167293	0	0	0
network-budget/formal-near-v2	tap:nonblocking:mixed:near:tx	w8-p4-m2	15	stream	3	4194304	5092649121	5040049548	5131979344	5093371153	5040049548	5133436348	0	0	0
network-budget/formal-near-v2	tap:nonblocking:mixed:near:tx	w8-p4-m2	16	stream	3	4194304	5082073570	5029568446	5125010503	5083681071	5030263065	5125674661	0	0	0
network-budget/formal-near-v2	tap:nonblocking:mixed:near:tx	w8-p4-m2	17	stream	3	4194304	5042949289	5026879932	5127654687	5043080452	5028675032	5128260624	0	0	0
network-budget/formal-near-v2	tap:nonblocking:mixed:near:tx	w8-p4-m2	18	stream	3	4194304	5093642439	5024073674	5126338869	5094142771	5026099968	5126440207	0	0	0
network-budget/formal-near-v2	tap:nonblocking:mixed:near:tx	w8-p4-m2	19	stream	3	4194304	5084096205	5055070303	5129718475	5084413904	5057209512	5131318822	0	0	0
network-budget/formal-near-v2	tap:nonblocking:mixed:near:tx	w8-p4-m2	20	stream	3	4194304	5100156174	5033189428	5130723813	5100283029	5033811165	5132683539	0	0	0
network-budget/formal-near-v2	tap:nonblocking:mixed:near:tx	w8-p4-m2	21	stream	3	4194304	5069721017	5037785523	5142783923	5071060071	5039425228	5143664631	0	0	0
network-budget/formal-near-v2	tap:nonblocking:mixed:near:tx	w8-p4-m2	22	stream	3	4194304	5096948846	5054519795	5127467507	5098869679	5055461113	5127735662	0	0	0
network-budget/formal-near-v2	tap:nonblocking:mixed:near:tx	w8-p4-m2	23	stream	3	4194304	5108818168	5021017963	5128354372	5110808312	5022462107	5129568961	0	0	0
network-budget/formal-near-v2	tap:nonblocking:mixed:near:tx	w8-p4-m2	24	stream	3	4194304	5102873382	5056214250	5127232974	5104343558	5057925141	5128517354	0	0	0
network-budget/formal-near-v2	tap:nonblocking:mixed:near:tx	w8-p4-m2	25	stream	3	4194304	5085525507	5041873255	5103403640	5085882090	5042407995	5105083168	0	0	0
network-budget/formal-near-v2	tap:nonblocking:mixed:near:tx	w8-p4-m2	26	stream	3	4194304	5075290184	5042628809	5130765604	5076825387	5043711111	5132858775	0	0	0
network-budget/formal-near-v2	tap:nonblocking:mixed:near:tx	w8-p4-m2	27	control	3	65536	5232100972	5164513257	5248602693	5233849935	5164776636	5250483534	0	0	0
network-budget/formal-near-v2	tap:nonblocking:mixed:near:tx	w8-p4-m4	0	stream	3	4194304	5471375845	5093917416	5676116362	5471907094	5094009987	5678313735	0	0	0
network-budget/formal-near-v2	tap:nonblocking:mixed:near:tx	w8-p4-m4	1	stream	3	4194304	5479622761	5084542992	5662609735	5481524015	5085716585	5663513461	0	0	0
network-budget/formal-near-v2	tap:nonblocking:mixed:near:tx	w8-p4-m4	2	stream	3	4194304	5462901476	5103508619	5663356984	5463466141	5104998812	5663657076	0	0	0
network-budget/formal-near-v2	tap:nonblocking:mixed:near:tx	w8-p4-m4	3	stream	3	4194304	5463141771	5104815399	5667047512	5464200254	5106198099	5668896495	0	0	0
network-budget/formal-near-v2	tap:nonblocking:mixed:near:tx	w8-p4-m4	4	stream	3	4194304	5480071187	5095338858	5663347510	5482119402	5097761717	5664021223	0	0	0
network-budget/formal-near-v2	tap:nonblocking:mixed:near:tx	w8-p4-m4	5	stream	3	4194304	5459855843	5093019875	5669071742	5459989913	5093523645	5669498955	0	0	0
network-budget/formal-near-v2	tap:nonblocking:mixed:near:tx	w8-p4-m4	6	stream	3	4194304	5468601216	5104275085	5672733655	5469535204	5105363208	5672868869	0	0	0
network-budget/formal-near-v2	tap:nonblocking:mixed:near:tx	w8-p4-m4	7	stream	3	4194304	5460528082	5121342162	5643542655	5460973448	5123341738	5645296655	0	0	0
network-budget/formal-near-v2	tap:nonblocking:mixed:near:tx	w8-p4-m4	8	stream	3	4194304	5413657278	5115213921	5673682077	5413966184	5115799678	5674980565	0	0	0
network-budget/formal-near-v2	tap:nonblocking:mixed:near:tx	w8-p4-m4	9	stream	3	4194304	5471672396	5124983055	5665573907	5473004105	5127179820	5667679435	0	0	0
network-budget/formal-near-v2	tap:nonblocking:mixed:near:tx	w8-p4-m4	10	stream	3	4194304	5473343125	5097432796	5660980952	5475102650	5098160786	5662425062	0	0	0
network-budget/formal-near-v2	tap:nonblocking:mixed:near:tx	w8-p4-m4	11	stream	3	4194304	5455673231	5090445796	5656231227	5456062746	5090880521	5657739482	0	0	0
network-budget/formal-near-v2	tap:nonblocking:mixed:near:tx	w8-p4-m4	12	stream	3	4194304	5462189931	5124163724	5673761539	5462429967	5125206519	5675372321	0	0	0
network-budget/formal-near-v2	tap:nonblocking:mixed:near:tx	w8-p4-m4	13	stream	3	4194304	5464226416	5099315485	5654867680	5465087697	5101093730	5656429273	0	0	0
network-budget/formal-near-v2	tap:nonblocking:mixed:near:tx	w8-p4-m4	14	stream	3	4194304	5443298782	5090189430	5655208485	5445132763	5092482396	5655459438	0	0	0
network-budget/formal-near-v2	tap:nonblocking:mixed:near:tx	w8-p4-m4	15	stream	3	4194304	5460567558	5131271866	5660908534	5461381633	5132174553	5660908534	0	0	0
network-budget/formal-near-v2	tap:nonblocking:mixed:near:tx	w8-p4-m4	16	stream	3	4194304	5479073878	5126709723	5645255320	5481058336	5129029194	5645848946	0	0	0
network-budget/formal-near-v2	tap:nonblocking:mixed:near:tx	w8-p4-m4	17	stream	3	4194304	5461579654	5097956513	5669946376	5463076722	5099843807	5672339866	0	0	0
network-budget/formal-near-v2	tap:nonblocking:mixed:near:tx	w8-p4-m4	18	stream	3	4194304	5463951378	5095141435	5662775024	5465363056	5095288565	5664159255	0	0	0
network-budget/formal-near-v2	tap:nonblocking:mixed:near:tx	w8-p4-m4	19	stream	3	4194304	5477267132	5117802523	5636552616	5479516579	5118105072	5637749215	0	0	0
network-budget/formal-near-v2	tap:nonblocking:mixed:near:tx	w8-p4-m4	20	stream	3	4194304	5459726707	5095492047	5656143547	5460710161	5096763942	5656907946	0	0	0
network-budget/formal-near-v2	tap:nonblocking:mixed:near:tx	w8-p4-m4	21	stream	3	4194304	5464123198	5097843418	5666236409	5465689133	5098644996	5667914508	0	0	0
network-budget/formal-near-v2	tap:nonblocking:mixed:near:tx	w8-p4-m4	22	stream	3	4194304	5463519230	5129619722	5675328949	5464777160	5129619722	5677557073	0	0	0
network-budget/formal-near-v2	tap:nonblocking:mixed:near:tx	w8-p4-m4	23	stream	3	4194304	5476711780	5093009053	5643134431	5478856888	5094712836	5645133004	0	0	0
network-budget/formal-near-v2	tap:nonblocking:mixed:near:tx	w8-p4-m4	24	stream	3	4194304	5456707748	5126684295	5654659569	5456707748	5128800426	5655747784	0	0	0
network-budget/formal-near-v2	tap:nonblocking:mixed:near:tx	w8-p4-m4	25	stream	3	4194304	5466276708	5127600652	5664150812	5467924346	5129226295	5665164478	0	0	0
network-budget/formal-near-v2	tap:nonblocking:mixed:near:tx	w8-p4-m4	26	stream	3	4194304	5447355535	5116953535	5668959419	5448022989	5117180911	5671284430	0	0	0
network-budget/formal-near-v2	tap:nonblocking:mixed:near:tx	w8-p4-m4	27	control	3	65536	5592587212	5246873783	5788821191	5593362383	5248135148	5789382842	0	0	0
network-budget/formal-expanded-v2	loopback:blocking:rr:1:rx	baseline	0	stream	3	65536	124615000	122203200	129331700	124615000	122203200	129331700	0	0	0
network-budget/formal-expanded-v2	loopback:blocking:rr:1:rx	linux	0	stream	3	65536	156121300	152346300	174004800	156121300	152346300	174004800	0	0	0
network-budget/formal-expanded-v2	loopback:blocking:rr:1:rx	w16-p2-m2	0	stream	3	65536	214540800	207499200	217552400	214540800	207499200	217552400	0	0	0
network-budget/formal-expanded-v2	loopback:blocking:rr:1:rx	w8-p1-m1	0	stream	3	65536	217974700	205961900	228221500	217974700	205961900	228221500	0	0	0
network-budget/formal-expanded-v2	loopback:blocking:rr:1:rx	w8-p4-m2	0	stream	3	65536	203910600	200507400	208478300	203910600	200507400	208478300	0	0	0
network-budget/formal-expanded-v2	loopback:blocking:bulk:1:rx	baseline	0	stream	3	4194304	116945400	111381600	116994600	116945400	111381600	116994600	0	0	0
network-budget/formal-expanded-v2	loopback:blocking:bulk:1:rx	linux	0	stream	3	4194304	29288200	26772700	29797300	29288200	26772700	29797300	0	0	0
network-budget/formal-expanded-v2	loopback:blocking:bulk:1:rx	w16-p2-m2	0	stream	3	4194304	128321500	122140500	136926400	128321500	122140500	136926400	0	0	0
network-budget/formal-expanded-v2	loopback:blocking:bulk:1:rx	w8-p1-m1	0	stream	3	4194304	146541300	144876000	154387200	146541300	144876000	154387200	0	0	0
network-budget/formal-expanded-v2	loopback:blocking:bulk:1:rx	w8-p4-m2	0	stream	3	4194304	150408400	147906300	153923000	150408400	147906300	153923000	0	0	0
network-budget/formal-expanded-v2	loopback:blocking:bulk:1:tx	baseline	0	stream	3	4194304	119385600	110193600	122391400	119385600	110193600	122391400	0	0	0
network-budget/formal-expanded-v2	loopback:blocking:bulk:1:tx	linux	0	stream	3	4194304	30340400	26736600	32779600	30340400	26736600	32779600	0	0	0
network-budget/formal-expanded-v2	loopback:blocking:bulk:1:tx	w16-p2-m2	0	stream	3	4194304	122298800	121644000	127266700	122298800	121644000	127266700	0	0	0
network-budget/formal-expanded-v2	loopback:blocking:bulk:1:tx	w8-p1-m1	0	stream	3	4194304	154792800	150365400	165600500	154792800	150365400	165600500	0	0	0
network-budget/formal-expanded-v2	loopback:blocking:bulk:1:tx	w8-p4-m2	0	stream	3	4194304	147206900	145249800	151770700	147206900	145249800	151770700	0	0	0
network-budget/formal-expanded-v2	loopback:blocking:rr:5:rx	baseline	1	stream	3	65536	607287500	600857500	622521100	607464000	601030900	622521100	0	0	0
network-budget/formal-expanded-v2	loopback:blocking:rr:5:rx	baseline	2	stream	3	65536	605849700	604238000	623016500	606118800	604512300	623307700	0	0	0
network-budget/formal-expanded-v2	loopback:blocking:rr:5:rx	baseline	0	stream	3	65536	606277000	603171400	626205000	606277000	603171400	626393400	0	0	0
network-budget/formal-expanded-v2	loopback:blocking:rr:5:rx	baseline	4	stream	3	65536	607895600	606847900	627210800	608456800	607428700	627854700	0	0	0
network-budget/formal-expanded-v2	loopback:blocking:rr:5:rx	baseline	3	stream	3	65536	607247000	604696400	628005800	607604300	605066000	628395500	0	0	0
network-budget/formal-expanded-v2	loopback:blocking:rr:5:rx	linux	0	stream	3	65536	799336800	781876100	877162200	799336800	781876100	877162200	0	0	0
network-budget/formal-expanded-v2	loopback:blocking:rr:5:rx	linux	2	stream	3	65536	828399500	800998800	911015900	828864800	801461400	911922300	0	0	0
network-budget/formal-expanded-v2	loopback:blocking:rr:5:rx	linux	3	stream	3	65536	815719900	802526700	900503500	816011400	802813100	901693400	0	0	0
network-budget/formal-expanded-v2	loopback:blocking:rr:5:rx	linux	4	stream	3	65536	826490300	807643900	908622300	827469900	808464100	910472200	0	0	0
network-budget/formal-expanded-v2	loopback:blocking:rr:5:rx	linux	1	stream	3	65536	813694100	802369700	907526300	814887400	806417300	914605000	0	0	0
network-budget/formal-expanded-v2	loopback:blocking:rr:5:rx	w16-p2-m2	4	stream	3	65536	824529000	808487800	832478300	825238100	808781900	832911600	0	0	0
network-budget/formal-expanded-v2	loopback:blocking:rr:5:rx	w16-p2-m2	0	stream	3	65536	829072100	811060300	835809600	829072100	811459400	836013400	0	0	0
network-budget/formal-expanded-v2	loopback:blocking:rr:5:rx	w16-p2-m2	2	stream	3	65536	830901100	807511700	836739800	831108700	808125500	837061600	0	0	0
network-budget/formal-expanded-v2	loopback:blocking:rr:5:rx	w16-p2-m2	1	stream	3	65536	830118200	809358600	837652600	830567400	809358600	837652600	0	0	0
network-budget/formal-expanded-v2	loopback:blocking:rr:5:rx	w16-p2-m2	3	stream	3	65536	828076500	804394700	837728600	828405600	804577700	838413300	0	0	0
network-budget/formal-expanded-v2	loopback:blocking:rr:5:rx	w8-p1-m1	2	stream	3	65536	823781200	804496500	847315900	823974600	804496500	847657000	0	0	0
network-budget/formal-expanded-v2	loopback:blocking:rr:5:rx	w8-p1-m1	3	stream	3	65536	828746000	805840800	855434400	829062500	806034200	855903600	0	0	0
network-budget/formal-expanded-v2	loopback:blocking:rr:5:rx	w8-p1-m1	0	stream	3	65536	829711700	806504200	854009100	829711700	806925700	854009100	0	0	0
network-budget/formal-expanded-v2	loopback:blocking:rr:5:rx	w8-p1-m1	1	stream	3	65536	829516600	806112100	855089900	829954700	806763600	855309100	0	0	0
network-budget/formal-expanded-v2	loopback:blocking:rr:5:rx	w8-p1-m1	4	stream	3	65536	831634900	800062700	851978100	832305400	800375400	852701800	0	0	0
network-budget/formal-expanded-v2	loopback:blocking:rr:5:rx	w8-p4-m2	3	stream	3	65536	809257800	803557300	837972000	809467900	803739500	838160800	0	0	0
network-budget/formal-expanded-v2	loopback:blocking:rr:5:rx	w8-p4-m2	1	stream	3	65536	812765500	806679600	834358400	812765500	807084600	834771200	0	0	0
network-budget/formal-expanded-v2	loopback:blocking:rr:5:rx	w8-p4-m2	4	stream	3	65536	809124100	808359000	836306100	809124100	808697200	836611500	0	0	0
network-budget/formal-expanded-v2	loopback:blocking:rr:5:rx	w8-p4-m2	0	stream	3	65536	810032100	809470500	836099300	810770100	809766800	836099300	0	0	0
network-budget/formal-expanded-v2	loopback:blocking:rr:5:rx	w8-p4-m2	2	stream	3	65536	811441500	810775100	830713800	811931600	811345000	831357700	0	0	0
network-budget/formal-expanded-v2	loopback:blocking:bulk:5:rx	baseline	1	stream	3	4194304	557836400	555283500	614784000	559063300	555283500	614784000	0	0	0
network-budget/formal-expanded-v2	loopback:blocking:bulk:5:rx	baseline	4	stream	3	4194304	561875200	555451700	620754500	564447900	558138500	623736700	0	0	0
network-budget/formal-expanded-v2	loopback:blocking:bulk:5:rx	baseline	3	stream	3	4194304	560949500	549852300	622242500	562848500	551820900	624488000	0	0	0
network-budget/formal-expanded-v2	loopback:blocking:bulk:5:rx	baseline	2	stream	3	4194304	557405400	555920900	623429500	560707800	557187900	624909200	0	0	0
network-budget/formal-expanded-v2	loopback:blocking:bulk:5:rx	baseline	0	stream	3	4194304	557671500	541264500	621714100	557671500	544271600	626244000	0	0	0
network-budget/formal-expanded-v2	loopback:blocking:bulk:5:rx	linux	3	stream	3	4194304	113594200	113307800	127596700	123360700	117392900	127596700	0	0	0
network-budget/formal-expanded-v2	loopback:blocking:bulk:5:rx	linux	0	stream	3	4194304	112460000	111975400	119084800	120913900	113907000	122537900	0	0	0
network-budget/formal-expanded-v2	loopback:blocking:bulk:5:rx	linux	2	stream	3	4194304	122372900	109580300	127447200	122372900	117269700	127447200	0	0	0
network-budget/formal-expanded-v2	loopback:blocking:bulk:5:rx	linux	4	stream	3	4194304	109370700	108041900	111693700	125262500	123314200	125770000	0	0	0
network-budget/formal-expanded-v2	loopback:blocking:bulk:5:rx	linux	1	stream	3	4194304	100974600	99511500	115883600	127381800	122503500	128242800	0	0	0
network-budget/formal-expanded-v2	loopback:blocking:bulk:5:rx	w16-p2-m2	1	stream	3	4194304	601518100	570921200	618686600	606190200	572461800	626584100	0	0	0
network-budget/formal-expanded-v2	loopback:blocking:bulk:5:rx	w16-p2-m2	3	stream	3	4194304	599331300	586979500	618254000	599331300	586979500	621919200	0	0	0
network-budget/formal-expanded-v2	loopback:blocking:bulk:5:rx	w16-p2-m2	0	stream	3	4194304	591008100	587893500	619140700	594551900	590454000	621760700	0	0	0
network-budget/formal-expanded-v2	loopback:blocking:bulk:5:rx	w16-p2-m2	2	stream	3	4194304	597604400	585795100	623555800	599147400	592595300	623555800	0	0	0
network-budget/formal-expanded-v2	loopback:blocking:bulk:5:rx	w16-p2-m2	4	stream	3	4194304	597642200	590129100	616211700	600198500	593681800	617875600	0	0	0
network-budget/formal-expanded-v2	loopback:blocking:bulk:5:rx	w8-p1-m1	3	stream	3	4194304	677135800	673471700	691892100	677135800	675488800	694860600	0	0	0
network-budget/formal-expanded-v2	loopback:blocking:bulk:5:rx	w8-p1-m1	4	stream	3	4194304	688159600	676434100	695482900	690933000	679953700	699303700	0	0	0
network-budget/formal-expanded-v2	loopback:blocking:bulk:5:rx	w8-p1-m1	0	stream	3	4194304	684730000	670065500	702611300	686015300	671371500	702611300	0	0	0
network-budget/formal-expanded-v2	loopback:blocking:bulk:5:rx	w8-p1-m1	1	stream	3	4194304	684169400	672706200	704123500	684169400	674733100	705524000	0	0	0
network-budget/formal-expanded-v2	loopback:blocking:bulk:5:rx	w8-p1-m1	2	stream	3	4194304	685944600	673704200	704120000	689560300	676452600	706310300	0	0	0
network-budget/formal-expanded-v2	loopback:blocking:bulk:5:rx	w8-p4-m2	2	stream	3	4194304	685143100	668528000	695564000	687156700	669915700	696867500	0	0	0
network-budget/formal-expanded-v2	loopback:blocking:bulk:5:rx	w8-p4-m2	3	stream	3	4194304	690414400	680106000	692819000	693910000	682234600	694958900	0	0	0
network-budget/formal-expanded-v2	loopback:blocking:bulk:5:rx	w8-p4-m2	0	stream	3	4194304	689084000	684464500	693757400	692877500	684464500	693757400	0	0	0
network-budget/formal-expanded-v2	loopback:blocking:bulk:5:rx	w8-p4-m2	4	stream	3	4194304	686899800	682453400	690250100	689807500	685318500	692961600	0	0	0
network-budget/formal-expanded-v2	loopback:blocking:bulk:5:rx	w8-p4-m2	1	stream	3	4194304	682971400	681465600	695128400	686794200	682763100	695128400	0	0	0
network-budget/formal-expanded-v2	loopback:blocking:bulk:5:tx	baseline	3	stream	3	4194304	552609900	549536900	561524100	553351200	549986300	561967100	0	0	0
network-budget/formal-expanded-v2	loopback:blocking:bulk:5:tx	baseline	0	stream	3	4194304	561299700	557370700	564483200	561299700	557370700	565161600	0	0	0
network-budget/formal-expanded-v2	loopback:blocking:bulk:5:tx	baseline	1	stream	3	4194304	563154500	559907300	566977800	563154500	560563400	567427000	0	0	0
network-budget/formal-expanded-v2	loopback:blocking:bulk:5:tx	baseline	2	stream	3	4194304	557894200	554466800	566437800	561903300	555397500	569850500	0	0	0
network-budget/formal-expanded-v2	loopback:blocking:bulk:5:tx	baseline	4	stream	3	4194304	562543600	556919800	567250600	563100500	557494400	567811500	0	0	0
network-budget/formal-expanded-v2	loopback:blocking:bulk:5:tx	linux	1	stream	3	4194304	115433600	99740300	122885600	123491800	116976400	123617500	0	0	0
network-budget/formal-expanded-v2	loopback:blocking:bulk:5:tx	linux	4	stream	3	4194304	119318700	117339200	119714100	119524100	117799300	121381700	0	0	0
network-budget/formal-expanded-v2	loopback:blocking:bulk:5:tx	linux	2	stream	3	4194304	115630000	109817000	120190800	122146400	115977200	122515500	0	0	0
network-budget/formal-expanded-v2	loopback:blocking:bulk:5:tx	linux	0	stream	3	4194304	123450000	121312400	123581500	123581500	121312400	123771700	0	0	0
network-budget/formal-expanded-v2	loopback:blocking:bulk:5:tx	linux	3	stream	3	4194304	117414500	113035100	121935800	117414500	113265300	123740300	0	0	0
network-budget/formal-expanded-v2	loopback:blocking:bulk:5:tx	w16-p2-m2	4	stream	3	4194304	589376100	578987900	599208000	589903800	579682800	600056300	0	0	0
network-budget/formal-expanded-v2	loopback:blocking:bulk:5:tx	w16-p2-m2	0	stream	3	4194304	607139600	586049700	610252100	607139600	586049700	610252100	0	0	0
network-budget/formal-expanded-v2	loopback:blocking:bulk:5:tx	w16-p2-m2	3	stream	3	4194304	605971400	566287700	608992200	606384400	567173500	609660400	0	0	0
network-budget/formal-expanded-v2	loopback:blocking:bulk:5:tx	w16-p2-m2	1	stream	3	4194304	610700500	582086600	611062700	611333300	582524900	611619800	0	0	0
network-budget/formal-expanded-v2	loopback:blocking:bulk:5:tx	w16-p2-m2	2	stream	3	4194304	613598800	584256300	613621000	614056600	584835200	614392300	0	0	0
network-budget/formal-expanded-v2	loopback:blocking:bulk:5:tx	w8-p1-m1	3	stream	3	4194304	679968200	670769700	696740200	680966200	671522100	697308600	0	0	0
network-budget/formal-expanded-v2	loopback:blocking:bulk:5:tx	w8-p1-m1	2	stream	3	4194304	679606500	676793700	684136800	680049600	677427800	684764000	0	0	0
network-budget/formal-expanded-v2	loopback:blocking:bulk:5:tx	w8-p1-m1	1	stream	3	4194304	681125900	677954800	697968100	681619600	678448600	697968100	0	0	0
network-budget/formal-expanded-v2	loopback:blocking:bulk:5:tx	w8-p1-m1	0	stream	3	4194304	680282000	671655800	691323400	680282000	671655800	692013500	0	0	0
network-budget/formal-expanded-v2	loopback:blocking:bulk:5:tx	w8-p1-m1	4	stream	3	4194304	681029800	677137000	698479000	681971300	677878700	699430500	0	0	0
network-budget/formal-expanded-v2	loopback:blocking:bulk:5:tx	w8-p4-m2	0	stream	3	4194304	689187600	670485100	700245500	691233400	671344900	700706700	0	0	0
network-budget/formal-expanded-v2	loopback:blocking:bulk:5:tx	w8-p4-m2	2	stream	3	4194304	690565100	672677300	696202000	692853900	673261500	696797900	0	0	0
network-budget/formal-expanded-v2	loopback:blocking:bulk:5:tx	w8-p4-m2	4	stream	3	4194304	681764700	675082300	698199300	682455900	675788400	700670200	0	0	0
network-budget/formal-expanded-v2	loopback:blocking:bulk:5:tx	w8-p4-m2	3	stream	3	4194304	692720900	683109700	703154500	693597600	683109700	703154500	0	0	0
network-budget/formal-expanded-v2	loopback:blocking:bulk:5:tx	w8-p4-m2	1	stream	3	4194304	691391000	685477000	697678100	693566100	685940100	697678100	0	0	0
network-budget/formal-expanded-v2	loopback:blocking:mixed:near:rx	baseline	7	stream	3	4194304	1583500900	1442001400	1606084200	1588293000	1442001400	1611462400	0	0	0
network-budget/formal-expanded-v2	loopback:blocking:mixed:near:rx	baseline	3	stream	3	4194304	1503569800	1443055800	1614599200	1506352200	1445069000	1618553600	0	0	0
network-budget/formal-expanded-v2	loopback:blocking:mixed:near:rx	baseline	1	stream	3	4194304	1481575800	1448222200	1607653800	1482863800	1449503100	1610120100	0	0	0
network-budget/formal-expanded-v2	loopback:blocking:mixed:near:rx	baseline	0	stream	3	4194304	1449428700	1445313000	1552419300	1452774700	1451196900	1560613000	0	0	0
network-budget/formal-expanded-v2	loopback:blocking:mixed:near:rx	baseline	12	stream	3	4194304	1487566100	1446122700	1609299600	1495047000	1452902900	1617272800	0	0	0
network-budget/formal-expanded-v2	loopback:blocking:mixed:near:rx	baseline	9	stream	3	4194304	1480268400	1452137000	1582601500	1486389200	1456876000	1591277800	0	0	0
network-budget/formal-expanded-v2	loopback:blocking:mixed:near:rx	baseline	10	stream	3	4194304	1451970500	1447113900	1469958300	1457386800	1453689600	1476750200	0	0	0
network-budget/formal-expanded-v2	loopback:blocking:mixed:near:rx	baseline	11	stream	3	4194304	1469461200	1454874400	1559598500	1469804700	1460974700	1566862200	0	0	0
network-budget/formal-expanded-v2	loopback:blocking:mixed:near:rx	baseline	8	stream	3	4194304	1471492700	1460007600	1486655300	1477377400	1464076600	1492107700	0	0	0
network-budget/formal-expanded-v2	loopback:blocking:mixed:near:rx	baseline	5	stream	3	4194304	1559372300	1501295600	1606280200	1559372300	1509449300	1610973500	0	0	0
network-budget/formal-expanded-v2	loopback:blocking:mixed:near:rx	baseline	4	stream	3	4194304	1532190200	1440036000	1571333300	1534910300	1440036000	1574786200	0	0	0
network-budget/formal-expanded-v2	loopback:blocking:mixed:near:rx	baseline	6	stream	3	4194304	1491970900	1422702900	1533062900	1496087800	1423791200	1536458500	0	0	0
network-budget/formal-expanded-v2	loopback:blocking:mixed:near:rx	baseline	2	stream	3	4194304	1575163000	1557281400	1610757600	1577254300	1567418600	1613970700	0	0	0
network-budget/formal-expanded-v2	loopback:blocking:mixed:near:rx	baseline	13	control	3	65536	1677589700	1659634200	1712908400	1686498400	1660746900	1722276500	0	0	0
network-budget/formal-expanded-v2	loopback:blocking:mixed:near:rx	linux	0	stream	3	4194304	290934700	287972900	300379300	317672900	302461900	330515300	0	0	0
network-budget/formal-expanded-v2	loopback:blocking:mixed:near:rx	linux	4	stream	3	4194304	293034300	290151700	313446500	312547200	309399700	313446500	0	0	0
network-budget/formal-expanded-v2	loopback:blocking:mixed:near:rx	linux	8	stream	3	4194304	296029300	287600900	314924800	319878500	317410900	325557200	0	0	0
network-budget/formal-expanded-v2	loopback:blocking:mixed:near:rx	linux	2	stream	3	4194304	307010900	301001700	314213400	319494900	318156500	320549900	0	0	0
network-budget/formal-expanded-v2	loopback:blocking:mixed:near:rx	linux	3	stream	3	4194304	312314000	284262100	313624100	321182600	319209800	326181800	0	0	0
network-budget/formal-expanded-v2	loopback:blocking:mixed:near:rx	linux	7	stream	3	4194304	293226300	292916900	312662300	319900300	318147200	324747800	0	0	0
network-budget/formal-expanded-v2	loopback:blocking:mixed:near:rx	linux	11	stream	3	4194304	302038400	284896500	302349300	320562700	306029700	330859900	0	0	0
network-budget/formal-expanded-v2	loopback:blocking:mixed:near:rx	linux	1	stream	3	4194304	288296000	284073100	321147000	322327200	315688000	322723600	0	0	0
network-budget/formal-expanded-v2	loopback:blocking:mixed:near:rx	linux	12	stream	3	4194304	301732800	272451800	333709900	323022800	311286100	333709900	0	0	0
network-budget/formal-expanded-v2	loopback:blocking:mixed:near:rx	linux	10	stream	3	4194304	289887300	279473200	293609400	324113400	323353800	327156100	0	0	0
network-budget/formal-expanded-v2	loopback:blocking:mixed:near:rx	linux	9	stream	3	4194304	282424300	278976600	288248200	316066600	303680000	325354500	0	0	0
network-budget/formal-expanded-v2	loopback:blocking:mixed:near:rx	linux	6	stream	3	4194304	290009200	284287800	304163400	325668900	317324900	326950900	0	0	0
network-budget/formal-expanded-v2	loopback:blocking:mixed:near:rx	linux	5	stream	3	4194304	294970500	284204300	327688400	327688400	324296900	328532600	0	0	0
network-budget/formal-expanded-v2	loopback:blocking:mixed:near:rx	linux	13	control	3	65536	423105000	418222900	428546900	472460000	471005600	474066200	0	0	0
network-budget/formal-expanded-v2	loopback:blocking:mixed:near:rx	w16-p2-m2	1	stream	3	4194304	1592019000	1556048700	1597901400	1592218400	1559588900	1600204400	0	0	0
network-budget/formal-expanded-v2	loopback:blocking:mixed:near:rx	w16-p2-m2	11	stream	3	4194304	1592209800	1570001800	1594131800	1601479800	1579785500	1602966300	0	0	0
network-budget/formal-expanded-v2	loopback:blocking:mixed:near:rx	w16-p2-m2	2	stream	3	4194304	1585904600	1565640200	1603254100	1585904600	1568090600	1612956000	0	0	0
network-budget/formal-expanded-v2	loopback:blocking:mixed:near:rx	w16-p2-m2	6	stream	3	4194304	1596906200	1592473600	1603316000	1603377200	1599042500	1607717200	0	0	0
network-budget/formal-expanded-v2	loopback:blocking:mixed:near:rx	w16-p2-m2	5	stream	3	4194304	1598644300	1586694100	1603131400	1604243100	1592155000	1606561600	0	0	0
network-budget/formal-expanded-v2	loopback:blocking:mixed:near:rx	w16-p2-m2	4	stream	3	4194304	1589030200	1520440800	1599813700	1591539800	1524881700	1604405500	0	0	0
network-budget/formal-expanded-v2	loopback:blocking:mixed:near:rx	w16-p2-m2	12	stream	3	4194304	1589942600	1570393900	1594593500	1605480200	1582445300	1611270000	0	0	0
network-budget/formal-expanded-v2	loopback:blocking:mixed:near:rx	w16-p2-m2	10	stream	3	4194304	1596964100	1580752500	1597403900	1597403900	1587087100	1605637200	0	0	0
network-budget/formal-expanded-v2	loopback:blocking:mixed:near:rx	w16-p2-m2	8	stream	3	4194304	1578971500	1570677100	1598133700	1587474500	1582762900	1605766700	0	0	0
network-budget/formal-expanded-v2	loopback:blocking:mixed:near:rx	w16-p2-m2	0	stream	3	4194304	1602572700	1601874800	1603404400	1605996000	1603245400	1611122300	0	0	0
network-budget/formal-expanded-v2	loopback:blocking:mixed:near:rx	w16-p2-m2	3	stream	3	4194304	1589386300	1588606300	1590414100	1593808900	1590156800	1606137800	0	0	0
network-budget/formal-expanded-v2	loopback:blocking:mixed:near:rx	w16-p2-m2	7	stream	3	4194304	1598307800	1582805800	1603861600	1610430000	1590301100	1614695500	0	0	0
network-budget/formal-expanded-v2	loopback:blocking:mixed:near:rx	w16-p2-m2	9	stream	3	4194304	1604339200	1591946300	1611272600	1609687600	1601513400	1612630700	0	0	0
network-budget/formal-expanded-v2	loopback:blocking:mixed:near:rx	w16-p2-m2	13	control	3	65536	1804504100	1781814300	1809321300	1806915800	1794314200	1809321300	0	0	0
network-budget/formal-expanded-v2	loopback:blocking:mixed:near:rx	w8-p1-m1	8	stream	3	4194304	1843834700	1812515300	1854898900	1857218100	1818103200	1859091000	0	0	0
network-budget/formal-expanded-v2	loopback:blocking:mixed:near:rx	w8-p1-m1	2	stream	3	4194304	1832034100	1822088100	1849603700	1833167100	1824733600	1852172300	0	0	0
network-budget/formal-expanded-v2	loopback:blocking:mixed:near:rx	w8-p1-m1	12	stream	3	4194304	1817696900	1808074400	1852618200	1825496100	1815162900	1859221200	0	0	0
network-budget/formal-expanded-v2	loopback:blocking:mixed:near:rx	w8-p1-m1	11	stream	3	4194304	1848642000	1825026100	1856635200	1854424000	1826202600	1862976300	0	0	0
network-budget/formal-expanded-v2	loopback:blocking:mixed:near:rx	w8-p1-m1	0	stream	3	4194304	1834750800	1829610600	1864975700	1837201200	1834750800	1866111200	0	0	0
network-budget/formal-expanded-v2	loopback:blocking:mixed:near:rx	w8-p1-m1	1	stream	3	4194304	1849396200	1833445700	1854577000	1851241700	1835367500	1854577000	0	0	0
network-budget/formal-expanded-v2	loopback:blocking:mixed:near:rx	w8-p1-m1	7	stream	3	4194304	1837521100	1824091900	1841937500	1842388600	1837377200	1849999300	0	0	0
network-budget/formal-expanded-v2	loopback:blocking:mixed:near:rx	w8-p1-m1	4	stream	3	4194304	1848728200	1831511900	1857025300	1857553100	1843678000	1858911900	0	0	0
network-budget/formal-expanded-v2	loopback:blocking:mixed:near:rx	w8-p1-m1	6	stream	3	4194304	1859620200	1840035800	1859861200	1863251700	1844180300	1863677700	0	0	0
network-budget/formal-expanded-v2	loopback:blocking:mixed:near:rx	w8-p1-m1	10	stream	3	4194304	1855954400	1837244100	1862819200	1864321400	1844317900	1868422500	0	0	0
network-budget/formal-expanded-v2	loopback:blocking:mixed:near:rx	w8-p1-m1	5	stream	3	4194304	1859000900	1843640500	1866387100	1861677000	1847070900	1866387100	0	0	0
network-budget/formal-expanded-v2	loopback:blocking:mixed:near:rx	w8-p1-m1	3	stream	3	4194304	1842342200	1838997200	1855565400	1851523100	1847772900	1858866400	0	0	0
network-budget/formal-expanded-v2	loopback:blocking:mixed:near:rx	w8-p1-m1	9	stream	3	4194304	1846900200	1841705500	1857512500	1851763100	1848028100	1862486300	0	0	0
network-budget/formal-expanded-v2	loopback:blocking:mixed:near:rx	w8-p1-m1	13	control	3	65536	2026516300	2007570800	2042264000	2033900500	2016126200	2050113200	0	0	0
network-budget/formal-expanded-v2	loopback:blocking:mixed:near:rx	w8-p4-m2	11	stream	3	4194304	1837388000	1832563700	1867051100	1840931200	1837388000	1874324100	0	0	0
network-budget/formal-expanded-v2	loopback:blocking:mixed:near:rx	w8-p4-m2	6	stream	3	4194304	1858223100	1819806300	1879097000	1863206100	1823776500	1879097000	0	0	0
network-budget/formal-expanded-v2	loopback:blocking:mixed:near:rx	w8-p4-m2	2	stream	3	4194304	1857386200	1841603100	1861623200	1859300400	1843446800	1864342200	0	0	0
network-budget/formal-expanded-v2	loopback:blocking:mixed:near:rx	w8-p4-m2	4	stream	3	4194304	1861608300	1832953900	1865829400	1865133300	1835493300	1869177800	0	0	0
network-budget/formal-expanded-v2	loopback:blocking:mixed:near:rx	w8-p4-m2	0	stream	3	4194304	1858041600	1850106300	1867653500	1867280800	1850106300	1868960900	0	0	0
network-budget/formal-expanded-v2	loopback:blocking:mixed:near:rx	w8-p4-m2	1	stream	3	4194304	1867708900	1833703400	1871579000	1869727000	1834830400	1872723200	0	0	0
network-budget/formal-expanded-v2	loopback:blocking:mixed:near:rx	w8-p4-m2	3	stream	3	4194304	1869002000	1843765000	1874505100	1877135900	1850664100	1877953600	0	0	0
network-budget/formal-expanded-v2	loopback:blocking:mixed:near:rx	w8-p4-m2	8	stream	3	4194304	1870170500	1836296000	1877297400	1875952100	1849983800	1883113500	0	0	0
network-budget/formal-expanded-v2	loopback:blocking:mixed:near:rx	w8-p4-m2	7	stream	3	4194304	1857490600	1839828500	1869438900	1862380100	1844499300	1883605100	0	0	0
network-budget/formal-expanded-v2	loopback:blocking:mixed:near:rx	w8-p4-m2	12	stream	3	4194304	1871558800	1848946600	1876479300	1879801800	1855115700	1884681800	0	0	0
network-budget/formal-expanded-v2	loopback:blocking:mixed:near:rx	w8-p4-m2	5	stream	3	4194304	1857477400	1853756300	1883089000	1861643600	1857019700	1887331700	0	0	0
network-budget/formal-expanded-v2	loopback:blocking:mixed:near:rx	w8-p4-m2	10	stream	3	4194304	1866971500	1842206900	1880029100	1873479400	1849828900	1887495700	0	0	0
network-budget/formal-expanded-v2	loopback:blocking:mixed:near:rx	w8-p4-m2	9	stream	3	4194304	1848922300	1823406400	1881726800	1854361700	1833453000	1888366700	0	0	0
network-budget/formal-expanded-v2	loopback:blocking:mixed:near:rx	w8-p4-m2	13	control	3	65536	2038734400	2018642600	2058838200	2047766200	2027758200	2059967000	0	0	0
network-budget/formal-expanded-v2	loopback:nonblocking:rr:1:rx	baseline	0	stream	3	65536	160134000	155865100	161980000	160134000	155865100	161980000	0	0	0
network-budget/formal-expanded-v2	loopback:nonblocking:rr:1:rx	linux	0	stream	3	65536	180567000	179986600	181000000	180567000	179986600	181000000	0	0	0
network-budget/formal-expanded-v2	loopback:nonblocking:rr:1:rx	w16-p2-m2	0	stream	3	65536	257242500	240135600	272479700	257242500	240135600	272479700	0	0	0
network-budget/formal-expanded-v2	loopback:nonblocking:rr:1:rx	w8-p1-m1	0	stream	3	65536	246172300	245174700	252194000	246172300	245174700	252194000	0	0	0
network-budget/formal-expanded-v2	loopback:nonblocking:rr:1:rx	w8-p4-m2	0	stream	3	65536	249228600	238073300	256826800	249228600	238073300	256826800	0	0	0
network-budget/formal-expanded-v2	loopback:nonblocking:bulk:1:rx	baseline	0	stream	3	4194304	127100600	122529400	132998300	127100600	122529400	132998300	0	0	0
network-budget/formal-expanded-v2	loopback:nonblocking:bulk:1:rx	linux	0	stream	3	4194304	27814300	27525600	28141000	27814300	27525600	28141000	0	0	0
network-budget/formal-expanded-v2	loopback:nonblocking:bulk:1:rx	w16-p2-m2	0	stream	3	4194304	133546400	130242700	137233600	133546400	130242700	137233600	0	0	0
network-budget/formal-expanded-v2	loopback:nonblocking:bulk:1:rx	w8-p1-m1	0	stream	3	4194304	165885000	155930000	178913100	165885000	155930000	178913100	0	0	0
network-budget/formal-expanded-v2	loopback:nonblocking:bulk:1:rx	w8-p4-m2	0	stream	3	4194304	161502700	153144000	174542500	161502700	153144000	174542500	0	0	0
network-budget/formal-expanded-v2	loopback:nonblocking:bulk:1:tx	baseline	0	stream	3	4194304	126540200	125389100	133957600	126540200	125389100	133957600	0	0	0
network-budget/formal-expanded-v2	loopback:nonblocking:bulk:1:tx	linux	0	stream	3	4194304	28895400	28167600	29367300	28895400	28167600	29367300	0	0	0
network-budget/formal-expanded-v2	loopback:nonblocking:bulk:1:tx	w16-p2-m2	0	stream	3	4194304	130112100	128559900	134543100	130112100	128559900	134543100	0	0	0
network-budget/formal-expanded-v2	loopback:nonblocking:bulk:1:tx	w8-p1-m1	0	stream	3	4194304	163741000	155525600	165325900	163741000	155525600	165325900	0	0	0
network-budget/formal-expanded-v2	loopback:nonblocking:bulk:1:tx	w8-p4-m2	0	stream	3	4194304	157475900	152850000	162171600	157475900	152850000	162171600	0	0	0
network-budget/formal-expanded-v2	loopback:nonblocking:rr:5:rx	baseline	3	stream	3	65536	791370600	784292100	817524100	791734800	784604200	817721600	0	0	0
network-budget/formal-expanded-v2	loopback:nonblocking:rr:5:rx	baseline	0	stream	3	65536	793217600	788022300	815840200	793389900	788022300	816536500	0	0	0
network-budget/formal-expanded-v2	loopback:nonblocking:rr:5:rx	baseline	1	stream	3	65536	791061900	789455100	811783200	791061900	789653200	811783200	0	0	0
network-budget/formal-expanded-v2	loopback:nonblocking:rr:5:rx	baseline	4	stream	3	65536	791994200	791012700	815172800	792565700	791424700	815592400	0	0	0
network-budget/formal-expanded-v2	loopback:nonblocking:rr:5:rx	baseline	2	stream	3	65536	792317100	785213100	818151700	794022700	785484000	818464200	0	0	0
network-budget/formal-expanded-v2	loopback:nonblocking:rr:5:rx	linux	2	stream	3	65536	988528800	986538800	1022249100	989229400	986833200	1022558900	0	0	0
network-budget/formal-expanded-v2	loopback:nonblocking:rr:5:rx	linux	4	stream	3	65536	1011500500	1007942400	1029202200	1012048000	1008317400	1029682800	0	0	0
network-budget/formal-expanded-v2	loopback:nonblocking:rr:5:rx	linux	1	stream	3	65536	1010421800	1008840000	1030357500	1011298600	1010588600	1032221900	0	0	0
network-budget/formal-expanded-v2	loopback:nonblocking:rr:5:rx	linux	3	stream	3	65536	1002265100	997149900	1033035300	1002265100	997575600	1033948000	0	0	0
network-budget/formal-expanded-v2	loopback:nonblocking:rr:5:rx	linux	0	stream	3	65536	1002660400	999515600	1035689700	1002660400	1000034300	1035689700	0	0	0
network-budget/formal-expanded-v2	loopback:nonblocking:rr:5:rx	w16-p2-m2	1	stream	3	65536	1066678900	1030938200	1074868500	1066678900	1030938200	1074868500	0	0	0
network-budget/formal-expanded-v2	loopback:nonblocking:rr:5:rx	w16-p2-m2	2	stream	3	65536	1069688200	1036161300	1075758100	1069890000	1036383100	1076227100	0	0	0
network-budget/formal-expanded-v2	loopback:nonblocking:rr:5:rx	w16-p2-m2	3	stream	3	65536	1067066700	1038139500	1071687800	1067809900	1038915600	1072011900	0	0	0
network-budget/formal-expanded-v2	loopback:nonblocking:rr:5:rx	w16-p2-m2	4	stream	3	65536	1072114700	1037157300	1076702900	1072554900	1037516800	1076919300	0	0	0
network-budget/formal-expanded-v2	loopback:nonblocking:rr:5:rx	w16-p2-m2	0	stream	3	65536	1072359000	1036746900	1072652800	1072703300	1037238000	1073319000	0	0	0
network-budget/formal-expanded-v2	loopback:nonblocking:rr:5:rx	w8-p1-m1	2	stream	3	65536	1040938900	1017661700	1043790800	1041136700	1018406500	1044115400	0	0	0
network-budget/formal-expanded-v2	loopback:nonblocking:rr:5:rx	w8-p1-m1	0	stream	3	65536	1042253700	1021834200	1043411800	1042706000	1021834200	1043411800	0	0	0
network-budget/formal-expanded-v2	loopback:nonblocking:rr:5:rx	w8-p1-m1	4	stream	3	65536	1036212900	1023911600	1042506300	1036934900	1024390400	1043203300	0	0	0
network-budget/formal-expanded-v2	loopback:nonblocking:rr:5:rx	w8-p1-m1	3	stream	3	65536	1037718500	1024721800	1040560300	1038047600	1025070900	1041010300	0	0	0
network-budget/formal-expanded-v2	loopback:nonblocking:rr:5:rx	w8-p1-m1	1	stream	3	65536	1035164700	1025897300	1042072000	1035365500	1026114700	1042072000	0	0	0
network-budget/formal-expanded-v2	loopback:nonblocking:rr:5:rx	w8-p4-m2	3	stream	3	65536	1028957200	1001991500	1068847500	1028957200	1002203600	1069057000	0	0	0
network-budget/formal-expanded-v2	loopback:nonblocking:rr:5:rx	w8-p4-m2	1	stream	3	65536	1032647700	1006058000	1064420300	1033129800	1006714900	1064420300	0	0	0
network-budget/formal-expanded-v2	loopback:nonblocking:rr:5:rx	w8-p4-m2	2	stream	3	65536	1035857200	1007594500	1069483600	1036079200	1007594500	1070177400	0	0	0
network-budget/formal-expanded-v2	loopback:nonblocking:rr:5:rx	w8-p4-m2	4	stream	3	65536	1033986800	1008712600	1071069400	1034341100	1009055200	1071982400	0	0	0
network-budget/formal-expanded-v2	loopback:nonblocking:rr:5:rx	w8-p4-m2	0	stream	3	65536	1036201300	1009122900	1071034000	1036884900	1009588400	1071369800	0	0	0
network-budget/formal-expanded-v2	loopback:nonblocking:bulk:5:rx	baseline	1	stream	3	4194304	634129400	626606400	641455600	634129400	627923200	644825000	0	0	0
network-budget/formal-expanded-v2	loopback:nonblocking:bulk:5:rx	baseline	3	stream	3	4194304	635101500	628898400	648191400	636501900	631607700	649454500	0	0	0
network-budget/formal-expanded-v2	loopback:nonblocking:bulk:5:rx	baseline	0	stream	3	4194304	632596400	624557500	640670700	632596400	628315800	640670700	0	0	0
network-budget/formal-expanded-v2	loopback:nonblocking:bulk:5:rx	baseline	4	stream	3	4194304	635582300	631171500	646150100	637753400	634629600	648106800	0	0	0
network-budget/formal-expanded-v2	loopback:nonblocking:bulk:5:rx	baseline	2	stream	3	4194304	636374700	634151300	643089800	639321700	636186400	645720300	0	0	0
network-budget/formal-expanded-v2	loopback:nonblocking:bulk:5:rx	linux	3	stream	3	4194304	117029800	112283900	128469100	123829900	122020000	128469100	0	0	0
network-budget/formal-expanded-v2	loopback:nonblocking:bulk:5:rx	linux	2	stream	3	4194304	116019200	114422900	119472000	125560200	120346300	126610500	0	0	0
network-budget/formal-expanded-v2	loopback:nonblocking:bulk:5:rx	linux	0	stream	3	4194304	112836100	108800200	126224300	125651700	114580100	128724800	0	0	0
network-budget/formal-expanded-v2	loopback:nonblocking:bulk:5:rx	linux	4	stream	3	4194304	114782900	112550300	127036500	127036500	122874600	129347600	0	0	0
network-budget/formal-expanded-v2	loopback:nonblocking:bulk:5:rx	linux	1	stream	3	4194304	114927700	110835800	132629800	124617900	116812900	132629800	0	0	0
network-budget/formal-expanded-v2	loopback:nonblocking:bulk:5:rx	w16-p2-m2	0	stream	3	4194304	617267200	604820300	666540700	617267200	604820300	671285700	0	0	0
network-budget/formal-expanded-v2	loopback:nonblocking:bulk:5:rx	w16-p2-m2	3	stream	3	4194304	628408200	617353900	670513000	630894600	620759000	673200800	0	0	0
network-budget/formal-expanded-v2	loopback:nonblocking:bulk:5:rx	w16-p2-m2	1	stream	3	4194304	627647700	620651500	662443800	631644800	622197200	662443800	0	0	0
network-budget/formal-expanded-v2	loopback:nonblocking:bulk:5:rx	w16-p2-m2	4	stream	3	4194304	631786900	613774500	674288400	635239500	622355900	677965800	0	0	0
network-budget/formal-expanded-v2	loopback:nonblocking:bulk:5:rx	w16-p2-m2	2	stream	3	4194304	630976700	620089200	670371700	632530000	622565300	672073000	0	0	0
network-budget/formal-expanded-v2	loopback:nonblocking:bulk:5:rx	w8-p1-m1	1	stream	3	4194304	755901200	750952100	778482100	755901200	755281700	778482100	0	0	0
network-budget/formal-expanded-v2	loopback:nonblocking:bulk:5:rx	w8-p1-m1	4	stream	3	4194304	763669100	747673400	784459300	764996000	750304600	786584900	0	0	0
network-budget/formal-expanded-v2	loopback:nonblocking:bulk:5:rx	w8-p1-m1	2	stream	3	4194304	742077300	734342400	784628500	747953100	734342400	788616700	0	0	0
network-budget/formal-expanded-v2	loopback:nonblocking:bulk:5:rx	w8-p1-m1	3	stream	3	4194304	755876200	743059300	793290800	758960900	744797400	794610700	0	0	0
network-budget/formal-expanded-v2	loopback:nonblocking:bulk:5:rx	w8-p1-m1	0	stream	3	4194304	758354700	747970000	792198700	760444100	751394000	795329600	0	0	0
network-budget/formal-expanded-v2	loopback:nonblocking:bulk:5:rx	w8-p4-m2	2	stream	3	4194304	743258700	741463200	751091800	744621600	741463200	753267200	0	0	0
network-budget/formal-expanded-v2	loopback:nonblocking:bulk:5:rx	w8-p4-m2	0	stream	3	4194304	749996600	749506100	756907000	756367700	751932900	756907000	0	0	0
network-budget/formal-expanded-v2	loopback:nonblocking:bulk:5:rx	w8-p4-m2	1	stream	3	4194304	751673200	741305300	751799900	751673200	742731200	755031700	0	0	0
network-budget/formal-expanded-v2	loopback:nonblocking:bulk:5:rx	w8-p4-m2	4	stream	3	4194304	749939500	745089200	753755400	752882700	748027200	755975200	0	0	0
network-budget/formal-expanded-v2	loopback:nonblocking:bulk:5:rx	w8-p4-m2	3	stream	3	4194304	753104700	749937200	755704500	756191600	755225200	757130000	0	0	0
network-budget/formal-expanded-v2	loopback:nonblocking:bulk:5:tx	baseline	4	stream	3	4194304	626638700	616703100	656904600	627390600	617756200	657833500	0	0	0
network-budget/formal-expanded-v2	loopback:nonblocking:bulk:5:tx	baseline	3	stream	3	4194304	618594000	607730900	658870200	619233400	608350000	659566900	0	0	0
network-budget/formal-expanded-v2	loopback:nonblocking:bulk:5:tx	baseline	2	stream	3	4194304	625113300	614805300	659968100	625625100	615298000	660553000	0	0	0
network-budget/formal-expanded-v2	loopback:nonblocking:bulk:5:tx	baseline	1	stream	3	4194304	617333500	614372500	664315900	617333500	614372500	664315900	0	0	0
network-budget/formal-expanded-v2	loopback:nonblocking:bulk:5:tx	baseline	0	stream	3	4194304	623013800	610250800	665820300	624022700	610991700	666283700	0	0	0
network-budget/formal-expanded-v2	loopback:nonblocking:bulk:5:tx	linux	2	stream	3	4194304	120126300	116859900	121565900	120492100	117557900	121911000	0	0	0
network-budget/formal-expanded-v2	loopback:nonblocking:bulk:5:tx	linux	3	stream	3	4194304	121150500	116599100	122909100	121150500	116825500	123123800	0	0	0
network-budget/formal-expanded-v2	loopback:nonblocking:bulk:5:tx	linux	0	stream	3	4194304	123171200	121957300	124197300	123650300	121957300	124197300	0	0	0
network-budget/formal-expanded-v2	loopback:nonblocking:bulk:5:tx	linux	4	stream	3	4194304	122177200	114382200	124831600	123027500	114872300	126749200	0	0	0
network-budget/formal-expanded-v2	loopback:nonblocking:bulk:5:tx	linux	1	stream	3	4194304	113894700	112029500	117938600	122016800	120341500	126904400	0	0	0
network-budget/formal-expanded-v2	loopback:nonblocking:bulk:5:tx	w16-p2-m2	0	stream	3	4194304	624967300	590173900	629457900	624967300	590173900	630427700	0	0	0
network-budget/formal-expanded-v2	loopback:nonblocking:bulk:5:tx	w16-p2-m2	4	stream	3	4194304	606112800	604734300	626900300	607070900	605306100	627517500	0	0	0
network-budget/formal-expanded-v2	loopback:nonblocking:bulk:5:tx	w16-p2-m2	2	stream	3	4194304	626520300	609377100	628601800	626520300	609818800	629218100	0	0	0
network-budget/formal-expanded-v2	loopback:nonblocking:bulk:5:tx	w16-p2-m2	1	stream	3	4194304	624916600	613639200	627559300	625669300	614333700	628032400	0	0	0
network-budget/formal-expanded-v2	loopback:nonblocking:bulk:5:tx	w16-p2-m2	3	stream	3	4194304	614507900	610750600	622546300	615416500	611225000	623291700	0	0	0
network-budget/formal-expanded-v2	loopback:nonblocking:bulk:5:tx	w8-p1-m1	4	stream	3	4194304	731289900	722024800	768168100	732041500	722491600	768788100	0	0	0
network-budget/formal-expanded-v2	loopback:nonblocking:bulk:5:tx	w8-p1-m1	3	stream	3	4194304	737707400	734672000	779558400	738313800	734672000	780584800	0	0	0
network-budget/formal-expanded-v2	loopback:nonblocking:bulk:5:tx	w8-p1-m1	2	stream	3	4194304	744539700	736053000	783298900	745570500	737062500	783766100	0	0	0
network-budget/formal-expanded-v2	loopback:nonblocking:bulk:5:tx	w8-p1-m1	0	stream	3	4194304	747377600	732696100	776520000	747841900	733298300	776520000	0	0	0
network-budget/formal-expanded-v2	loopback:nonblocking:bulk:5:tx	w8-p1-m1	1	stream	3	4194304	748540900	737867700	782338900	748540900	738602600	783083600	0	0	0
network-budget/formal-expanded-v2	loopback:nonblocking:bulk:5:tx	w8-p4-m2	0	stream	3	4194304	762311100	721823200	783332800	763252200	722560100	783807000	0	0	0
network-budget/formal-expanded-v2	loopback:nonblocking:bulk:5:tx	w8-p4-m2	4	stream	3	4194304	735995100	723741700	776755800	736742000	724348000	777740700	0	0	0
network-budget/formal-expanded-v2	loopback:nonblocking:bulk:5:tx	w8-p4-m2	2	stream	3	4194304	759834300	731414000	774707000	760448200	731414000	775321800	0	0	0
network-budget/formal-expanded-v2	loopback:nonblocking:bulk:5:tx	w8-p4-m2	1	stream	3	4194304	757512100	734418900	786049400	757982400	734889100	786049400	0	0	0
network-budget/formal-expanded-v2	loopback:nonblocking:bulk:5:tx	w8-p4-m2	3	stream	3	4194304	754187200	732407500	787401200	754187200	736824300	788154300	0	0	0
network-budget/formal-expanded-v2	loopback:nonblocking:mixed:near:tx	baseline	1	stream	3	4194304	1586089100	1546336600	1594541800	1586495500	1546745300	1594854000	0	0	0
network-budget/formal-expanded-v2	loopback:nonblocking:mixed:near:tx	baseline	7	stream	3	4194304	1570971900	1552572700	1628132000	1571829300	1553529800	1629056800	0	0	0
network-budget/formal-expanded-v2	loopback:nonblocking:mixed:near:tx	baseline	4	stream	3	4194304	1611516300	1560874300	1644208900	1611516300	1562327800	1644897700	0	0	0
network-budget/formal-expanded-v2	loopback:nonblocking:mixed:near:tx	baseline	3	stream	3	4194304	1658039600	1579356200	1766049600	1658609500	1579991800	1766686900	0	0	0
network-budget/formal-expanded-v2	loopback:nonblocking:mixed:near:tx	baseline	10	stream	3	4194304	1727197200	1704059000	1738869700	1728934500	1705326100	1738869700	0	0	0
network-budget/formal-expanded-v2	loopback:nonblocking:mixed:near:tx	baseline	5	stream	3	4194304	1664846200	1618961100	1748365500	1665590800	1619245100	1749172500	0	0	0
network-budget/formal-expanded-v2	loopback:nonblocking:mixed:near:tx	baseline	2	stream	3	4194304	1753910500	1731207300	1811877000	1754433600	1731731800	1812324500	0	0	0
network-budget/formal-expanded-v2	loopback:nonblocking:mixed:near:tx	baseline	6	stream	3	4194304	1606413500	1524156000	1820057400	1607162300	1525007100	1820057400	0	0	0
network-budget/formal-expanded-v2	loopback:nonblocking:mixed:near:tx	baseline	0	stream	3	4194304	1787522300	1682173600	1819401700	1789095600	1682461100	1821234200	0	0	0
network-budget/formal-expanded-v2	loopback:nonblocking:mixed:near:tx	baseline	11	stream	3	4194304	1746759600	1678645200	1820374800	1747949900	1679709000	1821757700	0	0	0
network-budget/formal-expanded-v2	loopback:nonblocking:mixed:near:tx	baseline	12	stream	3	4194304	1632151400	1555573300	1825223100	1633451300	1556747200	1826720700	0	0	0
network-budget/formal-expanded-v2	loopback:nonblocking:mixed:near:tx	baseline	8	stream	3	4194304	1607661100	1557654000	1826272700	1608625200	1559226200	1827311000	0	0	0
network-budget/formal-expanded-v2	loopback:nonblocking:mixed:near:tx	baseline	9	stream	3	4194304	1743119700	1673428000	1826597600	1744195600	1675147900	1827749600	0	0	0
network-budget/formal-expanded-v2	loopback:nonblocking:mixed:near:tx	baseline	13	control	3	65536	1909330600	1857053300	1955113200	1910736400	1858335700	1956722000	0	0	0
network-budget/formal-expanded-v2	loopback:nonblocking:mixed:near:tx	linux	8	stream	3	4194304	312212800	311057700	312993300	313958300	311354400	317817500	0	0	0
network-budget/formal-expanded-v2	loopback:nonblocking:mixed:near:tx	linux	12	stream	3	4194304	302166400	297272300	320242000	302876600	298610300	321088400	0	0	0
network-budget/formal-expanded-v2	loopback:nonblocking:mixed:near:tx	linux	5	stream	3	4194304	312363700	303307800	323842400	313822100	303651500	324958400	0	0	0
network-budget/formal-expanded-v2	loopback:nonblocking:mixed:near:tx	linux	4	stream	3	4194304	317453300	310756900	326982800	318673300	311958000	327565000	0	0	0
network-budget/formal-expanded-v2	loopback:nonblocking:mixed:near:tx	linux	10	stream	3	4194304	316509200	304129700	328547900	316509200	304956900	329266100	0	0	0
network-budget/formal-expanded-v2	loopback:nonblocking:mixed:near:tx	linux	9	stream	3	4194304	313730400	306521900	329599700	315776900	314366400	330581700	0	0	0
network-budget/formal-expanded-v2	loopback:nonblocking:mixed:near:tx	linux	6	stream	3	4194304	309423400	286622900	330848800	310391800	287213500	331296600	0	0	0
network-budget/formal-expanded-v2	loopback:nonblocking:mixed:near:tx	linux	0	stream	3	4194304	317949600	303773400	334446300	317949600	305602900	335843800	0	0	0
network-budget/formal-expanded-v2	loopback:nonblocking:mixed:near:tx	linux	7	stream	3	4194304	318929400	315217600	336815300	320504600	316297200	338073500	0	0	0
network-budget/formal-expanded-v2	loopback:nonblocking:mixed:near:tx	linux	3	stream	3	4194304	313741400	297378800	341144800	314840500	297591400	342684500	0	0	0
network-budget/formal-expanded-v2	loopback:nonblocking:mixed:near:tx	linux	11	stream	3	4194304	320357700	304722000	343173100	322052300	305673200	343173100	0	0	0
network-budget/formal-expanded-v2	loopback:nonblocking:mixed:near:tx	linux	1	stream	3	4194304	323106400	309660100	344889700	323319600	311275800	346696900	0	0	0
network-budget/formal-expanded-v2	loopback:nonblocking:mixed:near:tx	linux	2	stream	3	4194304	317961900	288086900	348961000	319973700	288558100	350636100	0	0	0
network-budget/formal-expanded-v2	loopback:nonblocking:mixed:near:tx	linux	13	control	3	65536	490128900	484245400	501621600	501968200	491452800	540865800	0	0	0
network-budget/formal-expanded-v2	loopback:nonblocking:mixed:near:tx	w16-p2-m2	4	stream	3	4194304	1648522200	1624486200	1678702900	1649307600	1625316900	1679141500	0	0	0
network-budget/formal-expanded-v2	loopback:nonblocking:mixed:near:tx	w16-p2-m2	0	stream	3	4194304	1656328500	1653922700	1672748100	1658030800	1655660100	1672748100	0	0	0
network-budget/formal-expanded-v2	loopback:nonblocking:mixed:near:tx	w16-p2-m2	9	stream	3	4194304	1675196100	1669323600	1685897300	1675196100	1670136100	1686331500	0	0	0
network-budget/formal-expanded-v2	loopback:nonblocking:mixed:near:tx	w16-p2-m2	8	stream	3	4194304	1661167100	1647133700	1679076000	1663071100	1648332800	1680225100	0	0	0
network-budget/formal-expanded-v2	loopback:nonblocking:mixed:near:tx	w16-p2-m2	5	stream	3	4194304	1659726200	1647192700	1682455800	1660692400	1648930700	1683360400	0	0	0
network-budget/formal-expanded-v2	loopback:nonblocking:mixed:near:tx	w16-p2-m2	7	stream	3	4194304	1683379400	1677701000	1693140800	1683493400	1678396000	1694169200	0	0	0
network-budget/formal-expanded-v2	loopback:nonblocking:mixed:near:tx	w16-p2-m2	1	stream	3	4194304	1671672800	1671640700	1697831800	1672256100	1671937300	1698251200	0	0	0
network-budget/formal-expanded-v2	loopback:nonblocking:mixed:near:tx	w16-p2-m2	11	stream	3	4194304	1682847000	1653239500	1700951500	1684282100	1654293400	1701237000	0	0	0
network-budget/formal-expanded-v2	loopback:nonblocking:mixed:near:tx	w16-p2-m2	6	stream	3	4194304	1657177600	1604692300	1700223100	1658260900	1605262500	1702095600	0	0	0
network-budget/formal-expanded-v2	loopback:nonblocking:mixed:near:tx	w16-p2-m2	2	stream	3	4194304	1680439500	1669227100	1702962600	1680439500	1670718400	1703505000	0	0	0
network-budget/formal-expanded-v2	loopback:nonblocking:mixed:near:tx	w16-p2-m2	10	stream	3	4194304	1654328700	1630230500	1703006200	1655260500	1631545600	1704273900	0	0	0
network-budget/formal-expanded-v2	loopback:nonblocking:mixed:near:tx	w16-p2-m2	3	stream	3	4194304	1675574800	1648190400	1704324200	1676283900	1649808700	1704989700	0	0	0
network-budget/formal-expanded-v2	loopback:nonblocking:mixed:near:tx	w16-p2-m2	12	stream	3	4194304	1673168900	1641359000	1706520900	1675069200	1642539000	1707908600	0	0	0
network-budget/formal-expanded-v2	loopback:nonblocking:mixed:near:tx	w16-p2-m2	13	control	3	65536	1908290900	1905555500	1947713000	1909845000	1906859900	1949223800	0	0	0
network-budget/formal-expanded-v2	loopback:nonblocking:mixed:near:tx	w8-p1-m1	8	stream	3	4194304	2077480500	2010736300	2090350700	2078656200	2011672400	2091298900	0	0	0
network-budget/formal-expanded-v2	loopback:nonblocking:mixed:near:tx	w8-p1-m1	3	stream	3	4194304	2087343600	2004961800	2092923100	2087972000	2005397000	2092923100	0	0	0
network-budget/formal-expanded-v2	loopback:nonblocking:mixed:near:tx	w8-p1-m1	12	stream	3	4194304	2035270900	1999875200	2101802900	2036840800	2001308500	2103380500	0	0	0
network-budget/formal-expanded-v2	loopback:nonblocking:mixed:near:tx	w8-p1-m1	5	stream	3	4194304	2083200600	1977137000	2103510800	2083971100	1977706700	2104058700	0	0	0
network-budget/formal-expanded-v2	loopback:nonblocking:mixed:near:tx	w8-p1-m1	2	stream	3	4194304	2047527500	1966127600	2105942200	2047527500	1966127600	2108007500	0	0	0
network-budget/formal-expanded-v2	loopback:nonblocking:mixed:near:tx	w8-p1-m1	9	stream	3	4194304	2069125100	1987409900	2107634300	2070431900	1988466900	2108714800	0	0	0
network-budget/formal-expanded-v2	loopback:nonblocking:mixed:near:tx	w8-p1-m1	11	stream	3	4194304	2055493700	2009905300	2111409600	2056932700	2011218800	2112844600	0	0	0
network-budget/formal-expanded-v2	loopback:nonblocking:mixed:near:tx	w8-p1-m1	6	stream	3	4194304	2079882400	2005846400	2115694700	2080787600	2006541500	2116378100	0	0	0
network-budget/formal-expanded-v2	loopback:nonblocking:mixed:near:tx	w8-p1-m1	7	stream	3	4194304	2071017500	1997719100	2116559100	2072056900	1998534700	2117376500	0	0	0
network-budget/formal-expanded-v2	loopback:nonblocking:mixed:near:tx	w8-p1-m1	0	stream	3	4194304	2038978000	2010406700	2118385800	2040886000	2012337300	2120629900	0	0	0
network-budget/formal-expanded-v2	loopback:nonblocking:mixed:near:tx	w8-p1-m1	4	stream	3	4194304	2075515800	1996107600	2124707300	2075851700	1997859900	2125108400	0	0	0
network-budget/formal-expanded-v2	loopback:nonblocking:mixed:near:tx	w8-p1-m1	10	stream	3	4194304	2083219500	1939267400	2126666400	2085316300	1940457900	2127878400	0	0	0
network-budget/formal-expanded-v2	loopback:nonblocking:mixed:near:tx	w8-p1-m1	1	stream	3	4194304	2081507000	2007137100	2126481700	2081989900	2007435100	2128410100	0	0	0
network-budget/formal-expanded-v2	loopback:nonblocking:mixed:near:tx	w8-p1-m1	13	control	3	65536	2283197100	2223905600	2328175200	2284899500	2225462900	2329901400	0	0	0
network-budget/formal-expanded-v2	loopback:nonblocking:mixed:near:tx	w8-p4-m2	2	stream	3	4194304	2012925800	1975928200	2064589300	2025484400	1975928200	2064888700	0	0	0
network-budget/formal-expanded-v2	loopback:nonblocking:mixed:near:tx	w8-p4-m2	9	stream	3	4194304	1999728400	1994152500	2075440200	1999728400	1995127000	2076623800	0	0	0
network-budget/formal-expanded-v2	loopback:nonblocking:mixed:near:tx	w8-p4-m2	7	stream	3	4194304	2022446600	1991292000	2079738000	2023381100	1992140700	2080679500	0	0	0
network-budget/formal-expanded-v2	loopback:nonblocking:mixed:near:tx	w8-p4-m2	12	stream	3	4194304	2023807200	1989810900	2083429600	2025099500	1991031800	2085003100	0	0	0
network-budget/formal-expanded-v2	loopback:nonblocking:mixed:near:tx	w8-p4-m2	1	stream	3	4194304	2029210200	1986693400	2089878500	2029625900	1995961900	2090446500	0	0	0
network-budget/formal-expanded-v2	loopback:nonblocking:mixed:near:tx	w8-p4-m2	0	stream	3	4194304	2018068500	1982551900	2090662900	2019477100	1982853200	2091100600	0	0	0
network-budget/formal-expanded-v2	loopback:nonblocking:mixed:near:tx	w8-p4-m2	8	stream	3	4194304	2027414400	1975144800	2091736100	2028468100	1976669200	2092797100	0	0	0
network-budget/formal-expanded-v2	loopback:nonblocking:mixed:near:tx	w8-p4-m2	3	stream	3	4194304	2006732200	1958853900	2095802900	2007285300	1959294500	2096495500	0	0	0
network-budget/formal-expanded-v2	loopback:nonblocking:mixed:near:tx	w8-p4-m2	11	stream	3	4194304	2001082700	2001069600	2095678500	2002729400	2002242700	2097123900	0	0	0
network-budget/formal-expanded-v2	loopback:nonblocking:mixed:near:tx	w8-p4-m2	5	stream	3	4194304	2004001900	1978872000	2099518600	2004576300	1980492100	2099518600	0	0	0
network-budget/formal-expanded-v2	loopback:nonblocking:mixed:near:tx	w8-p4-m2	4	stream	3	4194304	2003423700	1997399900	2101847700	2004108200	1998799000	2102667300	0	0	0
network-budget/formal-expanded-v2	loopback:nonblocking:mixed:near:tx	w8-p4-m2	6	stream	3	4194304	2024031300	1983203700	2103499100	2024846700	1983917000	2105473900	0	0	0
network-budget/formal-expanded-v2	loopback:nonblocking:mixed:near:tx	w8-p4-m2	10	stream	3	4194304	2031417400	1998456700	2107479300	2033175400	1999554500	2108795800	0	0	0
network-budget/formal-expanded-v2	loopback:nonblocking:mixed:near:tx	w8-p4-m2	13	control	3	65536	2232810500	2209663000	2307756900	2234739800	2211431500	2309471600	0	0	0
network-budget/formal-expanded-v2	tap:blocking:rr:1:rx	baseline	0	stream	3	65536	144639667	136090162	146316059	144639667	136090162	146316059	0	0	0
network-budget/formal-expanded-v2	tap:blocking:rr:1:rx	linux	0	stream	3	65536	59354178	56687873	74815086	59354178	56687873	74815086	0	0	0
network-budget/formal-expanded-v2	tap:blocking:rr:1:rx	w16-p2-m2	0	stream	3	65536	167870617	166984244	169502166	167870617	166984244	169502166	0	0	0
network-budget/formal-expanded-v2	tap:blocking:rr:1:rx	w8-p1-m1	0	stream	3	65536	165864033	164458214	183882621	165864033	164458214	183882621	0	0	0
network-budget/formal-expanded-v2	tap:blocking:rr:1:rx	w8-p4-m2	0	stream	3	65536	170928139	158214353	176358445	170928139	158214353	176358445	0	0	0
network-budget/formal-expanded-v2	tap:blocking:bulk:1:rx	baseline	0	stream	3	4194304	137478807	135555862	147356855	137478807	135555862	147356855	0	0	0
network-budget/formal-expanded-v2	tap:blocking:bulk:1:rx	linux	0	stream	3	4194304	34592981	30770998	36555825	34592981	30770998	36555825	0	0	0
network-budget/formal-expanded-v2	tap:blocking:bulk:1:rx	w16-p2-m2	0	stream	3	4194304	144894217	140096083	176578826	144894217	140096083	176578826	0	0	0
network-budget/formal-expanded-v2	tap:blocking:bulk:1:rx	w8-p1-m1	0	stream	3	4194304	192617929	183024782	194545812	192617929	183024782	194545812	0	0	0
network-budget/formal-expanded-v2	tap:blocking:bulk:1:rx	w8-p4-m2	0	stream	3	4194304	173951402	158917155	211193313	173951402	158917155	211193313	0	0	0
network-budget/formal-expanded-v2	tap:blocking:bulk:1:tx	baseline	0	stream	3	4194304	128463412	116519639	149588300	128463412	116519639	149588300	0	0	0
network-budget/formal-expanded-v2	tap:blocking:bulk:1:tx	linux	0	stream	3	4194304	41510759	36401205	44079165	41510759	36401205	44079165	0	0	0
network-budget/formal-expanded-v2	tap:blocking:bulk:1:tx	w16-p2-m2	0	stream	3	4194304	134268250	131068857	137288702	134268250	131068857	137288702	0	0	0
network-budget/formal-expanded-v2	tap:blocking:bulk:1:tx	w8-p1-m1	0	stream	3	4194304	161548187	145083522	216606926	161548187	145083522	216606926	0	0	0
network-budget/formal-expanded-v2	tap:blocking:bulk:1:tx	w8-p4-m2	0	stream	3	4194304	146399051	139098205	155500287	146399051	139098205	155500287	0	0	0
network-budget/formal-expanded-v2	tap:blocking:rr:5:rx	baseline	0	stream	3	65536	580443608	544412211	633754908	580542563	544412211	633754908	0	0	0
network-budget/formal-expanded-v2	tap:blocking:rr:5:rx	baseline	1	stream	3	65536	586007798	545870766	627551353	586007798	545912351	627565173	0	0	0
network-budget/formal-expanded-v2	tap:blocking:rr:5:rx	baseline	2	stream	3	65536	586902693	539519357	634679754	586918122	539531276	634705340	0	0	0
network-budget/formal-expanded-v2	tap:blocking:rr:5:rx	baseline	3	stream	3	65536	584697295	540670323	628859119	584725329	540744263	628919025	0	0	0
network-budget/formal-expanded-v2	tap:blocking:rr:5:rx	baseline	4	stream	3	65536	587699624	544536101	636244697	587751620	544662441	636371809	0	0	0
network-budget/formal-expanded-v2	tap:blocking:rr:5:rx	linux	0	stream	3	65536	486038189	483734335	704672753	486189853	483911708	704672753	0	0	0
network-budget/formal-expanded-v2	tap:blocking:rr:5:rx	linux	1	stream	3	65536	494331195	472404702	705138688	494331195	472509566	705179890	0	0	0
network-budget/formal-expanded-v2	tap:blocking:rr:5:rx	linux	2	stream	3	65536	512378845	418150993	693468918	512378845	418277609	693587910	0	0	0
network-budget/formal-expanded-v2	tap:blocking:rr:5:rx	linux	3	stream	3	65536	517471401	501619174	663616625	517530101	501712254	663626619	0	0	0
network-budget/formal-expanded-v2	tap:blocking:rr:5:rx	linux	4	stream	3	65536	519905130	519005723	591344304	519940122	519020435	591448880	0	0	0
network-budget/formal-expanded-v2	tap:blocking:rr:5:rx	w16-p2-m2	0	stream	3	65536	649204366	637622430	783437471	649274322	637650736	783471645	0	0	0
network-budget/formal-expanded-v2	tap:blocking:rr:5:rx	w16-p2-m2	1	stream	3	65536	643309785	641070309	779952973	643364221	641157120	780019650	0	0	0
network-budget/formal-expanded-v2	tap:blocking:rr:5:rx	w16-p2-m2	2	stream	3	65536	647373230	642599759	775127853	647373230	642599759	775224758	0	0	0
network-budget/formal-expanded-v2	tap:blocking:rr:5:rx	w16-p2-m2	3	stream	3	65536	648366795	644133512	780899831	648380071	644208119	780899831	0	0	0
network-budget/formal-expanded-v2	tap:blocking:rr:5:rx	w16-p2-m2	4	stream	3	65536	646737566	638928834	773446665	646879323	638936697	773459604	0	0	0
network-budget/formal-expanded-v2	tap:blocking:rr:5:rx	w8-p1-m1	0	stream	3	65536	690064574	665689689	735120721	690169094	665835859	735120721	0	0	0
network-budget/formal-expanded-v2	tap:blocking:rr:5:rx	w8-p1-m1	1	stream	3	65536	695882683	670906609	734137295	695908885	670934935	734149961	0	0	0
network-budget/formal-expanded-v2	tap:blocking:rr:5:rx	w8-p1-m1	2	stream	3	65536	696987640	657751078	732869942	696987640	657751078	732928243	0	0	0
network-budget/formal-expanded-v2	tap:blocking:rr:5:rx	w8-p1-m1	3	stream	3	65536	698919082	666445223	735501413	698965526	666569773	735542825	0	0	0
network-budget/formal-expanded-v2	tap:blocking:rr:5:rx	w8-p1-m1	4	stream	3	65536	697990216	663007060	726806971	698048348	663023699	726831833	0	0	0
network-budget/formal-expanded-v2	tap:blocking:rr:5:rx	w8-p4-m2	0	stream	3	65536	663293062	657004761	687166723	663293062	657004761	687239822	0	0	0
network-budget/formal-expanded-v2	tap:blocking:rr:5:rx	w8-p4-m2	1	stream	3	65536	663379720	663045929	688952929	663508976	663157001	688976386	0	0	0
network-budget/formal-expanded-v2	tap:blocking:rr:5:rx	w8-p4-m2	2	stream	3	65536	665442927	656216933	690131645	665474819	656229292	690191091	0	0	0
network-budget/formal-expanded-v2	tap:blocking:rr:5:rx	w8-p4-m2	3	stream	3	65536	660967008	660825278	682282898	661025720	660844050	682282898	0	0	0
network-budget/formal-expanded-v2	tap:blocking:rr:5:rx	w8-p4-m2	4	stream	3	65536	662327120	657583392	689134613	662414766	657609670	689143898	0	0	0
network-budget/formal-expanded-v2	tap:blocking:bulk:5:rx	baseline	0	stream	3	4194304	878532095	875621264	964366717	878824733	875783198	964920729	0	0	0
network-budget/formal-expanded-v2	tap:blocking:bulk:5:rx	baseline	1	stream	3	4194304	865006318	864941340	970401167	865418881	865385621	970629281	0	0	0
network-budget/formal-expanded-v2	tap:blocking:bulk:5:rx	baseline	2	stream	3	4194304	878964800	876659755	969267696	879084444	876888811	969267696	0	0	0
network-budget/formal-expanded-v2	tap:blocking:bulk:5:rx	baseline	3	stream	3	4194304	880673839	869546220	947534526	880673839	869618086	947918948	0	0	0
network-budget/formal-expanded-v2	tap:blocking:bulk:5:rx	baseline	4	stream	3	4194304	854711557	845032637	918301989	854711557	845435282	918381199	0	0	0
network-budget/formal-expanded-v2	tap:blocking:bulk:5:rx	linux	0	stream	3	4194304	156014049	155078610	158498556	156014049	155078610	158498556	0	0	0
network-budget/formal-expanded-v2	tap:blocking:bulk:5:rx	linux	1	stream	3	4194304	159048193	153452076	161117002	159070927	154168740	161366320	0	0	0
network-budget/formal-expanded-v2	tap:blocking:bulk:5:rx	linux	2	stream	3	4194304	150074252	149435350	152313889	150354590	149725828	152808303	0	0	0
network-budget/formal-expanded-v2	tap:blocking:bulk:5:rx	linux	3	stream	3	4194304	157223561	153754890	162263065	157401921	153829524	162367239	0	0	0
network-budget/formal-expanded-v2	tap:blocking:bulk:5:rx	linux	4	stream	3	4194304	157469643	146012967	164276188	157927470	146239443	164299356	0	0	0
network-budget/formal-expanded-v2	tap:blocking:bulk:5:rx	w16-p2-m2	0	stream	3	4194304	833556986	775604326	856053997	833934540	775817038	856636228	0	0	0
network-budget/formal-expanded-v2	tap:blocking:bulk:5:rx	w16-p2-m2	1	stream	3	4194304	831803035	773496139	860048676	832476535	773883696	860102763	0	0	0
network-budget/formal-expanded-v2	tap:blocking:bulk:5:rx	w16-p2-m2	2	stream	3	4194304	836406822	775030516	850166323	836840788	775104141	850166323	0	0	0
network-budget/formal-expanded-v2	tap:blocking:bulk:5:rx	w16-p2-m2	3	stream	3	4194304	834339575	765469397	854454032	834409308	765469397	854614622	0	0	0
network-budget/formal-expanded-v2	tap:blocking:bulk:5:rx	w16-p2-m2	4	stream	3	4194304	815783391	771716985	858263271	815783391	772040890	858637761	0	0	0
network-budget/formal-expanded-v2	tap:blocking:bulk:5:rx	w8-p1-m1	0	stream	3	4194304	991595796	932640147	1013931530	991796290	933001811	1014042201	0	0	0
network-budget/formal-expanded-v2	tap:blocking:bulk:5:rx	w8-p1-m1	1	stream	3	4194304	994655590	977116553	1031085818	994715355	977116553	1031145539	0	0	0
network-budget/formal-expanded-v2	tap:blocking:bulk:5:rx	w8-p1-m1	2	stream	3	4194304	997408113	963507727	1004632020	997896345	963799444	1004632020	0	0	0
network-budget/formal-expanded-v2	tap:blocking:bulk:5:rx	w8-p1-m1	3	stream	3	4194304	985174456	980657811	1031880713	985174456	980714067	1032185495	0	0	0
network-budget/formal-expanded-v2	tap:blocking:bulk:5:rx	w8-p1-m1	4	stream	3	4194304	979612121	965321157	1021767404	979833108	965674324	1022004008	0	0	0
network-budget/formal-expanded-v2	tap:blocking:bulk:5:rx	w8-p4-m2	0	stream	3	4194304	1032339813	922794113	1127387084	1032840671	923042807	1127469971	0	0	0
network-budget/formal-expanded-v2	tap:blocking:bulk:5:rx	w8-p4-m2	1	stream	3	4194304	1005402814	943981640	1117495283	1005564115	944311041	1117768714	0	0	0
network-budget/formal-expanded-v2	tap:blocking:bulk:5:rx	w8-p4-m2	2	stream	3	4194304	1039410291	924106619	1102334001	1039410291	924205433	1102455993	0	0	0
network-budget/formal-expanded-v2	tap:blocking:bulk:5:rx	w8-p4-m2	3	stream	3	4194304	1035926599	943143264	1130207375	1036484351	943192714	1130207375	0	0	0
network-budget/formal-expanded-v2	tap:blocking:bulk:5:rx	w8-p4-m2	4	stream	3	4194304	1035680928	913329107	1134302923	1035774153	913329107	1134777210	0	0	0
network-budget/formal-expanded-v2	tap:blocking:bulk:5:tx	baseline	0	stream	3	4194304	694866049	648512853	708898462	695298640	648586538	709380495	0	0	0
network-budget/formal-expanded-v2	tap:blocking:bulk:5:tx	baseline	1	stream	3	4194304	695486518	643397714	707172658	695809836	643628174	707172658	0	0	0
network-budget/formal-expanded-v2	tap:blocking:bulk:5:tx	baseline	2	stream	3	4194304	693637562	642073862	712228590	693836737	642406188	712442153	0	0	0
network-budget/formal-expanded-v2	tap:blocking:bulk:5:tx	baseline	3	stream	3	4194304	694399666	647760957	712871191	694399666	647907436	712957551	0	0	0
network-budget/formal-expanded-v2	tap:blocking:bulk:5:tx	baseline	4	stream	3	4194304	687718706	641997417	706038066	687800272	641997417	706373030	0	0	0
network-budget/formal-expanded-v2	tap:blocking:bulk:5:tx	linux	0	stream	3	4194304	182741341	166476921	201812603	182814401	166737863	202187023	0	0	0
network-budget/formal-expanded-v2	tap:blocking:bulk:5:tx	linux	1	stream	3	4194304	166787436	145565464	178588616	166787436	145565464	178588616	0	0	0
network-budget/formal-expanded-v2	tap:blocking:bulk:5:tx	linux	2	stream	3	4194304	168179606	155512904	184428747	168647641	155629105	184684162	0	0	0
network-budget/formal-expanded-v2	tap:blocking:bulk:5:tx	linux	3	stream	3	4194304	171709905	162008356	209874015	172080047	162135012	210036430	0	0	0
network-budget/formal-expanded-v2	tap:blocking:bulk:5:tx	linux	4	stream	3	4194304	178887999	171075443	196657009	179248824	171306884	196745239	0	0	0
network-budget/formal-expanded-v2	tap:blocking:bulk:5:tx	w16-p2-m2	0	stream	3	4194304	728994524	706592874	747536015	729454795	706834254	747768982	0	0	0
network-budget/formal-expanded-v2	tap:blocking:bulk:5:tx	w16-p2-m2	1	stream	3	4194304	739320647	706376435	747759156	739670899	706640281	748048580	0	0	0
network-budget/formal-expanded-v2	tap:blocking:bulk:5:tx	w16-p2-m2	2	stream	3	4194304	738576891	704544486	739707284	738698148	704628956	739707284	0	0	0
network-budget/formal-expanded-v2	tap:blocking:bulk:5:tx	w16-p2-m2	3	stream	3	4194304	738805952	697871418	740396546	739012668	698032195	740473663	0	0	0
network-budget/formal-expanded-v2	tap:blocking:bulk:5:tx	w16-p2-m2	4	stream	3	4194304	737826336	695405735	747360445	737826336	695405735	747514500	0	0	0
network-budget/formal-expanded-v2	tap:blocking:bulk:5:tx	w8-p1-m1	0	stream	3	4194304	821816044	773364917	844264219	821874377	773364917	844428459	0	0	0
network-budget/formal-expanded-v2	tap:blocking:bulk:5:tx	w8-p1-m1	1	stream	3	4194304	821454584	773691271	843343767	821613078	774098601	843423123	0	0	0
network-budget/formal-expanded-v2	tap:blocking:bulk:5:tx	w8-p1-m1	2	stream	3	4194304	816893723	781032546	843987851	817118198	781314730	844228057	0	0	0
network-budget/formal-expanded-v2	tap:blocking:bulk:5:tx	w8-p1-m1	3	stream	3	4194304	815662323	773960565	849643490	815662323	773989316	849643490	0	0	0
network-budget/formal-expanded-v2	tap:blocking:bulk:5:tx	w8-p1-m1	4	stream	3	4194304	821704011	774438507	846262177	822002787	774599725	846622906	0	0	0
network-budget/formal-expanded-v2	tap:blocking:bulk:5:tx	w8-p4-m2	0	stream	3	4194304	802108195	750939179	835459985	802540345	751344636	835662624	0	0	0
network-budget/formal-expanded-v2	tap:blocking:bulk:5:tx	w8-p4-m2	1	stream	3	4194304	801215635	746835819	834585512	801403348	747022192	834709142	0	0	0
network-budget/formal-expanded-v2	tap:blocking:bulk:5:tx	w8-p4-m2	2	stream	3	4194304	801248150	744911838	835597662	801559894	744911838	835908638	0	0	0
network-budget/formal-expanded-v2	tap:blocking:bulk:5:tx	w8-p4-m2	3	stream	3	4194304	795086221	748112929	834942339	795167454	748384060	835372112	0	0	0
network-budget/formal-expanded-v2	tap:blocking:bulk:5:tx	w8-p4-m2	4	stream	3	4194304	794534514	745650236	826418120	794534514	745725728	826418120	0	0	0
network-budget/formal-expanded-v2	tap:blocking:mixed:near:rx	baseline	0	stream	3	4194304	5086216418	4980544934	5385590520	5086808306	4981422984	5385590520	0	0	0
network-budget/formal-expanded-v2	tap:blocking:mixed:near:rx	baseline	1	stream	3	4194304	5108882155	5008785764	5376025254	5111264197	5011110806	5376309810	0	0	0
network-budget/formal-expanded-v2	tap:blocking:mixed:near:rx	baseline	2	stream	3	4194304	5091844676	5009701558	5369158181	5092558085	5009795226	5371072884	0	0	0
network-budget/formal-expanded-v2	tap:blocking:mixed:near:rx	baseline	3	stream	3	4194304	5103883534	5017992729	5360177118	5105232611	5019302906	5360815704	0	0	0
network-budget/formal-expanded-v2	tap:blocking:mixed:near:rx	baseline	4	stream	3	4194304	5122318338	4988683095	5368888900	5122528833	4988973009	5369675422	0	0	0
network-budget/formal-expanded-v2	tap:blocking:mixed:near:rx	baseline	5	stream	3	4194304	5115912175	4995037597	5368525206	5116913962	4995638186	5369245694	0	0	0
network-budget/formal-expanded-v2	tap:blocking:mixed:near:rx	baseline	6	stream	3	4194304	5119472669	5010135990	5367962451	5120673077	5012119635	5368505518	0	0	0
network-budget/formal-expanded-v2	tap:blocking:mixed:near:rx	baseline	7	stream	3	4194304	5107593768	5015992805	5360667080	5108227223	5017399798	5361852566	0	0	0
network-budget/formal-expanded-v2	tap:blocking:mixed:near:rx	baseline	8	stream	3	4194304	5122050383	4991483698	5376706597	5123807949	4992207148	5378874194	0	0	0
network-budget/formal-expanded-v2	tap:blocking:mixed:near:rx	baseline	9	stream	3	4194304	5120740323	4989726570	5379041520	5122197593	4990666579	5380125637	0	0	0
network-budget/formal-expanded-v2	tap:blocking:mixed:near:rx	baseline	10	stream	3	4194304	5099186163	4998697530	5371884493	5099632024	4998697530	5373716779	0	0	0
network-budget/formal-expanded-v2	tap:blocking:mixed:near:rx	baseline	11	stream	3	4194304	5139372389	4992279770	5337721051	5140487977	4993507057	5339125821	0	0	0
network-budget/formal-expanded-v2	tap:blocking:mixed:near:rx	baseline	12	stream	3	4194304	5135043145	5012770961	5362924655	5137171941	5013945396	5365547759	0	0	0
network-budget/formal-expanded-v2	tap:blocking:mixed:near:rx	baseline	13	stream	3	4194304	5112052919	5024517497	5347141930	5114877128	5024671990	5347522895	0	0	0
network-budget/formal-expanded-v2	tap:blocking:mixed:near:rx	baseline	14	stream	3	4194304	5101056773	5017348365	5356591848	5103603950	5018269787	5357041896	0	0	0
network-budget/formal-expanded-v2	tap:blocking:mixed:near:rx	baseline	15	stream	3	4194304	5112174755	5024446177	5380604327	5114490812	5026140064	5380813539	0	0	0
network-budget/formal-expanded-v2	tap:blocking:mixed:near:rx	baseline	16	stream	3	4194304	5135993712	5027374686	5382140752	5136912832	5027759001	5384114091	0	0	0
network-budget/formal-expanded-v2	tap:blocking:mixed:near:rx	baseline	17	stream	3	4194304	5124492791	5018570016	5370111087	5125998198	5020715989	5372425858	0	0	0
network-budget/formal-expanded-v2	tap:blocking:mixed:near:rx	baseline	18	stream	3	4194304	5122827117	5021982686	5375112427	5125125850	5023104462	5377859854	0	0	0
network-budget/formal-expanded-v2	tap:blocking:mixed:near:rx	baseline	19	stream	3	4194304	5127331421	5024224805	5380819854	5127447137	5026392636	5381708377	0	0	0
network-budget/formal-expanded-v2	tap:blocking:mixed:near:rx	baseline	20	stream	3	4194304	5117955919	5015023992	5370096500	5118791859	5015497941	5371423853	0	0	0
network-budget/formal-expanded-v2	tap:blocking:mixed:near:rx	baseline	21	stream	3	4194304	5129881909	5024128385	5345710319	5131306700	5025147469	5347928693	0	0	0
network-budget/formal-expanded-v2	tap:blocking:mixed:near:rx	baseline	22	stream	3	4194304	5135853656	4983822662	5322737850	5135853656	4985909143	5324202754	0	0	0
network-budget/formal-expanded-v2	tap:blocking:mixed:near:rx	baseline	23	stream	3	4194304	5124388566	5013656480	5358282272	5126462978	5015852848	5358750506	0	0	0
network-budget/formal-expanded-v2	tap:blocking:mixed:near:rx	baseline	24	stream	3	4194304	5127656589	5021532375	5350537963	5127978069	5023942719	5352241486	0	0	0
network-budget/formal-expanded-v2	tap:blocking:mixed:near:rx	baseline	25	stream	3	4194304	5136908992	4973726536	5361929692	5138919546	4975242327	5363463296	0	0	0
network-budget/formal-expanded-v2	tap:blocking:mixed:near:rx	baseline	26	stream	3	4194304	5129620110	5001110697	5353385828	5130015317	5001881078	5354403700	0	0	0
network-budget/formal-expanded-v2	tap:blocking:mixed:near:rx	baseline	27	control	3	65536	5236084119	5115782791	5480063547	5238037413	5117744050	5482212923	0	0	0
network-budget/formal-expanded-v2	tap:blocking:mixed:near:rx	linux	0	stream	3	4194304	851293140	843996620	873933885	852165185	845001751	874871784	0	0	0
network-budget/formal-expanded-v2	tap:blocking:mixed:near:rx	linux	1	stream	3	4194304	926810011	854383979	929183575	927598321	855504299	929809067	0	0	0
network-budget/formal-expanded-v2	tap:blocking:mixed:near:rx	linux	2	stream	3	4194304	907056847	842552250	976791541	907537905	843630160	978569420	0	0	0
network-budget/formal-expanded-v2	tap:blocking:mixed:near:rx	linux	3	stream	3	4194304	870580762	692126202	968064088	872102906	692126202	970644104	0	0	0
network-budget/formal-expanded-v2	tap:blocking:mixed:near:rx	linux	4	stream	3	4194304	894561696	763542245	934608071	895638322	765068231	934860213	0	0	0
network-budget/formal-expanded-v2	tap:blocking:mixed:near:rx	linux	5	stream	3	4194304	826301258	816774093	951885205	827328957	819589997	954442609	0	0	0
network-budget/formal-expanded-v2	tap:blocking:mixed:near:rx	linux	6	stream	3	4194304	895812269	821263286	917956649	897035657	823085711	918435449	0	0	0
network-budget/formal-expanded-v2	tap:blocking:mixed:near:rx	linux	7	stream	3	4194304	921680911	804857543	974052326	921956297	805126899	975691795	0	0	0
network-budget/formal-expanded-v2	tap:blocking:mixed:near:rx	linux	8	stream	3	4194304	877505782	845525840	943536734	880303058	846964204	944272364	0	0	0
network-budget/formal-expanded-v2	tap:blocking:mixed:near:rx	linux	9	stream	3	4194304	925874056	837812966	947020695	927154770	839386383	948859857	0	0	0
network-budget/formal-expanded-v2	tap:blocking:mixed:near:rx	linux	10	stream	3	4194304	856871929	853584578	953010855	859240675	856062629	953317306	0	0	0
network-budget/formal-expanded-v2	tap:blocking:mixed:near:rx	linux	11	stream	3	4194304	910871179	758622364	970533619	911012213	760991834	972471711	0	0	0
network-budget/formal-expanded-v2	tap:blocking:mixed:near:rx	linux	12	stream	3	4194304	911842219	841134146	946254970	913935083	841785858	947759380	0	0	0
network-budget/formal-expanded-v2	tap:blocking:mixed:near:rx	linux	13	stream	3	4194304	886515725	751051696	900804518	889168151	752666958	900972224	0	0	0
network-budget/formal-expanded-v2	tap:blocking:mixed:near:rx	linux	14	stream	3	4194304	915941983	800518525	951423396	918083934	801237997	952318285	0	0	0
network-budget/formal-expanded-v2	tap:blocking:mixed:near:rx	linux	15	stream	3	4194304	914560710	830561704	936782588	916583609	832691753	939136824	0	0	0
network-budget/formal-expanded-v2	tap:blocking:mixed:near:rx	linux	16	stream	3	4194304	903202552	733492671	980120769	904171756	733620603	980508702	0	0	0
network-budget/formal-expanded-v2	tap:blocking:mixed:near:rx	linux	17	stream	3	4194304	918217332	848838486	956054403	920386291	850579312	958702218	0	0	0
network-budget/formal-expanded-v2	tap:blocking:mixed:near:rx	linux	18	stream	3	4194304	848619324	832285664	895525015	849086388	834840666	897622706	0	0	0
network-budget/formal-expanded-v2	tap:blocking:mixed:near:rx	linux	19	stream	3	4194304	845622800	829639458	941124573	847294749	830012423	943168081	0	0	0
network-budget/formal-expanded-v2	tap:blocking:mixed:near:rx	linux	20	stream	3	4194304	915472689	849095062	921024785	916099044	849838240	922906835	0	0	0
network-budget/formal-expanded-v2	tap:blocking:mixed:near:rx	linux	21	stream	3	4194304	827993740	810680491	851655691	829558598	811478023	852072884	0	0	0
network-budget/formal-expanded-v2	tap:blocking:mixed:near:rx	linux	22	stream	3	4194304	850518580	842569063	954841670	851792506	843366295	954841670	0	0	0
network-budget/formal-expanded-v2	tap:blocking:mixed:near:rx	linux	23	stream	3	4194304	892623220	784380235	913401797	893163836	785194534	914542796	0	0	0
network-budget/formal-expanded-v2	tap:blocking:mixed:near:rx	linux	24	stream	3	4194304	865870887	787079029	965105927	867721085	789024505	966091937	0	0	0
network-budget/formal-expanded-v2	tap:blocking:mixed:near:rx	linux	25	stream	3	4194304	834616383	812528525	949756359	834841458	814395100	949824852	0	0	0
network-budget/formal-expanded-v2	tap:blocking:mixed:near:rx	linux	26	stream	3	4194304	880567406	816252833	931522317	882258440	817161369	932084753	0	0	0
network-budget/formal-expanded-v2	tap:blocking:mixed:near:rx	linux	27	control	3	65536	983733734	902863875	1031710688	983733734	903432836	1032951385	0	0	0
network-budget/formal-expanded-v2	tap:blocking:mixed:near:rx	w16-p2-m2	0	stream	3	4194304	4619123957	4549080940	4806737543	4619997604	4550576838	4807503784	0	0	0
network-budget/formal-expanded-v2	tap:blocking:mixed:near:rx	w16-p2-m2	1	stream	3	4194304	4650106293	4528246121	4757535612	4650733600	4529550206	4758539515	0	0	0
network-budget/formal-expanded-v2	tap:blocking:mixed:near:rx	w16-p2-m2	2	stream	3	4194304	4638900551	4512271606	4835751996	4639647741	4512730805	4837825925	0	0	0
network-budget/formal-expanded-v2	tap:blocking:mixed:near:rx	w16-p2-m2	3	stream	3	4194304	4677552103	4509634376	4786705212	4677552103	4510729651	4787338723	0	0	0
network-budget/formal-expanded-v2	tap:blocking:mixed:near:rx	w16-p2-m2	4	stream	3	4194304	4666915411	4545374030	4766223389	4668089470	4546105644	4768480411	0	0	0
network-budget/formal-expanded-v2	tap:blocking:mixed:near:rx	w16-p2-m2	5	stream	3	4194304	4637181272	4560153934	4829807330	4637429341	4560541495	4832235618	0	0	0
network-budget/formal-expanded-v2	tap:blocking:mixed:near:rx	w16-p2-m2	6	stream	3	4194304	4672386623	4468328553	4814813818	4673992440	4469123315	4815974618	0	0	0
network-budget/formal-expanded-v2	tap:blocking:mixed:near:rx	w16-p2-m2	7	stream	3	4194304	4628383981	4568815559	4839595736	4630995648	4570051637	4840941247	0	0	0
network-budget/formal-expanded-v2	tap:blocking:mixed:near:rx	w16-p2-m2	8	stream	3	4194304	4664506285	4551778460	4843081006	4665821070	4551778460	4843114101	0	0	0
network-budget/formal-expanded-v2	tap:blocking:mixed:near:rx	w16-p2-m2	9	stream	3	4194304	4670957548	4566271265	4802913957	4671517213	4568462298	4803336578	0	0	0
network-budget/formal-expanded-v2	tap:blocking:mixed:near:rx	w16-p2-m2	10	stream	3	4194304	4667456870	4494109768	4831842595	4668958397	4494960078	4834432000	0	0	0
network-budget/formal-expanded-v2	tap:blocking:mixed:near:rx	w16-p2-m2	11	stream	3	4194304	4666901106	4541891088	4827230844	4667724065	4543403192	4828127439	0	0	0
network-budget/formal-expanded-v2	tap:blocking:mixed:near:rx	w16-p2-m2	12	stream	3	4194304	4665544624	4556185275	4820765550	4666927790	4558649075	4823336906	0	0	0
network-budget/formal-expanded-v2	tap:blocking:mixed:near:rx	w16-p2-m2	13	stream	3	4194304	4632692982	4551859272	4824521826	4635460629	4553439290	4826268311	0	0	0
network-budget/formal-expanded-v2	tap:blocking:mixed:near:rx	w16-p2-m2	14	stream	3	4194304	4669747485	4553369264	4809776101	4670690903	4554389301	4810488612	0	0	0
network-budget/formal-expanded-v2	tap:blocking:mixed:near:rx	w16-p2-m2	15	stream	3	4194304	4661156287	4498170010	4777955259	4663538831	4499551764	4780404998	0	0	0
network-budget/formal-expanded-v2	tap:blocking:mixed:near:rx	w16-p2-m2	16	stream	3	4194304	4577688306	4548639134	4816996064	4578701040	4549805718	4818246208	0	0	0
network-budget/formal-expanded-v2	tap:blocking:mixed:near:rx	w16-p2-m2	17	stream	3	4194304	4646984267	4534261434	4833169612	4647678621	4536017554	4833288088	0	0	0
network-budget/formal-expanded-v2	tap:blocking:mixed:near:rx	w16-p2-m2	18	stream	3	4194304	4673081271	4565571156	4842235140	4675148134	4565856381	4842752988	0	0	0
network-budget/formal-expanded-v2	tap:blocking:mixed:near:rx	w16-p2-m2	19	stream	3	4194304	4677521649	4546416778	4789712847	4679393927	4547324690	4790810876	0	0	0
network-budget/formal-expanded-v2	tap:blocking:mixed:near:rx	w16-p2-m2	20	stream	3	4194304	4631072741	4491517975	4841917211	4632280434	4491628908	4844612355	0	0	0
network-budget/formal-expanded-v2	tap:blocking:mixed:near:rx	w16-p2-m2	21	stream	3	4194304	4626818035	4553751995	4823487308	4628941646	4555676281	4824914305	0	0	0
network-budget/formal-expanded-v2	tap:blocking:mixed:near:rx	w16-p2-m2	22	stream	3	4194304	4676993481	4507926707	4820291031	4678985393	4508080902	4820524785	0	0	0
network-budget/formal-expanded-v2	tap:blocking:mixed:near:rx	w16-p2-m2	23	stream	3	4194304	4667682802	4555049759	4837562572	4668653429	4556757336	4839583970	0	0	0
network-budget/formal-expanded-v2	tap:blocking:mixed:near:rx	w16-p2-m2	24	stream	3	4194304	4664851865	4560783062	4811306942	4664967963	4562680348	4811643497	0	0	0
network-budget/formal-expanded-v2	tap:blocking:mixed:near:rx	w16-p2-m2	25	stream	3	4194304	4651849467	4564431606	4828724427	4653431348	4564920792	4831130753	0	0	0
network-budget/formal-expanded-v2	tap:blocking:mixed:near:rx	w16-p2-m2	26	stream	3	4194304	4656622022	4541047647	4791556959	4658061657	4541254858	4793200625	0	0	0
network-budget/formal-expanded-v2	tap:blocking:mixed:near:rx	w16-p2-m2	27	control	3	65536	4815967781	4689920600	4998619992	4817647125	4690289791	4998619992	0	0	0
network-budget/formal-expanded-v2	tap:blocking:mixed:near:rx	w8-p1-m1	0	stream	3	4194304	5618229889	5605784882	6005399299	5620258944	5607529507	6007855596	0	0	0
network-budget/formal-expanded-v2	tap:blocking:mixed:near:rx	w8-p1-m1	1	stream	3	4194304	5625752263	5604200004	6019780870	5626994009	5606012748	6020054002	0	0	0
network-budget/formal-expanded-v2	tap:blocking:mixed:near:rx	w8-p1-m1	2	stream	3	4194304	5661004058	5614489518	6036399385	5662391160	5615208124	6037182933	0	0	0
network-budget/formal-expanded-v2	tap:blocking:mixed:near:rx	w8-p1-m1	3	stream	3	4194304	5642818806	5616326464	6052518133	5643566600	5617470191	6052518133	0	0	0
network-budget/formal-expanded-v2	tap:blocking:mixed:near:rx	w8-p1-m1	4	stream	3	4194304	5605505593	5566683033	6014438725	5606667949	5567678884	6015049336	0	0	0
network-budget/formal-expanded-v2	tap:blocking:mixed:near:rx	w8-p1-m1	5	stream	3	4194304	5669326066	5587504976	6013235758	5670686985	5589147408	6014555186	0	0	0
network-budget/formal-expanded-v2	tap:blocking:mixed:near:rx	w8-p1-m1	6	stream	3	4194304	5617608943	5595875204	6000941030	5617779406	5595875204	6002668449	0	0	0
network-budget/formal-expanded-v2	tap:blocking:mixed:near:rx	w8-p1-m1	7	stream	3	4194304	5698799399	5614320745	6024022558	5699047835	5615526605	6024545800	0	0	0
network-budget/formal-expanded-v2	tap:blocking:mixed:near:rx	w8-p1-m1	8	stream	3	4194304	5624163360	5579346468	6004864661	5625039365	5580253743	6007126220	0	0	0
network-budget/formal-expanded-v2	tap:blocking:mixed:near:rx	w8-p1-m1	9	stream	3	4194304	5629379720	5617955168	6002312253	5630880882	5619462552	6003971741	0	0	0
network-budget/formal-expanded-v2	tap:blocking:mixed:near:rx	w8-p1-m1	10	stream	3	4194304	5663015861	5603159178	5980969684	5665151178	5603938311	5982303811	0	0	0
network-budget/formal-expanded-v2	tap:blocking:mixed:near:rx	w8-p1-m1	11	stream	3	4194304	5697613356	5614472151	6050120461	5700099305	5614877832	6050986004	0	0	0
network-budget/formal-expanded-v2	tap:blocking:mixed:near:rx	w8-p1-m1	12	stream	3	4194304	5696259775	5613085532	6061389744	5696582721	5614399739	6062830532	0	0	0
network-budget/formal-expanded-v2	tap:blocking:mixed:near:rx	w8-p1-m1	13	stream	3	4194304	5681042877	5581745735	6063097612	5682779793	5582030076	6065084907	0	0	0
network-budget/formal-expanded-v2	tap:blocking:mixed:near:rx	w8-p1-m1	14	stream	3	4194304	5683445379	5630356193	6051491602	5683890383	5630864803	6052079036	0	0	0
network-budget/formal-expanded-v2	tap:blocking:mixed:near:rx	w8-p1-m1	15	stream	3	4194304	5689185658	5624112410	6053894208	5691026395	5626327909	6055170632	0	0	0
network-budget/formal-expanded-v2	tap:blocking:mixed:near:rx	w8-p1-m1	16	stream	3	4194304	5700881399	5620924031	6023919149	5702413248	5621497563	6025756773	0	0	0
network-budget/formal-expanded-v2	tap:blocking:mixed:near:rx	w8-p1-m1	17	stream	3	4194304	5699211060	5625355530	6046422256	5701401161	5627627423	6047544814	0	0	0
network-budget/formal-expanded-v2	tap:blocking:mixed:near:rx	w8-p1-m1	18	stream	3	4194304	5654888336	5625780654	6054845758	5655966912	5626853772	6056812896	0	0	0
network-budget/formal-expanded-v2	tap:blocking:mixed:near:rx	w8-p1-m1	19	stream	3	4194304	5685239567	5622253958	6053902076	5685705085	5624669577	6054853213	0	0	0
network-budget/formal-expanded-v2	tap:blocking:mixed:near:rx	w8-p1-m1	20	stream	3	4194304	5665472317	5632191705	6066878884	5665472317	5634627826	6066990366	0	0	0
network-budget/formal-expanded-v2	tap:blocking:mixed:near:rx	w8-p1-m1	21	stream	3	4194304	5688843004	5619719368	6052943504	5689830966	5621171485	6053995002	0	0	0
network-budget/formal-expanded-v2	tap:blocking:mixed:near:rx	w8-p1-m1	22	stream	3	4194304	5693281854	5630587308	6043824895	5693828841	5631986937	6044196246	0	0	0
network-budget/formal-expanded-v2	tap:blocking:mixed:near:rx	w8-p1-m1	23	stream	3	4194304	5678745547	5634302744	6066000005	5679131810	5636338500	6066665611	0	0	0
network-budget/formal-expanded-v2	tap:blocking:mixed:near:rx	w8-p1-m1	24	stream	3	4194304	5667708946	5600367815	6059231510	5669404741	5602616949	6059949303	0	0	0
network-budget/formal-expanded-v2	tap:blocking:mixed:near:rx	w8-p1-m1	25	stream	3	4194304	5696652297	5637618162	6058959103	5698100288	5637778693	6059180938	0	0	0
network-budget/formal-expanded-v2	tap:blocking:mixed:near:rx	w8-p1-m1	26	stream	3	4194304	5692432020	5633326966	6031024267	5693010423	5633690094	6032250110	0	0	0
network-budget/formal-expanded-v2	tap:blocking:mixed:near:rx	w8-p1-m1	27	control	3	65536	5812465217	5743327553	6172365572	5813799660	5743794144	6173548229	0	0	0
network-budget/formal-expanded-v2	tap:blocking:mixed:near:rx	w8-p4-m2	0	stream	3	4194304	5834444502	5534871345	6013203374	5835309333	5535649917	6014737550	0	0	0
network-budget/formal-expanded-v2	tap:blocking:mixed:near:rx	w8-p4-m2	1	stream	3	4194304	5864309357	5554427335	5950815071	5865465052	5554559097	5951044794	0	0	0
network-budget/formal-expanded-v2	tap:blocking:mixed:near:rx	w8-p4-m2	2	stream	3	4194304	5855252372	5555681606	5997473056	5857008433	5557997914	5998299692	0	0	0
network-budget/formal-expanded-v2	tap:blocking:mixed:near:rx	w8-p4-m2	3	stream	3	4194304	5867482688	5546613427	5979276723	5869396038	5548162217	5979795669	0	0	0
network-budget/formal-expanded-v2	tap:blocking:mixed:near:rx	w8-p4-m2	4	stream	3	4194304	5869919268	5533788539	5967846926	5870894900	5534378838	5969622779	0	0	0
network-budget/formal-expanded-v2	tap:blocking:mixed:near:rx	w8-p4-m2	5	stream	3	4194304	5853674996	5537364315	5999083414	5855326447	5539589564	6000033397	0	0	0
network-budget/formal-expanded-v2	tap:blocking:mixed:near:rx	w8-p4-m2	6	stream	3	4194304	5841777470	5555352706	6032093646	5843606596	5555737560	6033790323	0	0	0
network-budget/formal-expanded-v2	tap:blocking:mixed:near:rx	w8-p4-m2	7	stream	3	4194304	5838111506	5543115855	6008537831	5839735246	5545517290	6008604775	0	0	0
network-budget/formal-expanded-v2	tap:blocking:mixed:near:rx	w8-p4-m2	8	stream	3	4194304	5860458842	5545336462	6005618904	5860953998	5546204185	6007194597	0	0	0
network-budget/formal-expanded-v2	tap:blocking:mixed:near:rx	w8-p4-m2	9	stream	3	4194304	5874130382	5498209137	6050428277	5874275765	5498832510	6052693991	0	0	0
network-budget/formal-expanded-v2	tap:blocking:mixed:near:rx	w8-p4-m2	10	stream	3	4194304	5851211410	5561410574	6050684505	5852653703	5563112123	6051683892	0	0	0
network-budget/formal-expanded-v2	tap:blocking:mixed:near:rx	w8-p4-m2	11	stream	3	4194304	5861387837	5588410515	6052474056	5862666040	5588638370	6054120250	0	0	0
network-budget/formal-expanded-v2	tap:blocking:mixed:near:rx	w8-p4-m2	12	stream	3	4194304	5873508370	5549518462	6042667084	5875852760	5549518462	6043449772	0	0	0
network-budget/formal-expanded-v2	tap:blocking:mixed:near:rx	w8-p4-m2	13	stream	3	4194304	5857771954	5586800083	6038579929	5859709392	5589522760	6038579929	0	0	0
network-budget/formal-expanded-v2	tap:blocking:mixed:near:rx	w8-p4-m2	14	stream	3	4194304	5840482960	5578612650	6020058863	5841944497	5579916133	6020820486	0	0	0
network-budget/formal-expanded-v2	tap:blocking:mixed:near:rx	w8-p4-m2	15	stream	3	4194304	5872826208	5582298542	6056528643	5873165561	5584103651	6056939202	0	0	0
network-budget/formal-expanded-v2	tap:blocking:mixed:near:rx	w8-p4-m2	16	stream	3	4194304	5861778053	5573235142	6042656413	5863010278	5575198801	6043897461	0	0	0
network-budget/formal-expanded-v2	tap:blocking:mixed:near:rx	w8-p4-m2	17	stream	3	4194304	5846108565	5566714730	6059373618	5848070327	5568067113	6059539081	0	0	0
network-budget/formal-expanded-v2	tap:blocking:mixed:near:rx	w8-p4-m2	18	stream	3	4194304	5849381738	5572845542	6059227689	5850114208	5573963893	6059907951	0	0	0
network-budget/formal-expanded-v2	tap:blocking:mixed:near:rx	w8-p4-m2	19	stream	3	4194304	5863099413	5585642532	6029974631	5864494625	5586346950	6030282053	0	0	0
network-budget/formal-expanded-v2	tap:blocking:mixed:near:rx	w8-p4-m2	20	stream	3	4194304	5849355961	5564649596	6045659795	5850481309	5565650263	6046828864	0	0	0
network-budget/formal-expanded-v2	tap:blocking:mixed:near:rx	w8-p4-m2	21	stream	3	4194304	5879525718	5577660140	6057594366	5879525718	5577961747	6059043160	0	0	0
network-budget/formal-expanded-v2	tap:blocking:mixed:near:rx	w8-p4-m2	22	stream	3	4194304	5863658365	5567928084	6051443275	5864090991	5570509986	6053649448	0	0	0
network-budget/formal-expanded-v2	tap:blocking:mixed:near:rx	w8-p4-m2	23	stream	3	4194304	5853956744	5584495590	6045001939	5855009101	5585429146	6045455470	0	0	0
network-budget/formal-expanded-v2	tap:blocking:mixed:near:rx	w8-p4-m2	24	stream	3	4194304	5876011329	5581783811	6034926611	5878017625	5582238558	6036789968	0	0	0
network-budget/formal-expanded-v2	tap:blocking:mixed:near:rx	w8-p4-m2	25	stream	3	4194304	5826957690	5577881992	6049493016	5827508140	5578920000	6050092610	0	0	0
network-budget/formal-expanded-v2	tap:blocking:mixed:near:rx	w8-p4-m2	26	stream	3	4194304	5865228050	5567143558	6009674865	5866806418	5569184151	6011191069	0	0	0
network-budget/formal-expanded-v2	tap:blocking:mixed:near:rx	w8-p4-m2	27	control	3	65536	5991696782	5700795984	6173484963	5992408681	5703355827	6175674578	0	0	0
network-budget/formal-expanded-v2	tap:nonblocking:rr:1:rx	baseline	0	stream	3	65536	171919563	163830067	182562338	171919563	163830067	182562338	0	0	0
network-budget/formal-expanded-v2	tap:nonblocking:rr:1:rx	linux	0	stream	3	65536	64212299	63432057	70060749	64212299	63432057	70060749	0	0	0
network-budget/formal-expanded-v2	tap:nonblocking:rr:1:rx	w16-p2-m2	0	stream	3	65536	194196630	189109270	200946808	194196630	189109270	200946808	0	0	0
network-budget/formal-expanded-v2	tap:nonblocking:rr:1:rx	w8-p1-m1	0	stream	3	65536	183494889	183205662	193458976	183494889	183205662	193458976	0	0	0
network-budget/formal-expanded-v2	tap:nonblocking:rr:1:rx	w8-p4-m2	0	stream	3	65536	184431626	183673970	203580568	184431626	183673970	203580568	0	0	0
network-budget/formal-expanded-v2	tap:nonblocking:bulk:1:rx	baseline	0	stream	3	4194304	152244326	141170044	164459539	152244326	141170044	164459539	0	0	0
network-budget/formal-expanded-v2	tap:nonblocking:bulk:1:rx	linux	0	stream	3	4194304	33199530	32531402	35568855	33199530	32531402	35568855	0	0	0
network-budget/formal-expanded-v2	tap:nonblocking:bulk:1:rx	w16-p2-m2	0	stream	3	4194304	144216327	143222314	155681847	144216327	143222314	155681847	0	0	0
network-budget/formal-expanded-v2	tap:nonblocking:bulk:1:rx	w8-p1-m1	0	stream	3	4194304	175045878	174094893	199316972	175045878	174094893	199316972	0	0	0
network-budget/formal-expanded-v2	tap:nonblocking:bulk:1:rx	w8-p4-m2	0	stream	3	4194304	174482025	169292794	180435016	174482025	169292794	180435016	0	0	0
network-budget/formal-expanded-v2	tap:nonblocking:bulk:1:tx	baseline	0	stream	3	4194304	133599902	133039904	158348018	133599902	133039904	158348018	0	0	0
network-budget/formal-expanded-v2	tap:nonblocking:bulk:1:tx	linux	0	stream	3	4194304	39238995	36112488	42788712	39238995	36112488	42788712	0	0	0
network-budget/formal-expanded-v2	tap:nonblocking:bulk:1:tx	w16-p2-m2	0	stream	3	4194304	136000621	127434638	136551195	136000621	127434638	136551195	0	0	0
network-budget/formal-expanded-v2	tap:nonblocking:bulk:1:tx	w8-p1-m1	0	stream	3	4194304	163878565	155495396	165496609	163878565	155495396	165496609	0	0	0
network-budget/formal-expanded-v2	tap:nonblocking:bulk:1:tx	w8-p4-m2	0	stream	3	4194304	146077207	143961746	146993435	146077207	143961746	146993435	0	0	0
network-budget/formal-expanded-v2	tap:nonblocking:rr:5:rx	baseline	0	stream	3	65536	668098349	664707438	706539814	668148784	664781610	706627442	0	0	0
network-budget/formal-expanded-v2	tap:nonblocking:rr:5:rx	baseline	1	stream	3	65536	666210697	662222540	705229481	666257687	662222540	705263435	0	0	0
network-budget/formal-expanded-v2	tap:nonblocking:rr:5:rx	baseline	2	stream	3	65536	670945399	665639620	705463709	670976342	665639620	705463709	0	0	0
network-budget/formal-expanded-v2	tap:nonblocking:rr:5:rx	baseline	3	stream	3	65536	669749530	659441547	699971162	669824050	659460478	700135432	0	0	0
network-budget/formal-expanded-v2	tap:nonblocking:rr:5:rx	baseline	4	stream	3	65536	670455032	666935962	704992496	670517177	667062187	705014625	0	0	0
network-budget/formal-expanded-v2	tap:nonblocking:rr:5:rx	linux	0	stream	3	65536	403058521	388435156	418364939	403071920	388536258	418385750	0	0	0
network-budget/formal-expanded-v2	tap:nonblocking:rr:5:rx	linux	1	stream	3	65536	415404573	410355094	448730298	415459008	410355094	448819222	0	0	0
network-budget/formal-expanded-v2	tap:nonblocking:rr:5:rx	linux	2	stream	3	65536	425530949	349024334	455752438	425595792	349175669	455783934	0	0	0
network-budget/formal-expanded-v2	tap:nonblocking:rr:5:rx	linux	3	stream	3	65536	414190374	397669866	467718295	414398206	397669866	467718295	0	0	0
network-budget/formal-expanded-v2	tap:nonblocking:rr:5:rx	linux	4	stream	3	65536	405831387	398415420	418326992	405866686	398457518	418441906	0	0	0
network-budget/formal-expanded-v2	tap:nonblocking:rr:5:rx	w16-p2-m2	0	stream	3	65536	759817602	730334748	774850379	759817602	730398196	774874357	0	0	0
network-budget/formal-expanded-v2	tap:nonblocking:rr:5:rx	w16-p2-m2	1	stream	3	65536	758902401	729248673	782383985	759018009	729277069	782428328	0	0	0
network-budget/formal-expanded-v2	tap:nonblocking:rr:5:rx	w16-p2-m2	2	stream	3	65536	752214303	735742673	786277894	752282212	735757880	786385036	0	0	0
network-budget/formal-expanded-v2	tap:nonblocking:rr:5:rx	w16-p2-m2	3	stream	3	65536	756870990	734235214	779863937	756956661	734339649	779863937	0	0	0
network-budget/formal-expanded-v2	tap:nonblocking:rr:5:rx	w16-p2-m2	4	stream	3	65536	757311870	736419572	782171471	757361406	736419572	782244296	0	0	0
network-budget/formal-expanded-v2	tap:nonblocking:rr:5:rx	w8-p1-m1	0	stream	3	65536	775799161	754703262	898283310	775822388	754716078	898283310	0	0	0
network-budget/formal-expanded-v2	tap:nonblocking:rr:5:rx	w8-p1-m1	1	stream	3	65536	776285273	752446312	895745797	776297494	752534934	895771148	0	0	0
network-budget/formal-expanded-v2	tap:nonblocking:rr:5:rx	w8-p1-m1	2	stream	3	65536	774975018	755177941	899240880	774975018	755315138	899328399	0	0	0
network-budget/formal-expanded-v2	tap:nonblocking:rr:5:rx	w8-p1-m1	3	stream	3	65536	771844010	747691474	900172549	771900220	747740833	900368425	0	0	0
network-budget/formal-expanded-v2	tap:nonblocking:rr:5:rx	w8-p1-m1	4	stream	3	65536	767194035	755917243	891128514	767330407	755917243	891239287	0	0	0
network-budget/formal-expanded-v2	tap:nonblocking:rr:5:rx	w8-p4-m2	0	stream	3	65536	770510201	705542055	874315622	770633597	705542055	874436113	0	0	0
network-budget/formal-expanded-v2	tap:nonblocking:rr:5:rx	w8-p4-m2	1	stream	3	65536	770759902	711393115	876372462	770821332	711493128	876463498	0	0	0
network-budget/formal-expanded-v2	tap:nonblocking:rr:5:rx	w8-p4-m2	2	stream	3	65536	771785309	709991138	875739730	771785309	710063230	875791408	0	0	0
network-budget/formal-expanded-v2	tap:nonblocking:rr:5:rx	w8-p4-m2	3	stream	3	65536	771858467	713618218	874050120	772019517	713672378	874213219	0	0	0
network-budget/formal-expanded-v2	tap:nonblocking:rr:5:rx	w8-p4-m2	4	stream	3	65536	766256871	712630158	869050128	766328429	712752726	869050128	0	0	0
network-budget/formal-expanded-v2	tap:nonblocking:bulk:5:rx	baseline	0	stream	3	4194304	1004609914	1000048929	1004922274	1004707893	1000048929	1005007647	0	0	0
network-budget/formal-expanded-v2	tap:nonblocking:bulk:5:rx	baseline	1	stream	3	4194304	1006820599	994410481	1007228620	1007267076	994784816	1007617653	0	0	0
network-budget/formal-expanded-v2	tap:nonblocking:bulk:5:rx	baseline	2	stream	3	4194304	986636901	954258534	1001216536	986636901	954287141	1001264018	0	0	0
network-budget/formal-expanded-v2	tap:nonblocking:bulk:5:rx	baseline	3	stream	3	4194304	994905633	965773318	1000644030	995132296	965980683	1000747479	0	0	0
network-budget/formal-expanded-v2	tap:nonblocking:bulk:5:rx	baseline	4	stream	3	4194304	1005775978	971101774	1006428232	1006315059	971350104	1006428232	0	0	0
network-budget/formal-expanded-v2	tap:nonblocking:bulk:5:rx	linux	0	stream	3	4194304	154277044	153754395	175034232	154277044	153847928	175034232	0	0	0
network-budget/formal-expanded-v2	tap:nonblocking:bulk:5:rx	linux	1	stream	3	4194304	156877736	146433616	185375215	156906131	146845699	185498707	0	0	0
network-budget/formal-expanded-v2	tap:nonblocking:bulk:5:rx	linux	2	stream	3	4194304	156138026	151621321	188697419	156334136	152245846	188734238	0	0	0
network-budget/formal-expanded-v2	tap:nonblocking:bulk:5:rx	linux	3	stream	3	4194304	158018466	154511396	160247167	158145875	154705149	160672672	0	0	0
network-budget/formal-expanded-v2	tap:nonblocking:bulk:5:rx	linux	4	stream	3	4194304	148932876	148123050	164010631	148932876	148226887	164487809	0	0	0
network-budget/formal-expanded-v2	tap:nonblocking:bulk:5:rx	w16-p2-m2	0	stream	3	4194304	945377079	891824492	946374179	945377079	892159270	946537599	0	0	0
network-budget/formal-expanded-v2	tap:nonblocking:bulk:5:rx	w16-p2-m2	1	stream	3	4194304	930561999	890234772	954812919	930758231	890313787	954812919	0	0	0
network-budget/formal-expanded-v2	tap:nonblocking:bulk:5:rx	w16-p2-m2	2	stream	3	4194304	942648029	891151395	956318805	942753390	891304461	956409286	0	0	0
network-budget/formal-expanded-v2	tap:nonblocking:bulk:5:rx	w16-p2-m2	3	stream	3	4194304	938986889	888494001	958465300	939015624	888494001	958953436	0	0	0
network-budget/formal-expanded-v2	tap:nonblocking:bulk:5:rx	w16-p2-m2	4	stream	3	4194304	941834519	878727939	957719236	942338845	879207727	958033213	0	0	0
network-budget/formal-expanded-v2	tap:nonblocking:bulk:5:rx	w8-p1-m1	0	stream	3	4194304	1295195304	1088041425	1349993931	1295511749	1088131861	1349993931	0	0	0
network-budget/formal-expanded-v2	tap:nonblocking:bulk:5:rx	w8-p1-m1	1	stream	3	4194304	1286304227	1069278951	1338797511	1286358386	1069680269	1339367681	0	0	0
network-budget/formal-expanded-v2	tap:nonblocking:bulk:5:rx	w8-p1-m1	2	stream	3	4194304	1293192949	1091560125	1348572300	1293192949	1091738058	1348678189	0	0	0
network-budget/formal-expanded-v2	tap:nonblocking:bulk:5:rx	w8-p1-m1	3	stream	3	4194304	1271897188	1084137732	1346739359	1272104641	1084137732	1347146800	0	0	0
network-budget/formal-expanded-v2	tap:nonblocking:bulk:5:rx	w8-p1-m1	4	stream	3	4194304	1298446317	1086329160	1332713785	1298573874	1086897764	1332740345	0	0	0
network-budget/formal-expanded-v2	tap:nonblocking:bulk:5:rx	w8-p4-m2	0	stream	3	4194304	1151700432	1088926374	1200443171	1151700432	1089008829	1200443171	0	0	0
network-budget/formal-expanded-v2	tap:nonblocking:bulk:5:rx	w8-p4-m2	1	stream	3	4194304	1154716949	1087267224	1176190428	1155208061	1087267224	1176494674	0	0	0
network-budget/formal-expanded-v2	tap:nonblocking:bulk:5:rx	w8-p4-m2	2	stream	3	4194304	1149474251	1092414943	1204710964	1149719712	1092577547	1204734597	0	0	0
network-budget/formal-expanded-v2	tap:nonblocking:bulk:5:rx	w8-p4-m2	3	stream	3	4194304	1142646314	1082398492	1201689657	1142693249	1082822888	1201796246	0	0	0
network-budget/formal-expanded-v2	tap:nonblocking:bulk:5:rx	w8-p4-m2	4	stream	3	4194304	1153779573	1076168851	1205704036	1154155741	1076531818	1206145571	0	0	0
network-budget/formal-expanded-v2	tap:nonblocking:bulk:5:tx	baseline	0	stream	3	4194304	778819790	763514229	838916027	778819790	763607268	839239796	0	0	0
network-budget/formal-expanded-v2	tap:nonblocking:bulk:5:tx	baseline	1	stream	3	4194304	777837798	769932672	847021886	777986462	769932672	847199880	0	0	0
network-budget/formal-expanded-v2	tap:nonblocking:bulk:5:tx	baseline	2	stream	3	4194304	777616826	769097976	839337350	777660136	769318192	839588469	0	0	0
network-budget/formal-expanded-v2	tap:nonblocking:bulk:5:tx	baseline	3	stream	3	4194304	779099443	762251093	840459404	779359840	762604196	840562126	0	0	0
network-budget/formal-expanded-v2	tap:nonblocking:bulk:5:tx	baseline	4	stream	3	4194304	783587305	761975194	839845840	783959365	762114399	839845840	0	0	0
network-budget/formal-expanded-v2	tap:nonblocking:bulk:5:tx	linux	0	stream	3	4194304	154156933	148433573	155355483	154612819	148694838	155355483	0	0	0
network-budget/formal-expanded-v2	tap:nonblocking:bulk:5:tx	linux	1	stream	3	4194304	163326644	150692450	173701127	163399005	150732573	173701127	0	0	0
network-budget/formal-expanded-v2	tap:nonblocking:bulk:5:tx	linux	2	stream	3	4194304	159961394	143977103	173989494	160330037	143977103	174312222	0	0	0
network-budget/formal-expanded-v2	tap:nonblocking:bulk:5:tx	linux	3	stream	3	4194304	172392773	157237525	175881999	172552497	157550417	176090494	0	0	0
network-budget/formal-expanded-v2	tap:nonblocking:bulk:5:tx	linux	4	stream	3	4194304	171009704	150459746	171513452	171093705	150607197	171646166	0	0	0
network-budget/formal-expanded-v2	tap:nonblocking:bulk:5:tx	w16-p2-m2	0	stream	3	4194304	792020565	764123629	799255694	792020565	764273418	799671604	0	0	0
network-budget/formal-expanded-v2	tap:nonblocking:bulk:5:tx	w16-p2-m2	1	stream	3	4194304	793144411	763388852	798617908	793210926	763388852	798888607	0	0	0
network-budget/formal-expanded-v2	tap:nonblocking:bulk:5:tx	w16-p2-m2	2	stream	3	4194304	790968699	772203789	800788404	790968699	772479761	801142177	0	0	0
network-budget/formal-expanded-v2	tap:nonblocking:bulk:5:tx	w16-p2-m2	3	stream	3	4194304	791496775	770729419	800345035	791576704	770807924	800572195	0	0	0
network-budget/formal-expanded-v2	tap:nonblocking:bulk:5:tx	w16-p2-m2	4	stream	3	4194304	792085357	771349529	792782926	792239513	771532910	792931475	0	0	0
network-budget/formal-expanded-v2	tap:nonblocking:bulk:5:tx	w8-p1-m1	0	stream	3	4194304	940065511	869534168	960139527	940488670	869705979	960447620	0	0	0
network-budget/formal-expanded-v2	tap:nonblocking:bulk:5:tx	w8-p1-m1	1	stream	3	4194304	942218702	869776203	966160640	942218702	869859388	966244793	0	0	0
network-budget/formal-expanded-v2	tap:nonblocking:bulk:5:tx	w8-p1-m1	2	stream	3	4194304	940748690	863616239	966651729	940954021	863952361	966882106	0	0	0
network-budget/formal-expanded-v2	tap:nonblocking:bulk:5:tx	w8-p1-m1	3	stream	3	4194304	941832984	863634776	960013997	941934992	863634776	960188572	0	0	0
network-budget/formal-expanded-v2	tap:nonblocking:bulk:5:tx	w8-p1-m1	4	stream	3	4194304	947987783	864847445	959303367	948300658	865084376	959303367	0	0	0
network-budget/formal-expanded-v2	tap:nonblocking:bulk:5:tx	w8-p4-m2	0	stream	3	4194304	859504112	826473268	888244568	859504112	826641819	888324171	0	0	0
network-budget/formal-expanded-v2	tap:nonblocking:bulk:5:tx	w8-p4-m2	1	stream	3	4194304	868716364	821595666	886205456	868848177	821677658	886335772	0	0	0
network-budget/formal-expanded-v2	tap:nonblocking:bulk:5:tx	w8-p4-m2	2	stream	3	4194304	869833234	819754326	885448858	870037779	819950303	885448858	0	0	0
network-budget/formal-expanded-v2	tap:nonblocking:bulk:5:tx	w8-p4-m2	3	stream	3	4194304	867728965	823483770	891149191	867774541	823483770	891427737	0	0	0
network-budget/formal-expanded-v2	tap:nonblocking:bulk:5:tx	w8-p4-m2	4	stream	3	4194304	863998920	827763684	884624321	864252758	828088910	884828085	0	0	0
network-budget/formal-expanded-v2	tap:nonblocking:mixed:near:tx	baseline	0	stream	3	4194304	4724145430	4605518433	4772091707	4724836782	4606752512	4773441005	0	0	0
network-budget/formal-expanded-v2	tap:nonblocking:mixed:near:tx	baseline	1	stream	3	4194304	4670594648	3104037860	4764966918	4670696178	3105124444	4765324334	0	0	0
network-budget/formal-expanded-v2	tap:nonblocking:mixed:near:tx	baseline	2	stream	3	4194304	4906419092	4688999003	5254793357	4907204400	4690377506	5255937848	0	0	0
network-budget/formal-expanded-v2	tap:nonblocking:mixed:near:tx	baseline	3	stream	3	4194304	5038683724	3854492194	5087409135	5040654782	3856136423	5088413005	0	0	0
network-budget/formal-expanded-v2	tap:nonblocking:mixed:near:tx	baseline	4	stream	3	4194304	4843864406	3749971033	4885826176	4846122426	3751320785	4886294513	0	0	0
network-budget/formal-expanded-v2	tap:nonblocking:mixed:near:tx	baseline	5	stream	3	4194304	4880870089	3951246093	5029374878	4881190529	3952669248	5029518054	0	0	0
network-budget/formal-expanded-v2	tap:nonblocking:mixed:near:tx	baseline	6	stream	3	4194304	4754080106	3819503147	5275273104	4755923806	3819804517	5275877745	0	0	0
network-budget/formal-expanded-v2	tap:nonblocking:mixed:near:tx	baseline	7	stream	3	4194304	4219472717	4101058958	5066218849	4219553877	4102754205	5066218849	0	0	0
network-budget/formal-expanded-v2	tap:nonblocking:mixed:near:tx	baseline	8	stream	3	4194304	4708376307	4649190577	5244474721	4710104523	4651335499	5245008519	0	0	0
network-budget/formal-expanded-v2	tap:nonblocking:mixed:near:tx	baseline	9	stream	3	4194304	5104296231	4778500605	5227176388	5106226026	4779790041	5228439691	0	0	0
network-budget/formal-expanded-v2	tap:nonblocking:mixed:near:tx	baseline	10	stream	3	4194304	4658693008	4450050975	4665506351	4659734625	4451336212	4665506351	0	0	0
network-budget/formal-expanded-v2	tap:nonblocking:mixed:near:tx	baseline	11	stream	3	4194304	5338201134	4661771659	5343668869	5339784890	4662847391	5345018394	0	0	0
network-budget/formal-expanded-v2	tap:nonblocking:mixed:near:tx	baseline	12	stream	3	4194304	5272448943	4826590474	5326268221	5272661664	4828557498	5326956559	0	0	0
network-budget/formal-expanded-v2	tap:nonblocking:mixed:near:tx	baseline	13	stream	3	4194304	4904575482	4735628888	5255761660	4905440206	4736492789	5257537456	0	0	0
network-budget/formal-expanded-v2	tap:nonblocking:mixed:near:tx	baseline	14	stream	3	4194304	5069823768	4681310580	5206831778	5070539044	4683627956	5207745733	0	0	0
network-budget/formal-expanded-v2	tap:nonblocking:mixed:near:tx	baseline	15	stream	3	4194304	5022837678	4911726829	5140696573	5023668025	4913807724	5141377025	0	0	0
network-budget/formal-expanded-v2	tap:nonblocking:mixed:near:tx	baseline	16	stream	3	4194304	4924116650	4507678345	5075539077	4924604852	4509276940	5075539077	0	0	0
network-budget/formal-expanded-v2	tap:nonblocking:mixed:near:tx	baseline	17	stream	3	4194304	5080646234	4516708188	5292663711	5081643216	4517441970	5294725456	0	0	0
network-budget/formal-expanded-v2	tap:nonblocking:mixed:near:tx	baseline	18	stream	3	4194304	4947663823	3542520347	5206628202	4948824950	3544020367	5208193752	0	0	0
network-budget/formal-expanded-v2	tap:nonblocking:mixed:near:tx	baseline	19	stream	3	4194304	5178623685	4017979241	5228515846	5180482677	4018542169	5229457896	0	0	0
network-budget/formal-expanded-v2	tap:nonblocking:mixed:near:tx	baseline	20	stream	3	4194304	4893728561	4615858662	4894309164	4895248547	4617065822	4896088436	0	0	0
network-budget/formal-expanded-v2	tap:nonblocking:mixed:near:tx	baseline	21	stream	3	4194304	4588225435	3706478060	5104516442	4590355402	3707080975	5105280547	0	0	0
network-budget/formal-expanded-v2	tap:nonblocking:mixed:near:tx	baseline	22	stream	3	4194304	4711936627	4403706760	4874679100	4712455228	4404848047	4876485380	0	0	0
network-budget/formal-expanded-v2	tap:nonblocking:mixed:near:tx	baseline	23	stream	3	4194304	4744211794	3974780719	5333211721	4746218694	3976246706	5334703989	0	0	0
network-budget/formal-expanded-v2	tap:nonblocking:mixed:near:tx	baseline	24	stream	3	4194304	4770260976	4003935029	4881126789	4770732083	4004017601	4882830641	0	0	0
network-budget/formal-expanded-v2	tap:nonblocking:mixed:near:tx	baseline	25	stream	3	4194304	4334248331	4041404647	4397087044	4334483504	4042046972	4397461118	0	0	0
network-budget/formal-expanded-v2	tap:nonblocking:mixed:near:tx	baseline	26	stream	3	4194304	5177269478	4675104429	5196510250	5178209438	4675322792	5198148387	0	0	0
network-budget/formal-expanded-v2	tap:nonblocking:mixed:near:tx	baseline	27	control	3	65536	5460311306	5212353843	5473088381	5461582713	5213938069	5473839816	0	0	0
network-budget/formal-expanded-v2	tap:nonblocking:mixed:near:tx	linux	0	stream	3	4194304	1048648925	931719424	1121090813	1051155886	933077074	1121508582	0	0	0
network-budget/formal-expanded-v2	tap:nonblocking:mixed:near:tx	linux	1	stream	3	4194304	1011350069	924406475	1099993188	1012642778	926354285	1100444935	0	0	0
network-budget/formal-expanded-v2	tap:nonblocking:mixed:near:tx	linux	2	stream	3	4194304	1042656318	1022897074	1046280373	1043530599	1024546406	1048801905	0	0	0
network-budget/formal-expanded-v2	tap:nonblocking:mixed:near:tx	linux	3	stream	3	4194304	1059983545	1056150895	1106591613	1060706324	1056936926	1107589603	0	0	0
network-budget/formal-expanded-v2	tap:nonblocking:mixed:near:tx	linux	4	stream	3	4194304	1044184848	862352149	1051307230	1044517997	864183972	1053844690	0	0	0
network-budget/formal-expanded-v2	tap:nonblocking:mixed:near:tx	linux	5	stream	3	4194304	997991027	911518875	1006762512	998261830	913095890	1008801214	0	0	0
network-budget/formal-expanded-v2	tap:nonblocking:mixed:near:tx	linux	6	stream	3	4194304	1007839486	862732347	1027053973	1009133383	864969257	1028820411	0	0	0
network-budget/formal-expanded-v2	tap:nonblocking:mixed:near:tx	linux	7	stream	3	4194304	1049350027	1044266447	1092365347	1049753373	1046559273	1094470534	0	0	0
network-budget/formal-expanded-v2	tap:nonblocking:mixed:near:tx	linux	8	stream	3	4194304	1015649116	982041426	1108881145	1017524750	982749581	1109114078	0	0	0
network-budget/formal-expanded-v2	tap:nonblocking:mixed:near:tx	linux	9	stream	3	4194304	1039643252	1005984192	1069238717	1040788353	1007162498	1070003269	0	0	0
network-budget/formal-expanded-v2	tap:nonblocking:mixed:near:tx	linux	10	stream	3	4194304	974874150	867304033	1035221903	975196959	869065717	1036780985	0	0	0
network-budget/formal-expanded-v2	tap:nonblocking:mixed:near:tx	linux	11	stream	3	4194304	919449220	912858384	1069366566	921041954	914290572	1070173835	0	0	0
network-budget/formal-expanded-v2	tap:nonblocking:mixed:near:tx	linux	12	stream	3	4194304	1024201039	1016320873	1073806804	1026203460	1018574816	1074188023	0	0	0
network-budget/formal-expanded-v2	tap:nonblocking:mixed:near:tx	linux	13	stream	3	4194304	1020710287	1017278431	1095548231	1022818286	1018184860	1097730168	0	0	0
network-budget/formal-expanded-v2	tap:nonblocking:mixed:near:tx	linux	14	stream	3	4194304	1055395997	1008715411	1088642010	1055395997	1009692232	1089559319	0	0	0
network-budget/formal-expanded-v2	tap:nonblocking:mixed:near:tx	linux	15	stream	3	4194304	1061328720	1034134521	1081661996	1062708506	1034672791	1083372190	0	0	0
network-budget/formal-expanded-v2	tap:nonblocking:mixed:near:tx	linux	16	stream	3	4194304	1022705154	998154761	1066145616	1023776677	998154761	1066331851	0	0	0
network-budget/formal-expanded-v2	tap:nonblocking:mixed:near:tx	linux	17	stream	3	4194304	1035162124	1029553335	1103851427	1037237797	1030048048	1106280099	0	0	0
network-budget/formal-expanded-v2	tap:nonblocking:mixed:near:tx	linux	18	stream	3	4194304	1076328448	1013439564	1114575602	1078687691	1013914422	1115173496	0	0	0
network-budget/formal-expanded-v2	tap:nonblocking:mixed:near:tx	linux	19	stream	3	4194304	1040446937	1012996274	1066147683	1040549345	1013942753	1066818561	0	0	0
network-budget/formal-expanded-v2	tap:nonblocking:mixed:near:tx	linux	20	stream	3	4194304	1027805669	993963710	1099383289	1028459026	994541948	1101347131	0	0	0
network-budget/formal-expanded-v2	tap:nonblocking:mixed:near:tx	linux	21	stream	3	4194304	977033970	953373199	1051448096	978255379	954685619	1052053860	0	0	0
network-budget/formal-expanded-v2	tap:nonblocking:mixed:near:tx	linux	22	stream	3	4194304	1067675310	955773033	1087332913	1069161620	956865044	1087332913	0	0	0
network-budget/formal-expanded-v2	tap:nonblocking:mixed:near:tx	linux	23	stream	3	4194304	972722016	968303988	1099365890	974842842	969922363	1099896291	0	0	0
network-budget/formal-expanded-v2	tap:nonblocking:mixed:near:tx	linux	24	stream	3	4194304	1077295232	906693646	1083402990	1077950752	908600328	1084880338	0	0	0
network-budget/formal-expanded-v2	tap:nonblocking:mixed:near:tx	linux	25	stream	3	4194304	1003679289	987965242	1117693299	1003851743	989176527	1117835148	0	0	0
network-budget/formal-expanded-v2	tap:nonblocking:mixed:near:tx	linux	26	stream	3	4194304	1020683018	1019956394	1047346370	1021464023	1020732481	1048204201	0	0	0
network-budget/formal-expanded-v2	tap:nonblocking:mixed:near:tx	linux	27	control	3	65536	1124613503	1076414137	1157490725	1124759510	1078402012	1158232731	0	0	0
network-budget/formal-expanded-v2	tap:nonblocking:mixed:near:tx	w16-p2-m2	0	stream	3	4194304	12558452914	11897456488	13208899006	12560180550	11898612652	13209865577	0	0	0
network-budget/formal-expanded-v2	tap:nonblocking:mixed:near:tx	w16-p2-m2	1	stream	3	4194304	12426035521	11868014741	13253772706	12427613690	11868553732	13255282744	0	0	0
network-budget/formal-expanded-v2	tap:nonblocking:mixed:near:tx	w16-p2-m2	2	stream	3	4194304	12443696427	11904291158	13291082217	12445501733	11906362733	13291305346	0	0	0
network-budget/formal-expanded-v2	tap:nonblocking:mixed:near:tx	w16-p2-m2	3	stream	3	4194304	12648218870	11942489115	13265890277	12650152880	11944000069	13267157087	0	0	0
network-budget/formal-expanded-v2	tap:nonblocking:mixed:near:tx	w16-p2-m2	4	stream	3	4194304	12557878834	11914908958	13238931596	12558860621	11916126398	13239030505	0	0	0
network-budget/formal-expanded-v2	tap:nonblocking:mixed:near:tx	w16-p2-m2	5	stream	3	4194304	12559244208	11926713308	13193971838	12559244208	11926935074	13195827891	0	0	0
network-budget/formal-expanded-v2	tap:nonblocking:mixed:near:tx	w16-p2-m2	6	stream	3	4194304	12433347544	11724536689	12840676520	12434266030	11724982124	12841988020	0	0	0
network-budget/formal-expanded-v2	tap:nonblocking:mixed:near:tx	w16-p2-m2	7	stream	3	4194304	12240038357	11908285571	13242386852	12240876832	11910447154	13243552212	0	0	0
network-budget/formal-expanded-v2	tap:nonblocking:mixed:near:tx	w16-p2-m2	8	stream	3	4194304	12551235730	11933179070	13168651060	12551771834	11933179070	13170382087	0	0	0
network-budget/formal-expanded-v2	tap:nonblocking:mixed:near:tx	w16-p2-m2	9	stream	3	4194304	12648926067	11703244367	13268937426	12650252562	11704414428	13269472741	0	0	0
network-budget/formal-expanded-v2	tap:nonblocking:mixed:near:tx	w16-p2-m2	10	stream	3	4194304	12371706585	11773234017	13162194575	12373821257	11774844173	13163217614	0	0	0
network-budget/formal-expanded-v2	tap:nonblocking:mixed:near:tx	w16-p2-m2	11	stream	3	4194304	12338220218	11940471029	13089822703	12340074963	11941290562	13091721848	0	0	0
network-budget/formal-expanded-v2	tap:nonblocking:mixed:near:tx	w16-p2-m2	12	stream	3	4194304	12182322667	11906362005	13168497994	12183079709	11906665721	13170309270	0	0	0
network-budget/formal-expanded-v2	tap:nonblocking:mixed:near:tx	w16-p2-m2	13	stream	3	4194304	12535674881	11884629865	13289618165	12537200051	11885244644	13289618165	0	0	0
network-budget/formal-expanded-v2	tap:nonblocking:mixed:near:tx	w16-p2-m2	14	stream	3	4194304	12566148453	11775216197	13262453824	12568548046	11776554570	13263068970	0	0	0
network-budget/formal-expanded-v2	tap:nonblocking:mixed:near:tx	w16-p2-m2	15	stream	3	4194304	12528818485	11824148871	13214814238	12529885220	11824317629	13214987308	0	0	0
network-budget/formal-expanded-v2	tap:nonblocking:mixed:near:tx	w16-p2-m2	16	stream	3	4194304	12013679919	11949074388	12684051364	12013865236	11950636019	12684925223	0	0	0
network-budget/formal-expanded-v2	tap:nonblocking:mixed:near:tx	w16-p2-m2	17	stream	3	4194304	12398425124	11745644489	13020201043	12400073282	11747423614	13020597560	0	0	0
network-budget/formal-expanded-v2	tap:nonblocking:mixed:near:tx	w16-p2-m2	18	stream	3	4194304	12516102148	11621840303	13264484368	12518142095	11622917922	13265910404	0	0	0
network-budget/formal-expanded-v2	tap:nonblocking:mixed:near:tx	w16-p2-m2	19	stream	3	4194304	12539618825	11854647183	12834032379	12539700647	11855562149	12834524183	0	0	0
network-budget/formal-expanded-v2	tap:nonblocking:mixed:near:tx	w16-p2-m2	20	stream	3	4194304	12429103393	11923816910	13272314765	12430557335	11924781620	13273905366	0	0	0
network-budget/formal-expanded-v2	tap:nonblocking:mixed:near:tx	w16-p2-m2	21	stream	3	4194304	12539958236	11911428136	13243478885	12540213857	11912138174	13245140374	0	0	0
network-budget/formal-expanded-v2	tap:nonblocking:mixed:near:tx	w16-p2-m2	22	stream	3	4194304	12546215373	11845324742	13239179010	12546846855	11847256725	13239844038	0	0	0
network-budget/formal-expanded-v2	tap:nonblocking:mixed:near:tx	w16-p2-m2	23	stream	3	4194304	12508876187	11941242803	13118779879	12509194304	11942905842	13119992228	0	0	0
network-budget/formal-expanded-v2	tap:nonblocking:mixed:near:tx	w16-p2-m2	24	stream	3	4194304	11989939587	11855213823	13184455128	11990398889	11856641153	13184753623	0	0	0
network-budget/formal-expanded-v2	tap:nonblocking:mixed:near:tx	w16-p2-m2	25	stream	3	4194304	12532127033	11530544002	13044878144	12533240598	11531805707	13045964453	0	0	0
network-budget/formal-expanded-v2	tap:nonblocking:mixed:near:tx	w16-p2-m2	26	stream	3	4194304	12552082441	11905388702	13293783306	12554398525	11906771408	13294539049	0	0	0
network-budget/formal-expanded-v2	tap:nonblocking:mixed:near:tx	w16-p2-m2	27	control	3	65536	12690674044	12076455973	13443899582	12693193488	12077825096	13444056145	0	0	0
network-budget/formal-expanded-v2	tap:nonblocking:mixed:near:tx	w8-p1-m1	0	stream	3	4194304	12249744377	12124859078	12999223186	12251650878	12125303709	13001220037	0	0	0
network-budget/formal-expanded-v2	tap:nonblocking:mixed:near:tx	w8-p1-m1	1	stream	3	4194304	12083975338	12082064995	13013989495	12084824076	12083292886	13015792674	0	0	0
network-budget/formal-expanded-v2	tap:nonblocking:mixed:near:tx	w8-p1-m1	2	stream	3	4194304	12235114960	12001461168	12953570422	12235707102	12002204079	12954822485	0	0	0
network-budget/formal-expanded-v2	tap:nonblocking:mixed:near:tx	w8-p1-m1	3	stream	3	4194304	12141515419	12014346631	12944718957	12141877059	12014518679	12946730561	0	0	0
network-budget/formal-expanded-v2	tap:nonblocking:mixed:near:tx	w8-p1-m1	4	stream	3	4194304	12202216200	12148114809	12638769337	12203453308	12149298813	12639746200	0	0	0
network-budget/formal-expanded-v2	tap:nonblocking:mixed:near:tx	w8-p1-m1	5	stream	3	4194304	12219942644	12174116918	12912140622	12221718200	12175937561	12913234166	0	0	0
network-budget/formal-expanded-v2	tap:nonblocking:mixed:near:tx	w8-p1-m1	6	stream	3	4194304	12214701706	11946030362	12901309834	12216615594	11947367988	12901549663	0	0	0
network-budget/formal-expanded-v2	tap:nonblocking:mixed:near:tx	w8-p1-m1	7	stream	3	4194304	12257435648	12081617834	12979901518	12259163878	12083069072	12981314688	0	0	0
network-budget/formal-expanded-v2	tap:nonblocking:mixed:near:tx	w8-p1-m1	8	stream	3	4194304	12258634083	12165366625	12857767507	12258707104	12166503152	12858361402	0	0	0
network-budget/formal-expanded-v2	tap:nonblocking:mixed:near:tx	w8-p1-m1	9	stream	3	4194304	12193452373	12181786731	12529187046	12194138986	12182856762	12531070684	0	0	0
network-budget/formal-expanded-v2	tap:nonblocking:mixed:near:tx	w8-p1-m1	10	stream	3	4194304	12215080985	11815671744	13001201784	12215719320	11816951026	13002927845	0	0	0
network-budget/formal-expanded-v2	tap:nonblocking:mixed:near:tx	w8-p1-m1	11	stream	3	4194304	12204791803	12163375619	13018809514	12205304528	12163624093	13019097281	0	0	0
network-budget/formal-expanded-v2	tap:nonblocking:mixed:near:tx	w8-p1-m1	12	stream	3	4194304	12236099854	12113735323	12966297966	12236426312	12114743266	12966971969	0	0	0
network-budget/formal-expanded-v2	tap:nonblocking:mixed:near:tx	w8-p1-m1	13	stream	3	4194304	12213182581	12097863592	13005993222	12213313710	12098539287	13007168928	0	0	0
network-budget/formal-expanded-v2	tap:nonblocking:mixed:near:tx	w8-p1-m1	14	stream	3	4194304	12264738653	11848728404	13005453784	12265934455	11848830435	13007383325	0	0	0
network-budget/formal-expanded-v2	tap:nonblocking:mixed:near:tx	w8-p1-m1	15	stream	3	4194304	12199658298	12144348610	12926634908	12201212435	12144612994	12926749850	0	0	0
network-budget/formal-expanded-v2	tap:nonblocking:mixed:near:tx	w8-p1-m1	16	stream	3	4194304	12269287752	12207774414	12680773718	12269287752	12209755127	12681288139	0	0	0
network-budget/formal-expanded-v2	tap:nonblocking:mixed:near:tx	w8-p1-m1	17	stream	3	4194304	12254733562	12199020825	12943024254	12255455485	12199020825	12944559217	0	0	0
network-budget/formal-expanded-v2	tap:nonblocking:mixed:near:tx	w8-p1-m1	18	stream	3	4194304	12197218903	12181295018	12918285382	12197808678	12181802262	12918465506	0	0	0
network-budget/formal-expanded-v2	tap:nonblocking:mixed:near:tx	w8-p1-m1	19	stream	3	4194304	12406436192	12204723978	12872666297	12406872517	12206778094	12873125885	0	0	0
network-budget/formal-expanded-v2	tap:nonblocking:mixed:near:tx	w8-p1-m1	20	stream	3	4194304	12006316705	11967885883	12802832427	12007210524	11968066099	12804316435	0	0	0
network-budget/formal-expanded-v2	tap:nonblocking:mixed:near:tx	w8-p1-m1	21	stream	3	4194304	12138665630	12125765100	13015391249	12140035596	12127423592	13016286666	0	0	0
network-budget/formal-expanded-v2	tap:nonblocking:mixed:near:tx	w8-p1-m1	22	stream	3	4194304	12155624145	12045946137	12889726046	12156593649	12046762112	12889780884	0	0	0
network-budget/formal-expanded-v2	tap:nonblocking:mixed:near:tx	w8-p1-m1	23	stream	3	4194304	12261496475	12184193509	13013507487	12262921519	12185909922	13015611642	0	0	0
network-budget/formal-expanded-v2	tap:nonblocking:mixed:near:tx	w8-p1-m1	24	stream	3	4194304	12148803406	11872777013	12993211891	12150385787	11874374398	12993591589	0	0	0
network-budget/formal-expanded-v2	tap:nonblocking:mixed:near:tx	w8-p1-m1	25	stream	3	4194304	12165473315	12154724646	13139466484	12166359178	12156659133	13140230350	0	0	0
network-budget/formal-expanded-v2	tap:nonblocking:mixed:near:tx	w8-p1-m1	26	stream	3	4194304	12226174475	12182969830	13008410481	12227679414	12184619622	13009753513	0	0	0
network-budget/formal-expanded-v2	tap:nonblocking:mixed:near:tx	w8-p1-m1	27	control	3	65536	12350621959	12302123046	13105576656	12352118648	12304294876	13105576656	0	0	0
network-budget/formal-expanded-v2	tap:nonblocking:mixed:near:tx	w8-p4-m2	0	stream	3	4194304	5380252569	5343777233	5414917973	5380965766	5345702633	5416583769	0	0	0
network-budget/formal-expanded-v2	tap:nonblocking:mixed:near:tx	w8-p4-m2	1	stream	3	4194304	5385824492	5310160122	5421994007	5386145478	5311170853	5423681609	0	0	0
network-budget/formal-expanded-v2	tap:nonblocking:mixed:near:tx	w8-p4-m2	2	stream	3	4194304	5357485124	5305857289	5431559530	5357485124	5307356266	5432776276	0	0	0
network-budget/formal-expanded-v2	tap:nonblocking:mixed:near:tx	w8-p4-m2	3	stream	3	4194304	5361768151	5319523981	5428656320	5362838127	5321100783	5429395007	0	0	0
network-budget/formal-expanded-v2	tap:nonblocking:mixed:near:tx	w8-p4-m2	4	stream	3	4194304	5383035680	5323191281	5400726205	5383827220	5325445986	5401859812	0	0	0
network-budget/formal-expanded-v2	tap:nonblocking:mixed:near:tx	w8-p4-m2	5	stream	3	4194304	5370146804	5326661900	5411002980	5371730793	5328448133	5411466084	0	0	0
network-budget/formal-expanded-v2	tap:nonblocking:mixed:near:tx	w8-p4-m2	6	stream	3	4194304	5378456052	5346308773	5435086644	5379409163	5347009538	5437130988	0	0	0
network-budget/formal-expanded-v2	tap:nonblocking:mixed:near:tx	w8-p4-m2	7	stream	3	4194304	5387591412	5343512265	5422620900	5388977038	5345462999	5423503228	0	0	0
network-budget/formal-expanded-v2	tap:nonblocking:mixed:near:tx	w8-p4-m2	8	stream	3	4194304	5384539353	5324209372	5413444876	5384731471	5326062996	5414006940	0	0	0
network-budget/formal-expanded-v2	tap:nonblocking:mixed:near:tx	w8-p4-m2	9	stream	3	4194304	5356856427	5310852764	5435383023	5358896100	5312528490	5435383023	0	0	0
network-budget/formal-expanded-v2	tap:nonblocking:mixed:near:tx	w8-p4-m2	10	stream	3	4194304	5368572329	5300365448	5441354225	5369010757	5301236479	5441668610	0	0	0
network-budget/formal-expanded-v2	tap:nonblocking:mixed:near:tx	w8-p4-m2	11	stream	3	4194304	5360527808	5318218461	5399998319	5361669801	5319534294	5401384822	0	0	0
network-budget/formal-expanded-v2	tap:nonblocking:mixed:near:tx	w8-p4-m2	12	stream	3	4194304	5373784793	5334556756	5427852139	5375505401	5335207907	5428469184	0	0	0
network-budget/formal-expanded-v2	tap:nonblocking:mixed:near:tx	w8-p4-m2	13	stream	3	4194304	5378823352	5326756383	5425612394	5380019120	5327210262	5426699615	0	0	0
network-budget/formal-expanded-v2	tap:nonblocking:mixed:near:tx	w8-p4-m2	14	stream	3	4194304	5389897259	5346386355	5440883544	5390631726	5347147421	5442530456	0	0	0
network-budget/formal-expanded-v2	tap:nonblocking:mixed:near:tx	w8-p4-m2	15	stream	3	4194304	5362916561	5330615892	5414541645	5363784276	5331748186	5414747030	0	0	0
network-budget/formal-expanded-v2	tap:nonblocking:mixed:near:tx	w8-p4-m2	16	stream	3	4194304	5383753918	5329000233	5423097758	5385975296	5329544883	5424109883	0	0	0
network-budget/formal-expanded-v2	tap:nonblocking:mixed:near:tx	w8-p4-m2	17	stream	3	4194304	5366142175	5319274866	5436345961	5366764240	5320191889	5438288048	0	0	0
network-budget/formal-expanded-v2	tap:nonblocking:mixed:near:tx	w8-p4-m2	18	stream	3	4194304	5362943512	5318698169	5397338017	5364423878	5318801339	5398803209	0	0	0
network-budget/formal-expanded-v2	tap:nonblocking:mixed:near:tx	w8-p4-m2	19	stream	3	4194304	5380075112	5341320334	5445350710	5382049017	5342113767	5446883465	0	0	0
network-budget/formal-expanded-v2	tap:nonblocking:mixed:near:tx	w8-p4-m2	20	stream	3	4194304	5360175724	5300610636	5427175559	5361438651	5300610636	5427580487	0	0	0
network-budget/formal-expanded-v2	tap:nonblocking:mixed:near:tx	w8-p4-m2	21	stream	3	4194304	5368067814	5312596919	5400380695	5369934839	5313993120	5402246384	0	0	0
network-budget/formal-expanded-v2	tap:nonblocking:mixed:near:tx	w8-p4-m2	22	stream	3	4194304	5381239325	5335611400	5446747808	5383040024	5337654726	5448347753	0	0	0
network-budget/formal-expanded-v2	tap:nonblocking:mixed:near:tx	w8-p4-m2	23	stream	3	4194304	5372977911	5326042176	5442062468	5375098345	5326259064	5443819807	0	0	0
network-budget/formal-expanded-v2	tap:nonblocking:mixed:near:tx	w8-p4-m2	24	stream	3	4194304	5365309108	5332664152	5429174606	5365412482	5333878616	5429683981	0	0	0
network-budget/formal-expanded-v2	tap:nonblocking:mixed:near:tx	w8-p4-m2	25	stream	3	4194304	5379340842	5341911511	5433790860	5380679525	5344059456	5435085698	0	0	0
network-budget/formal-expanded-v2	tap:nonblocking:mixed:near:tx	w8-p4-m2	26	stream	3	4194304	5359809851	5340203144	5428063855	5360334784	5340506803	5428147497	0	0	0
network-budget/formal-expanded-v2	tap:nonblocking:mixed:near:tx	w8-p4-m2	27	control	3	65536	5503170036	5463520161	5564054630	5503585453	5464154037	5565422719	0	0	0
network-budget/formal-expanded-v2	loopback:blocking:rr:near:rx	baseline	4	stream	3	65536	1900142800	1851144100	2004764200	1900614400	1851625300	2005119700	0	0	0
network-budget/formal-expanded-v2	loopback:blocking:rr:near:rx	baseline	2	stream	3	65536	1900691700	1859061200	2002493000	1900961700	1859451000	2002659500	0	0	0
network-budget/formal-expanded-v2	loopback:blocking:rr:near:rx	baseline	1	stream	3	65536	1894595000	1860647500	1985038600	1894767000	1860939100	1985038600	0	0	0
network-budget/formal-expanded-v2	loopback:blocking:rr:near:rx	baseline	0	stream	3	65536	1884711400	1861399300	2002594100	1885848600	1861573100	2003651200	0	0	0
network-budget/formal-expanded-v2	loopback:blocking:rr:near:rx	baseline	8	stream	3	65536	1901448600	1861273200	1994567900	1902227200	1862125000	1995191000	0	0	0
network-budget/formal-expanded-v2	loopback:blocking:rr:near:rx	baseline	9	stream	3	65536	1896870400	1863490700	2002803100	1898093800	1864426900	2003512800	0	0	0
network-budget/formal-expanded-v2	loopback:blocking:rr:near:rx	baseline	11	stream	3	65536	1898795800	1864524700	1997418900	1899755500	1865924300	1998300100	0	0	0
network-budget/formal-expanded-v2	loopback:blocking:rr:near:rx	baseline	12	stream	3	65536	1893861500	1865503600	1991514000	1895261900	1866614800	1992483900	0	0	0
network-budget/formal-expanded-v2	loopback:blocking:rr:near:rx	baseline	3	stream	3	65536	1901666000	1867109700	2001928900	1902032700	1867109700	2002192800	0	0	0
network-budget/formal-expanded-v2	loopback:blocking:rr:near:rx	baseline	10	stream	3	65536	1902450300	1866995200	1999463500	1903322100	1868017400	2000259000	0	0	0
network-budget/formal-expanded-v2	loopback:blocking:rr:near:rx	baseline	6	stream	3	65536	1901317500	1867565500	1993215600	1901906700	1868233500	1993751100	0	0	0
network-budget/formal-expanded-v2	loopback:blocking:rr:near:rx	baseline	13	stream	3	65536	1891765500	1867227900	1995493400	1892815300	1868427400	1996845700	0	0	0
network-budget/formal-expanded-v2	loopback:blocking:rr:near:rx	baseline	7	stream	3	65536	1903363400	1868749300	1996423300	1904039900	1869508500	1997567400	0	0	0
network-budget/formal-expanded-v2	loopback:blocking:rr:near:rx	baseline	5	stream	3	65536	1891167900	1869562900	2000746500	1891167900	1870139300	2001194800	0	0	0
network-budget/formal-expanded-v2	loopback:blocking:rr:near:rx	linux	12	stream	3	65536	2522226100	2396612800	2578722000	2522674100	2396612800	2579018300	0	0	0
network-budget/formal-expanded-v2	loopback:blocking:rr:near:rx	linux	10	stream	3	65536	2546172800	2414521100	2583517200	2547153000	2417387900	2584973200	0	0	0
network-budget/formal-expanded-v2	loopback:blocking:rr:near:rx	linux	3	stream	3	65536	2524279600	2425560300	2607217200	2525840600	2427806700	2608071800	0	0	0
network-budget/formal-expanded-v2	loopback:blocking:rr:near:rx	linux	6	stream	3	65536	2548179400	2433166700	2609504100	2548882200	2435912200	2611443400	0	0	0
network-budget/formal-expanded-v2	loopback:blocking:rr:near:rx	linux	1	stream	3	65536	2538823900	2428800100	2614895400	2539392800	2430813400	2616472500	0	0	0
network-budget/formal-expanded-v2	loopback:blocking:rr:near:rx	linux	5	stream	3	65536	2516548700	2428633000	2616921200	2518409500	2430122600	2618747700	0	0	0
network-budget/formal-expanded-v2	loopback:blocking:rr:near:rx	linux	11	stream	3	65536	2514079200	2430638800	2619464300	2514918500	2433127400	2620210000	0	0	0
network-budget/formal-expanded-v2	loopback:blocking:rr:near:rx	linux	0	stream	3	65536	2473547900	2407711500	2617108800	2474877600	2409841100	2620669800	0	0	0
network-budget/formal-expanded-v2	loopback:blocking:rr:near:rx	linux	2	stream	3	65536	2527071200	2365509900	2630564100	2527071200	2368119400	2631023000	0	0	0
network-budget/formal-expanded-v2	loopback:blocking:rr:near:rx	linux	13	stream	3	65536	2549465000	2435636400	2631584700	2550681600	2437995300	2631584700	0	0	0
network-budget/formal-expanded-v2	loopback:blocking:rr:near:rx	linux	8	stream	3	65536	2527816300	2413380600	2637894100	2529264200	2415023400	2638493300	0	0	0
network-budget/formal-expanded-v2	loopback:blocking:rr:near:rx	linux	9	stream	3	65536	2540277000	2372500200	2639397700	2541959300	2375530900	2640470200	0	0	0
network-budget/formal-expanded-v2	loopback:blocking:rr:near:rx	linux	4	stream	3	65536	2547142200	2433816600	2639196000	2547457200	2435593200	2642535100	0	0	0
network-budget/formal-expanded-v2	loopback:blocking:rr:near:rx	linux	7	stream	3	65536	2519767600	2434814500	2642708200	2520865300	2436710200	2643669500	0	0	0
network-budget/formal-expanded-v2	loopback:blocking:rr:near:rx	w16-p2-m2	9	stream	3	65536	2289106100	2257693800	2297673700	2290001200	2259089600	2298441200	0	0	0
network-budget/formal-expanded-v2	loopback:blocking:rr:near:rx	w16-p2-m2	5	stream	3	65536	2292062700	2260959800	2300223300	2293410300	2262247500	2300657100	0	0	0
network-budget/formal-expanded-v2	loopback:blocking:rr:near:rx	w16-p2-m2	3	stream	3	65536	2296986000	2264051700	2306540000	2297436400	2264368500	2306741300	0	0	0
network-budget/formal-expanded-v2	loopback:blocking:rr:near:rx	w16-p2-m2	6	stream	3	65536	2291346300	2264155800	2295205800	2292804100	2264697500	2295752800	0	0	0
network-budget/formal-expanded-v2	loopback:blocking:rr:near:rx	w16-p2-m2	2	stream	3	65536	2300984800	2267458900	2306760000	2301319100	2267458900	2308465500	0	0	0
network-budget/formal-expanded-v2	loopback:blocking:rr:near:rx	w16-p2-m2	0	stream	3	65536	2300721100	2267016400	2301685000	2300721100	2268196700	2303013900	0	0	0
network-budget/formal-expanded-v2	loopback:blocking:rr:near:rx	w16-p2-m2	4	stream	3	65536	2295961900	2268316200	2297295600	2296283800	2268746500	2297859800	0	0	0
network-budget/formal-expanded-v2	loopback:blocking:rr:near:rx	w16-p2-m2	7	stream	3	65536	2283482500	2270288400	2290762900	2284160700	2270940100	2291421600	0	0	0
network-budget/formal-expanded-v2	loopback:blocking:rr:near:rx	w16-p2-m2	13	stream	3	65536	2295511600	2269989600	2306624300	2296747200	2271648600	2307836900	0	0	0
network-budget/formal-expanded-v2	loopback:blocking:rr:near:rx	w16-p2-m2	12	stream	3	65536	2293666200	2271915600	2300799300	2294784800	2272991100	2303613800	0	0	0
network-budget/formal-expanded-v2	loopback:blocking:rr:near:rx	w16-p2-m2	8	stream	3	65536	2277487500	2273310200	2308183600	2278275000	2274069000	2309621700	0	0	0
network-budget/formal-expanded-v2	loopback:blocking:rr:near:rx	w16-p2-m2	11	stream	3	65536	2287282300	2273771900	2306492400	2288998500	2274742600	2307474900	0	0	0
network-budget/formal-expanded-v2	loopback:blocking:rr:near:rx	w16-p2-m2	1	stream	3	65536	2294969100	2275684100	2305699300	2295178700	2275879300	2305699300	0	0	0
network-budget/formal-expanded-v2	loopback:blocking:rr:near:rx	w16-p2-m2	10	stream	3	65536	2291205900	2275963000	2299634700	2292212400	2276828400	2300509900	0	0	0
network-budget/formal-expanded-v2	loopback:blocking:rr:near:rx	w8-p1-m1	13	stream	3	65536	2255528200	2248701000	2348951300	2257176800	2250093500	2350314900	0	0	0
network-budget/formal-expanded-v2	loopback:blocking:rr:near:rx	w8-p1-m1	6	stream	3	65536	2260635100	2251303200	2344932500	2261388300	2252251300	2345835300	0	0	0
network-budget/formal-expanded-v2	loopback:blocking:rr:near:rx	w8-p1-m1	4	stream	3	65536	2262824600	2247441700	2345845500	2263470300	2248161700	2346526200	0	0	0
network-budget/formal-expanded-v2	loopback:blocking:rr:near:rx	w8-p1-m1	11	stream	3	65536	2263167700	2241932700	2353008900	2264370400	2243723900	2354255900	0	0	0
network-budget/formal-expanded-v2	loopback:blocking:rr:near:rx	w8-p1-m1	8	stream	3	65536	2263614800	2248623300	2347669700	2264607600	2249791200	2348684300	0	0	0
network-budget/formal-expanded-v2	loopback:blocking:rr:near:rx	w8-p1-m1	0	stream	3	65536	2265571100	2248433500	2354286900	2265761200	2249937900	2355764100	0	0	0
network-budget/formal-expanded-v2	loopback:blocking:rr:near:rx	w8-p1-m1	3	stream	3	65536	2265880100	2236434300	2351282500	2266412300	2237031400	2351850800	0	0	0
network-budget/formal-expanded-v2	loopback:blocking:rr:near:rx	w8-p1-m1	1	stream	3	65536	2266772900	2237284300	2352429600	2267079700	2237765800	2352885600	0	0	0
network-budget/formal-expanded-v2	loopback:blocking:rr:near:rx	w8-p1-m1	2	stream	3	65536	2269057900	2234650900	2350176700	2269476700	2234650900	2350176700	0	0	0
network-budget/formal-expanded-v2	loopback:blocking:rr:near:rx	w8-p1-m1	7	stream	3	65536	2269325100	2228438800	2337598700	2270213400	2229496700	2337811800	0	0	0
network-budget/formal-expanded-v2	loopback:blocking:rr:near:rx	w8-p1-m1	10	stream	3	65536	2270988700	2243821900	2353735400	2270988700	2245102200	2354863100	0	0	0
network-budget/formal-expanded-v2	loopback:blocking:rr:near:rx	w8-p1-m1	5	stream	3	65536	2269963100	2240681000	2342096900	2271273700	2241517000	2342887200	0	0	0
network-budget/formal-expanded-v2	loopback:blocking:rr:near:rx	w8-p1-m1	12	stream	3	65536	2271145900	2242631500	2347854700	2272565300	2242995400	2348194700	0	0	0
network-budget/formal-expanded-v2	loopback:blocking:rr:near:rx	w8-p1-m1	9	stream	3	65536	2272230100	2250110800	2353237100	2273327600	2250350900	2355108300	0	0	0
network-budget/formal-expanded-v2	loopback:blocking:rr:near:rx	w8-p4-m2	9	stream	3	65536	2297988800	2259945800	2347855100	2298849100	2260790200	2348630900	0	0	0
network-budget/formal-expanded-v2	loopback:blocking:rr:near:rx	w8-p4-m2	10	stream	3	65536	2298329400	2266422400	2347593600	2299297900	2268000600	2348482500	0	0	0
network-budget/formal-expanded-v2	loopback:blocking:rr:near:rx	w8-p4-m2	7	stream	3	65536	2295159900	2268409500	2348088200	2295793100	2269038900	2348753300	0	0	0
network-budget/formal-expanded-v2	loopback:blocking:rr:near:rx	w8-p4-m2	12	stream	3	65536	2281073600	2270090200	2345726500	2282253200	2271146900	2346845100	0	0	0
network-budget/formal-expanded-v2	loopback:blocking:rr:near:rx	w8-p4-m2	1	stream	3	65536	2289043500	2273365600	2346356700	2289043500	2273554700	2346356700	0	0	0
network-budget/formal-expanded-v2	loopback:blocking:rr:near:rx	w8-p4-m2	13	stream	3	65536	2286714200	2272769000	2347015000	2288107200	2273930200	2348242600	0	0	0
network-budget/formal-expanded-v2	loopback:blocking:rr:near:rx	w8-p4-m2	8	stream	3	65536	2291791600	2273467800	2348640500	2292538600	2274200900	2350089700	0	0	0
network-budget/formal-expanded-v2	loopback:blocking:rr:near:rx	w8-p4-m2	0	stream	3	65536	2290589000	2273701300	2336469400	2291873800	2273701300	2338132900	0	0	0
network-budget/formal-expanded-v2	loopback:blocking:rr:near:rx	w8-p4-m2	4	stream	3	65536	2295605900	2275492800	2342045900	2296025800	2275910400	2342374100	0	0	0
network-budget/formal-expanded-v2	loopback:blocking:rr:near:rx	w8-p4-m2	5	stream	3	65536	2288145400	2276272100	2349479200	2289726000	2276797100	2349920800	0	0	0
network-budget/formal-expanded-v2	loopback:blocking:rr:near:rx	w8-p4-m2	3	stream	3	65536	2286784600	2276627000	2329707800	2287093900	2276932200	2329913300	0	0	0
network-budget/formal-expanded-v2	loopback:blocking:rr:near:rx	w8-p4-m2	6	stream	3	65536	2299346900	2276981500	2341482300	2299875100	2278348300	2342035300	0	0	0
network-budget/formal-expanded-v2	loopback:blocking:rr:near:rx	w8-p4-m2	11	stream	3	65536	2288909300	2278795100	2344355700	2289982200	2279746500	2345357900	0	0	0
network-budget/formal-expanded-v2	loopback:blocking:rr:near:rx	w8-p4-m2	2	stream	3	65536	2294664400	2279020900	2339530600	2294856000	2280285100	2340869500	0	0	0
network-budget/formal-expanded-v2	tap:nonblocking:rr:near:rx	baseline	0	stream	3	65536	4104739727	3815523830	4511741898	4105242375	3815841834	4512179426	0	0	0
network-budget/formal-expanded-v2	tap:nonblocking:rr:near:rx	baseline	1	stream	3	65536	4102744280	3825374293	4503548453	4103095146	3825854481	4503733235	0	0	0
network-budget/formal-expanded-v2	tap:nonblocking:rr:near:rx	baseline	2	stream	3	65536	4106930672	3822019603	4507656643	4107105436	3822221924	4507997036	0	0	0
network-budget/formal-expanded-v2	tap:nonblocking:rr:near:rx	baseline	3	stream	3	65536	4108332283	3817834264	4513257435	4108826258	3817967685	4513556390	0	0	0
network-budget/formal-expanded-v2	tap:nonblocking:rr:near:rx	baseline	4	stream	3	65536	4109675056	3830070888	4506311268	4109998982	3830501167	4506689995	0	0	0
network-budget/formal-expanded-v2	tap:nonblocking:rr:near:rx	baseline	5	stream	3	65536	4109703123	3823680315	4506173755	4110163635	3824230825	4506373036	0	0	0
network-budget/formal-expanded-v2	tap:nonblocking:rr:near:rx	baseline	6	stream	3	65536	4105804230	3827144892	4508279707	4106028922	3827144892	4508368362	0	0	0
network-budget/formal-expanded-v2	tap:nonblocking:rr:near:rx	baseline	7	stream	3	65536	4113966933	3830908660	4508274347	4114073037	3831138922	4508719301	0	0	0
network-budget/formal-expanded-v2	tap:nonblocking:rr:near:rx	baseline	8	stream	3	65536	4103339021	3827657285	4506028572	4103399444	3828229512	4506028572	0	0	0
network-budget/formal-expanded-v2	tap:nonblocking:rr:near:rx	baseline	9	stream	3	65536	4113074730	3828316637	4509607052	4113226220	3828918676	4510082424	0	0	0
network-budget/formal-expanded-v2	tap:nonblocking:rr:near:rx	baseline	10	stream	3	65536	4112653915	3828041520	4502335712	4113065351	3828577700	4502368137	0	0	0
network-budget/formal-expanded-v2	tap:nonblocking:rr:near:rx	baseline	11	stream	3	65536	4111083587	3825367297	4510390196	4111734196	3825667139	4510609539	0	0	0
network-budget/formal-expanded-v2	tap:nonblocking:rr:near:rx	baseline	12	stream	3	65536	4105236510	3824488797	4504150879	4105505646	3824746540	4504264131	0	0	0
network-budget/formal-expanded-v2	tap:nonblocking:rr:near:rx	baseline	13	stream	3	65536	4112952930	3829442320	4496194988	4113346675	3829946855	4496277197	0	0	0
network-budget/formal-expanded-v2	tap:nonblocking:rr:near:rx	baseline	14	stream	3	65536	4104772210	3826830222	4503560123	4105087347	3827275742	4503916436	0	0	0
network-budget/formal-expanded-v2	tap:nonblocking:rr:near:rx	baseline	15	stream	3	65536	4108532976	3824134757	4497296612	4108962766	3824378292	4497577769	0	0	0
network-budget/formal-expanded-v2	tap:nonblocking:rr:near:rx	baseline	16	stream	3	65536	4107265503	3830668388	4512200090	4107630160	3830950462	4512371457	0	0	0
network-budget/formal-expanded-v2	tap:nonblocking:rr:near:rx	baseline	17	stream	3	65536	4103451914	3828157277	4511921553	4103592243	3828431225	4512016715	0	0	0
network-budget/formal-expanded-v2	tap:nonblocking:rr:near:rx	baseline	18	stream	3	65536	4111050080	3826722748	4511477248	4111426666	3827012937	4511851252	0	0	0
network-budget/formal-expanded-v2	tap:nonblocking:rr:near:rx	baseline	19	stream	3	65536	4098663686	3821391756	4511608572	4098663686	3821772371	4511663684	0	0	0
network-budget/formal-expanded-v2	tap:nonblocking:rr:near:rx	baseline	20	stream	3	65536	4111147215	3828385366	4510018414	4111665984	3828969936	4510281334	0	0	0
network-budget/formal-expanded-v2	tap:nonblocking:rr:near:rx	baseline	21	stream	3	65536	4109813757	3826546015	4508311211	4110425595	3826884957	4508557641	0	0	0
network-budget/formal-expanded-v2	tap:nonblocking:rr:near:rx	baseline	22	stream	3	65536	4109880129	3817521223	4506926307	4110351688	3817710372	4506943106	0	0	0
network-budget/formal-expanded-v2	tap:nonblocking:rr:near:rx	baseline	23	stream	3	65536	4113983883	3818027932	4510260436	4114494486	3818397758	4510437899	0	0	0
network-budget/formal-expanded-v2	tap:nonblocking:rr:near:rx	baseline	24	stream	3	65536	4107586890	3822123072	4508475849	4107884169	3822475421	4508894249	0	0	0
network-budget/formal-expanded-v2	tap:nonblocking:rr:near:rx	baseline	25	stream	3	65536	4111587287	3825618138	4503353383	4112179107	3825976867	4503509896	0	0	0
network-budget/formal-expanded-v2	tap:nonblocking:rr:near:rx	baseline	26	stream	3	65536	4108530021	3823135455	4500863269	4109076414	3823606025	4501156254	0	0	0
network-budget/formal-expanded-v2	tap:nonblocking:rr:near:rx	baseline	27	stream	3	65536	4105405003	3821713508	4513460300	4105642429	3821933458	4513785614	0	0	0
network-budget/formal-expanded-v2	tap:nonblocking:rr:near:rx	linux	0	stream	3	65536	2043154906	2013266982	2136551805	2043290730	2013421886	2137035123	0	0	0
network-budget/formal-expanded-v2	tap:nonblocking:rr:near:rx	linux	1	stream	3	65536	2363118647	2266222918	2652210661	2363693503	2266289784	2652742744	0	0	0
network-budget/formal-expanded-v2	tap:nonblocking:rr:near:rx	linux	2	stream	3	65536	2155898648	2027602168	2683491095	2156352762	2027874663	2683882399	0	0	0
network-budget/formal-expanded-v2	tap:nonblocking:rr:near:rx	linux	3	stream	3	65536	2028620000	2013890713	2402553901	2028836182	2014274907	2403104566	0	0	0
network-budget/formal-expanded-v2	tap:nonblocking:rr:near:rx	linux	4	stream	3	65536	2381740506	2280470562	2394262423	2382408793	2281004503	2394262423	0	0	0
network-budget/formal-expanded-v2	tap:nonblocking:rr:near:rx	linux	5	stream	3	65536	2254590672	2088765499	2407698678	2254988146	2089109909	2407880469	0	0	0
network-budget/formal-expanded-v2	tap:nonblocking:rr:near:rx	linux	6	stream	3	65536	2264564288	2242874858	2271050932	2264657601	2243006569	2271453409	0	0	0
network-budget/formal-expanded-v2	tap:nonblocking:rr:near:rx	linux	7	stream	3	65536	2341701728	2253164036	2353724105	2341996710	2253385781	2354172070	0	0	0
network-budget/formal-expanded-v2	tap:nonblocking:rr:near:rx	linux	8	stream	3	65536	2269244475	2178305118	2283785691	2269536643	2178414797	2283785691	0	0	0
network-budget/formal-expanded-v2	tap:nonblocking:rr:near:rx	linux	9	stream	3	65536	2259398866	2238885938	2422032033	2259599287	2238975879	2422335664	0	0	0
network-budget/formal-expanded-v2	tap:nonblocking:rr:near:rx	linux	10	stream	3	65536	2297788310	2088629338	2632805382	2298109957	2088826590	2632883395	0	0	0
network-budget/formal-expanded-v2	tap:nonblocking:rr:near:rx	linux	11	stream	3	65536	2357562072	2199706340	2357717622	2358000554	2200063276	2358069913	0	0	0
network-budget/formal-expanded-v2	tap:nonblocking:rr:near:rx	linux	12	stream	3	65536	2250814636	2092391130	2374273354	2251366266	2092863042	2374487838	0	0	0
network-budget/formal-expanded-v2	tap:nonblocking:rr:near:rx	linux	13	stream	3	65536	2320846411	2106950369	2329260657	2321340074	2107369199	2329577289	0	0	0
network-budget/formal-expanded-v2	tap:nonblocking:rr:near:rx	linux	14	stream	3	65536	2375049798	2275788520	2552104183	2375340897	2276413131	2552337081	0	0	0
network-budget/formal-expanded-v2	tap:nonblocking:rr:near:rx	linux	15	stream	3	65536	2256177353	2137834870	2562194023	2256628783	2137953952	2562314731	0	0	0
network-budget/formal-expanded-v2	tap:nonblocking:rr:near:rx	linux	16	stream	3	65536	2322374131	2202803478	2378516397	2323027314	2203237573	2378613335	0	0	0
network-budget/formal-expanded-v2	tap:nonblocking:rr:near:rx	linux	17	stream	3	65536	2236666336	2222538113	2576371089	2236837003	2222632473	2576667871	0	0	0
network-budget/formal-expanded-v2	tap:nonblocking:rr:near:rx	linux	18	stream	3	65536	2350594171	2146920856	2522065371	2350875267	2147516984	2522213290	0	0	0
network-budget/formal-expanded-v2	tap:nonblocking:rr:near:rx	linux	19	stream	3	65536	2387906005	2310911973	2553103406	2388254355	2311307180	2553519308	0	0	0
network-budget/formal-expanded-v2	tap:nonblocking:rr:near:rx	linux	20	stream	3	65536	2255954476	2192193000	2581001096	2256206479	2192235199	2581524295	0	0	0
network-budget/formal-expanded-v2	tap:nonblocking:rr:near:rx	linux	21	stream	3	65536	2335344346	1904550356	2567206862	2335838026	1904808208	2567454307	0	0	0
network-budget/formal-expanded-v2	tap:nonblocking:rr:near:rx	linux	22	stream	3	65536	2312073377	2176912830	2510309177	2312783052	2177294790	2510767958	0	0	0
network-budget/formal-expanded-v2	tap:nonblocking:rr:near:rx	linux	23	stream	3	65536	2285487586	2036505508	2650352401	2285957928	2036953852	2650407850	0	0	0
network-budget/formal-expanded-v2	tap:nonblocking:rr:near:rx	linux	24	stream	3	65536	2375058296	2350138644	2505887281	2375267371	2350513128	2506291842	0	0	0
network-budget/formal-expanded-v2	tap:nonblocking:rr:near:rx	linux	25	stream	3	65536	2317613557	2179256487	2676933505	2317800355	2179793082	2677374658	0	0	0
network-budget/formal-expanded-v2	tap:nonblocking:rr:near:rx	linux	26	stream	3	65536	2380260231	2264405730	2483977013	2380957023	2264405730	2484403368	0	0	0
network-budget/formal-expanded-v2	tap:nonblocking:rr:near:rx	linux	27	stream	3	65536	2367951651	2294372516	2670516563	2368198852	2294400403	2670658718	0	0	0
network-budget/formal-expanded-v2	tap:nonblocking:rr:near:rx	w16-p2-m2	0	stream	3	65536	4223707596	4186430318	4328301953	4223985824	4187124059	4328808740	0	0	0
network-budget/formal-expanded-v2	tap:nonblocking:rr:near:rx	w16-p2-m2	1	stream	3	65536	4214349847	4180647424	4319712129	4214546264	4181384481	4319934987	0	0	0
network-budget/formal-expanded-v2	tap:nonblocking:rr:near:rx	w16-p2-m2	2	stream	3	65536	4220820855	4180989825	4329346307	4221081687	4181564517	4329907071	0	0	0
network-budget/formal-expanded-v2	tap:nonblocking:rr:near:rx	w16-p2-m2	3	stream	3	65536	4220792317	4180241875	4323270914	4221459336	4180651080	4323749393	0	0	0
network-budget/formal-expanded-v2	tap:nonblocking:rr:near:rx	w16-p2-m2	4	stream	3	65536	4214182909	4176057288	4325231387	4214471777	4176434898	4325822278	0	0	0
network-budget/formal-expanded-v2	tap:nonblocking:rr:near:rx	w16-p2-m2	5	stream	3	65536	4204269211	4175574225	4322028751	4204368292	4176193766	4322058737	0	0	0
network-budget/formal-expanded-v2	tap:nonblocking:rr:near:rx	w16-p2-m2	6	stream	3	65536	4212821756	4185104393	4323753137	4212821756	4185628142	4324281263	0	0	0
network-budget/formal-expanded-v2	tap:nonblocking:rr:near:rx	w16-p2-m2	7	stream	3	65536	4219175605	4187981123	4314637099	4219859332	4188375918	4314754037	0	0	0
network-budget/formal-expanded-v2	tap:nonblocking:rr:near:rx	w16-p2-m2	8	stream	3	65536	4222435190	4186620118	4327149323	4223032177	4187262658	4327769941	0	0	0
network-budget/formal-expanded-v2	tap:nonblocking:rr:near:rx	w16-p2-m2	9	stream	3	65536	4217790965	4175456371	4326619262	4218061062	4175750824	4327109781	0	0	0
network-budget/formal-expanded-v2	tap:nonblocking:rr:near:rx	w16-p2-m2	10	stream	3	65536	4222081104	4184089807	4326431434	4222719656	4184397364	4326900894	0	0	0
network-budget/formal-expanded-v2	tap:nonblocking:rr:near:rx	w16-p2-m2	11	stream	3	65536	4220382792	4183669132	4323218772	4221004870	4184262010	4323558956	0	0	0
network-budget/formal-expanded-v2	tap:nonblocking:rr:near:rx	w16-p2-m2	12	stream	3	65536	4214479269	4179277943	4324978329	4214726101	4179792104	4325280502	0	0	0
network-budget/formal-expanded-v2	tap:nonblocking:rr:near:rx	w16-p2-m2	13	stream	3	65536	4222410517	4186448773	4325554081	4223191381	4186448773	4326014064	0	0	0
network-budget/formal-expanded-v2	tap:nonblocking:rr:near:rx	w16-p2-m2	14	stream	3	65536	4214821071	4182644784	4321353405	4215152708	4183081115	4321586699	0	0	0
network-budget/formal-expanded-v2	tap:nonblocking:rr:near:rx	w16-p2-m2	15	stream	3	65536	4221112833	4182602835	4322257144	4221629783	4182921032	4322630367	0	0	0
network-budget/formal-expanded-v2	tap:nonblocking:rr:near:rx	w16-p2-m2	16	stream	3	65536	4218620737	4172344648	4328758046	4218753076	4172673911	4329033327	0	0	0
network-budget/formal-expanded-v2	tap:nonblocking:rr:near:rx	w16-p2-m2	17	stream	3	65536	4212604000	4181317517	4326785187	4212627134	4181976664	4327284202	0	0	0
network-budget/formal-expanded-v2	tap:nonblocking:rr:near:rx	w16-p2-m2	18	stream	3	65536	4222499649	4183608747	4330008900	4222867963	4184082775	4330066580	0	0	0
network-budget/formal-expanded-v2	tap:nonblocking:rr:near:rx	w16-p2-m2	19	stream	3	65536	4217036721	4184732903	4320103541	4217194324	4185294322	4320103541	0	0	0
network-budget/formal-expanded-v2	tap:nonblocking:rr:near:rx	w16-p2-m2	20	stream	3	65536	4220935844	4171710060	4327446623	4221229723	4171903344	4327619737	0	0	0
network-budget/formal-expanded-v2	tap:nonblocking:rr:near:rx	w16-p2-m2	21	stream	3	65536	4213714431	4187303869	4319640701	4214034289	4187530928	4319736647	0	0	0
network-budget/formal-expanded-v2	tap:nonblocking:rr:near:rx	w16-p2-m2	22	stream	3	65536	4220512655	4182944282	4329124523	4220730428	4183225016	4329210231	0	0	0
network-budget/formal-expanded-v2	tap:nonblocking:rr:near:rx	w16-p2-m2	23	stream	3	65536	4218191465	4175095153	4313532699	4218544223	4175590122	4313608678	0	0	0
network-budget/formal-expanded-v2	tap:nonblocking:rr:near:rx	w16-p2-m2	24	stream	3	65536	4211056531	4171592985	4317998424	4211141849	4171646635	4318144771	0	0	0
network-budget/formal-expanded-v2	tap:nonblocking:rr:near:rx	w16-p2-m2	25	stream	3	65536	4219465441	4179707320	4327237567	4219691800	4179965743	4327481179	0	0	0
network-budget/formal-expanded-v2	tap:nonblocking:rr:near:rx	w16-p2-m2	26	stream	3	65536	4217502751	4168805882	4323732241	4218242182	4169225998	4323927101	0	0	0
network-budget/formal-expanded-v2	tap:nonblocking:rr:near:rx	w16-p2-m2	27	stream	3	65536	4215951918	4181191589	4323938946	4216130323	4181895792	4324095348	0	0	0
network-budget/formal-expanded-v2	tap:nonblocking:rr:near:rx	w8-p1-m1	0	stream	3	65536	4181611243	4049190409	4409830512	4182157052	4049496386	4410365707	0	0	0
network-budget/formal-expanded-v2	tap:nonblocking:rr:near:rx	w8-p1-m1	1	stream	3	65536	4187701969	4054632004	4415282911	4188191523	4055222143	4415973139	0	0	0
network-budget/formal-expanded-v2	tap:nonblocking:rr:near:rx	w8-p1-m1	2	stream	3	65536	4189534940	4049085627	4413143677	4190015143	4049290446	4413550492	0	0	0
network-budget/formal-expanded-v2	tap:nonblocking:rr:near:rx	w8-p1-m1	3	stream	3	65536	4182360896	4042121323	4409422108	4182735673	4042121323	4409568692	0	0	0
network-budget/formal-expanded-v2	tap:nonblocking:rr:near:rx	w8-p1-m1	4	stream	3	65536	4184414942	4047134035	4405537791	4184547524	4047427928	4405868416	0	0	0
network-budget/formal-expanded-v2	tap:nonblocking:rr:near:rx	w8-p1-m1	5	stream	3	65536	4181236984	4052493902	4414707321	4181993474	4052831666	4415123139	0	0	0
network-budget/formal-expanded-v2	tap:nonblocking:rr:near:rx	w8-p1-m1	6	stream	3	65536	4180358427	4043826204	4414339186	4180655788	4043929299	4414728501	0	0	0
network-budget/formal-expanded-v2	tap:nonblocking:rr:near:rx	w8-p1-m1	7	stream	3	65536	4186571559	4048883211	4412680336	4186939610	4049133931	4413187413	0	0	0
network-budget/formal-expanded-v2	tap:nonblocking:rr:near:rx	w8-p1-m1	8	stream	3	65536	4189878851	4051026537	4409004967	4190483203	4051193789	4409255669	0	0	0
network-budget/formal-expanded-v2	tap:nonblocking:rr:near:rx	w8-p1-m1	9	stream	3	65536	4184423098	4044482452	4406099081	4184834872	4044598587	4406262622	0	0	0
network-budget/formal-expanded-v2	tap:nonblocking:rr:near:rx	w8-p1-m1	10	stream	3	65536	4174614643	4051237026	4413145163	4174933017	4051522769	4413691786	0	0	0
network-budget/formal-expanded-v2	tap:nonblocking:rr:near:rx	w8-p1-m1	11	stream	3	65536	4187742224	4052152095	4407914032	4188324503	4052481839	4408430852	0	0	0
network-budget/formal-expanded-v2	tap:nonblocking:rr:near:rx	w8-p1-m1	12	stream	3	65536	4182292049	4050984281	4411809726	4182519659	4051352705	4412113453	0	0	0
network-budget/formal-expanded-v2	tap:nonblocking:rr:near:rx	w8-p1-m1	13	stream	3	65536	4187227169	4047333931	4415990811	4188021377	4047594697	4416715140	0	0	0
network-budget/formal-expanded-v2	tap:nonblocking:rr:near:rx	w8-p1-m1	14	stream	3	65536	4183728584	4047707264	4409888872	4184081881	4048185873	4409888872	0	0	0
network-budget/formal-expanded-v2	tap:nonblocking:rr:near:rx	w8-p1-m1	15	stream	3	65536	4186110360	4047849402	4413157946	4186442870	4048034920	4413830972	0	0	0
network-budget/formal-expanded-v2	tap:nonblocking:rr:near:rx	w8-p1-m1	16	stream	3	65536	4184061547	4050553486	4398075128	4184245207	4050901966	4398315874	0	0	0
network-budget/formal-expanded-v2	tap:nonblocking:rr:near:rx	w8-p1-m1	17	stream	3	65536	4185794585	4049622732	4411760499	4186043966	4049715375	4411952367	0	0	0
network-budget/formal-expanded-v2	tap:nonblocking:rr:near:rx	w8-p1-m1	18	stream	3	65536	4183626572	4052806973	4407145734	4184406327	4052876122	4407501649	0	0	0
network-budget/formal-expanded-v2	tap:nonblocking:rr:near:rx	w8-p1-m1	19	stream	3	65536	4182451916	4044625414	4417457927	4182881200	4044765736	4417905806	0	0	0
network-budget/formal-expanded-v2	tap:nonblocking:rr:near:rx	w8-p1-m1	20	stream	3	65536	4187770878	4053354882	4407753346	4188461669	4053895517	4408130992	0	0	0
network-budget/formal-expanded-v2	tap:nonblocking:rr:near:rx	w8-p1-m1	21	stream	3	65536	4180112458	4049465883	4405028980	4180112458	4049623115	4405140926	0	0	0
network-budget/formal-expanded-v2	tap:nonblocking:rr:near:rx	w8-p1-m1	22	stream	3	65536	4185955098	4054612387	4414303765	4186721086	4054786898	4414901758	0	0	0
network-budget/formal-expanded-v2	tap:nonblocking:rr:near:rx	w8-p1-m1	23	stream	3	65536	4182193891	4047740681	4409996869	4182591922	4047887150	4410035323	0	0	0
network-budget/formal-expanded-v2	tap:nonblocking:rr:near:rx	w8-p1-m1	24	stream	3	65536	4185933882	4036549718	4411917503	4186582876	4036601768	4412261629	0	0	0
network-budget/formal-expanded-v2	tap:nonblocking:rr:near:rx	w8-p1-m1	25	stream	3	65536	4185741139	4052798268	4409639164	4186298985	4053038481	4410213709	0	0	0
network-budget/formal-expanded-v2	tap:nonblocking:rr:near:rx	w8-p1-m1	26	stream	3	65536	4179771136	4044199117	4413222612	4180441553	4044244744	4413359960	0	0	0
network-budget/formal-expanded-v2	tap:nonblocking:rr:near:rx	w8-p1-m1	27	stream	3	65536	4185550955	4046667132	4415351752	4186148091	4046699853	4415822914	0	0	0
network-budget/formal-expanded-v2	tap:nonblocking:rr:near:rx	w8-p4-m2	0	stream	3	65536	4076759802	3899817155	4144669136	4077044819	3899900442	4145271022	0	0	0
network-budget/formal-expanded-v2	tap:nonblocking:rr:near:rx	w8-p4-m2	1	stream	3	65536	4073738922	3916170322	4139589501	4074443927	3916712005	4140236047	0	0	0
network-budget/formal-expanded-v2	tap:nonblocking:rr:near:rx	w8-p4-m2	2	stream	3	65536	4076529327	3905883490	4145518085	4076681738	3906028569	4146177516	0	0	0
network-budget/formal-expanded-v2	tap:nonblocking:rr:near:rx	w8-p4-m2	3	stream	3	65536	4077591392	3916927258	4146573657	4078175391	3917479568	4147359707	0	0	0
network-budget/formal-expanded-v2	tap:nonblocking:rr:near:rx	w8-p4-m2	4	stream	3	65536	4067435341	3914625765	4147213518	4067616431	3915088875	4147275908	0	0	0
network-budget/formal-expanded-v2	tap:nonblocking:rr:near:rx	w8-p4-m2	5	stream	3	65536	4075601236	3915040136	4149443450	4075645330	3915232930	4150407642	0	0	0
network-budget/formal-expanded-v2	tap:nonblocking:rr:near:rx	w8-p4-m2	6	stream	3	65536	4069935421	3914186409	4150732696	4070232057	3914716352	4151511024	0	0	0
network-budget/formal-expanded-v2	tap:nonblocking:rr:near:rx	w8-p4-m2	7	stream	3	65536	4069844112	3914654892	4143541509	4070039224	3914775796	4143962840	0	0	0
network-budget/formal-expanded-v2	tap:nonblocking:rr:near:rx	w8-p4-m2	8	stream	3	65536	4073739138	3906581780	4145075510	4074093161	3906793992	4145917446	0	0	0
network-budget/formal-expanded-v2	tap:nonblocking:rr:near:rx	w8-p4-m2	9	stream	3	65536	4071525899	3910248239	4143153223	4072085972	3910422750	4143645800	0	0	0
network-budget/formal-expanded-v2	tap:nonblocking:rr:near:rx	w8-p4-m2	10	stream	3	65536	4079322885	3904674473	4148212327	4079587614	3904710228	4149101997	0	0	0
network-budget/formal-expanded-v2	tap:nonblocking:rr:near:rx	w8-p4-m2	11	stream	3	65536	4075651707	3913304571	4135324963	4075826832	3913752990	4135324963	0	0	0
network-budget/formal-expanded-v2	tap:nonblocking:rr:near:rx	w8-p4-m2	12	stream	3	65536	4074813803	3912085177	4140084130	4075479857	3912686480	4140448913	0	0	0
network-budget/formal-expanded-v2	tap:nonblocking:rr:near:rx	w8-p4-m2	13	stream	3	65536	4073713331	3912952945	4146604512	4073922369	3913533473	4147585979	0	0	0
network-budget/formal-expanded-v2	tap:nonblocking:rr:near:rx	w8-p4-m2	14	stream	3	65536	4076808906	3914144224	4145021936	4077359354	3914574447	4145560369	0	0	0
network-budget/formal-expanded-v2	tap:nonblocking:rr:near:rx	w8-p4-m2	15	stream	3	65536	4073739554	3906065016	4143537023	4074337363	3906405017	4144354876	0	0	0
network-budget/formal-expanded-v2	tap:nonblocking:rr:near:rx	w8-p4-m2	16	stream	3	65536	4067797668	3908435315	4141892127	4068443604	3908489109	4141926171	0	0	0
network-budget/formal-expanded-v2	tap:nonblocking:rr:near:rx	w8-p4-m2	17	stream	3	65536	4079050068	3908083708	4148816479	4079776912	3908083708	4149492341	0	0	0
network-budget/formal-expanded-v2	tap:nonblocking:rr:near:rx	w8-p4-m2	18	stream	3	65536	4070645902	3908445491	4141779912	4070741414	3908644497	4142352319	0	0	0
network-budget/formal-expanded-v2	tap:nonblocking:rr:near:rx	w8-p4-m2	19	stream	3	65536	4072554968	3903720200	4145068629	4072811077	3904009363	4145702092	0	0	0
network-budget/formal-expanded-v2	tap:nonblocking:rr:near:rx	w8-p4-m2	20	stream	3	65536	4068183251	3908649586	4148227282	4068183251	3908976604	4149254758	0	0	0
network-budget/formal-expanded-v2	tap:nonblocking:rr:near:rx	w8-p4-m2	21	stream	3	65536	4072141827	3906332304	4142338203	4072251148	3906647404	4142744947	0	0	0
network-budget/formal-expanded-v2	tap:nonblocking:rr:near:rx	w8-p4-m2	22	stream	3	65536	4078115924	3913261374	4146782959	4078503649	3913676355	4147800228	0	0	0
network-budget/formal-expanded-v2	tap:nonblocking:rr:near:rx	w8-p4-m2	23	stream	3	65536	4074875713	3906590292	4147086482	4075297049	3906941072	4147643700	0	0	0
network-budget/formal-expanded-v2	tap:nonblocking:rr:near:rx	w8-p4-m2	24	stream	3	65536	4079509369	3911257371	4149342729	4079953344	3911637317	4150266052	0	0	0
network-budget/formal-expanded-v2	tap:nonblocking:rr:near:rx	w8-p4-m2	25	stream	3	65536	4076496671	3912186848	4147077647	4076866153	3912836909	4147956286	0	0	0
network-budget/formal-expanded-v2	tap:nonblocking:rr:near:rx	w8-p4-m2	26	stream	3	65536	4066729097	3908565204	4145286431	4066805756	3908796289	4146033865	0	0	0
network-budget/formal-expanded-v2	tap:nonblocking:rr:near:rx	w8-p4-m2	27	stream	3	65536	4060913964	3908645775	4149293658	4061073811	3909131693	4150100863	0	0	0
