experiment	case	variant	program_sha256	kernel_sha256	kernel_source	runtime_source	fixture_sha256	qemu_sha256	ram	transport
io-budget/formal-screen	ext4:append:fsync:1:16M:64K	baseline	9503eba74d25afb7b0c6f63082c109e1594453a136488ef3dbb9141a7bb1a59f	b962c890989d268282b55d49a4fa9b51afbaf7008dab2fc47e717388a6fea2f4	5687377c58dc96adfa1f72f1636a319bbd25b419	adc2defbace64dedde1cacb63d53500d103eedae	2636a6e2257e22f4d68da91e4b8ec2c6cbab0901948d231fb645a7b690c6960b	a1cfcceb6c688f9b0a290d512211ed08cf465b92b26a04cfb032280a53625718	512M	modern
io-budget/formal-screen	ext4:append:fsync:1:16M:64K	ra0-wb1	9503eba74d25afb7b0c6f63082c109e1594453a136488ef3dbb9141a7bb1a59f	f451802e6bd2cb665dd4ae364ee7928847b70ce2dedbee63f40a8a20e91879f7	faf8e6395a7d56cd92e5fdb460fd9532066d2f26	adc2defbace64dedde1cacb63d53500d103eedae	2636a6e2257e22f4d68da91e4b8ec2c6cbab0901948d231fb645a7b690c6960b	a1cfcceb6c688f9b0a290d512211ed08cf465b92b26a04cfb032280a53625718	512M	modern
io-budget/formal-screen	ext4:append:fsync:1:16M:64K	ra0-wb2	9503eba74d25afb7b0c6f63082c109e1594453a136488ef3dbb9141a7bb1a59f	574524e9280f37eb09f094685d8ed41daeff92ef7938268f5160d5f8031d58f5	faf8e6395a7d56cd92e5fdb460fd9532066d2f26	adc2defbace64dedde1cacb63d53500d103eedae	2636a6e2257e22f4d68da91e4b8ec2c6cbab0901948d231fb645a7b690c6960b	a1cfcceb6c688f9b0a290d512211ed08cf465b92b26a04cfb032280a53625718	512M	modern
io-budget/formal-screen	ext4:append:fsync:1:16M:64K	ra0-wb4	9503eba74d25afb7b0c6f63082c109e1594453a136488ef3dbb9141a7bb1a59f	428bc8e1194caa58d6c2009b35fe66058cdecdaf98ecf71f6037483162fe5054	faf8e6395a7d56cd92e5fdb460fd9532066d2f26	adc2defbace64dedde1cacb63d53500d103eedae	2636a6e2257e22f4d68da91e4b8ec2c6cbab0901948d231fb645a7b690c6960b	a1cfcceb6c688f9b0a290d512211ed08cf465b92b26a04cfb032280a53625718	512M	modern
io-budget/formal-screen	ext4:append:fsync:1:16M:64K	ra0-wb8	9503eba74d25afb7b0c6f63082c109e1594453a136488ef3dbb9141a7bb1a59f	69393c4592b95c2e31bffd4ba19287a12afd449f52a32d03f951f4ccf324a28c	faf8e6395a7d56cd92e5fdb460fd9532066d2f26	adc2defbace64dedde1cacb63d53500d103eedae	2636a6e2257e22f4d68da91e4b8ec2c6cbab0901948d231fb645a7b690c6960b	a1cfcceb6c688f9b0a290d512211ed08cf465b92b26a04cfb032280a53625718	512M	modern
io-budget/formal-screen	ext4:append:fsync:1:16M:64K	ra1-wb1	9503eba74d25afb7b0c6f63082c109e1594453a136488ef3dbb9141a7bb1a59f	e15be46ee86bfa0c82e98d3eeda5dfbddf63fd2b65213c3bd28a57d960333edf	faf8e6395a7d56cd92e5fdb460fd9532066d2f26	adc2defbace64dedde1cacb63d53500d103eedae	2636a6e2257e22f4d68da91e4b8ec2c6cbab0901948d231fb645a7b690c6960b	a1cfcceb6c688f9b0a290d512211ed08cf465b92b26a04cfb032280a53625718	512M	modern
io-budget/formal-screen	ext4:append:fsync:1:16M:64K	ra1-wb2	9503eba74d25afb7b0c6f63082c109e1594453a136488ef3dbb9141a7bb1a59f	74aaf09c45bae14c457d2dab19b3027734166b32df68db1f0501d032db48d759	faf8e6395a7d56cd92e5fdb460fd9532066d2f26	adc2defbace64dedde1cacb63d53500d103eedae	2636a6e2257e22f4d68da91e4b8ec2c6cbab0901948d231fb645a7b690c6960b	a1cfcceb6c688f9b0a290d512211ed08cf465b92b26a04cfb032280a53625718	512M	modern
io-budget/formal-screen	ext4:append:fsync:1:16M:64K	ra1-wb4	9503eba74d25afb7b0c6f63082c109e1594453a136488ef3dbb9141a7bb1a59f	6ca4035ebc2f63f43836cd075f7d64a720e56582dc305edd841176bc3e8affe3	faf8e6395a7d56cd92e5fdb460fd9532066d2f26	adc2defbace64dedde1cacb63d53500d103eedae	2636a6e2257e22f4d68da91e4b8ec2c6cbab0901948d231fb645a7b690c6960b	a1cfcceb6c688f9b0a290d512211ed08cf465b92b26a04cfb032280a53625718	512M	modern
io-budget/formal-screen	ext4:append:fsync:1:16M:64K	ra1-wb8	9503eba74d25afb7b0c6f63082c109e1594453a136488ef3dbb9141a7bb1a59f	a3257efc26ee5b66f09ea14cb095802db12f2f616211cfdc80cdbe3881916608	faf8e6395a7d56cd92e5fdb460fd9532066d2f26	adc2defbace64dedde1cacb63d53500d103eedae	2636a6e2257e22f4d68da91e4b8ec2c6cbab0901948d231fb645a7b690c6960b	a1cfcceb6c688f9b0a290d512211ed08cf465b92b26a04cfb032280a53625718	512M	modern
io-budget/formal-screen	ext4:append:fsync:1:16M:64K	ra2-wb1	9503eba74d25afb7b0c6f63082c109e1594453a136488ef3dbb9141a7bb1a59f	423a280058bc668e4ba200647afe68678c720532e4301242ae0fa1edd4ef9bc8	faf8e6395a7d56cd92e5fdb460fd9532066d2f26	adc2defbace64dedde1cacb63d53500d103eedae	2636a6e2257e22f4d68da91e4b8ec2c6cbab0901948d231fb645a7b690c6960b	a1cfcceb6c688f9b0a290d512211ed08cf465b92b26a04cfb032280a53625718	512M	modern
io-budget/formal-screen	ext4:append:fsync:1:16M:64K	ra2-wb2	9503eba74d25afb7b0c6f63082c109e1594453a136488ef3dbb9141a7bb1a59f	98e5bac35114ff8092531ec555b92097dcddababd3baa47c799fe96d8163da86	faf8e6395a7d56cd92e5fdb460fd9532066d2f26	adc2defbace64dedde1cacb63d53500d103eedae	2636a6e2257e22f4d68da91e4b8ec2c6cbab0901948d231fb645a7b690c6960b	a1cfcceb6c688f9b0a290d512211ed08cf465b92b26a04cfb032280a53625718	512M	modern
io-budget/formal-screen	ext4:append:fsync:1:16M:64K	ra2-wb4	9503eba74d25afb7b0c6f63082c109e1594453a136488ef3dbb9141a7bb1a59f	6e41770814acdb7163cad89cc01061b623326f9b7a3ac52ce3b7e6edbbaa07ae	faf8e6395a7d56cd92e5fdb460fd9532066d2f26	adc2defbace64dedde1cacb63d53500d103eedae	2636a6e2257e22f4d68da91e4b8ec2c6cbab0901948d231fb645a7b690c6960b	a1cfcceb6c688f9b0a290d512211ed08cf465b92b26a04cfb032280a53625718	512M	modern
io-budget/formal-screen	ext4:append:fsync:1:16M:64K	ra2-wb8	9503eba74d25afb7b0c6f63082c109e1594453a136488ef3dbb9141a7bb1a59f	02d0550a85ffc63c3869f38a2e9b754732d33bbb0b44b665f5c31941f8bbd15d	faf8e6395a7d56cd92e5fdb460fd9532066d2f26	adc2defbace64dedde1cacb63d53500d103eedae	2636a6e2257e22f4d68da91e4b8ec2c6cbab0901948d231fb645a7b690c6960b	a1cfcceb6c688f9b0a290d512211ed08cf465b92b26a04cfb032280a53625718	512M	modern
io-budget/formal-screen	ext4:append:fsync:1:16M:64K	ra4-wb1	9503eba74d25afb7b0c6f63082c109e1594453a136488ef3dbb9141a7bb1a59f	021b4e68d743a7c27fd80200bb6b38ca6f25acd69313aca8cba7c5cfb7dd8b5b	faf8e6395a7d56cd92e5fdb460fd9532066d2f26	adc2defbace64dedde1cacb63d53500d103eedae	2636a6e2257e22f4d68da91e4b8ec2c6cbab0901948d231fb645a7b690c6960b	a1cfcceb6c688f9b0a290d512211ed08cf465b92b26a04cfb032280a53625718	512M	modern
io-budget/formal-screen	ext4:append:fsync:1:16M:64K	ra4-wb2	9503eba74d25afb7b0c6f63082c109e1594453a136488ef3dbb9141a7bb1a59f	c22d858aad11d9a30cfdb9b12a1b717bf4b2c9aa8dcc0e2bedb6d93b683ce931	faf8e6395a7d56cd92e5fdb460fd9532066d2f26	adc2defbace64dedde1cacb63d53500d103eedae	2636a6e2257e22f4d68da91e4b8ec2c6cbab0901948d231fb645a7b690c6960b	a1cfcceb6c688f9b0a290d512211ed08cf465b92b26a04cfb032280a53625718	512M	modern
io-budget/formal-screen	ext4:append:fsync:1:16M:64K	ra4-wb4	9503eba74d25afb7b0c6f63082c109e1594453a136488ef3dbb9141a7bb1a59f	58910c8a71403f3629f61072e1dfa18b20b0b0efc95197c2e030925e3a407b75	faf8e6395a7d56cd92e5fdb460fd9532066d2f26	adc2defbace64dedde1cacb63d53500d103eedae	2636a6e2257e22f4d68da91e4b8ec2c6cbab0901948d231fb645a7b690c6960b	a1cfcceb6c688f9b0a290d512211ed08cf465b92b26a04cfb032280a53625718	512M	modern
io-budget/formal-screen	ext4:append:fsync:1:16M:64K	ra4-wb8	9503eba74d25afb7b0c6f63082c109e1594453a136488ef3dbb9141a7bb1a59f	de6cc6fdc9aaf54bb3cca854a0e280127e54f719efefe96a4b54b91c42cded07	faf8e6395a7d56cd92e5fdb460fd9532066d2f26	adc2defbace64dedde1cacb63d53500d103eedae	2636a6e2257e22f4d68da91e4b8ec2c6cbab0901948d231fb645a7b690c6960b	a1cfcceb6c688f9b0a290d512211ed08cf465b92b26a04cfb032280a53625718	512M	modern
io-budget/formal-screen	ext4:append:fsync:1:16M:64K	ra8-wb1	9503eba74d25afb7b0c6f63082c109e1594453a136488ef3dbb9141a7bb1a59f	2fcb426f44052fae55b3569c193370d7555412e2384acbabbcfaf9f881fad3aa	faf8e6395a7d56cd92e5fdb460fd9532066d2f26	adc2defbace64dedde1cacb63d53500d103eedae	2636a6e2257e22f4d68da91e4b8ec2c6cbab0901948d231fb645a7b690c6960b	a1cfcceb6c688f9b0a290d512211ed08cf465b92b26a04cfb032280a53625718	512M	modern
io-budget/formal-screen	ext4:append:fsync:1:16M:64K	ra8-wb2	9503eba74d25afb7b0c6f63082c109e1594453a136488ef3dbb9141a7bb1a59f	1fb2f389ade1c12079c4423369c68e02aab82d44c91697e95a98b0173678cf78	faf8e6395a7d56cd92e5fdb460fd9532066d2f26	adc2defbace64dedde1cacb63d53500d103eedae	2636a6e2257e22f4d68da91e4b8ec2c6cbab0901948d231fb645a7b690c6960b	a1cfcceb6c688f9b0a290d512211ed08cf465b92b26a04cfb032280a53625718	512M	modern
io-budget/formal-screen	ext4:append:fsync:1:16M:64K	ra8-wb4	9503eba74d25afb7b0c6f63082c109e1594453a136488ef3dbb9141a7bb1a59f	079badf5467dfcdfc64931c55880c8eb455a45b1c5b4aacc57d39c853e28adda	faf8e6395a7d56cd92e5fdb460fd9532066d2f26	adc2defbace64dedde1cacb63d53500d103eedae	2636a6e2257e22f4d68da91e4b8ec2c6cbab0901948d231fb645a7b690c6960b	a1cfcceb6c688f9b0a290d512211ed08cf465b92b26a04cfb032280a53625718	512M	modern
io-budget/formal-screen	ext4:append:fsync:1:16M:64K	ra8-wb8	9503eba74d25afb7b0c6f63082c109e1594453a136488ef3dbb9141a7bb1a59f	ade1c0ca632c2ab1e7524daa06c52ebed49c3236113b92e01e3cb95a96628d66	faf8e6395a7d56cd92e5fdb460fd9532066d2f26	adc2defbace64dedde1cacb63d53500d103eedae	2636a6e2257e22f4d68da91e4b8ec2c6cbab0901948d231fb645a7b690c6960b	a1cfcceb6c688f9b0a290d512211ed08cf465b92b26a04cfb032280a53625718	512M	modern
io-budget/formal-screen	ext4:cold-read:cache:4:4M:4K	baseline	9503eba74d25afb7b0c6f63082c109e1594453a136488ef3dbb9141a7bb1a59f	b962c890989d268282b55d49a4fa9b51afbaf7008dab2fc47e717388a6fea2f4	5687377c58dc96adfa1f72f1636a319bbd25b419	adc2defbace64dedde1cacb63d53500d103eedae	a72da166c2fab44466577c7d041cab123c42a3447bc2d2417189f389c0a9c759	a1cfcceb6c688f9b0a290d512211ed08cf465b92b26a04cfb032280a53625718	512M	modern
io-budget/formal-screen	ext4:cold-read:cache:4:4M:4K	ra0-wb1	9503eba74d25afb7b0c6f63082c109e1594453a136488ef3dbb9141a7bb1a59f	f451802e6bd2cb665dd4ae364ee7928847b70ce2dedbee63f40a8a20e91879f7	faf8e6395a7d56cd92e5fdb460fd9532066d2f26	adc2defbace64dedde1cacb63d53500d103eedae	a72da166c2fab44466577c7d041cab123c42a3447bc2d2417189f389c0a9c759	a1cfcceb6c688f9b0a290d512211ed08cf465b92b26a04cfb032280a53625718	512M	modern
io-budget/formal-screen	ext4:cold-read:cache:4:4M:4K	ra0-wb2	9503eba74d25afb7b0c6f63082c109e1594453a136488ef3dbb9141a7bb1a59f	574524e9280f37eb09f094685d8ed41daeff92ef7938268f5160d5f8031d58f5	faf8e6395a7d56cd92e5fdb460fd9532066d2f26	adc2defbace64dedde1cacb63d53500d103eedae	a72da166c2fab44466577c7d041cab123c42a3447bc2d2417189f389c0a9c759	a1cfcceb6c688f9b0a290d512211ed08cf465b92b26a04cfb032280a53625718	512M	modern
io-budget/formal-screen	ext4:cold-read:cache:4:4M:4K	ra0-wb4	9503eba74d25afb7b0c6f63082c109e1594453a136488ef3dbb9141a7bb1a59f	428bc8e1194caa58d6c2009b35fe66058cdecdaf98ecf71f6037483162fe5054	faf8e6395a7d56cd92e5fdb460fd9532066d2f26	adc2defbace64dedde1cacb63d53500d103eedae	a72da166c2fab44466577c7d041cab123c42a3447bc2d2417189f389c0a9c759	a1cfcceb6c688f9b0a290d512211ed08cf465b92b26a04cfb032280a53625718	512M	modern
io-budget/formal-screen	ext4:cold-read:cache:4:4M:4K	ra0-wb8	9503eba74d25afb7b0c6f63082c109e1594453a136488ef3dbb9141a7bb1a59f	69393c4592b95c2e31bffd4ba19287a12afd449f52a32d03f951f4ccf324a28c	faf8e6395a7d56cd92e5fdb460fd9532066d2f26	adc2defbace64dedde1cacb63d53500d103eedae	a72da166c2fab44466577c7d041cab123c42a3447bc2d2417189f389c0a9c759	a1cfcceb6c688f9b0a290d512211ed08cf465b92b26a04cfb032280a53625718	512M	modern
io-budget/formal-screen	ext4:cold-read:cache:4:4M:4K	ra1-wb1	9503eba74d25afb7b0c6f63082c109e1594453a136488ef3dbb9141a7bb1a59f	e15be46ee86bfa0c82e98d3eeda5dfbddf63fd2b65213c3bd28a57d960333edf	faf8e6395a7d56cd92e5fdb460fd9532066d2f26	adc2defbace64dedde1cacb63d53500d103eedae	a72da166c2fab44466577c7d041cab123c42a3447bc2d2417189f389c0a9c759	a1cfcceb6c688f9b0a290d512211ed08cf465b92b26a04cfb032280a53625718	512M	modern
io-budget/formal-screen	ext4:cold-read:cache:4:4M:4K	ra1-wb2	9503eba74d25afb7b0c6f63082c109e1594453a136488ef3dbb9141a7bb1a59f	74aaf09c45bae14c457d2dab19b3027734166b32df68db1f0501d032db48d759	faf8e6395a7d56cd92e5fdb460fd9532066d2f26	adc2defbace64dedde1cacb63d53500d103eedae	a72da166c2fab44466577c7d041cab123c42a3447bc2d2417189f389c0a9c759	a1cfcceb6c688f9b0a290d512211ed08cf465b92b26a04cfb032280a53625718	512M	modern
io-budget/formal-screen	ext4:cold-read:cache:4:4M:4K	ra1-wb4	9503eba74d25afb7b0c6f63082c109e1594453a136488ef3dbb9141a7bb1a59f	6ca4035ebc2f63f43836cd075f7d64a720e56582dc305edd841176bc3e8affe3	faf8e6395a7d56cd92e5fdb460fd9532066d2f26	adc2defbace64dedde1cacb63d53500d103eedae	a72da166c2fab44466577c7d041cab123c42a3447bc2d2417189f389c0a9c759	a1cfcceb6c688f9b0a290d512211ed08cf465b92b26a04cfb032280a53625718	512M	modern
io-budget/formal-screen	ext4:cold-read:cache:4:4M:4K	ra1-wb8	9503eba74d25afb7b0c6f63082c109e1594453a136488ef3dbb9141a7bb1a59f	a3257efc26ee5b66f09ea14cb095802db12f2f616211cfdc80cdbe3881916608	faf8e6395a7d56cd92e5fdb460fd9532066d2f26	adc2defbace64dedde1cacb63d53500d103eedae	a72da166c2fab44466577c7d041cab123c42a3447bc2d2417189f389c0a9c759	a1cfcceb6c688f9b0a290d512211ed08cf465b92b26a04cfb032280a53625718	512M	modern
io-budget/formal-screen	ext4:cold-read:cache:4:4M:4K	ra2-wb1	9503eba74d25afb7b0c6f63082c109e1594453a136488ef3dbb9141a7bb1a59f	423a280058bc668e4ba200647afe68678c720532e4301242ae0fa1edd4ef9bc8	faf8e6395a7d56cd92e5fdb460fd9532066d2f26	adc2defbace64dedde1cacb63d53500d103eedae	a72da166c2fab44466577c7d041cab123c42a3447bc2d2417189f389c0a9c759	a1cfcceb6c688f9b0a290d512211ed08cf465b92b26a04cfb032280a53625718	512M	modern
io-budget/formal-screen	ext4:cold-read:cache:4:4M:4K	ra2-wb2	9503eba74d25afb7b0c6f63082c109e1594453a136488ef3dbb9141a7bb1a59f	98e5bac35114ff8092531ec555b92097dcddababd3baa47c799fe96d8163da86	faf8e6395a7d56cd92e5fdb460fd9532066d2f26	adc2defbace64dedde1cacb63d53500d103eedae	a72da166c2fab44466577c7d041cab123c42a3447bc2d2417189f389c0a9c759	a1cfcceb6c688f9b0a290d512211ed08cf465b92b26a04cfb032280a53625718	512M	modern
io-budget/formal-screen	ext4:cold-read:cache:4:4M:4K	ra2-wb4	9503eba74d25afb7b0c6f63082c109e1594453a136488ef3dbb9141a7bb1a59f	6e41770814acdb7163cad89cc01061b623326f9b7a3ac52ce3b7e6edbbaa07ae	faf8e6395a7d56cd92e5fdb460fd9532066d2f26	adc2defbace64dedde1cacb63d53500d103eedae	a72da166c2fab44466577c7d041cab123c42a3447bc2d2417189f389c0a9c759	a1cfcceb6c688f9b0a290d512211ed08cf465b92b26a04cfb032280a53625718	512M	modern
io-budget/formal-screen	ext4:cold-read:cache:4:4M:4K	ra2-wb8	9503eba74d25afb7b0c6f63082c109e1594453a136488ef3dbb9141a7bb1a59f	02d0550a85ffc63c3869f38a2e9b754732d33bbb0b44b665f5c31941f8bbd15d	faf8e6395a7d56cd92e5fdb460fd9532066d2f26	adc2defbace64dedde1cacb63d53500d103eedae	a72da166c2fab44466577c7d041cab123c42a3447bc2d2417189f389c0a9c759	a1cfcceb6c688f9b0a290d512211ed08cf465b92b26a04cfb032280a53625718	512M	modern
io-budget/formal-screen	ext4:cold-read:cache:4:4M:4K	ra4-wb1	9503eba74d25afb7b0c6f63082c109e1594453a136488ef3dbb9141a7bb1a59f	021b4e68d743a7c27fd80200bb6b38ca6f25acd69313aca8cba7c5cfb7dd8b5b	faf8e6395a7d56cd92e5fdb460fd9532066d2f26	adc2defbace64dedde1cacb63d53500d103eedae	a72da166c2fab44466577c7d041cab123c42a3447bc2d2417189f389c0a9c759	a1cfcceb6c688f9b0a290d512211ed08cf465b92b26a04cfb032280a53625718	512M	modern
io-budget/formal-screen	ext4:cold-read:cache:4:4M:4K	ra4-wb2	9503eba74d25afb7b0c6f63082c109e1594453a136488ef3dbb9141a7bb1a59f	c22d858aad11d9a30cfdb9b12a1b717bf4b2c9aa8dcc0e2bedb6d93b683ce931	faf8e6395a7d56cd92e5fdb460fd9532066d2f26	adc2defbace64dedde1cacb63d53500d103eedae	a72da166c2fab44466577c7d041cab123c42a3447bc2d2417189f389c0a9c759	a1cfcceb6c688f9b0a290d512211ed08cf465b92b26a04cfb032280a53625718	512M	modern
io-budget/formal-screen	ext4:cold-read:cache:4:4M:4K	ra4-wb4	9503eba74d25afb7b0c6f63082c109e1594453a136488ef3dbb9141a7bb1a59f	58910c8a71403f3629f61072e1dfa18b20b0b0efc95197c2e030925e3a407b75	faf8e6395a7d56cd92e5fdb460fd9532066d2f26	adc2defbace64dedde1cacb63d53500d103eedae	a72da166c2fab44466577c7d041cab123c42a3447bc2d2417189f389c0a9c759	a1cfcceb6c688f9b0a290d512211ed08cf465b92b26a04cfb032280a53625718	512M	modern
io-budget/formal-screen	ext4:cold-read:cache:4:4M:4K	ra4-wb8	9503eba74d25afb7b0c6f63082c109e1594453a136488ef3dbb9141a7bb1a59f	de6cc6fdc9aaf54bb3cca854a0e280127e54f719efefe96a4b54b91c42cded07	faf8e6395a7d56cd92e5fdb460fd9532066d2f26	adc2defbace64dedde1cacb63d53500d103eedae	a72da166c2fab44466577c7d041cab123c42a3447bc2d2417189f389c0a9c759	a1cfcceb6c688f9b0a290d512211ed08cf465b92b26a04cfb032280a53625718	512M	modern
io-budget/formal-screen	ext4:cold-read:cache:4:4M:4K	ra8-wb1	9503eba74d25afb7b0c6f63082c109e1594453a136488ef3dbb9141a7bb1a59f	2fcb426f44052fae55b3569c193370d7555412e2384acbabbcfaf9f881fad3aa	faf8e6395a7d56cd92e5fdb460fd9532066d2f26	adc2defbace64dedde1cacb63d53500d103eedae	a72da166c2fab44466577c7d041cab123c42a3447bc2d2417189f389c0a9c759	a1cfcceb6c688f9b0a290d512211ed08cf465b92b26a04cfb032280a53625718	512M	modern
io-budget/formal-screen	ext4:cold-read:cache:4:4M:4K	ra8-wb2	9503eba74d25afb7b0c6f63082c109e1594453a136488ef3dbb9141a7bb1a59f	1fb2f389ade1c12079c4423369c68e02aab82d44c91697e95a98b0173678cf78	faf8e6395a7d56cd92e5fdb460fd9532066d2f26	adc2defbace64dedde1cacb63d53500d103eedae	a72da166c2fab44466577c7d041cab123c42a3447bc2d2417189f389c0a9c759	a1cfcceb6c688f9b0a290d512211ed08cf465b92b26a04cfb032280a53625718	512M	modern
io-budget/formal-screen	ext4:cold-read:cache:4:4M:4K	ra8-wb4	9503eba74d25afb7b0c6f63082c109e1594453a136488ef3dbb9141a7bb1a59f	079badf5467dfcdfc64931c55880c8eb455a45b1c5b4aacc57d39c853e28adda	faf8e6395a7d56cd92e5fdb460fd9532066d2f26	adc2defbace64dedde1cacb63d53500d103eedae	a72da166c2fab44466577c7d041cab123c42a3447bc2d2417189f389c0a9c759	a1cfcceb6c688f9b0a290d512211ed08cf465b92b26a04cfb032280a53625718	512M	modern
io-budget/formal-screen	ext4:cold-read:cache:4:4M:4K	ra8-wb8	9503eba74d25afb7b0c6f63082c109e1594453a136488ef3dbb9141a7bb1a59f	ade1c0ca632c2ab1e7524daa06c52ebed49c3236113b92e01e3cb95a96628d66	faf8e6395a7d56cd92e5fdb460fd9532066d2f26	adc2defbace64dedde1cacb63d53500d103eedae	a72da166c2fab44466577c7d041cab123c42a3447bc2d2417189f389c0a9c759	a1cfcceb6c688f9b0a290d512211ed08cf465b92b26a04cfb032280a53625718	512M	modern
io-budget/formal-expanded	ext4:append:cache:1:1M:1K	baseline	9503eba74d25afb7b0c6f63082c109e1594453a136488ef3dbb9141a7bb1a59f	b962c890989d268282b55d49a4fa9b51afbaf7008dab2fc47e717388a6fea2f4	5687377c58dc96adfa1f72f1636a319bbd25b419	adc2defbace64dedde1cacb63d53500d103eedae	4d1009a84b1295965dee60a400134adb0e0c0dc5f07e1545dfeae4bd3ef3312f	a1cfcceb6c688f9b0a290d512211ed08cf465b92b26a04cfb032280a53625718	512M	modern
io-budget/formal-expanded	ext4:append:cache:1:1M:1K	ra0-wb1	9503eba74d25afb7b0c6f63082c109e1594453a136488ef3dbb9141a7bb1a59f	f451802e6bd2cb665dd4ae364ee7928847b70ce2dedbee63f40a8a20e91879f7	faf8e6395a7d56cd92e5fdb460fd9532066d2f26	adc2defbace64dedde1cacb63d53500d103eedae	4d1009a84b1295965dee60a400134adb0e0c0dc5f07e1545dfeae4bd3ef3312f	a1cfcceb6c688f9b0a290d512211ed08cf465b92b26a04cfb032280a53625718	512M	modern
io-budget/formal-expanded	ext4:append:cache:1:1M:1K	ra0-wb8	9503eba74d25afb7b0c6f63082c109e1594453a136488ef3dbb9141a7bb1a59f	69393c4592b95c2e31bffd4ba19287a12afd449f52a32d03f951f4ccf324a28c	faf8e6395a7d56cd92e5fdb460fd9532066d2f26	adc2defbace64dedde1cacb63d53500d103eedae	4d1009a84b1295965dee60a400134adb0e0c0dc5f07e1545dfeae4bd3ef3312f	a1cfcceb6c688f9b0a290d512211ed08cf465b92b26a04cfb032280a53625718	512M	modern
io-budget/formal-expanded	ext4:append:cache:1:1M:1K	ra8-wb8	9503eba74d25afb7b0c6f63082c109e1594453a136488ef3dbb9141a7bb1a59f	ade1c0ca632c2ab1e7524daa06c52ebed49c3236113b92e01e3cb95a96628d66	faf8e6395a7d56cd92e5fdb460fd9532066d2f26	adc2defbace64dedde1cacb63d53500d103eedae	4d1009a84b1295965dee60a400134adb0e0c0dc5f07e1545dfeae4bd3ef3312f	a1cfcceb6c688f9b0a290d512211ed08cf465b92b26a04cfb032280a53625718	512M	modern
io-budget/formal-expanded	ext4:append:cache:1:1M:1K	linux	9503eba74d25afb7b0c6f63082c109e1594453a136488ef3dbb9141a7bb1a59f	45ce43a8d3809011e0a18538ac75a52e65a434614aa298517adcacb3e6f5410a	f4cdf7ca9a1fdcca413157df19753f388a5a224e	adc2defbace64dedde1cacb63d53500d103eedae	4d1009a84b1295965dee60a400134adb0e0c0dc5f07e1545dfeae4bd3ef3312f	a1cfcceb6c688f9b0a290d512211ed08cf465b92b26a04cfb032280a53625718	512M	modern
io-budget/formal-expanded	ext4:append:cache:1:1M:4K	baseline	9503eba74d25afb7b0c6f63082c109e1594453a136488ef3dbb9141a7bb1a59f	b962c890989d268282b55d49a4fa9b51afbaf7008dab2fc47e717388a6fea2f4	5687377c58dc96adfa1f72f1636a319bbd25b419	adc2defbace64dedde1cacb63d53500d103eedae	a9be9dc04eb9c483fb175041f6b65cbbc207337ae129e019ded74f005b233315	a1cfcceb6c688f9b0a290d512211ed08cf465b92b26a04cfb032280a53625718	512M	modern
io-budget/formal-expanded	ext4:append:cache:1:1M:4K	ra0-wb1	9503eba74d25afb7b0c6f63082c109e1594453a136488ef3dbb9141a7bb1a59f	f451802e6bd2cb665dd4ae364ee7928847b70ce2dedbee63f40a8a20e91879f7	faf8e6395a7d56cd92e5fdb460fd9532066d2f26	adc2defbace64dedde1cacb63d53500d103eedae	a9be9dc04eb9c483fb175041f6b65cbbc207337ae129e019ded74f005b233315	a1cfcceb6c688f9b0a290d512211ed08cf465b92b26a04cfb032280a53625718	512M	modern
io-budget/formal-expanded	ext4:append:cache:1:1M:4K	ra0-wb8	9503eba74d25afb7b0c6f63082c109e1594453a136488ef3dbb9141a7bb1a59f	69393c4592b95c2e31bffd4ba19287a12afd449f52a32d03f951f4ccf324a28c	faf8e6395a7d56cd92e5fdb460fd9532066d2f26	adc2defbace64dedde1cacb63d53500d103eedae	a9be9dc04eb9c483fb175041f6b65cbbc207337ae129e019ded74f005b233315	a1cfcceb6c688f9b0a290d512211ed08cf465b92b26a04cfb032280a53625718	512M	modern
io-budget/formal-expanded	ext4:append:cache:1:1M:4K	ra8-wb8	9503eba74d25afb7b0c6f63082c109e1594453a136488ef3dbb9141a7bb1a59f	ade1c0ca632c2ab1e7524daa06c52ebed49c3236113b92e01e3cb95a96628d66	faf8e6395a7d56cd92e5fdb460fd9532066d2f26	adc2defbace64dedde1cacb63d53500d103eedae	a9be9dc04eb9c483fb175041f6b65cbbc207337ae129e019ded74f005b233315	a1cfcceb6c688f9b0a290d512211ed08cf465b92b26a04cfb032280a53625718	512M	modern
io-budget/formal-expanded	ext4:append:cache:1:1M:4K	linux	9503eba74d25afb7b0c6f63082c109e1594453a136488ef3dbb9141a7bb1a59f	45ce43a8d3809011e0a18538ac75a52e65a434614aa298517adcacb3e6f5410a	f4cdf7ca9a1fdcca413157df19753f388a5a224e	adc2defbace64dedde1cacb63d53500d103eedae	a9be9dc04eb9c483fb175041f6b65cbbc207337ae129e019ded74f005b233315	a1cfcceb6c688f9b0a290d512211ed08cf465b92b26a04cfb032280a53625718	512M	modern
io-budget/formal-expanded	ext4:append:cache:1:1M:64K	baseline	9503eba74d25afb7b0c6f63082c109e1594453a136488ef3dbb9141a7bb1a59f	b962c890989d268282b55d49a4fa9b51afbaf7008dab2fc47e717388a6fea2f4	5687377c58dc96adfa1f72f1636a319bbd25b419	adc2defbace64dedde1cacb63d53500d103eedae	df7199412e700b064abe19fd5667d6ee41df4a98a9fffa72b051804ad0cd4e53	a1cfcceb6c688f9b0a290d512211ed08cf465b92b26a04cfb032280a53625718	512M	modern
io-budget/formal-expanded	ext4:append:cache:1:1M:64K	ra0-wb1	9503eba74d25afb7b0c6f63082c109e1594453a136488ef3dbb9141a7bb1a59f	f451802e6bd2cb665dd4ae364ee7928847b70ce2dedbee63f40a8a20e91879f7	faf8e6395a7d56cd92e5fdb460fd9532066d2f26	adc2defbace64dedde1cacb63d53500d103eedae	df7199412e700b064abe19fd5667d6ee41df4a98a9fffa72b051804ad0cd4e53	a1cfcceb6c688f9b0a290d512211ed08cf465b92b26a04cfb032280a53625718	512M	modern
io-budget/formal-expanded	ext4:append:cache:1:1M:64K	ra0-wb8	9503eba74d25afb7b0c6f63082c109e1594453a136488ef3dbb9141a7bb1a59f	69393c4592b95c2e31bffd4ba19287a12afd449f52a32d03f951f4ccf324a28c	faf8e6395a7d56cd92e5fdb460fd9532066d2f26	adc2defbace64dedde1cacb63d53500d103eedae	df7199412e700b064abe19fd5667d6ee41df4a98a9fffa72b051804ad0cd4e53	a1cfcceb6c688f9b0a290d512211ed08cf465b92b26a04cfb032280a53625718	512M	modern
io-budget/formal-expanded	ext4:append:cache:1:1M:64K	ra8-wb8	9503eba74d25afb7b0c6f63082c109e1594453a136488ef3dbb9141a7bb1a59f	ade1c0ca632c2ab1e7524daa06c52ebed49c3236113b92e01e3cb95a96628d66	faf8e6395a7d56cd92e5fdb460fd9532066d2f26	adc2defbace64dedde1cacb63d53500d103eedae	df7199412e700b064abe19fd5667d6ee41df4a98a9fffa72b051804ad0cd4e53	a1cfcceb6c688f9b0a290d512211ed08cf465b92b26a04cfb032280a53625718	512M	modern
io-budget/formal-expanded	ext4:append:cache:1:1M:64K	linux	9503eba74d25afb7b0c6f63082c109e1594453a136488ef3dbb9141a7bb1a59f	45ce43a8d3809011e0a18538ac75a52e65a434614aa298517adcacb3e6f5410a	f4cdf7ca9a1fdcca413157df19753f388a5a224e	adc2defbace64dedde1cacb63d53500d103eedae	df7199412e700b064abe19fd5667d6ee41df4a98a9fffa72b051804ad0cd4e53	a1cfcceb6c688f9b0a290d512211ed08cf465b92b26a04cfb032280a53625718	512M	modern
io-budget/formal-expanded	ext4:append:cache:1:4M:1K	baseline	9503eba74d25afb7b0c6f63082c109e1594453a136488ef3dbb9141a7bb1a59f	b962c890989d268282b55d49a4fa9b51afbaf7008dab2fc47e717388a6fea2f4	5687377c58dc96adfa1f72f1636a319bbd25b419	adc2defbace64dedde1cacb63d53500d103eedae	c2b54ec728422a76a805312350965ac2a6d41c25658b4bca5c7c3dd24d7f2ed2	a1cfcceb6c688f9b0a290d512211ed08cf465b92b26a04cfb032280a53625718	512M	modern
io-budget/formal-expanded	ext4:append:cache:1:4M:1K	ra0-wb1	9503eba74d25afb7b0c6f63082c109e1594453a136488ef3dbb9141a7bb1a59f	f451802e6bd2cb665dd4ae364ee7928847b70ce2dedbee63f40a8a20e91879f7	faf8e6395a7d56cd92e5fdb460fd9532066d2f26	adc2defbace64dedde1cacb63d53500d103eedae	c2b54ec728422a76a805312350965ac2a6d41c25658b4bca5c7c3dd24d7f2ed2	a1cfcceb6c688f9b0a290d512211ed08cf465b92b26a04cfb032280a53625718	512M	modern
io-budget/formal-expanded	ext4:append:cache:1:4M:1K	ra0-wb8	9503eba74d25afb7b0c6f63082c109e1594453a136488ef3dbb9141a7bb1a59f	69393c4592b95c2e31bffd4ba19287a12afd449f52a32d03f951f4ccf324a28c	faf8e6395a7d56cd92e5fdb460fd9532066d2f26	adc2defbace64dedde1cacb63d53500d103eedae	c2b54ec728422a76a805312350965ac2a6d41c25658b4bca5c7c3dd24d7f2ed2	a1cfcceb6c688f9b0a290d512211ed08cf465b92b26a04cfb032280a53625718	512M	modern
io-budget/formal-expanded	ext4:append:cache:1:4M:1K	ra8-wb8	9503eba74d25afb7b0c6f63082c109e1594453a136488ef3dbb9141a7bb1a59f	ade1c0ca632c2ab1e7524daa06c52ebed49c3236113b92e01e3cb95a96628d66	faf8e6395a7d56cd92e5fdb460fd9532066d2f26	adc2defbace64dedde1cacb63d53500d103eedae	c2b54ec728422a76a805312350965ac2a6d41c25658b4bca5c7c3dd24d7f2ed2	a1cfcceb6c688f9b0a290d512211ed08cf465b92b26a04cfb032280a53625718	512M	modern
io-budget/formal-expanded	ext4:append:cache:1:4M:1K	linux	9503eba74d25afb7b0c6f63082c109e1594453a136488ef3dbb9141a7bb1a59f	45ce43a8d3809011e0a18538ac75a52e65a434614aa298517adcacb3e6f5410a	f4cdf7ca9a1fdcca413157df19753f388a5a224e	adc2defbace64dedde1cacb63d53500d103eedae	c2b54ec728422a76a805312350965ac2a6d41c25658b4bca5c7c3dd24d7f2ed2	a1cfcceb6c688f9b0a290d512211ed08cf465b92b26a04cfb032280a53625718	512M	modern
io-budget/formal-expanded	ext4:append:cache:1:4M:4K	baseline	9503eba74d25afb7b0c6f63082c109e1594453a136488ef3dbb9141a7bb1a59f	b962c890989d268282b55d49a4fa9b51afbaf7008dab2fc47e717388a6fea2f4	5687377c58dc96adfa1f72f1636a319bbd25b419	adc2defbace64dedde1cacb63d53500d103eedae	731d3a27d72c18fc6d72669738b4d1c79cb379d8623b606111e70076cf2fea9b	a1cfcceb6c688f9b0a290d512211ed08cf465b92b26a04cfb032280a53625718	512M	modern
io-budget/formal-expanded	ext4:append:cache:1:4M:4K	ra0-wb1	9503eba74d25afb7b0c6f63082c109e1594453a136488ef3dbb9141a7bb1a59f	f451802e6bd2cb665dd4ae364ee7928847b70ce2dedbee63f40a8a20e91879f7	faf8e6395a7d56cd92e5fdb460fd9532066d2f26	adc2defbace64dedde1cacb63d53500d103eedae	731d3a27d72c18fc6d72669738b4d1c79cb379d8623b606111e70076cf2fea9b	a1cfcceb6c688f9b0a290d512211ed08cf465b92b26a04cfb032280a53625718	512M	modern
io-budget/formal-expanded	ext4:append:cache:1:4M:4K	ra0-wb8	9503eba74d25afb7b0c6f63082c109e1594453a136488ef3dbb9141a7bb1a59f	69393c4592b95c2e31bffd4ba19287a12afd449f52a32d03f951f4ccf324a28c	faf8e6395a7d56cd92e5fdb460fd9532066d2f26	adc2defbace64dedde1cacb63d53500d103eedae	731d3a27d72c18fc6d72669738b4d1c79cb379d8623b606111e70076cf2fea9b	a1cfcceb6c688f9b0a290d512211ed08cf465b92b26a04cfb032280a53625718	512M	modern
io-budget/formal-expanded	ext4:append:cache:1:4M:4K	ra8-wb8	9503eba74d25afb7b0c6f63082c109e1594453a136488ef3dbb9141a7bb1a59f	ade1c0ca632c2ab1e7524daa06c52ebed49c3236113b92e01e3cb95a96628d66	faf8e6395a7d56cd92e5fdb460fd9532066d2f26	adc2defbace64dedde1cacb63d53500d103eedae	731d3a27d72c18fc6d72669738b4d1c79cb379d8623b606111e70076cf2fea9b	a1cfcceb6c688f9b0a290d512211ed08cf465b92b26a04cfb032280a53625718	512M	modern
io-budget/formal-expanded	ext4:append:cache:1:4M:4K	linux	9503eba74d25afb7b0c6f63082c109e1594453a136488ef3dbb9141a7bb1a59f	45ce43a8d3809011e0a18538ac75a52e65a434614aa298517adcacb3e6f5410a	f4cdf7ca9a1fdcca413157df19753f388a5a224e	adc2defbace64dedde1cacb63d53500d103eedae	731d3a27d72c18fc6d72669738b4d1c79cb379d8623b606111e70076cf2fea9b	a1cfcceb6c688f9b0a290d512211ed08cf465b92b26a04cfb032280a53625718	512M	modern
io-budget/formal-expanded	ext4:append:cache:1:4M:64K	baseline	9503eba74d25afb7b0c6f63082c109e1594453a136488ef3dbb9141a7bb1a59f	b962c890989d268282b55d49a4fa9b51afbaf7008dab2fc47e717388a6fea2f4	5687377c58dc96adfa1f72f1636a319bbd25b419	adc2defbace64dedde1cacb63d53500d103eedae	b28a4120ffab3d4ef3a280637e89ec9aa76dabb6725e7a1af8754cf49f6352a2	a1cfcceb6c688f9b0a290d512211ed08cf465b92b26a04cfb032280a53625718	512M	modern
io-budget/formal-expanded	ext4:append:cache:1:4M:64K	ra0-wb1	9503eba74d25afb7b0c6f63082c109e1594453a136488ef3dbb9141a7bb1a59f	f451802e6bd2cb665dd4ae364ee7928847b70ce2dedbee63f40a8a20e91879f7	faf8e6395a7d56cd92e5fdb460fd9532066d2f26	adc2defbace64dedde1cacb63d53500d103eedae	b28a4120ffab3d4ef3a280637e89ec9aa76dabb6725e7a1af8754cf49f6352a2	a1cfcceb6c688f9b0a290d512211ed08cf465b92b26a04cfb032280a53625718	512M	modern
io-budget/formal-expanded	ext4:append:cache:1:4M:64K	ra0-wb8	9503eba74d25afb7b0c6f63082c109e1594453a136488ef3dbb9141a7bb1a59f	69393c4592b95c2e31bffd4ba19287a12afd449f52a32d03f951f4ccf324a28c	faf8e6395a7d56cd92e5fdb460fd9532066d2f26	adc2defbace64dedde1cacb63d53500d103eedae	b28a4120ffab3d4ef3a280637e89ec9aa76dabb6725e7a1af8754cf49f6352a2	a1cfcceb6c688f9b0a290d512211ed08cf465b92b26a04cfb032280a53625718	512M	modern
io-budget/formal-expanded	ext4:append:cache:1:4M:64K	ra8-wb8	9503eba74d25afb7b0c6f63082c109e1594453a136488ef3dbb9141a7bb1a59f	ade1c0ca632c2ab1e7524daa06c52ebed49c3236113b92e01e3cb95a96628d66	faf8e6395a7d56cd92e5fdb460fd9532066d2f26	adc2defbace64dedde1cacb63d53500d103eedae	b28a4120ffab3d4ef3a280637e89ec9aa76dabb6725e7a1af8754cf49f6352a2	a1cfcceb6c688f9b0a290d512211ed08cf465b92b26a04cfb032280a53625718	512M	modern
io-budget/formal-expanded	ext4:append:cache:1:4M:64K	linux	9503eba74d25afb7b0c6f63082c109e1594453a136488ef3dbb9141a7bb1a59f	45ce43a8d3809011e0a18538ac75a52e65a434614aa298517adcacb3e6f5410a	f4cdf7ca9a1fdcca413157df19753f388a5a224e	adc2defbace64dedde1cacb63d53500d103eedae	b28a4120ffab3d4ef3a280637e89ec9aa76dabb6725e7a1af8754cf49f6352a2	a1cfcceb6c688f9b0a290d512211ed08cf465b92b26a04cfb032280a53625718	512M	modern
io-budget/formal-expanded	ext4:append:cache:1:16M:1K	baseline	9503eba74d25afb7b0c6f63082c109e1594453a136488ef3dbb9141a7bb1a59f	b962c890989d268282b55d49a4fa9b51afbaf7008dab2fc47e717388a6fea2f4	5687377c58dc96adfa1f72f1636a319bbd25b419	adc2defbace64dedde1cacb63d53500d103eedae	43e4a669db792f44364c2d3cf297b05a64906920b900958141c9412c0e7984f0	a1cfcceb6c688f9b0a290d512211ed08cf465b92b26a04cfb032280a53625718	512M	modern
io-budget/formal-expanded	ext4:append:cache:1:16M:1K	ra0-wb1	9503eba74d25afb7b0c6f63082c109e1594453a136488ef3dbb9141a7bb1a59f	f451802e6bd2cb665dd4ae364ee7928847b70ce2dedbee63f40a8a20e91879f7	faf8e6395a7d56cd92e5fdb460fd9532066d2f26	adc2defbace64dedde1cacb63d53500d103eedae	43e4a669db792f44364c2d3cf297b05a64906920b900958141c9412c0e7984f0	a1cfcceb6c688f9b0a290d512211ed08cf465b92b26a04cfb032280a53625718	512M	modern
io-budget/formal-expanded	ext4:append:cache:1:16M:1K	ra0-wb8	9503eba74d25afb7b0c6f63082c109e1594453a136488ef3dbb9141a7bb1a59f	69393c4592b95c2e31bffd4ba19287a12afd449f52a32d03f951f4ccf324a28c	faf8e6395a7d56cd92e5fdb460fd9532066d2f26	adc2defbace64dedde1cacb63d53500d103eedae	43e4a669db792f44364c2d3cf297b05a64906920b900958141c9412c0e7984f0	a1cfcceb6c688f9b0a290d512211ed08cf465b92b26a04cfb032280a53625718	512M	modern
io-budget/formal-expanded	ext4:append:cache:1:16M:1K	ra8-wb8	9503eba74d25afb7b0c6f63082c109e1594453a136488ef3dbb9141a7bb1a59f	ade1c0ca632c2ab1e7524daa06c52ebed49c3236113b92e01e3cb95a96628d66	faf8e6395a7d56cd92e5fdb460fd9532066d2f26	adc2defbace64dedde1cacb63d53500d103eedae	43e4a669db792f44364c2d3cf297b05a64906920b900958141c9412c0e7984f0	a1cfcceb6c688f9b0a290d512211ed08cf465b92b26a04cfb032280a53625718	512M	modern
io-budget/formal-expanded	ext4:append:cache:1:16M:1K	linux	9503eba74d25afb7b0c6f63082c109e1594453a136488ef3dbb9141a7bb1a59f	45ce43a8d3809011e0a18538ac75a52e65a434614aa298517adcacb3e6f5410a	f4cdf7ca9a1fdcca413157df19753f388a5a224e	adc2defbace64dedde1cacb63d53500d103eedae	43e4a669db792f44364c2d3cf297b05a64906920b900958141c9412c0e7984f0	a1cfcceb6c688f9b0a290d512211ed08cf465b92b26a04cfb032280a53625718	512M	modern
io-budget/formal-expanded	ext4:append:cache:1:16M:4K	baseline	9503eba74d25afb7b0c6f63082c109e1594453a136488ef3dbb9141a7bb1a59f	b962c890989d268282b55d49a4fa9b51afbaf7008dab2fc47e717388a6fea2f4	5687377c58dc96adfa1f72f1636a319bbd25b419	adc2defbace64dedde1cacb63d53500d103eedae	53deeeac74937f8bfd9cb8a13aa0db2b4d8bb040353a4232d1388c92d3f04f0a	a1cfcceb6c688f9b0a290d512211ed08cf465b92b26a04cfb032280a53625718	512M	modern
io-budget/formal-expanded	ext4:append:cache:1:16M:4K	ra0-wb1	9503eba74d25afb7b0c6f63082c109e1594453a136488ef3dbb9141a7bb1a59f	f451802e6bd2cb665dd4ae364ee7928847b70ce2dedbee63f40a8a20e91879f7	faf8e6395a7d56cd92e5fdb460fd9532066d2f26	adc2defbace64dedde1cacb63d53500d103eedae	53deeeac74937f8bfd9cb8a13aa0db2b4d8bb040353a4232d1388c92d3f04f0a	a1cfcceb6c688f9b0a290d512211ed08cf465b92b26a04cfb032280a53625718	512M	modern
io-budget/formal-expanded	ext4:append:cache:1:16M:4K	ra0-wb8	9503eba74d25afb7b0c6f63082c109e1594453a136488ef3dbb9141a7bb1a59f	69393c4592b95c2e31bffd4ba19287a12afd449f52a32d03f951f4ccf324a28c	faf8e6395a7d56cd92e5fdb460fd9532066d2f26	adc2defbace64dedde1cacb63d53500d103eedae	53deeeac74937f8bfd9cb8a13aa0db2b4d8bb040353a4232d1388c92d3f04f0a	a1cfcceb6c688f9b0a290d512211ed08cf465b92b26a04cfb032280a53625718	512M	modern
io-budget/formal-expanded	ext4:append:cache:1:16M:4K	ra8-wb8	9503eba74d25afb7b0c6f63082c109e1594453a136488ef3dbb9141a7bb1a59f	ade1c0ca632c2ab1e7524daa06c52ebed49c3236113b92e01e3cb95a96628d66	faf8e6395a7d56cd92e5fdb460fd9532066d2f26	adc2defbace64dedde1cacb63d53500d103eedae	53deeeac74937f8bfd9cb8a13aa0db2b4d8bb040353a4232d1388c92d3f04f0a	a1cfcceb6c688f9b0a290d512211ed08cf465b92b26a04cfb032280a53625718	512M	modern
io-budget/formal-expanded	ext4:append:cache:1:16M:4K	linux	9503eba74d25afb7b0c6f63082c109e1594453a136488ef3dbb9141a7bb1a59f	45ce43a8d3809011e0a18538ac75a52e65a434614aa298517adcacb3e6f5410a	f4cdf7ca9a1fdcca413157df19753f388a5a224e	adc2defbace64dedde1cacb63d53500d103eedae	53deeeac74937f8bfd9cb8a13aa0db2b4d8bb040353a4232d1388c92d3f04f0a	a1cfcceb6c688f9b0a290d512211ed08cf465b92b26a04cfb032280a53625718	512M	modern
io-budget/formal-expanded	ext4:append:cache:1:16M:64K	baseline	9503eba74d25afb7b0c6f63082c109e1594453a136488ef3dbb9141a7bb1a59f	b962c890989d268282b55d49a4fa9b51afbaf7008dab2fc47e717388a6fea2f4	5687377c58dc96adfa1f72f1636a319bbd25b419	adc2defbace64dedde1cacb63d53500d103eedae	3e2d07a2860eea7c1a2d647fabae08cdcb9aac1724cd1791522e88b1d4f9fec5	a1cfcceb6c688f9b0a290d512211ed08cf465b92b26a04cfb032280a53625718	512M	modern
io-budget/formal-expanded	ext4:append:cache:1:16M:64K	ra0-wb1	9503eba74d25afb7b0c6f63082c109e1594453a136488ef3dbb9141a7bb1a59f	f451802e6bd2cb665dd4ae364ee7928847b70ce2dedbee63f40a8a20e91879f7	faf8e6395a7d56cd92e5fdb460fd9532066d2f26	adc2defbace64dedde1cacb63d53500d103eedae	3e2d07a2860eea7c1a2d647fabae08cdcb9aac1724cd1791522e88b1d4f9fec5	a1cfcceb6c688f9b0a290d512211ed08cf465b92b26a04cfb032280a53625718	512M	modern
io-budget/formal-expanded	ext4:append:cache:1:16M:64K	ra0-wb8	9503eba74d25afb7b0c6f63082c109e1594453a136488ef3dbb9141a7bb1a59f	69393c4592b95c2e31bffd4ba19287a12afd449f52a32d03f951f4ccf324a28c	faf8e6395a7d56cd92e5fdb460fd9532066d2f26	adc2defbace64dedde1cacb63d53500d103eedae	3e2d07a2860eea7c1a2d647fabae08cdcb9aac1724cd1791522e88b1d4f9fec5	a1cfcceb6c688f9b0a290d512211ed08cf465b92b26a04cfb032280a53625718	512M	modern
io-budget/formal-expanded	ext4:append:cache:1:16M:64K	ra8-wb8	9503eba74d25afb7b0c6f63082c109e1594453a136488ef3dbb9141a7bb1a59f	ade1c0ca632c2ab1e7524daa06c52ebed49c3236113b92e01e3cb95a96628d66	faf8e6395a7d56cd92e5fdb460fd9532066d2f26	adc2defbace64dedde1cacb63d53500d103eedae	3e2d07a2860eea7c1a2d647fabae08cdcb9aac1724cd1791522e88b1d4f9fec5	a1cfcceb6c688f9b0a290d512211ed08cf465b92b26a04cfb032280a53625718	512M	modern
io-budget/formal-expanded	ext4:append:cache:1:16M:64K	linux	9503eba74d25afb7b0c6f63082c109e1594453a136488ef3dbb9141a7bb1a59f	45ce43a8d3809011e0a18538ac75a52e65a434614aa298517adcacb3e6f5410a	f4cdf7ca9a1fdcca413157df19753f388a5a224e	adc2defbace64dedde1cacb63d53500d103eedae	3e2d07a2860eea7c1a2d647fabae08cdcb9aac1724cd1791522e88b1d4f9fec5	a1cfcceb6c688f9b0a290d512211ed08cf465b92b26a04cfb032280a53625718	512M	modern
io-budget/formal-expanded	ext4:append:cache:1:64M:1K	baseline	9503eba74d25afb7b0c6f63082c109e1594453a136488ef3dbb9141a7bb1a59f	b962c890989d268282b55d49a4fa9b51afbaf7008dab2fc47e717388a6fea2f4	5687377c58dc96adfa1f72f1636a319bbd25b419	adc2defbace64dedde1cacb63d53500d103eedae	1bb07156d36f8e3c37f317407049c94edf274afea527b24bd7f3f678526f03b4	a1cfcceb6c688f9b0a290d512211ed08cf465b92b26a04cfb032280a53625718	512M	modern
io-budget/formal-expanded	ext4:append:cache:1:64M:1K	ra0-wb1	9503eba74d25afb7b0c6f63082c109e1594453a136488ef3dbb9141a7bb1a59f	f451802e6bd2cb665dd4ae364ee7928847b70ce2dedbee63f40a8a20e91879f7	faf8e6395a7d56cd92e5fdb460fd9532066d2f26	adc2defbace64dedde1cacb63d53500d103eedae	1bb07156d36f8e3c37f317407049c94edf274afea527b24bd7f3f678526f03b4	a1cfcceb6c688f9b0a290d512211ed08cf465b92b26a04cfb032280a53625718	512M	modern
io-budget/formal-expanded	ext4:append:cache:1:64M:1K	ra0-wb8	9503eba74d25afb7b0c6f63082c109e1594453a136488ef3dbb9141a7bb1a59f	69393c4592b95c2e31bffd4ba19287a12afd449f52a32d03f951f4ccf324a28c	faf8e6395a7d56cd92e5fdb460fd9532066d2f26	adc2defbace64dedde1cacb63d53500d103eedae	1bb07156d36f8e3c37f317407049c94edf274afea527b24bd7f3f678526f03b4	a1cfcceb6c688f9b0a290d512211ed08cf465b92b26a04cfb032280a53625718	512M	modern
io-budget/formal-expanded	ext4:append:cache:1:64M:1K	ra8-wb8	9503eba74d25afb7b0c6f63082c109e1594453a136488ef3dbb9141a7bb1a59f	ade1c0ca632c2ab1e7524daa06c52ebed49c3236113b92e01e3cb95a96628d66	faf8e6395a7d56cd92e5fdb460fd9532066d2f26	adc2defbace64dedde1cacb63d53500d103eedae	1bb07156d36f8e3c37f317407049c94edf274afea527b24bd7f3f678526f03b4	a1cfcceb6c688f9b0a290d512211ed08cf465b92b26a04cfb032280a53625718	512M	modern
io-budget/formal-expanded	ext4:append:cache:1:64M:1K	linux	9503eba74d25afb7b0c6f63082c109e1594453a136488ef3dbb9141a7bb1a59f	45ce43a8d3809011e0a18538ac75a52e65a434614aa298517adcacb3e6f5410a	f4cdf7ca9a1fdcca413157df19753f388a5a224e	adc2defbace64dedde1cacb63d53500d103eedae	1bb07156d36f8e3c37f317407049c94edf274afea527b24bd7f3f678526f03b4	a1cfcceb6c688f9b0a290d512211ed08cf465b92b26a04cfb032280a53625718	512M	modern
io-budget/formal-expanded	ext4:append:cache:1:64M:4K	baseline	9503eba74d25afb7b0c6f63082c109e1594453a136488ef3dbb9141a7bb1a59f	b962c890989d268282b55d49a4fa9b51afbaf7008dab2fc47e717388a6fea2f4	5687377c58dc96adfa1f72f1636a319bbd25b419	adc2defbace64dedde1cacb63d53500d103eedae	eabf4af7dc4ced72c6c133e001f7faa9642354ca11596ebb560a102ef4995fe5	a1cfcceb6c688f9b0a290d512211ed08cf465b92b26a04cfb032280a53625718	512M	modern
io-budget/formal-expanded	ext4:append:cache:1:64M:4K	ra0-wb1	9503eba74d25afb7b0c6f63082c109e1594453a136488ef3dbb9141a7bb1a59f	f451802e6bd2cb665dd4ae364ee7928847b70ce2dedbee63f40a8a20e91879f7	faf8e6395a7d56cd92e5fdb460fd9532066d2f26	adc2defbace64dedde1cacb63d53500d103eedae	eabf4af7dc4ced72c6c133e001f7faa9642354ca11596ebb560a102ef4995fe5	a1cfcceb6c688f9b0a290d512211ed08cf465b92b26a04cfb032280a53625718	512M	modern
io-budget/formal-expanded	ext4:append:cache:1:64M:4K	ra0-wb8	9503eba74d25afb7b0c6f63082c109e1594453a136488ef3dbb9141a7bb1a59f	69393c4592b95c2e31bffd4ba19287a12afd449f52a32d03f951f4ccf324a28c	faf8e6395a7d56cd92e5fdb460fd9532066d2f26	adc2defbace64dedde1cacb63d53500d103eedae	eabf4af7dc4ced72c6c133e001f7faa9642354ca11596ebb560a102ef4995fe5	a1cfcceb6c688f9b0a290d512211ed08cf465b92b26a04cfb032280a53625718	512M	modern
io-budget/formal-expanded	ext4:append:cache:1:64M:4K	ra8-wb8	9503eba74d25afb7b0c6f63082c109e1594453a136488ef3dbb9141a7bb1a59f	ade1c0ca632c2ab1e7524daa06c52ebed49c3236113b92e01e3cb95a96628d66	faf8e6395a7d56cd92e5fdb460fd9532066d2f26	adc2defbace64dedde1cacb63d53500d103eedae	eabf4af7dc4ced72c6c133e001f7faa9642354ca11596ebb560a102ef4995fe5	a1cfcceb6c688f9b0a290d512211ed08cf465b92b26a04cfb032280a53625718	512M	modern
io-budget/formal-expanded	ext4:append:cache:1:64M:4K	linux	9503eba74d25afb7b0c6f63082c109e1594453a136488ef3dbb9141a7bb1a59f	45ce43a8d3809011e0a18538ac75a52e65a434614aa298517adcacb3e6f5410a	f4cdf7ca9a1fdcca413157df19753f388a5a224e	adc2defbace64dedde1cacb63d53500d103eedae	eabf4af7dc4ced72c6c133e001f7faa9642354ca11596ebb560a102ef4995fe5	a1cfcceb6c688f9b0a290d512211ed08cf465b92b26a04cfb032280a53625718	512M	modern
io-budget/formal-expanded	ext4:append:cache:1:64M:64K	baseline	9503eba74d25afb7b0c6f63082c109e1594453a136488ef3dbb9141a7bb1a59f	b962c890989d268282b55d49a4fa9b51afbaf7008dab2fc47e717388a6fea2f4	5687377c58dc96adfa1f72f1636a319bbd25b419	adc2defbace64dedde1cacb63d53500d103eedae	a8c802b704f694a54f403c29a0603ef42619328e240f29dc1df4cfe6bfe99c5d	a1cfcceb6c688f9b0a290d512211ed08cf465b92b26a04cfb032280a53625718	512M	modern
io-budget/formal-expanded	ext4:append:cache:1:64M:64K	ra0-wb1	9503eba74d25afb7b0c6f63082c109e1594453a136488ef3dbb9141a7bb1a59f	f451802e6bd2cb665dd4ae364ee7928847b70ce2dedbee63f40a8a20e91879f7	faf8e6395a7d56cd92e5fdb460fd9532066d2f26	adc2defbace64dedde1cacb63d53500d103eedae	a8c802b704f694a54f403c29a0603ef42619328e240f29dc1df4cfe6bfe99c5d	a1cfcceb6c688f9b0a290d512211ed08cf465b92b26a04cfb032280a53625718	512M	modern
io-budget/formal-expanded	ext4:append:cache:1:64M:64K	ra0-wb8	9503eba74d25afb7b0c6f63082c109e1594453a136488ef3dbb9141a7bb1a59f	69393c4592b95c2e31bffd4ba19287a12afd449f52a32d03f951f4ccf324a28c	faf8e6395a7d56cd92e5fdb460fd9532066d2f26	adc2defbace64dedde1cacb63d53500d103eedae	a8c802b704f694a54f403c29a0603ef42619328e240f29dc1df4cfe6bfe99c5d	a1cfcceb6c688f9b0a290d512211ed08cf465b92b26a04cfb032280a53625718	512M	modern
io-budget/formal-expanded	ext4:append:cache:1:64M:64K	ra8-wb8	9503eba74d25afb7b0c6f63082c109e1594453a136488ef3dbb9141a7bb1a59f	ade1c0ca632c2ab1e7524daa06c52ebed49c3236113b92e01e3cb95a96628d66	faf8e6395a7d56cd92e5fdb460fd9532066d2f26	adc2defbace64dedde1cacb63d53500d103eedae	a8c802b704f694a54f403c29a0603ef42619328e240f29dc1df4cfe6bfe99c5d	a1cfcceb6c688f9b0a290d512211ed08cf465b92b26a04cfb032280a53625718	512M	modern
io-budget/formal-expanded	ext4:append:cache:1:64M:64K	linux	9503eba74d25afb7b0c6f63082c109e1594453a136488ef3dbb9141a7bb1a59f	45ce43a8d3809011e0a18538ac75a52e65a434614aa298517adcacb3e6f5410a	f4cdf7ca9a1fdcca413157df19753f388a5a224e	adc2defbace64dedde1cacb63d53500d103eedae	a8c802b704f694a54f403c29a0603ef42619328e240f29dc1df4cfe6bfe99c5d	a1cfcceb6c688f9b0a290d512211ed08cf465b92b26a04cfb032280a53625718	512M	modern
io-budget/formal-expanded	ext4:append:fsync:1:1M:4K	baseline	9503eba74d25afb7b0c6f63082c109e1594453a136488ef3dbb9141a7bb1a59f	b962c890989d268282b55d49a4fa9b51afbaf7008dab2fc47e717388a6fea2f4	5687377c58dc96adfa1f72f1636a319bbd25b419	adc2defbace64dedde1cacb63d53500d103eedae	f219f70f87ebfe806f42f9a95207e940d23c39ffb3d795e556d408a4bb360351	a1cfcceb6c688f9b0a290d512211ed08cf465b92b26a04cfb032280a53625718	512M	modern
io-budget/formal-expanded	ext4:append:fsync:1:1M:4K	ra0-wb1	9503eba74d25afb7b0c6f63082c109e1594453a136488ef3dbb9141a7bb1a59f	f451802e6bd2cb665dd4ae364ee7928847b70ce2dedbee63f40a8a20e91879f7	faf8e6395a7d56cd92e5fdb460fd9532066d2f26	adc2defbace64dedde1cacb63d53500d103eedae	f219f70f87ebfe806f42f9a95207e940d23c39ffb3d795e556d408a4bb360351	a1cfcceb6c688f9b0a290d512211ed08cf465b92b26a04cfb032280a53625718	512M	modern
io-budget/formal-expanded	ext4:append:fsync:1:1M:4K	ra0-wb8	9503eba74d25afb7b0c6f63082c109e1594453a136488ef3dbb9141a7bb1a59f	69393c4592b95c2e31bffd4ba19287a12afd449f52a32d03f951f4ccf324a28c	faf8e6395a7d56cd92e5fdb460fd9532066d2f26	adc2defbace64dedde1cacb63d53500d103eedae	f219f70f87ebfe806f42f9a95207e940d23c39ffb3d795e556d408a4bb360351	a1cfcceb6c688f9b0a290d512211ed08cf465b92b26a04cfb032280a53625718	512M	modern
io-budget/formal-expanded	ext4:append:fsync:1:1M:4K	ra8-wb8	9503eba74d25afb7b0c6f63082c109e1594453a136488ef3dbb9141a7bb1a59f	ade1c0ca632c2ab1e7524daa06c52ebed49c3236113b92e01e3cb95a96628d66	faf8e6395a7d56cd92e5fdb460fd9532066d2f26	adc2defbace64dedde1cacb63d53500d103eedae	f219f70f87ebfe806f42f9a95207e940d23c39ffb3d795e556d408a4bb360351	a1cfcceb6c688f9b0a290d512211ed08cf465b92b26a04cfb032280a53625718	512M	modern
io-budget/formal-expanded	ext4:append:fsync:1:1M:4K	linux	9503eba74d25afb7b0c6f63082c109e1594453a136488ef3dbb9141a7bb1a59f	45ce43a8d3809011e0a18538ac75a52e65a434614aa298517adcacb3e6f5410a	f4cdf7ca9a1fdcca413157df19753f388a5a224e	adc2defbace64dedde1cacb63d53500d103eedae	f219f70f87ebfe806f42f9a95207e940d23c39ffb3d795e556d408a4bb360351	a1cfcceb6c688f9b0a290d512211ed08cf465b92b26a04cfb032280a53625718	512M	modern
io-budget/formal-expanded	ext4:append:fsync:1:4M:4K	baseline	9503eba74d25afb7b0c6f63082c109e1594453a136488ef3dbb9141a7bb1a59f	b962c890989d268282b55d49a4fa9b51afbaf7008dab2fc47e717388a6fea2f4	5687377c58dc96adfa1f72f1636a319bbd25b419	adc2defbace64dedde1cacb63d53500d103eedae	6d3ded87f61c30870c53e8dac883dd5fff0c4b6f9c3d92b536889f105b06e508	a1cfcceb6c688f9b0a290d512211ed08cf465b92b26a04cfb032280a53625718	512M	modern
io-budget/formal-expanded	ext4:append:fsync:1:4M:4K	ra0-wb1	9503eba74d25afb7b0c6f63082c109e1594453a136488ef3dbb9141a7bb1a59f	f451802e6bd2cb665dd4ae364ee7928847b70ce2dedbee63f40a8a20e91879f7	faf8e6395a7d56cd92e5fdb460fd9532066d2f26	adc2defbace64dedde1cacb63d53500d103eedae	6d3ded87f61c30870c53e8dac883dd5fff0c4b6f9c3d92b536889f105b06e508	a1cfcceb6c688f9b0a290d512211ed08cf465b92b26a04cfb032280a53625718	512M	modern
io-budget/formal-expanded	ext4:append:fsync:1:4M:4K	ra0-wb8	9503eba74d25afb7b0c6f63082c109e1594453a136488ef3dbb9141a7bb1a59f	69393c4592b95c2e31bffd4ba19287a12afd449f52a32d03f951f4ccf324a28c	faf8e6395a7d56cd92e5fdb460fd9532066d2f26	adc2defbace64dedde1cacb63d53500d103eedae	6d3ded87f61c30870c53e8dac883dd5fff0c4b6f9c3d92b536889f105b06e508	a1cfcceb6c688f9b0a290d512211ed08cf465b92b26a04cfb032280a53625718	512M	modern
io-budget/formal-expanded	ext4:append:fsync:1:4M:4K	ra8-wb8	9503eba74d25afb7b0c6f63082c109e1594453a136488ef3dbb9141a7bb1a59f	ade1c0ca632c2ab1e7524daa06c52ebed49c3236113b92e01e3cb95a96628d66	faf8e6395a7d56cd92e5fdb460fd9532066d2f26	adc2defbace64dedde1cacb63d53500d103eedae	6d3ded87f61c30870c53e8dac883dd5fff0c4b6f9c3d92b536889f105b06e508	a1cfcceb6c688f9b0a290d512211ed08cf465b92b26a04cfb032280a53625718	512M	modern
io-budget/formal-expanded	ext4:append:fsync:1:4M:4K	linux	9503eba74d25afb7b0c6f63082c109e1594453a136488ef3dbb9141a7bb1a59f	45ce43a8d3809011e0a18538ac75a52e65a434614aa298517adcacb3e6f5410a	f4cdf7ca9a1fdcca413157df19753f388a5a224e	adc2defbace64dedde1cacb63d53500d103eedae	6d3ded87f61c30870c53e8dac883dd5fff0c4b6f9c3d92b536889f105b06e508	a1cfcceb6c688f9b0a290d512211ed08cf465b92b26a04cfb032280a53625718	512M	modern
io-budget/formal-expanded	ext4:append:fsync:1:16M:64K	baseline	9503eba74d25afb7b0c6f63082c109e1594453a136488ef3dbb9141a7bb1a59f	b962c890989d268282b55d49a4fa9b51afbaf7008dab2fc47e717388a6fea2f4	5687377c58dc96adfa1f72f1636a319bbd25b419	adc2defbace64dedde1cacb63d53500d103eedae	9df01785fbc6059460105f8131e8214a62b507e9e565675ed1366b5a8e9e9bdf	a1cfcceb6c688f9b0a290d512211ed08cf465b92b26a04cfb032280a53625718	512M	modern
io-budget/formal-expanded	ext4:append:fsync:1:16M:64K	ra0-wb1	9503eba74d25afb7b0c6f63082c109e1594453a136488ef3dbb9141a7bb1a59f	f451802e6bd2cb665dd4ae364ee7928847b70ce2dedbee63f40a8a20e91879f7	faf8e6395a7d56cd92e5fdb460fd9532066d2f26	adc2defbace64dedde1cacb63d53500d103eedae	9df01785fbc6059460105f8131e8214a62b507e9e565675ed1366b5a8e9e9bdf	a1cfcceb6c688f9b0a290d512211ed08cf465b92b26a04cfb032280a53625718	512M	modern
io-budget/formal-expanded	ext4:append:fsync:1:16M:64K	ra0-wb8	9503eba74d25afb7b0c6f63082c109e1594453a136488ef3dbb9141a7bb1a59f	69393c4592b95c2e31bffd4ba19287a12afd449f52a32d03f951f4ccf324a28c	faf8e6395a7d56cd92e5fdb460fd9532066d2f26	adc2defbace64dedde1cacb63d53500d103eedae	9df01785fbc6059460105f8131e8214a62b507e9e565675ed1366b5a8e9e9bdf	a1cfcceb6c688f9b0a290d512211ed08cf465b92b26a04cfb032280a53625718	512M	modern
io-budget/formal-expanded	ext4:append:fsync:1:16M:64K	ra8-wb8	9503eba74d25afb7b0c6f63082c109e1594453a136488ef3dbb9141a7bb1a59f	ade1c0ca632c2ab1e7524daa06c52ebed49c3236113b92e01e3cb95a96628d66	faf8e6395a7d56cd92e5fdb460fd9532066d2f26	adc2defbace64dedde1cacb63d53500d103eedae	9df01785fbc6059460105f8131e8214a62b507e9e565675ed1366b5a8e9e9bdf	a1cfcceb6c688f9b0a290d512211ed08cf465b92b26a04cfb032280a53625718	512M	modern
io-budget/formal-expanded	ext4:append:fsync:1:16M:64K	linux	9503eba74d25afb7b0c6f63082c109e1594453a136488ef3dbb9141a7bb1a59f	45ce43a8d3809011e0a18538ac75a52e65a434614aa298517adcacb3e6f5410a	f4cdf7ca9a1fdcca413157df19753f388a5a224e	adc2defbace64dedde1cacb63d53500d103eedae	9df01785fbc6059460105f8131e8214a62b507e9e565675ed1366b5a8e9e9bdf	a1cfcceb6c688f9b0a290d512211ed08cf465b92b26a04cfb032280a53625718	512M	modern
io-budget/formal-expanded	ext4:append:fsync:1:64M:4K	baseline	9503eba74d25afb7b0c6f63082c109e1594453a136488ef3dbb9141a7bb1a59f	b962c890989d268282b55d49a4fa9b51afbaf7008dab2fc47e717388a6fea2f4	5687377c58dc96adfa1f72f1636a319bbd25b419	adc2defbace64dedde1cacb63d53500d103eedae	46dba375cdd79a4455f3d872b3dd210f532b8b100d7fdb1d47a2d2cd6762dfe9	a1cfcceb6c688f9b0a290d512211ed08cf465b92b26a04cfb032280a53625718	512M	modern
io-budget/formal-expanded	ext4:append:fsync:1:64M:4K	ra0-wb1	9503eba74d25afb7b0c6f63082c109e1594453a136488ef3dbb9141a7bb1a59f	f451802e6bd2cb665dd4ae364ee7928847b70ce2dedbee63f40a8a20e91879f7	faf8e6395a7d56cd92e5fdb460fd9532066d2f26	adc2defbace64dedde1cacb63d53500d103eedae	46dba375cdd79a4455f3d872b3dd210f532b8b100d7fdb1d47a2d2cd6762dfe9	a1cfcceb6c688f9b0a290d512211ed08cf465b92b26a04cfb032280a53625718	512M	modern
io-budget/formal-expanded	ext4:append:fsync:1:64M:4K	ra0-wb8	9503eba74d25afb7b0c6f63082c109e1594453a136488ef3dbb9141a7bb1a59f	69393c4592b95c2e31bffd4ba19287a12afd449f52a32d03f951f4ccf324a28c	faf8e6395a7d56cd92e5fdb460fd9532066d2f26	adc2defbace64dedde1cacb63d53500d103eedae	46dba375cdd79a4455f3d872b3dd210f532b8b100d7fdb1d47a2d2cd6762dfe9	a1cfcceb6c688f9b0a290d512211ed08cf465b92b26a04cfb032280a53625718	512M	modern
io-budget/formal-expanded	ext4:append:fsync:1:64M:4K	ra8-wb8	9503eba74d25afb7b0c6f63082c109e1594453a136488ef3dbb9141a7bb1a59f	ade1c0ca632c2ab1e7524daa06c52ebed49c3236113b92e01e3cb95a96628d66	faf8e6395a7d56cd92e5fdb460fd9532066d2f26	adc2defbace64dedde1cacb63d53500d103eedae	46dba375cdd79a4455f3d872b3dd210f532b8b100d7fdb1d47a2d2cd6762dfe9	a1cfcceb6c688f9b0a290d512211ed08cf465b92b26a04cfb032280a53625718	512M	modern
io-budget/formal-expanded	ext4:append:fsync:1:64M:4K	linux	9503eba74d25afb7b0c6f63082c109e1594453a136488ef3dbb9141a7bb1a59f	45ce43a8d3809011e0a18538ac75a52e65a434614aa298517adcacb3e6f5410a	f4cdf7ca9a1fdcca413157df19753f388a5a224e	adc2defbace64dedde1cacb63d53500d103eedae	46dba375cdd79a4455f3d872b3dd210f532b8b100d7fdb1d47a2d2cd6762dfe9	a1cfcceb6c688f9b0a290d512211ed08cf465b92b26a04cfb032280a53625718	512M	modern
io-budget/formal-expanded	ext4:overwrite:cache:1:16M:64K	baseline	9503eba74d25afb7b0c6f63082c109e1594453a136488ef3dbb9141a7bb1a59f	b962c890989d268282b55d49a4fa9b51afbaf7008dab2fc47e717388a6fea2f4	5687377c58dc96adfa1f72f1636a319bbd25b419	adc2defbace64dedde1cacb63d53500d103eedae	53295b7dabb55d09d45cdb6984f62c81e6f54f6eafe1dee77f73b9bfaa60181b	a1cfcceb6c688f9b0a290d512211ed08cf465b92b26a04cfb032280a53625718	512M	modern
io-budget/formal-expanded	ext4:overwrite:cache:1:16M:64K	ra0-wb1	9503eba74d25afb7b0c6f63082c109e1594453a136488ef3dbb9141a7bb1a59f	f451802e6bd2cb665dd4ae364ee7928847b70ce2dedbee63f40a8a20e91879f7	faf8e6395a7d56cd92e5fdb460fd9532066d2f26	adc2defbace64dedde1cacb63d53500d103eedae	53295b7dabb55d09d45cdb6984f62c81e6f54f6eafe1dee77f73b9bfaa60181b	a1cfcceb6c688f9b0a290d512211ed08cf465b92b26a04cfb032280a53625718	512M	modern
io-budget/formal-expanded	ext4:overwrite:cache:1:16M:64K	ra0-wb8	9503eba74d25afb7b0c6f63082c109e1594453a136488ef3dbb9141a7bb1a59f	69393c4592b95c2e31bffd4ba19287a12afd449f52a32d03f951f4ccf324a28c	faf8e6395a7d56cd92e5fdb460fd9532066d2f26	adc2defbace64dedde1cacb63d53500d103eedae	53295b7dabb55d09d45cdb6984f62c81e6f54f6eafe1dee77f73b9bfaa60181b	a1cfcceb6c688f9b0a290d512211ed08cf465b92b26a04cfb032280a53625718	512M	modern
io-budget/formal-expanded	ext4:overwrite:cache:1:16M:64K	ra8-wb8	9503eba74d25afb7b0c6f63082c109e1594453a136488ef3dbb9141a7bb1a59f	ade1c0ca632c2ab1e7524daa06c52ebed49c3236113b92e01e3cb95a96628d66	faf8e6395a7d56cd92e5fdb460fd9532066d2f26	adc2defbace64dedde1cacb63d53500d103eedae	53295b7dabb55d09d45cdb6984f62c81e6f54f6eafe1dee77f73b9bfaa60181b	a1cfcceb6c688f9b0a290d512211ed08cf465b92b26a04cfb032280a53625718	512M	modern
io-budget/formal-expanded	ext4:overwrite:cache:1:16M:64K	linux	9503eba74d25afb7b0c6f63082c109e1594453a136488ef3dbb9141a7bb1a59f	45ce43a8d3809011e0a18538ac75a52e65a434614aa298517adcacb3e6f5410a	f4cdf7ca9a1fdcca413157df19753f388a5a224e	adc2defbace64dedde1cacb63d53500d103eedae	53295b7dabb55d09d45cdb6984f62c81e6f54f6eafe1dee77f73b9bfaa60181b	a1cfcceb6c688f9b0a290d512211ed08cf465b92b26a04cfb032280a53625718	512M	modern
io-budget/formal-expanded	ext4:overwrite:fsync:1:16M:64K	baseline	9503eba74d25afb7b0c6f63082c109e1594453a136488ef3dbb9141a7bb1a59f	b962c890989d268282b55d49a4fa9b51afbaf7008dab2fc47e717388a6fea2f4	5687377c58dc96adfa1f72f1636a319bbd25b419	adc2defbace64dedde1cacb63d53500d103eedae	c759dd2b7d6ac69e86d6e9532b01e06aaf17751ac279cb64b8b84cc7a94b1909	a1cfcceb6c688f9b0a290d512211ed08cf465b92b26a04cfb032280a53625718	512M	modern
io-budget/formal-expanded	ext4:overwrite:fsync:1:16M:64K	ra0-wb1	9503eba74d25afb7b0c6f63082c109e1594453a136488ef3dbb9141a7bb1a59f	f451802e6bd2cb665dd4ae364ee7928847b70ce2dedbee63f40a8a20e91879f7	faf8e6395a7d56cd92e5fdb460fd9532066d2f26	adc2defbace64dedde1cacb63d53500d103eedae	c759dd2b7d6ac69e86d6e9532b01e06aaf17751ac279cb64b8b84cc7a94b1909	a1cfcceb6c688f9b0a290d512211ed08cf465b92b26a04cfb032280a53625718	512M	modern
io-budget/formal-expanded	ext4:overwrite:fsync:1:16M:64K	ra0-wb8	9503eba74d25afb7b0c6f63082c109e1594453a136488ef3dbb9141a7bb1a59f	69393c4592b95c2e31bffd4ba19287a12afd449f52a32d03f951f4ccf324a28c	faf8e6395a7d56cd92e5fdb460fd9532066d2f26	adc2defbace64dedde1cacb63d53500d103eedae	c759dd2b7d6ac69e86d6e9532b01e06aaf17751ac279cb64b8b84cc7a94b1909	a1cfcceb6c688f9b0a290d512211ed08cf465b92b26a04cfb032280a53625718	512M	modern
io-budget/formal-expanded	ext4:overwrite:fsync:1:16M:64K	ra8-wb8	9503eba74d25afb7b0c6f63082c109e1594453a136488ef3dbb9141a7bb1a59f	ade1c0ca632c2ab1e7524daa06c52ebed49c3236113b92e01e3cb95a96628d66	faf8e6395a7d56cd92e5fdb460fd9532066d2f26	adc2defbace64dedde1cacb63d53500d103eedae	c759dd2b7d6ac69e86d6e9532b01e06aaf17751ac279cb64b8b84cc7a94b1909	a1cfcceb6c688f9b0a290d512211ed08cf465b92b26a04cfb032280a53625718	512M	modern
io-budget/formal-expanded	ext4:overwrite:fsync:1:16M:64K	linux	9503eba74d25afb7b0c6f63082c109e1594453a136488ef3dbb9141a7bb1a59f	45ce43a8d3809011e0a18538ac75a52e65a434614aa298517adcacb3e6f5410a	f4cdf7ca9a1fdcca413157df19753f388a5a224e	adc2defbace64dedde1cacb63d53500d103eedae	c759dd2b7d6ac69e86d6e9532b01e06aaf17751ac279cb64b8b84cc7a94b1909	a1cfcceb6c688f9b0a290d512211ed08cf465b92b26a04cfb032280a53625718	512M	modern
io-budget/formal-expanded	ext4:cold-read:cache:1:16M:4K	baseline	9503eba74d25afb7b0c6f63082c109e1594453a136488ef3dbb9141a7bb1a59f	b962c890989d268282b55d49a4fa9b51afbaf7008dab2fc47e717388a6fea2f4	5687377c58dc96adfa1f72f1636a319bbd25b419	adc2defbace64dedde1cacb63d53500d103eedae	5d8ed71b235038d35f5aebcf62b7eac4fd629c0b39ef8b0d5f6a781bc9850e1f	a1cfcceb6c688f9b0a290d512211ed08cf465b92b26a04cfb032280a53625718	512M	modern
io-budget/formal-expanded	ext4:cold-read:cache:1:16M:4K	ra0-wb1	9503eba74d25afb7b0c6f63082c109e1594453a136488ef3dbb9141a7bb1a59f	f451802e6bd2cb665dd4ae364ee7928847b70ce2dedbee63f40a8a20e91879f7	faf8e6395a7d56cd92e5fdb460fd9532066d2f26	adc2defbace64dedde1cacb63d53500d103eedae	5d8ed71b235038d35f5aebcf62b7eac4fd629c0b39ef8b0d5f6a781bc9850e1f	a1cfcceb6c688f9b0a290d512211ed08cf465b92b26a04cfb032280a53625718	512M	modern
io-budget/formal-expanded	ext4:cold-read:cache:1:16M:4K	ra0-wb8	9503eba74d25afb7b0c6f63082c109e1594453a136488ef3dbb9141a7bb1a59f	69393c4592b95c2e31bffd4ba19287a12afd449f52a32d03f951f4ccf324a28c	faf8e6395a7d56cd92e5fdb460fd9532066d2f26	adc2defbace64dedde1cacb63d53500d103eedae	5d8ed71b235038d35f5aebcf62b7eac4fd629c0b39ef8b0d5f6a781bc9850e1f	a1cfcceb6c688f9b0a290d512211ed08cf465b92b26a04cfb032280a53625718	512M	modern
io-budget/formal-expanded	ext4:cold-read:cache:1:16M:4K	ra8-wb8	9503eba74d25afb7b0c6f63082c109e1594453a136488ef3dbb9141a7bb1a59f	ade1c0ca632c2ab1e7524daa06c52ebed49c3236113b92e01e3cb95a96628d66	faf8e6395a7d56cd92e5fdb460fd9532066d2f26	adc2defbace64dedde1cacb63d53500d103eedae	5d8ed71b235038d35f5aebcf62b7eac4fd629c0b39ef8b0d5f6a781bc9850e1f	a1cfcceb6c688f9b0a290d512211ed08cf465b92b26a04cfb032280a53625718	512M	modern
io-budget/formal-expanded	ext4:cold-read:cache:1:16M:4K	linux	9503eba74d25afb7b0c6f63082c109e1594453a136488ef3dbb9141a7bb1a59f	45ce43a8d3809011e0a18538ac75a52e65a434614aa298517adcacb3e6f5410a	f4cdf7ca9a1fdcca413157df19753f388a5a224e	adc2defbace64dedde1cacb63d53500d103eedae	5d8ed71b235038d35f5aebcf62b7eac4fd629c0b39ef8b0d5f6a781bc9850e1f	a1cfcceb6c688f9b0a290d512211ed08cf465b92b26a04cfb032280a53625718	512M	modern
io-budget/formal-expanded	ext4:hot-read:cache:1:16M:4K	baseline	9503eba74d25afb7b0c6f63082c109e1594453a136488ef3dbb9141a7bb1a59f	b962c890989d268282b55d49a4fa9b51afbaf7008dab2fc47e717388a6fea2f4	5687377c58dc96adfa1f72f1636a319bbd25b419	adc2defbace64dedde1cacb63d53500d103eedae	616034b97c083e46c56b5abdf2722e439598d5b844e5f2d31f792a85000fc1df	a1cfcceb6c688f9b0a290d512211ed08cf465b92b26a04cfb032280a53625718	512M	modern
io-budget/formal-expanded	ext4:hot-read:cache:1:16M:4K	ra0-wb1	9503eba74d25afb7b0c6f63082c109e1594453a136488ef3dbb9141a7bb1a59f	f451802e6bd2cb665dd4ae364ee7928847b70ce2dedbee63f40a8a20e91879f7	faf8e6395a7d56cd92e5fdb460fd9532066d2f26	adc2defbace64dedde1cacb63d53500d103eedae	616034b97c083e46c56b5abdf2722e439598d5b844e5f2d31f792a85000fc1df	a1cfcceb6c688f9b0a290d512211ed08cf465b92b26a04cfb032280a53625718	512M	modern
io-budget/formal-expanded	ext4:hot-read:cache:1:16M:4K	ra0-wb8	9503eba74d25afb7b0c6f63082c109e1594453a136488ef3dbb9141a7bb1a59f	69393c4592b95c2e31bffd4ba19287a12afd449f52a32d03f951f4ccf324a28c	faf8e6395a7d56cd92e5fdb460fd9532066d2f26	adc2defbace64dedde1cacb63d53500d103eedae	616034b97c083e46c56b5abdf2722e439598d5b844e5f2d31f792a85000fc1df	a1cfcceb6c688f9b0a290d512211ed08cf465b92b26a04cfb032280a53625718	512M	modern
io-budget/formal-expanded	ext4:hot-read:cache:1:16M:4K	ra8-wb8	9503eba74d25afb7b0c6f63082c109e1594453a136488ef3dbb9141a7bb1a59f	ade1c0ca632c2ab1e7524daa06c52ebed49c3236113b92e01e3cb95a96628d66	faf8e6395a7d56cd92e5fdb460fd9532066d2f26	adc2defbace64dedde1cacb63d53500d103eedae	616034b97c083e46c56b5abdf2722e439598d5b844e5f2d31f792a85000fc1df	a1cfcceb6c688f9b0a290d512211ed08cf465b92b26a04cfb032280a53625718	512M	modern
io-budget/formal-expanded	ext4:hot-read:cache:1:16M:4K	linux	9503eba74d25afb7b0c6f63082c109e1594453a136488ef3dbb9141a7bb1a59f	45ce43a8d3809011e0a18538ac75a52e65a434614aa298517adcacb3e6f5410a	f4cdf7ca9a1fdcca413157df19753f388a5a224e	adc2defbace64dedde1cacb63d53500d103eedae	616034b97c083e46c56b5abdf2722e439598d5b844e5f2d31f792a85000fc1df	a1cfcceb6c688f9b0a290d512211ed08cf465b92b26a04cfb032280a53625718	512M	modern
io-budget/formal-expanded	ext4:cold-read:cache:4:4M:4K	baseline	9503eba74d25afb7b0c6f63082c109e1594453a136488ef3dbb9141a7bb1a59f	b962c890989d268282b55d49a4fa9b51afbaf7008dab2fc47e717388a6fea2f4	5687377c58dc96adfa1f72f1636a319bbd25b419	adc2defbace64dedde1cacb63d53500d103eedae	2fe21f4b647514768bb68528397cb5cffb52fe827c79247e7b64f7ef1f82b2b0	a1cfcceb6c688f9b0a290d512211ed08cf465b92b26a04cfb032280a53625718	512M	modern
io-budget/formal-expanded	ext4:cold-read:cache:4:4M:4K	ra0-wb1	9503eba74d25afb7b0c6f63082c109e1594453a136488ef3dbb9141a7bb1a59f	f451802e6bd2cb665dd4ae364ee7928847b70ce2dedbee63f40a8a20e91879f7	faf8e6395a7d56cd92e5fdb460fd9532066d2f26	adc2defbace64dedde1cacb63d53500d103eedae	2fe21f4b647514768bb68528397cb5cffb52fe827c79247e7b64f7ef1f82b2b0	a1cfcceb6c688f9b0a290d512211ed08cf465b92b26a04cfb032280a53625718	512M	modern
io-budget/formal-expanded	ext4:cold-read:cache:4:4M:4K	ra0-wb8	9503eba74d25afb7b0c6f63082c109e1594453a136488ef3dbb9141a7bb1a59f	69393c4592b95c2e31bffd4ba19287a12afd449f52a32d03f951f4ccf324a28c	faf8e6395a7d56cd92e5fdb460fd9532066d2f26	adc2defbace64dedde1cacb63d53500d103eedae	2fe21f4b647514768bb68528397cb5cffb52fe827c79247e7b64f7ef1f82b2b0	a1cfcceb6c688f9b0a290d512211ed08cf465b92b26a04cfb032280a53625718	512M	modern
io-budget/formal-expanded	ext4:cold-read:cache:4:4M:4K	ra8-wb8	9503eba74d25afb7b0c6f63082c109e1594453a136488ef3dbb9141a7bb1a59f	ade1c0ca632c2ab1e7524daa06c52ebed49c3236113b92e01e3cb95a96628d66	faf8e6395a7d56cd92e5fdb460fd9532066d2f26	adc2defbace64dedde1cacb63d53500d103eedae	2fe21f4b647514768bb68528397cb5cffb52fe827c79247e7b64f7ef1f82b2b0	a1cfcceb6c688f9b0a290d512211ed08cf465b92b26a04cfb032280a53625718	512M	modern
io-budget/formal-expanded	ext4:cold-read:cache:4:4M:4K	linux	9503eba74d25afb7b0c6f63082c109e1594453a136488ef3dbb9141a7bb1a59f	45ce43a8d3809011e0a18538ac75a52e65a434614aa298517adcacb3e6f5410a	f4cdf7ca9a1fdcca413157df19753f388a5a224e	adc2defbace64dedde1cacb63d53500d103eedae	2fe21f4b647514768bb68528397cb5cffb52fe827c79247e7b64f7ef1f82b2b0	a1cfcceb6c688f9b0a290d512211ed08cf465b92b26a04cfb032280a53625718	512M	modern
io-budget/formal-expanded	ext4:append:fsync:4:4M:4K	baseline	9503eba74d25afb7b0c6f63082c109e1594453a136488ef3dbb9141a7bb1a59f	b962c890989d268282b55d49a4fa9b51afbaf7008dab2fc47e717388a6fea2f4	5687377c58dc96adfa1f72f1636a319bbd25b419	adc2defbace64dedde1cacb63d53500d103eedae	c2b48719ccd93aa8d8e7290296e5cca0e86f66f3cc4b9ae629c8e03bdd661952	a1cfcceb6c688f9b0a290d512211ed08cf465b92b26a04cfb032280a53625718	512M	modern
io-budget/formal-expanded	ext4:append:fsync:4:4M:4K	ra0-wb1	9503eba74d25afb7b0c6f63082c109e1594453a136488ef3dbb9141a7bb1a59f	f451802e6bd2cb665dd4ae364ee7928847b70ce2dedbee63f40a8a20e91879f7	faf8e6395a7d56cd92e5fdb460fd9532066d2f26	adc2defbace64dedde1cacb63d53500d103eedae	c2b48719ccd93aa8d8e7290296e5cca0e86f66f3cc4b9ae629c8e03bdd661952	a1cfcceb6c688f9b0a290d512211ed08cf465b92b26a04cfb032280a53625718	512M	modern
io-budget/formal-expanded	ext4:append:fsync:4:4M:4K	ra0-wb8	9503eba74d25afb7b0c6f63082c109e1594453a136488ef3dbb9141a7bb1a59f	69393c4592b95c2e31bffd4ba19287a12afd449f52a32d03f951f4ccf324a28c	faf8e6395a7d56cd92e5fdb460fd9532066d2f26	adc2defbace64dedde1cacb63d53500d103eedae	c2b48719ccd93aa8d8e7290296e5cca0e86f66f3cc4b9ae629c8e03bdd661952	a1cfcceb6c688f9b0a290d512211ed08cf465b92b26a04cfb032280a53625718	512M	modern
io-budget/formal-expanded	ext4:append:fsync:4:4M:4K	ra8-wb8	9503eba74d25afb7b0c6f63082c109e1594453a136488ef3dbb9141a7bb1a59f	ade1c0ca632c2ab1e7524daa06c52ebed49c3236113b92e01e3cb95a96628d66	faf8e6395a7d56cd92e5fdb460fd9532066d2f26	adc2defbace64dedde1cacb63d53500d103eedae	c2b48719ccd93aa8d8e7290296e5cca0e86f66f3cc4b9ae629c8e03bdd661952	a1cfcceb6c688f9b0a290d512211ed08cf465b92b26a04cfb032280a53625718	512M	modern
io-budget/formal-expanded	ext4:append:fsync:4:4M:4K	linux	9503eba74d25afb7b0c6f63082c109e1594453a136488ef3dbb9141a7bb1a59f	45ce43a8d3809011e0a18538ac75a52e65a434614aa298517adcacb3e6f5410a	f4cdf7ca9a1fdcca413157df19753f388a5a224e	adc2defbace64dedde1cacb63d53500d103eedae	c2b48719ccd93aa8d8e7290296e5cca0e86f66f3cc4b9ae629c8e03bdd661952	a1cfcceb6c688f9b0a290d512211ed08cf465b92b26a04cfb032280a53625718	512M	modern
io-budget/formal-expanded	tmpfs:append:cache:1:16M:1K	baseline	9503eba74d25afb7b0c6f63082c109e1594453a136488ef3dbb9141a7bb1a59f	b962c890989d268282b55d49a4fa9b51afbaf7008dab2fc47e717388a6fea2f4	5687377c58dc96adfa1f72f1636a319bbd25b419	adc2defbace64dedde1cacb63d53500d103eedae	564aeab79b538cd921145e062a683b737cbfc34c43c0bd2f339a72eeb648b1df	a1cfcceb6c688f9b0a290d512211ed08cf465b92b26a04cfb032280a53625718	512M	modern
io-budget/formal-expanded	tmpfs:append:cache:1:16M:1K	ra0-wb1	9503eba74d25afb7b0c6f63082c109e1594453a136488ef3dbb9141a7bb1a59f	f451802e6bd2cb665dd4ae364ee7928847b70ce2dedbee63f40a8a20e91879f7	faf8e6395a7d56cd92e5fdb460fd9532066d2f26	adc2defbace64dedde1cacb63d53500d103eedae	564aeab79b538cd921145e062a683b737cbfc34c43c0bd2f339a72eeb648b1df	a1cfcceb6c688f9b0a290d512211ed08cf465b92b26a04cfb032280a53625718	512M	modern
io-budget/formal-expanded	tmpfs:append:cache:1:16M:1K	ra0-wb8	9503eba74d25afb7b0c6f63082c109e1594453a136488ef3dbb9141a7bb1a59f	69393c4592b95c2e31bffd4ba19287a12afd449f52a32d03f951f4ccf324a28c	faf8e6395a7d56cd92e5fdb460fd9532066d2f26	adc2defbace64dedde1cacb63d53500d103eedae	564aeab79b538cd921145e062a683b737cbfc34c43c0bd2f339a72eeb648b1df	a1cfcceb6c688f9b0a290d512211ed08cf465b92b26a04cfb032280a53625718	512M	modern
io-budget/formal-expanded	tmpfs:append:cache:1:16M:1K	ra8-wb8	9503eba74d25afb7b0c6f63082c109e1594453a136488ef3dbb9141a7bb1a59f	ade1c0ca632c2ab1e7524daa06c52ebed49c3236113b92e01e3cb95a96628d66	faf8e6395a7d56cd92e5fdb460fd9532066d2f26	adc2defbace64dedde1cacb63d53500d103eedae	564aeab79b538cd921145e062a683b737cbfc34c43c0bd2f339a72eeb648b1df	a1cfcceb6c688f9b0a290d512211ed08cf465b92b26a04cfb032280a53625718	512M	modern
io-budget/formal-expanded	tmpfs:append:cache:1:16M:1K	linux	9503eba74d25afb7b0c6f63082c109e1594453a136488ef3dbb9141a7bb1a59f	45ce43a8d3809011e0a18538ac75a52e65a434614aa298517adcacb3e6f5410a	f4cdf7ca9a1fdcca413157df19753f388a5a224e	adc2defbace64dedde1cacb63d53500d103eedae	564aeab79b538cd921145e062a683b737cbfc34c43c0bd2f339a72eeb648b1df	a1cfcceb6c688f9b0a290d512211ed08cf465b92b26a04cfb032280a53625718	512M	modern
io-budget/formal-expanded	tmpfs:read:cache:1:16M:64K	baseline	9503eba74d25afb7b0c6f63082c109e1594453a136488ef3dbb9141a7bb1a59f	b962c890989d268282b55d49a4fa9b51afbaf7008dab2fc47e717388a6fea2f4	5687377c58dc96adfa1f72f1636a319bbd25b419	adc2defbace64dedde1cacb63d53500d103eedae	7ae2e6f6c430857c50c80716e354c2eea6f4c975014864413e36217fc27394b6	a1cfcceb6c688f9b0a290d512211ed08cf465b92b26a04cfb032280a53625718	512M	modern
io-budget/formal-expanded	tmpfs:read:cache:1:16M:64K	ra0-wb1	9503eba74d25afb7b0c6f63082c109e1594453a136488ef3dbb9141a7bb1a59f	f451802e6bd2cb665dd4ae364ee7928847b70ce2dedbee63f40a8a20e91879f7	faf8e6395a7d56cd92e5fdb460fd9532066d2f26	adc2defbace64dedde1cacb63d53500d103eedae	7ae2e6f6c430857c50c80716e354c2eea6f4c975014864413e36217fc27394b6	a1cfcceb6c688f9b0a290d512211ed08cf465b92b26a04cfb032280a53625718	512M	modern
io-budget/formal-expanded	tmpfs:read:cache:1:16M:64K	ra0-wb8	9503eba74d25afb7b0c6f63082c109e1594453a136488ef3dbb9141a7bb1a59f	69393c4592b95c2e31bffd4ba19287a12afd449f52a32d03f951f4ccf324a28c	faf8e6395a7d56cd92e5fdb460fd9532066d2f26	adc2defbace64dedde1cacb63d53500d103eedae	7ae2e6f6c430857c50c80716e354c2eea6f4c975014864413e36217fc27394b6	a1cfcceb6c688f9b0a290d512211ed08cf465b92b26a04cfb032280a53625718	512M	modern
io-budget/formal-expanded	tmpfs:read:cache:1:16M:64K	ra8-wb8	9503eba74d25afb7b0c6f63082c109e1594453a136488ef3dbb9141a7bb1a59f	ade1c0ca632c2ab1e7524daa06c52ebed49c3236113b92e01e3cb95a96628d66	faf8e6395a7d56cd92e5fdb460fd9532066d2f26	adc2defbace64dedde1cacb63d53500d103eedae	7ae2e6f6c430857c50c80716e354c2eea6f4c975014864413e36217fc27394b6	a1cfcceb6c688f9b0a290d512211ed08cf465b92b26a04cfb032280a53625718	512M	modern
io-budget/formal-expanded	tmpfs:read:cache:1:16M:64K	linux	9503eba74d25afb7b0c6f63082c109e1594453a136488ef3dbb9141a7bb1a59f	45ce43a8d3809011e0a18538ac75a52e65a434614aa298517adcacb3e6f5410a	f4cdf7ca9a1fdcca413157df19753f388a5a224e	adc2defbace64dedde1cacb63d53500d103eedae	7ae2e6f6c430857c50c80716e354c2eea6f4c975014864413e36217fc27394b6	a1cfcceb6c688f9b0a290d512211ed08cf465b92b26a04cfb032280a53625718	512M	modern
io-budget/formal-expanded	tmpfs:overwrite:cache:1:16M:4K	baseline	9503eba74d25afb7b0c6f63082c109e1594453a136488ef3dbb9141a7bb1a59f	b962c890989d268282b55d49a4fa9b51afbaf7008dab2fc47e717388a6fea2f4	5687377c58dc96adfa1f72f1636a319bbd25b419	adc2defbace64dedde1cacb63d53500d103eedae	fe62046912cae3b27b810adf909c9bcc6f000f4f983cd7b6ad421ed34fde0b77	a1cfcceb6c688f9b0a290d512211ed08cf465b92b26a04cfb032280a53625718	512M	modern
io-budget/formal-expanded	tmpfs:overwrite:cache:1:16M:4K	ra0-wb1	9503eba74d25afb7b0c6f63082c109e1594453a136488ef3dbb9141a7bb1a59f	f451802e6bd2cb665dd4ae364ee7928847b70ce2dedbee63f40a8a20e91879f7	faf8e6395a7d56cd92e5fdb460fd9532066d2f26	adc2defbace64dedde1cacb63d53500d103eedae	fe62046912cae3b27b810adf909c9bcc6f000f4f983cd7b6ad421ed34fde0b77	a1cfcceb6c688f9b0a290d512211ed08cf465b92b26a04cfb032280a53625718	512M	modern
io-budget/formal-expanded	tmpfs:overwrite:cache:1:16M:4K	ra0-wb8	9503eba74d25afb7b0c6f63082c109e1594453a136488ef3dbb9141a7bb1a59f	69393c4592b95c2e31bffd4ba19287a12afd449f52a32d03f951f4ccf324a28c	faf8e6395a7d56cd92e5fdb460fd9532066d2f26	adc2defbace64dedde1cacb63d53500d103eedae	fe62046912cae3b27b810adf909c9bcc6f000f4f983cd7b6ad421ed34fde0b77	a1cfcceb6c688f9b0a290d512211ed08cf465b92b26a04cfb032280a53625718	512M	modern
io-budget/formal-expanded	tmpfs:overwrite:cache:1:16M:4K	ra8-wb8	9503eba74d25afb7b0c6f63082c109e1594453a136488ef3dbb9141a7bb1a59f	ade1c0ca632c2ab1e7524daa06c52ebed49c3236113b92e01e3cb95a96628d66	faf8e6395a7d56cd92e5fdb460fd9532066d2f26	adc2defbace64dedde1cacb63d53500d103eedae	fe62046912cae3b27b810adf909c9bcc6f000f4f983cd7b6ad421ed34fde0b77	a1cfcceb6c688f9b0a290d512211ed08cf465b92b26a04cfb032280a53625718	512M	modern
io-budget/formal-expanded	tmpfs:overwrite:cache:1:16M:4K	linux	9503eba74d25afb7b0c6f63082c109e1594453a136488ef3dbb9141a7bb1a59f	45ce43a8d3809011e0a18538ac75a52e65a434614aa298517adcacb3e6f5410a	f4cdf7ca9a1fdcca413157df19753f388a5a224e	adc2defbace64dedde1cacb63d53500d103eedae	fe62046912cae3b27b810adf909c9bcc6f000f4f983cd7b6ad421ed34fde0b77	a1cfcceb6c688f9b0a290d512211ed08cf465b92b26a04cfb032280a53625718	512M	modern
io-budget/formal-fdatasync	ext4:overwrite:fdatasync:4:4M:4K	baseline	9503eba74d25afb7b0c6f63082c109e1594453a136488ef3dbb9141a7bb1a59f	b962c890989d268282b55d49a4fa9b51afbaf7008dab2fc47e717388a6fea2f4	5687377c58dc96adfa1f72f1636a319bbd25b419	3891f7e78598b88082d2ac41f010e22ecd0494ac	5c5e44a5ff0c43f66b1fe843bee19fe30ad5baa42e37c52cb00d545d14b7d262	a1cfcceb6c688f9b0a290d512211ed08cf465b92b26a04cfb032280a53625718	512M	modern
io-budget/formal-fdatasync	ext4:overwrite:fdatasync:4:4M:4K	ra0-wb1	9503eba74d25afb7b0c6f63082c109e1594453a136488ef3dbb9141a7bb1a59f	f451802e6bd2cb665dd4ae364ee7928847b70ce2dedbee63f40a8a20e91879f7	faf8e6395a7d56cd92e5fdb460fd9532066d2f26	3891f7e78598b88082d2ac41f010e22ecd0494ac	5c5e44a5ff0c43f66b1fe843bee19fe30ad5baa42e37c52cb00d545d14b7d262	a1cfcceb6c688f9b0a290d512211ed08cf465b92b26a04cfb032280a53625718	512M	modern
io-budget/formal-fdatasync	ext4:overwrite:fdatasync:4:4M:4K	ra0-wb8	9503eba74d25afb7b0c6f63082c109e1594453a136488ef3dbb9141a7bb1a59f	69393c4592b95c2e31bffd4ba19287a12afd449f52a32d03f951f4ccf324a28c	faf8e6395a7d56cd92e5fdb460fd9532066d2f26	3891f7e78598b88082d2ac41f010e22ecd0494ac	5c5e44a5ff0c43f66b1fe843bee19fe30ad5baa42e37c52cb00d545d14b7d262	a1cfcceb6c688f9b0a290d512211ed08cf465b92b26a04cfb032280a53625718	512M	modern
io-budget/formal-fdatasync	ext4:overwrite:fdatasync:4:4M:4K	ra8-wb8	9503eba74d25afb7b0c6f63082c109e1594453a136488ef3dbb9141a7bb1a59f	ade1c0ca632c2ab1e7524daa06c52ebed49c3236113b92e01e3cb95a96628d66	faf8e6395a7d56cd92e5fdb460fd9532066d2f26	3891f7e78598b88082d2ac41f010e22ecd0494ac	5c5e44a5ff0c43f66b1fe843bee19fe30ad5baa42e37c52cb00d545d14b7d262	a1cfcceb6c688f9b0a290d512211ed08cf465b92b26a04cfb032280a53625718	512M	modern
io-budget/formal-fdatasync	ext4:overwrite:fdatasync:4:4M:4K	linux	9503eba74d25afb7b0c6f63082c109e1594453a136488ef3dbb9141a7bb1a59f	45ce43a8d3809011e0a18538ac75a52e65a434614aa298517adcacb3e6f5410a	f4cdf7ca9a1fdcca413157df19753f388a5a224e	3891f7e78598b88082d2ac41f010e22ecd0494ac	5c5e44a5ff0c43f66b1fe843bee19fe30ad5baa42e37c52cb00d545d14b7d262	a1cfcceb6c688f9b0a290d512211ed08cf465b92b26a04cfb032280a53625718	512M	modern
network-budget/formal-screen-v2	loopback:nonblocking:mixed:5:rx	baseline	74d890e6f969fcee5ffacf2795a61eeba40a7a6aad4f56719af5fc25982b406d	b962c890989d268282b55d49a4fa9b51afbaf7008dab2fc47e717388a6fea2f4	5687377c58dc96adfa1f72f1636a319bbd25b419	3891f7e78598b88082d2ac41f010e22ecd0494ac	23a7c3e07865941d9ea3932c4d87cf61b830413043045afb5fc979bdb38d37b0	a1cfcceb6c688f9b0a290d512211ed08cf465b92b26a04cfb032280a53625718	512M	modern
network-budget/formal-screen-v2	loopback:nonblocking:mixed:5:rx	w8-p1-m1	74d890e6f969fcee5ffacf2795a61eeba40a7a6aad4f56719af5fc25982b406d	1c2754cddb77982bb777c5fe5b5ef441b3a46102213b5b62a3aacd1d0b60a048	faf8e6395a7d56cd92e5fdb460fd9532066d2f26	3891f7e78598b88082d2ac41f010e22ecd0494ac	23a7c3e07865941d9ea3932c4d87cf61b830413043045afb5fc979bdb38d37b0	a1cfcceb6c688f9b0a290d512211ed08cf465b92b26a04cfb032280a53625718	512M	modern
network-budget/formal-screen-v2	loopback:nonblocking:mixed:5:rx	w8-p1-m2	74d890e6f969fcee5ffacf2795a61eeba40a7a6aad4f56719af5fc25982b406d	eb63873bb5f7c54d5eed45e11dc6b612ad1254df387cc9d96320bc50fecefd0e	faf8e6395a7d56cd92e5fdb460fd9532066d2f26	3891f7e78598b88082d2ac41f010e22ecd0494ac	23a7c3e07865941d9ea3932c4d87cf61b830413043045afb5fc979bdb38d37b0	a1cfcceb6c688f9b0a290d512211ed08cf465b92b26a04cfb032280a53625718	512M	modern
network-budget/formal-screen-v2	loopback:nonblocking:mixed:5:rx	w8-p1-m4	74d890e6f969fcee5ffacf2795a61eeba40a7a6aad4f56719af5fc25982b406d	aaabb67e94b4c26e3ffa0180dbc30fd4eefcbad342792babef9e4a431843657d	faf8e6395a7d56cd92e5fdb460fd9532066d2f26	3891f7e78598b88082d2ac41f010e22ecd0494ac	23a7c3e07865941d9ea3932c4d87cf61b830413043045afb5fc979bdb38d37b0	a1cfcceb6c688f9b0a290d512211ed08cf465b92b26a04cfb032280a53625718	512M	modern
network-budget/formal-screen-v2	loopback:nonblocking:mixed:5:rx	w8-p2-m1	74d890e6f969fcee5ffacf2795a61eeba40a7a6aad4f56719af5fc25982b406d	5d9c299933dcbbbe16f856f4eb8d67e56d80f04a49487f8856c679079699e0d8	faf8e6395a7d56cd92e5fdb460fd9532066d2f26	3891f7e78598b88082d2ac41f010e22ecd0494ac	23a7c3e07865941d9ea3932c4d87cf61b830413043045afb5fc979bdb38d37b0	a1cfcceb6c688f9b0a290d512211ed08cf465b92b26a04cfb032280a53625718	512M	modern
network-budget/formal-screen-v2	loopback:nonblocking:mixed:5:rx	w8-p2-m2	74d890e6f969fcee5ffacf2795a61eeba40a7a6aad4f56719af5fc25982b406d	2e74f871307c8cbccdb16cd1f79b19bc89fb5bc51a17ed1ed8ce6f7a058187e9	faf8e6395a7d56cd92e5fdb460fd9532066d2f26	3891f7e78598b88082d2ac41f010e22ecd0494ac	23a7c3e07865941d9ea3932c4d87cf61b830413043045afb5fc979bdb38d37b0	a1cfcceb6c688f9b0a290d512211ed08cf465b92b26a04cfb032280a53625718	512M	modern
network-budget/formal-screen-v2	loopback:nonblocking:mixed:5:rx	w8-p2-m4	74d890e6f969fcee5ffacf2795a61eeba40a7a6aad4f56719af5fc25982b406d	7fc96809a9170a6e7ce03c294c4d73c3a4119f95dc2a6ec718fc13267273c149	faf8e6395a7d56cd92e5fdb460fd9532066d2f26	3891f7e78598b88082d2ac41f010e22ecd0494ac	23a7c3e07865941d9ea3932c4d87cf61b830413043045afb5fc979bdb38d37b0	a1cfcceb6c688f9b0a290d512211ed08cf465b92b26a04cfb032280a53625718	512M	modern
network-budget/formal-screen-v2	loopback:nonblocking:mixed:5:rx	w8-p4-m1	74d890e6f969fcee5ffacf2795a61eeba40a7a6aad4f56719af5fc25982b406d	187791c2a7ed8d1d0ba719aa7bcae2c0a7373c5123330030d70a53c645323dbd	faf8e6395a7d56cd92e5fdb460fd9532066d2f26	3891f7e78598b88082d2ac41f010e22ecd0494ac	23a7c3e07865941d9ea3932c4d87cf61b830413043045afb5fc979bdb38d37b0	a1cfcceb6c688f9b0a290d512211ed08cf465b92b26a04cfb032280a53625718	512M	modern
network-budget/formal-screen-v2	loopback:nonblocking:mixed:5:rx	w8-p4-m2	74d890e6f969fcee5ffacf2795a61eeba40a7a6aad4f56719af5fc25982b406d	fe15fb92169fba35b962880eecb5b6153d7b0a611be39dc330206aaf839e77bb	faf8e6395a7d56cd92e5fdb460fd9532066d2f26	3891f7e78598b88082d2ac41f010e22ecd0494ac	23a7c3e07865941d9ea3932c4d87cf61b830413043045afb5fc979bdb38d37b0	a1cfcceb6c688f9b0a290d512211ed08cf465b92b26a04cfb032280a53625718	512M	modern
network-budget/formal-screen-v2	loopback:nonblocking:mixed:5:rx	w8-p4-m4	74d890e6f969fcee5ffacf2795a61eeba40a7a6aad4f56719af5fc25982b406d	fd709244a41c2f7ed89512ea5b52bcf0f001f7a4d6ab73e6999a74e7ff00a89c	faf8e6395a7d56cd92e5fdb460fd9532066d2f26	3891f7e78598b88082d2ac41f010e22ecd0494ac	23a7c3e07865941d9ea3932c4d87cf61b830413043045afb5fc979bdb38d37b0	a1cfcceb6c688f9b0a290d512211ed08cf465b92b26a04cfb032280a53625718	512M	modern
network-budget/formal-screen-v2	loopback:nonblocking:mixed:5:rx	w16-p1-m1	74d890e6f969fcee5ffacf2795a61eeba40a7a6aad4f56719af5fc25982b406d	a5e14afc01030a6dfef78dac5ec2b91490be076303d13e719f39296b30f37a4d	faf8e6395a7d56cd92e5fdb460fd9532066d2f26	3891f7e78598b88082d2ac41f010e22ecd0494ac	23a7c3e07865941d9ea3932c4d87cf61b830413043045afb5fc979bdb38d37b0	a1cfcceb6c688f9b0a290d512211ed08cf465b92b26a04cfb032280a53625718	512M	modern
network-budget/formal-screen-v2	loopback:nonblocking:mixed:5:rx	w16-p1-m2	74d890e6f969fcee5ffacf2795a61eeba40a7a6aad4f56719af5fc25982b406d	2210b915c21ff0d4065675961d0047c7bad50838733b145ddb2594baeb1f613d	faf8e6395a7d56cd92e5fdb460fd9532066d2f26	3891f7e78598b88082d2ac41f010e22ecd0494ac	23a7c3e07865941d9ea3932c4d87cf61b830413043045afb5fc979bdb38d37b0	a1cfcceb6c688f9b0a290d512211ed08cf465b92b26a04cfb032280a53625718	512M	modern
network-budget/formal-screen-v2	loopback:nonblocking:mixed:5:rx	w16-p1-m4	74d890e6f969fcee5ffacf2795a61eeba40a7a6aad4f56719af5fc25982b406d	b1465c56b19b27cdb39bbad39a6e2bfacf90c200784b5327e7389b1331b00d92	faf8e6395a7d56cd92e5fdb460fd9532066d2f26	3891f7e78598b88082d2ac41f010e22ecd0494ac	23a7c3e07865941d9ea3932c4d87cf61b830413043045afb5fc979bdb38d37b0	a1cfcceb6c688f9b0a290d512211ed08cf465b92b26a04cfb032280a53625718	512M	modern
network-budget/formal-screen-v2	loopback:nonblocking:mixed:5:rx	w16-p2-m1	74d890e6f969fcee5ffacf2795a61eeba40a7a6aad4f56719af5fc25982b406d	1fa041fa119ca529583213af534b517dcf67a4d8355858aab7198488a7682b73	faf8e6395a7d56cd92e5fdb460fd9532066d2f26	3891f7e78598b88082d2ac41f010e22ecd0494ac	23a7c3e07865941d9ea3932c4d87cf61b830413043045afb5fc979bdb38d37b0	a1cfcceb6c688f9b0a290d512211ed08cf465b92b26a04cfb032280a53625718	512M	modern
network-budget/formal-screen-v2	loopback:nonblocking:mixed:5:rx	w16-p2-m2	74d890e6f969fcee5ffacf2795a61eeba40a7a6aad4f56719af5fc25982b406d	84d02d52ed2e0fd47153a4299760896d5fd388fd715c63bcd56b768b955d7da9	faf8e6395a7d56cd92e5fdb460fd9532066d2f26	3891f7e78598b88082d2ac41f010e22ecd0494ac	23a7c3e07865941d9ea3932c4d87cf61b830413043045afb5fc979bdb38d37b0	a1cfcceb6c688f9b0a290d512211ed08cf465b92b26a04cfb032280a53625718	512M	modern
network-budget/formal-screen-v2	loopback:nonblocking:mixed:5:rx	w16-p2-m4	74d890e6f969fcee5ffacf2795a61eeba40a7a6aad4f56719af5fc25982b406d	0027a918780a461b7a5f217a68964f3488b62571509b28f4ab8779febce02e34	faf8e6395a7d56cd92e5fdb460fd9532066d2f26	3891f7e78598b88082d2ac41f010e22ecd0494ac	23a7c3e07865941d9ea3932c4d87cf61b830413043045afb5fc979bdb38d37b0	a1cfcceb6c688f9b0a290d512211ed08cf465b92b26a04cfb032280a53625718	512M	modern
network-budget/formal-screen-v2	loopback:nonblocking:mixed:5:rx	w16-p4-m1	74d890e6f969fcee5ffacf2795a61eeba40a7a6aad4f56719af5fc25982b406d	a784f2496bdb5f883348e9584164c85f07eae2f7970a7ace8eeb2cf342328791	faf8e6395a7d56cd92e5fdb460fd9532066d2f26	3891f7e78598b88082d2ac41f010e22ecd0494ac	23a7c3e07865941d9ea3932c4d87cf61b830413043045afb5fc979bdb38d37b0	a1cfcceb6c688f9b0a290d512211ed08cf465b92b26a04cfb032280a53625718	512M	modern
network-budget/formal-screen-v2	loopback:nonblocking:mixed:5:rx	w16-p4-m2	74d890e6f969fcee5ffacf2795a61eeba40a7a6aad4f56719af5fc25982b406d	f34876c0a2a950062a002e4a5f3cb818beea7ab2ac9dc8d06b3d49768cf7a190	faf8e6395a7d56cd92e5fdb460fd9532066d2f26	3891f7e78598b88082d2ac41f010e22ecd0494ac	23a7c3e07865941d9ea3932c4d87cf61b830413043045afb5fc979bdb38d37b0	a1cfcceb6c688f9b0a290d512211ed08cf465b92b26a04cfb032280a53625718	512M	modern
network-budget/formal-screen-v2	loopback:nonblocking:mixed:5:rx	w16-p4-m4	74d890e6f969fcee5ffacf2795a61eeba40a7a6aad4f56719af5fc25982b406d	5d69942047cfa5d50438fafcc59a9ca124c99409ed1c91bf989d3d8ba4530974	faf8e6395a7d56cd92e5fdb460fd9532066d2f26	3891f7e78598b88082d2ac41f010e22ecd0494ac	23a7c3e07865941d9ea3932c4d87cf61b830413043045afb5fc979bdb38d37b0	a1cfcceb6c688f9b0a290d512211ed08cf465b92b26a04cfb032280a53625718	512M	modern
network-budget/formal-screen-v2	loopback:nonblocking:mixed:5:rx	w32-p1-m1	74d890e6f969fcee5ffacf2795a61eeba40a7a6aad4f56719af5fc25982b406d	6fae0db77022c73fc015c1f833f73f879cc482539ba42b7346d6470f23eb58fd	faf8e6395a7d56cd92e5fdb460fd9532066d2f26	3891f7e78598b88082d2ac41f010e22ecd0494ac	23a7c3e07865941d9ea3932c4d87cf61b830413043045afb5fc979bdb38d37b0	a1cfcceb6c688f9b0a290d512211ed08cf465b92b26a04cfb032280a53625718	512M	modern
network-budget/formal-screen-v2	loopback:nonblocking:mixed:5:rx	w32-p1-m2	74d890e6f969fcee5ffacf2795a61eeba40a7a6aad4f56719af5fc25982b406d	70ecc7502eece3cd940dd02a8048c401d0ee837d74f8f03d0f86b5d616d237f5	faf8e6395a7d56cd92e5fdb460fd9532066d2f26	3891f7e78598b88082d2ac41f010e22ecd0494ac	23a7c3e07865941d9ea3932c4d87cf61b830413043045afb5fc979bdb38d37b0	a1cfcceb6c688f9b0a290d512211ed08cf465b92b26a04cfb032280a53625718	512M	modern
network-budget/formal-screen-v2	loopback:nonblocking:mixed:5:rx	w32-p1-m4	74d890e6f969fcee5ffacf2795a61eeba40a7a6aad4f56719af5fc25982b406d	35f00ddce52c78d30c5fe065070adcc62e1bfdb98574efc80db0103b9e5bef5e	faf8e6395a7d56cd92e5fdb460fd9532066d2f26	3891f7e78598b88082d2ac41f010e22ecd0494ac	23a7c3e07865941d9ea3932c4d87cf61b830413043045afb5fc979bdb38d37b0	a1cfcceb6c688f9b0a290d512211ed08cf465b92b26a04cfb032280a53625718	512M	modern
network-budget/formal-screen-v2	loopback:nonblocking:mixed:5:rx	w32-p2-m1	74d890e6f969fcee5ffacf2795a61eeba40a7a6aad4f56719af5fc25982b406d	ac5f07a65f2fdefaedd8a93ec16905c1728eb768042c6fea8611e2265b9d8cee	faf8e6395a7d56cd92e5fdb460fd9532066d2f26	3891f7e78598b88082d2ac41f010e22ecd0494ac	23a7c3e07865941d9ea3932c4d87cf61b830413043045afb5fc979bdb38d37b0	a1cfcceb6c688f9b0a290d512211ed08cf465b92b26a04cfb032280a53625718	512M	modern
network-budget/formal-screen-v2	loopback:nonblocking:mixed:5:rx	w32-p2-m2	74d890e6f969fcee5ffacf2795a61eeba40a7a6aad4f56719af5fc25982b406d	68e694c1dcd5e02272ff202534176ca3d274b35c570dbb29f7a554d0a2d44650	faf8e6395a7d56cd92e5fdb460fd9532066d2f26	3891f7e78598b88082d2ac41f010e22ecd0494ac	23a7c3e07865941d9ea3932c4d87cf61b830413043045afb5fc979bdb38d37b0	a1cfcceb6c688f9b0a290d512211ed08cf465b92b26a04cfb032280a53625718	512M	modern
network-budget/formal-screen-v2	loopback:nonblocking:mixed:5:rx	w32-p2-m4	74d890e6f969fcee5ffacf2795a61eeba40a7a6aad4f56719af5fc25982b406d	5542eba5d0018c3fa31f35a956eb38858a5ca4d0afbda92b1d3d603b48d46127	faf8e6395a7d56cd92e5fdb460fd9532066d2f26	3891f7e78598b88082d2ac41f010e22ecd0494ac	23a7c3e07865941d9ea3932c4d87cf61b830413043045afb5fc979bdb38d37b0	a1cfcceb6c688f9b0a290d512211ed08cf465b92b26a04cfb032280a53625718	512M	modern
network-budget/formal-screen-v2	loopback:nonblocking:mixed:5:rx	w32-p4-m1	74d890e6f969fcee5ffacf2795a61eeba40a7a6aad4f56719af5fc25982b406d	aed90567736c250228cc5b3b592139b78743d2904d6cc6d8f0d0a1582c12bc82	faf8e6395a7d56cd92e5fdb460fd9532066d2f26	3891f7e78598b88082d2ac41f010e22ecd0494ac	23a7c3e07865941d9ea3932c4d87cf61b830413043045afb5fc979bdb38d37b0	a1cfcceb6c688f9b0a290d512211ed08cf465b92b26a04cfb032280a53625718	512M	modern
network-budget/formal-screen-v2	loopback:nonblocking:mixed:5:rx	w32-p4-m2	74d890e6f969fcee5ffacf2795a61eeba40a7a6aad4f56719af5fc25982b406d	c230980e4caca952c419fdd5c9a8b4db4bcf0adccd4b3ebc22c9ae0cbce7eb6c	faf8e6395a7d56cd92e5fdb460fd9532066d2f26	3891f7e78598b88082d2ac41f010e22ecd0494ac	23a7c3e07865941d9ea3932c4d87cf61b830413043045afb5fc979bdb38d37b0	a1cfcceb6c688f9b0a290d512211ed08cf465b92b26a04cfb032280a53625718	512M	modern
network-budget/formal-screen-v2	loopback:nonblocking:mixed:5:rx	w32-p4-m4	74d890e6f969fcee5ffacf2795a61eeba40a7a6aad4f56719af5fc25982b406d	ec7f94235c761aa07e59ba61ba2cd0393856479e2eaee024f26c07590fa2a166	faf8e6395a7d56cd92e5fdb460fd9532066d2f26	3891f7e78598b88082d2ac41f010e22ecd0494ac	23a7c3e07865941d9ea3932c4d87cf61b830413043045afb5fc979bdb38d37b0	a1cfcceb6c688f9b0a290d512211ed08cf465b92b26a04cfb032280a53625718	512M	modern
network-budget/formal-screen-v2	tap:nonblocking:mixed:5:tx	baseline	74d890e6f969fcee5ffacf2795a61eeba40a7a6aad4f56719af5fc25982b406d	b962c890989d268282b55d49a4fa9b51afbaf7008dab2fc47e717388a6fea2f4	5687377c58dc96adfa1f72f1636a319bbd25b419	3891f7e78598b88082d2ac41f010e22ecd0494ac	0beb284f71ffa619dc723ebd053389945843ecf30f4ff82cfd82f8a1f122d083	a1cfcceb6c688f9b0a290d512211ed08cf465b92b26a04cfb032280a53625718	512M	modern
network-budget/formal-screen-v2	tap:nonblocking:mixed:5:tx	w8-p1-m1	74d890e6f969fcee5ffacf2795a61eeba40a7a6aad4f56719af5fc25982b406d	1c2754cddb77982bb777c5fe5b5ef441b3a46102213b5b62a3aacd1d0b60a048	faf8e6395a7d56cd92e5fdb460fd9532066d2f26	3891f7e78598b88082d2ac41f010e22ecd0494ac	0beb284f71ffa619dc723ebd053389945843ecf30f4ff82cfd82f8a1f122d083	a1cfcceb6c688f9b0a290d512211ed08cf465b92b26a04cfb032280a53625718	512M	modern
network-budget/formal-screen-v2	tap:nonblocking:mixed:5:tx	w8-p1-m2	74d890e6f969fcee5ffacf2795a61eeba40a7a6aad4f56719af5fc25982b406d	eb63873bb5f7c54d5eed45e11dc6b612ad1254df387cc9d96320bc50fecefd0e	faf8e6395a7d56cd92e5fdb460fd9532066d2f26	3891f7e78598b88082d2ac41f010e22ecd0494ac	0beb284f71ffa619dc723ebd053389945843ecf30f4ff82cfd82f8a1f122d083	a1cfcceb6c688f9b0a290d512211ed08cf465b92b26a04cfb032280a53625718	512M	modern
network-budget/formal-screen-v2	tap:nonblocking:mixed:5:tx	w8-p1-m4	74d890e6f969fcee5ffacf2795a61eeba40a7a6aad4f56719af5fc25982b406d	aaabb67e94b4c26e3ffa0180dbc30fd4eefcbad342792babef9e4a431843657d	faf8e6395a7d56cd92e5fdb460fd9532066d2f26	3891f7e78598b88082d2ac41f010e22ecd0494ac	0beb284f71ffa619dc723ebd053389945843ecf30f4ff82cfd82f8a1f122d083	a1cfcceb6c688f9b0a290d512211ed08cf465b92b26a04cfb032280a53625718	512M	modern
network-budget/formal-screen-v2	tap:nonblocking:mixed:5:tx	w8-p2-m1	74d890e6f969fcee5ffacf2795a61eeba40a7a6aad4f56719af5fc25982b406d	5d9c299933dcbbbe16f856f4eb8d67e56d80f04a49487f8856c679079699e0d8	faf8e6395a7d56cd92e5fdb460fd9532066d2f26	3891f7e78598b88082d2ac41f010e22ecd0494ac	0beb284f71ffa619dc723ebd053389945843ecf30f4ff82cfd82f8a1f122d083	a1cfcceb6c688f9b0a290d512211ed08cf465b92b26a04cfb032280a53625718	512M	modern
network-budget/formal-screen-v2	tap:nonblocking:mixed:5:tx	w8-p2-m2	74d890e6f969fcee5ffacf2795a61eeba40a7a6aad4f56719af5fc25982b406d	2e74f871307c8cbccdb16cd1f79b19bc89fb5bc51a17ed1ed8ce6f7a058187e9	faf8e6395a7d56cd92e5fdb460fd9532066d2f26	3891f7e78598b88082d2ac41f010e22ecd0494ac	0beb284f71ffa619dc723ebd053389945843ecf30f4ff82cfd82f8a1f122d083	a1cfcceb6c688f9b0a290d512211ed08cf465b92b26a04cfb032280a53625718	512M	modern
network-budget/formal-screen-v2	tap:nonblocking:mixed:5:tx	w8-p2-m4	74d890e6f969fcee5ffacf2795a61eeba40a7a6aad4f56719af5fc25982b406d	7fc96809a9170a6e7ce03c294c4d73c3a4119f95dc2a6ec718fc13267273c149	faf8e6395a7d56cd92e5fdb460fd9532066d2f26	3891f7e78598b88082d2ac41f010e22ecd0494ac	0beb284f71ffa619dc723ebd053389945843ecf30f4ff82cfd82f8a1f122d083	a1cfcceb6c688f9b0a290d512211ed08cf465b92b26a04cfb032280a53625718	512M	modern
network-budget/formal-screen-v2	tap:nonblocking:mixed:5:tx	w8-p4-m1	74d890e6f969fcee5ffacf2795a61eeba40a7a6aad4f56719af5fc25982b406d	187791c2a7ed8d1d0ba719aa7bcae2c0a7373c5123330030d70a53c645323dbd	faf8e6395a7d56cd92e5fdb460fd9532066d2f26	3891f7e78598b88082d2ac41f010e22ecd0494ac	0beb284f71ffa619dc723ebd053389945843ecf30f4ff82cfd82f8a1f122d083	a1cfcceb6c688f9b0a290d512211ed08cf465b92b26a04cfb032280a53625718	512M	modern
network-budget/formal-screen-v2	tap:nonblocking:mixed:5:tx	w8-p4-m2	74d890e6f969fcee5ffacf2795a61eeba40a7a6aad4f56719af5fc25982b406d	fe15fb92169fba35b962880eecb5b6153d7b0a611be39dc330206aaf839e77bb	faf8e6395a7d56cd92e5fdb460fd9532066d2f26	3891f7e78598b88082d2ac41f010e22ecd0494ac	0beb284f71ffa619dc723ebd053389945843ecf30f4ff82cfd82f8a1f122d083	a1cfcceb6c688f9b0a290d512211ed08cf465b92b26a04cfb032280a53625718	512M	modern
network-budget/formal-screen-v2	tap:nonblocking:mixed:5:tx	w8-p4-m4	74d890e6f969fcee5ffacf2795a61eeba40a7a6aad4f56719af5fc25982b406d	fd709244a41c2f7ed89512ea5b52bcf0f001f7a4d6ab73e6999a74e7ff00a89c	faf8e6395a7d56cd92e5fdb460fd9532066d2f26	3891f7e78598b88082d2ac41f010e22ecd0494ac	0beb284f71ffa619dc723ebd053389945843ecf30f4ff82cfd82f8a1f122d083	a1cfcceb6c688f9b0a290d512211ed08cf465b92b26a04cfb032280a53625718	512M	modern
network-budget/formal-screen-v2	tap:nonblocking:mixed:5:tx	w16-p1-m1	74d890e6f969fcee5ffacf2795a61eeba40a7a6aad4f56719af5fc25982b406d	a5e14afc01030a6dfef78dac5ec2b91490be076303d13e719f39296b30f37a4d	faf8e6395a7d56cd92e5fdb460fd9532066d2f26	3891f7e78598b88082d2ac41f010e22ecd0494ac	0beb284f71ffa619dc723ebd053389945843ecf30f4ff82cfd82f8a1f122d083	a1cfcceb6c688f9b0a290d512211ed08cf465b92b26a04cfb032280a53625718	512M	modern
network-budget/formal-screen-v2	tap:nonblocking:mixed:5:tx	w16-p1-m2	74d890e6f969fcee5ffacf2795a61eeba40a7a6aad4f56719af5fc25982b406d	2210b915c21ff0d4065675961d0047c7bad50838733b145ddb2594baeb1f613d	faf8e6395a7d56cd92e5fdb460fd9532066d2f26	3891f7e78598b88082d2ac41f010e22ecd0494ac	0beb284f71ffa619dc723ebd053389945843ecf30f4ff82cfd82f8a1f122d083	a1cfcceb6c688f9b0a290d512211ed08cf465b92b26a04cfb032280a53625718	512M	modern
network-budget/formal-screen-v2	tap:nonblocking:mixed:5:tx	w16-p1-m4	74d890e6f969fcee5ffacf2795a61eeba40a7a6aad4f56719af5fc25982b406d	b1465c56b19b27cdb39bbad39a6e2bfacf90c200784b5327e7389b1331b00d92	faf8e6395a7d56cd92e5fdb460fd9532066d2f26	3891f7e78598b88082d2ac41f010e22ecd0494ac	0beb284f71ffa619dc723ebd053389945843ecf30f4ff82cfd82f8a1f122d083	a1cfcceb6c688f9b0a290d512211ed08cf465b92b26a04cfb032280a53625718	512M	modern
network-budget/formal-screen-v2	tap:nonblocking:mixed:5:tx	w16-p2-m1	74d890e6f969fcee5ffacf2795a61eeba40a7a6aad4f56719af5fc25982b406d	1fa041fa119ca529583213af534b517dcf67a4d8355858aab7198488a7682b73	faf8e6395a7d56cd92e5fdb460fd9532066d2f26	3891f7e78598b88082d2ac41f010e22ecd0494ac	0beb284f71ffa619dc723ebd053389945843ecf30f4ff82cfd82f8a1f122d083	a1cfcceb6c688f9b0a290d512211ed08cf465b92b26a04cfb032280a53625718	512M	modern
network-budget/formal-screen-v2	tap:nonblocking:mixed:5:tx	w16-p2-m2	74d890e6f969fcee5ffacf2795a61eeba40a7a6aad4f56719af5fc25982b406d	84d02d52ed2e0fd47153a4299760896d5fd388fd715c63bcd56b768b955d7da9	faf8e6395a7d56cd92e5fdb460fd9532066d2f26	3891f7e78598b88082d2ac41f010e22ecd0494ac	0beb284f71ffa619dc723ebd053389945843ecf30f4ff82cfd82f8a1f122d083	a1cfcceb6c688f9b0a290d512211ed08cf465b92b26a04cfb032280a53625718	512M	modern
network-budget/formal-screen-v2	tap:nonblocking:mixed:5:tx	w16-p2-m4	74d890e6f969fcee5ffacf2795a61eeba40a7a6aad4f56719af5fc25982b406d	0027a918780a461b7a5f217a68964f3488b62571509b28f4ab8779febce02e34	faf8e6395a7d56cd92e5fdb460fd9532066d2f26	3891f7e78598b88082d2ac41f010e22ecd0494ac	0beb284f71ffa619dc723ebd053389945843ecf30f4ff82cfd82f8a1f122d083	a1cfcceb6c688f9b0a290d512211ed08cf465b92b26a04cfb032280a53625718	512M	modern
network-budget/formal-screen-v2	tap:nonblocking:mixed:5:tx	w16-p4-m1	74d890e6f969fcee5ffacf2795a61eeba40a7a6aad4f56719af5fc25982b406d	a784f2496bdb5f883348e9584164c85f07eae2f7970a7ace8eeb2cf342328791	faf8e6395a7d56cd92e5fdb460fd9532066d2f26	3891f7e78598b88082d2ac41f010e22ecd0494ac	0beb284f71ffa619dc723ebd053389945843ecf30f4ff82cfd82f8a1f122d083	a1cfcceb6c688f9b0a290d512211ed08cf465b92b26a04cfb032280a53625718	512M	modern
network-budget/formal-screen-v2	tap:nonblocking:mixed:5:tx	w16-p4-m2	74d890e6f969fcee5ffacf2795a61eeba40a7a6aad4f56719af5fc25982b406d	f34876c0a2a950062a002e4a5f3cb818beea7ab2ac9dc8d06b3d49768cf7a190	faf8e6395a7d56cd92e5fdb460fd9532066d2f26	3891f7e78598b88082d2ac41f010e22ecd0494ac	0beb284f71ffa619dc723ebd053389945843ecf30f4ff82cfd82f8a1f122d083	a1cfcceb6c688f9b0a290d512211ed08cf465b92b26a04cfb032280a53625718	512M	modern
network-budget/formal-screen-v2	tap:nonblocking:mixed:5:tx	w16-p4-m4	74d890e6f969fcee5ffacf2795a61eeba40a7a6aad4f56719af5fc25982b406d	5d69942047cfa5d50438fafcc59a9ca124c99409ed1c91bf989d3d8ba4530974	faf8e6395a7d56cd92e5fdb460fd9532066d2f26	3891f7e78598b88082d2ac41f010e22ecd0494ac	0beb284f71ffa619dc723ebd053389945843ecf30f4ff82cfd82f8a1f122d083	a1cfcceb6c688f9b0a290d512211ed08cf465b92b26a04cfb032280a53625718	512M	modern
network-budget/formal-screen-v2	tap:nonblocking:mixed:5:tx	w32-p1-m1	74d890e6f969fcee5ffacf2795a61eeba40a7a6aad4f56719af5fc25982b406d	6fae0db77022c73fc015c1f833f73f879cc482539ba42b7346d6470f23eb58fd	faf8e6395a7d56cd92e5fdb460fd9532066d2f26	3891f7e78598b88082d2ac41f010e22ecd0494ac	0beb284f71ffa619dc723ebd053389945843ecf30f4ff82cfd82f8a1f122d083	a1cfcceb6c688f9b0a290d512211ed08cf465b92b26a04cfb032280a53625718	512M	modern
network-budget/formal-screen-v2	tap:nonblocking:mixed:5:tx	w32-p1-m2	74d890e6f969fcee5ffacf2795a61eeba40a7a6aad4f56719af5fc25982b406d	70ecc7502eece3cd940dd02a8048c401d0ee837d74f8f03d0f86b5d616d237f5	faf8e6395a7d56cd92e5fdb460fd9532066d2f26	3891f7e78598b88082d2ac41f010e22ecd0494ac	0beb284f71ffa619dc723ebd053389945843ecf30f4ff82cfd82f8a1f122d083	a1cfcceb6c688f9b0a290d512211ed08cf465b92b26a04cfb032280a53625718	512M	modern
network-budget/formal-screen-v2	tap:nonblocking:mixed:5:tx	w32-p1-m4	74d890e6f969fcee5ffacf2795a61eeba40a7a6aad4f56719af5fc25982b406d	35f00ddce52c78d30c5fe065070adcc62e1bfdb98574efc80db0103b9e5bef5e	faf8e6395a7d56cd92e5fdb460fd9532066d2f26	3891f7e78598b88082d2ac41f010e22ecd0494ac	0beb284f71ffa619dc723ebd053389945843ecf30f4ff82cfd82f8a1f122d083	a1cfcceb6c688f9b0a290d512211ed08cf465b92b26a04cfb032280a53625718	512M	modern
network-budget/formal-screen-v2	tap:nonblocking:mixed:5:tx	w32-p2-m1	74d890e6f969fcee5ffacf2795a61eeba40a7a6aad4f56719af5fc25982b406d	ac5f07a65f2fdefaedd8a93ec16905c1728eb768042c6fea8611e2265b9d8cee	faf8e6395a7d56cd92e5fdb460fd9532066d2f26	3891f7e78598b88082d2ac41f010e22ecd0494ac	0beb284f71ffa619dc723ebd053389945843ecf30f4ff82cfd82f8a1f122d083	a1cfcceb6c688f9b0a290d512211ed08cf465b92b26a04cfb032280a53625718	512M	modern
network-budget/formal-screen-v2	tap:nonblocking:mixed:5:tx	w32-p2-m2	74d890e6f969fcee5ffacf2795a61eeba40a7a6aad4f56719af5fc25982b406d	68e694c1dcd5e02272ff202534176ca3d274b35c570dbb29f7a554d0a2d44650	faf8e6395a7d56cd92e5fdb460fd9532066d2f26	3891f7e78598b88082d2ac41f010e22ecd0494ac	0beb284f71ffa619dc723ebd053389945843ecf30f4ff82cfd82f8a1f122d083	a1cfcceb6c688f9b0a290d512211ed08cf465b92b26a04cfb032280a53625718	512M	modern
network-budget/formal-screen-v2	tap:nonblocking:mixed:5:tx	w32-p2-m4	74d890e6f969fcee5ffacf2795a61eeba40a7a6aad4f56719af5fc25982b406d	5542eba5d0018c3fa31f35a956eb38858a5ca4d0afbda92b1d3d603b48d46127	faf8e6395a7d56cd92e5fdb460fd9532066d2f26	3891f7e78598b88082d2ac41f010e22ecd0494ac	0beb284f71ffa619dc723ebd053389945843ecf30f4ff82cfd82f8a1f122d083	a1cfcceb6c688f9b0a290d512211ed08cf465b92b26a04cfb032280a53625718	512M	modern
network-budget/formal-screen-v2	tap:nonblocking:mixed:5:tx	w32-p4-m1	74d890e6f969fcee5ffacf2795a61eeba40a7a6aad4f56719af5fc25982b406d	aed90567736c250228cc5b3b592139b78743d2904d6cc6d8f0d0a1582c12bc82	faf8e6395a7d56cd92e5fdb460fd9532066d2f26	3891f7e78598b88082d2ac41f010e22ecd0494ac	0beb284f71ffa619dc723ebd053389945843ecf30f4ff82cfd82f8a1f122d083	a1cfcceb6c688f9b0a290d512211ed08cf465b92b26a04cfb032280a53625718	512M	modern
network-budget/formal-screen-v2	tap:nonblocking:mixed:5:tx	w32-p4-m2	74d890e6f969fcee5ffacf2795a61eeba40a7a6aad4f56719af5fc25982b406d	c230980e4caca952c419fdd5c9a8b4db4bcf0adccd4b3ebc22c9ae0cbce7eb6c	faf8e6395a7d56cd92e5fdb460fd9532066d2f26	3891f7e78598b88082d2ac41f010e22ecd0494ac	0beb284f71ffa619dc723ebd053389945843ecf30f4ff82cfd82f8a1f122d083	a1cfcceb6c688f9b0a290d512211ed08cf465b92b26a04cfb032280a53625718	512M	modern
network-budget/formal-screen-v2	tap:nonblocking:mixed:5:tx	w32-p4-m4	74d890e6f969fcee5ffacf2795a61eeba40a7a6aad4f56719af5fc25982b406d	ec7f94235c761aa07e59ba61ba2cd0393856479e2eaee024f26c07590fa2a166	faf8e6395a7d56cd92e5fdb460fd9532066d2f26	3891f7e78598b88082d2ac41f010e22ecd0494ac	0beb284f71ffa619dc723ebd053389945843ecf30f4ff82cfd82f8a1f122d083	a1cfcceb6c688f9b0a290d512211ed08cf465b92b26a04cfb032280a53625718	512M	modern
network-budget/formal-near-v2	tap:nonblocking:mixed:near:tx	baseline	74d890e6f969fcee5ffacf2795a61eeba40a7a6aad4f56719af5fc25982b406d	b962c890989d268282b55d49a4fa9b51afbaf7008dab2fc47e717388a6fea2f4	5687377c58dc96adfa1f72f1636a319bbd25b419	3891f7e78598b88082d2ac41f010e22ecd0494ac	95d48334ea1799197147d258e723dda88e1fa193fcacde3f290d662325510623	a1cfcceb6c688f9b0a290d512211ed08cf465b92b26a04cfb032280a53625718	512M	modern
network-budget/formal-near-v2	tap:nonblocking:mixed:near:tx	w8-p1-m1	74d890e6f969fcee5ffacf2795a61eeba40a7a6aad4f56719af5fc25982b406d	1c2754cddb77982bb777c5fe5b5ef441b3a46102213b5b62a3aacd1d0b60a048	faf8e6395a7d56cd92e5fdb460fd9532066d2f26	3891f7e78598b88082d2ac41f010e22ecd0494ac	95d48334ea1799197147d258e723dda88e1fa193fcacde3f290d662325510623	a1cfcceb6c688f9b0a290d512211ed08cf465b92b26a04cfb032280a53625718	512M	modern
network-budget/formal-near-v2	tap:nonblocking:mixed:near:tx	w8-p1-m2	74d890e6f969fcee5ffacf2795a61eeba40a7a6aad4f56719af5fc25982b406d	eb63873bb5f7c54d5eed45e11dc6b612ad1254df387cc9d96320bc50fecefd0e	faf8e6395a7d56cd92e5fdb460fd9532066d2f26	3891f7e78598b88082d2ac41f010e22ecd0494ac	95d48334ea1799197147d258e723dda88e1fa193fcacde3f290d662325510623	a1cfcceb6c688f9b0a290d512211ed08cf465b92b26a04cfb032280a53625718	512M	modern
network-budget/formal-near-v2	tap:nonblocking:mixed:near:tx	w8-p1-m4	74d890e6f969fcee5ffacf2795a61eeba40a7a6aad4f56719af5fc25982b406d	aaabb67e94b4c26e3ffa0180dbc30fd4eefcbad342792babef9e4a431843657d	faf8e6395a7d56cd92e5fdb460fd9532066d2f26	3891f7e78598b88082d2ac41f010e22ecd0494ac	95d48334ea1799197147d258e723dda88e1fa193fcacde3f290d662325510623	a1cfcceb6c688f9b0a290d512211ed08cf465b92b26a04cfb032280a53625718	512M	modern
network-budget/formal-near-v2	tap:nonblocking:mixed:near:tx	w8-p2-m1	74d890e6f969fcee5ffacf2795a61eeba40a7a6aad4f56719af5fc25982b406d	5d9c299933dcbbbe16f856f4eb8d67e56d80f04a49487f8856c679079699e0d8	faf8e6395a7d56cd92e5fdb460fd9532066d2f26	3891f7e78598b88082d2ac41f010e22ecd0494ac	95d48334ea1799197147d258e723dda88e1fa193fcacde3f290d662325510623	a1cfcceb6c688f9b0a290d512211ed08cf465b92b26a04cfb032280a53625718	512M	modern
network-budget/formal-near-v2	tap:nonblocking:mixed:near:tx	w8-p2-m2	74d890e6f969fcee5ffacf2795a61eeba40a7a6aad4f56719af5fc25982b406d	2e74f871307c8cbccdb16cd1f79b19bc89fb5bc51a17ed1ed8ce6f7a058187e9	faf8e6395a7d56cd92e5fdb460fd9532066d2f26	3891f7e78598b88082d2ac41f010e22ecd0494ac	95d48334ea1799197147d258e723dda88e1fa193fcacde3f290d662325510623	a1cfcceb6c688f9b0a290d512211ed08cf465b92b26a04cfb032280a53625718	512M	modern
network-budget/formal-near-v2	tap:nonblocking:mixed:near:tx	w8-p2-m4	74d890e6f969fcee5ffacf2795a61eeba40a7a6aad4f56719af5fc25982b406d	7fc96809a9170a6e7ce03c294c4d73c3a4119f95dc2a6ec718fc13267273c149	faf8e6395a7d56cd92e5fdb460fd9532066d2f26	3891f7e78598b88082d2ac41f010e22ecd0494ac	95d48334ea1799197147d258e723dda88e1fa193fcacde3f290d662325510623	a1cfcceb6c688f9b0a290d512211ed08cf465b92b26a04cfb032280a53625718	512M	modern
network-budget/formal-near-v2	tap:nonblocking:mixed:near:tx	w8-p4-m1	74d890e6f969fcee5ffacf2795a61eeba40a7a6aad4f56719af5fc25982b406d	187791c2a7ed8d1d0ba719aa7bcae2c0a7373c5123330030d70a53c645323dbd	faf8e6395a7d56cd92e5fdb460fd9532066d2f26	3891f7e78598b88082d2ac41f010e22ecd0494ac	95d48334ea1799197147d258e723dda88e1fa193fcacde3f290d662325510623	a1cfcceb6c688f9b0a290d512211ed08cf465b92b26a04cfb032280a53625718	512M	modern
network-budget/formal-near-v2	tap:nonblocking:mixed:near:tx	w8-p4-m2	74d890e6f969fcee5ffacf2795a61eeba40a7a6aad4f56719af5fc25982b406d	fe15fb92169fba35b962880eecb5b6153d7b0a611be39dc330206aaf839e77bb	faf8e6395a7d56cd92e5fdb460fd9532066d2f26	3891f7e78598b88082d2ac41f010e22ecd0494ac	95d48334ea1799197147d258e723dda88e1fa193fcacde3f290d662325510623	a1cfcceb6c688f9b0a290d512211ed08cf465b92b26a04cfb032280a53625718	512M	modern
network-budget/formal-near-v2	tap:nonblocking:mixed:near:tx	w8-p4-m4	74d890e6f969fcee5ffacf2795a61eeba40a7a6aad4f56719af5fc25982b406d	fd709244a41c2f7ed89512ea5b52bcf0f001f7a4d6ab73e6999a74e7ff00a89c	faf8e6395a7d56cd92e5fdb460fd9532066d2f26	3891f7e78598b88082d2ac41f010e22ecd0494ac	95d48334ea1799197147d258e723dda88e1fa193fcacde3f290d662325510623	a1cfcceb6c688f9b0a290d512211ed08cf465b92b26a04cfb032280a53625718	512M	modern
network-budget/formal-near-v2	tap:nonblocking:mixed:near:tx	w16-p1-m1	74d890e6f969fcee5ffacf2795a61eeba40a7a6aad4f56719af5fc25982b406d	a5e14afc01030a6dfef78dac5ec2b91490be076303d13e719f39296b30f37a4d	faf8e6395a7d56cd92e5fdb460fd9532066d2f26	3891f7e78598b88082d2ac41f010e22ecd0494ac	95d48334ea1799197147d258e723dda88e1fa193fcacde3f290d662325510623	a1cfcceb6c688f9b0a290d512211ed08cf465b92b26a04cfb032280a53625718	512M	modern
network-budget/formal-near-v2	tap:nonblocking:mixed:near:tx	w16-p1-m2	74d890e6f969fcee5ffacf2795a61eeba40a7a6aad4f56719af5fc25982b406d	2210b915c21ff0d4065675961d0047c7bad50838733b145ddb2594baeb1f613d	faf8e6395a7d56cd92e5fdb460fd9532066d2f26	3891f7e78598b88082d2ac41f010e22ecd0494ac	95d48334ea1799197147d258e723dda88e1fa193fcacde3f290d662325510623	a1cfcceb6c688f9b0a290d512211ed08cf465b92b26a04cfb032280a53625718	512M	modern
network-budget/formal-near-v2	tap:nonblocking:mixed:near:tx	w16-p1-m4	74d890e6f969fcee5ffacf2795a61eeba40a7a6aad4f56719af5fc25982b406d	b1465c56b19b27cdb39bbad39a6e2bfacf90c200784b5327e7389b1331b00d92	faf8e6395a7d56cd92e5fdb460fd9532066d2f26	3891f7e78598b88082d2ac41f010e22ecd0494ac	95d48334ea1799197147d258e723dda88e1fa193fcacde3f290d662325510623	a1cfcceb6c688f9b0a290d512211ed08cf465b92b26a04cfb032280a53625718	512M	modern
network-budget/formal-near-v2	tap:nonblocking:mixed:near:tx	w16-p2-m1	74d890e6f969fcee5ffacf2795a61eeba40a7a6aad4f56719af5fc25982b406d	1fa041fa119ca529583213af534b517dcf67a4d8355858aab7198488a7682b73	faf8e6395a7d56cd92e5fdb460fd9532066d2f26	3891f7e78598b88082d2ac41f010e22ecd0494ac	95d48334ea1799197147d258e723dda88e1fa193fcacde3f290d662325510623	a1cfcceb6c688f9b0a290d512211ed08cf465b92b26a04cfb032280a53625718	512M	modern
network-budget/formal-near-v2	tap:nonblocking:mixed:near:tx	w16-p2-m2	74d890e6f969fcee5ffacf2795a61eeba40a7a6aad4f56719af5fc25982b406d	84d02d52ed2e0fd47153a4299760896d5fd388fd715c63bcd56b768b955d7da9	faf8e6395a7d56cd92e5fdb460fd9532066d2f26	3891f7e78598b88082d2ac41f010e22ecd0494ac	95d48334ea1799197147d258e723dda88e1fa193fcacde3f290d662325510623	a1cfcceb6c688f9b0a290d512211ed08cf465b92b26a04cfb032280a53625718	512M	modern
network-budget/formal-near-v2	tap:nonblocking:mixed:near:tx	w16-p2-m4	74d890e6f969fcee5ffacf2795a61eeba40a7a6aad4f56719af5fc25982b406d	0027a918780a461b7a5f217a68964f3488b62571509b28f4ab8779febce02e34	faf8e6395a7d56cd92e5fdb460fd9532066d2f26	3891f7e78598b88082d2ac41f010e22ecd0494ac	95d48334ea1799197147d258e723dda88e1fa193fcacde3f290d662325510623	a1cfcceb6c688f9b0a290d512211ed08cf465b92b26a04cfb032280a53625718	512M	modern
network-budget/formal-near-v2	tap:nonblocking:mixed:near:tx	w16-p4-m1	74d890e6f969fcee5ffacf2795a61eeba40a7a6aad4f56719af5fc25982b406d	a784f2496bdb5f883348e9584164c85f07eae2f7970a7ace8eeb2cf342328791	faf8e6395a7d56cd92e5fdb460fd9532066d2f26	3891f7e78598b88082d2ac41f010e22ecd0494ac	95d48334ea1799197147d258e723dda88e1fa193fcacde3f290d662325510623	a1cfcceb6c688f9b0a290d512211ed08cf465b92b26a04cfb032280a53625718	512M	modern
network-budget/formal-near-v2	tap:nonblocking:mixed:near:tx	w16-p4-m2	74d890e6f969fcee5ffacf2795a61eeba40a7a6aad4f56719af5fc25982b406d	f34876c0a2a950062a002e4a5f3cb818beea7ab2ac9dc8d06b3d49768cf7a190	faf8e6395a7d56cd92e5fdb460fd9532066d2f26	3891f7e78598b88082d2ac41f010e22ecd0494ac	95d48334ea1799197147d258e723dda88e1fa193fcacde3f290d662325510623	a1cfcceb6c688f9b0a290d512211ed08cf465b92b26a04cfb032280a53625718	512M	modern
network-budget/formal-near-v2	tap:nonblocking:mixed:near:tx	w16-p4-m4	74d890e6f969fcee5ffacf2795a61eeba40a7a6aad4f56719af5fc25982b406d	5d69942047cfa5d50438fafcc59a9ca124c99409ed1c91bf989d3d8ba4530974	faf8e6395a7d56cd92e5fdb460fd9532066d2f26	3891f7e78598b88082d2ac41f010e22ecd0494ac	95d48334ea1799197147d258e723dda88e1fa193fcacde3f290d662325510623	a1cfcceb6c688f9b0a290d512211ed08cf465b92b26a04cfb032280a53625718	512M	modern
network-budget/formal-near-v2	tap:nonblocking:mixed:near:tx	w32-p1-m1	74d890e6f969fcee5ffacf2795a61eeba40a7a6aad4f56719af5fc25982b406d	6fae0db77022c73fc015c1f833f73f879cc482539ba42b7346d6470f23eb58fd	faf8e6395a7d56cd92e5fdb460fd9532066d2f26	3891f7e78598b88082d2ac41f010e22ecd0494ac	95d48334ea1799197147d258e723dda88e1fa193fcacde3f290d662325510623	a1cfcceb6c688f9b0a290d512211ed08cf465b92b26a04cfb032280a53625718	512M	modern
network-budget/formal-near-v2	tap:nonblocking:mixed:near:tx	w32-p1-m2	74d890e6f969fcee5ffacf2795a61eeba40a7a6aad4f56719af5fc25982b406d	70ecc7502eece3cd940dd02a8048c401d0ee837d74f8f03d0f86b5d616d237f5	faf8e6395a7d56cd92e5fdb460fd9532066d2f26	3891f7e78598b88082d2ac41f010e22ecd0494ac	95d48334ea1799197147d258e723dda88e1fa193fcacde3f290d662325510623	a1cfcceb6c688f9b0a290d512211ed08cf465b92b26a04cfb032280a53625718	512M	modern
network-budget/formal-near-v2	tap:nonblocking:mixed:near:tx	w32-p1-m4	74d890e6f969fcee5ffacf2795a61eeba40a7a6aad4f56719af5fc25982b406d	35f00ddce52c78d30c5fe065070adcc62e1bfdb98574efc80db0103b9e5bef5e	faf8e6395a7d56cd92e5fdb460fd9532066d2f26	3891f7e78598b88082d2ac41f010e22ecd0494ac	95d48334ea1799197147d258e723dda88e1fa193fcacde3f290d662325510623	a1cfcceb6c688f9b0a290d512211ed08cf465b92b26a04cfb032280a53625718	512M	modern
network-budget/formal-near-v2	tap:nonblocking:mixed:near:tx	w32-p2-m1	74d890e6f969fcee5ffacf2795a61eeba40a7a6aad4f56719af5fc25982b406d	ac5f07a65f2fdefaedd8a93ec16905c1728eb768042c6fea8611e2265b9d8cee	faf8e6395a7d56cd92e5fdb460fd9532066d2f26	3891f7e78598b88082d2ac41f010e22ecd0494ac	95d48334ea1799197147d258e723dda88e1fa193fcacde3f290d662325510623	a1cfcceb6c688f9b0a290d512211ed08cf465b92b26a04cfb032280a53625718	512M	modern
network-budget/formal-near-v2	tap:nonblocking:mixed:near:tx	w32-p2-m2	74d890e6f969fcee5ffacf2795a61eeba40a7a6aad4f56719af5fc25982b406d	68e694c1dcd5e02272ff202534176ca3d274b35c570dbb29f7a554d0a2d44650	faf8e6395a7d56cd92e5fdb460fd9532066d2f26	3891f7e78598b88082d2ac41f010e22ecd0494ac	95d48334ea1799197147d258e723dda88e1fa193fcacde3f290d662325510623	a1cfcceb6c688f9b0a290d512211ed08cf465b92b26a04cfb032280a53625718	512M	modern
network-budget/formal-near-v2	tap:nonblocking:mixed:near:tx	w32-p2-m4	74d890e6f969fcee5ffacf2795a61eeba40a7a6aad4f56719af5fc25982b406d	5542eba5d0018c3fa31f35a956eb38858a5ca4d0afbda92b1d3d603b48d46127	faf8e6395a7d56cd92e5fdb460fd9532066d2f26	3891f7e78598b88082d2ac41f010e22ecd0494ac	95d48334ea1799197147d258e723dda88e1fa193fcacde3f290d662325510623	a1cfcceb6c688f9b0a290d512211ed08cf465b92b26a04cfb032280a53625718	512M	modern
network-budget/formal-near-v2	tap:nonblocking:mixed:near:tx	w32-p4-m1	74d890e6f969fcee5ffacf2795a61eeba40a7a6aad4f56719af5fc25982b406d	aed90567736c250228cc5b3b592139b78743d2904d6cc6d8f0d0a1582c12bc82	faf8e6395a7d56cd92e5fdb460fd9532066d2f26	3891f7e78598b88082d2ac41f010e22ecd0494ac	95d48334ea1799197147d258e723dda88e1fa193fcacde3f290d662325510623	a1cfcceb6c688f9b0a290d512211ed08cf465b92b26a04cfb032280a53625718	512M	modern
network-budget/formal-near-v2	tap:nonblocking:mixed:near:tx	w32-p4-m2	74d890e6f969fcee5ffacf2795a61eeba40a7a6aad4f56719af5fc25982b406d	c230980e4caca952c419fdd5c9a8b4db4bcf0adccd4b3ebc22c9ae0cbce7eb6c	faf8e6395a7d56cd92e5fdb460fd9532066d2f26	3891f7e78598b88082d2ac41f010e22ecd0494ac	95d48334ea1799197147d258e723dda88e1fa193fcacde3f290d662325510623	a1cfcceb6c688f9b0a290d512211ed08cf465b92b26a04cfb032280a53625718	512M	modern
network-budget/formal-near-v2	tap:nonblocking:mixed:near:tx	w32-p4-m4	74d890e6f969fcee5ffacf2795a61eeba40a7a6aad4f56719af5fc25982b406d	ec7f94235c761aa07e59ba61ba2cd0393856479e2eaee024f26c07590fa2a166	faf8e6395a7d56cd92e5fdb460fd9532066d2f26	3891f7e78598b88082d2ac41f010e22ecd0494ac	95d48334ea1799197147d258e723dda88e1fa193fcacde3f290d662325510623	a1cfcceb6c688f9b0a290d512211ed08cf465b92b26a04cfb032280a53625718	512M	modern
network-budget/formal-expanded-v2	loopback:blocking:rr:1:rx	baseline	74d890e6f969fcee5ffacf2795a61eeba40a7a6aad4f56719af5fc25982b406d	b962c890989d268282b55d49a4fa9b51afbaf7008dab2fc47e717388a6fea2f4	5687377c58dc96adfa1f72f1636a319bbd25b419	3891f7e78598b88082d2ac41f010e22ecd0494ac	2fa331d158680d3dc2c7bc3687966c9de0cf578e85a0445c5c91fbad6857452b	a1cfcceb6c688f9b0a290d512211ed08cf465b92b26a04cfb032280a53625718	512M	modern
network-budget/formal-expanded-v2	loopback:blocking:rr:1:rx	w8-p1-m1	74d890e6f969fcee5ffacf2795a61eeba40a7a6aad4f56719af5fc25982b406d	1c2754cddb77982bb777c5fe5b5ef441b3a46102213b5b62a3aacd1d0b60a048	faf8e6395a7d56cd92e5fdb460fd9532066d2f26	3891f7e78598b88082d2ac41f010e22ecd0494ac	2fa331d158680d3dc2c7bc3687966c9de0cf578e85a0445c5c91fbad6857452b	a1cfcceb6c688f9b0a290d512211ed08cf465b92b26a04cfb032280a53625718	512M	modern
network-budget/formal-expanded-v2	loopback:blocking:rr:1:rx	w8-p4-m2	74d890e6f969fcee5ffacf2795a61eeba40a7a6aad4f56719af5fc25982b406d	fe15fb92169fba35b962880eecb5b6153d7b0a611be39dc330206aaf839e77bb	faf8e6395a7d56cd92e5fdb460fd9532066d2f26	3891f7e78598b88082d2ac41f010e22ecd0494ac	2fa331d158680d3dc2c7bc3687966c9de0cf578e85a0445c5c91fbad6857452b	a1cfcceb6c688f9b0a290d512211ed08cf465b92b26a04cfb032280a53625718	512M	modern
network-budget/formal-expanded-v2	loopback:blocking:rr:1:rx	w16-p2-m2	74d890e6f969fcee5ffacf2795a61eeba40a7a6aad4f56719af5fc25982b406d	84d02d52ed2e0fd47153a4299760896d5fd388fd715c63bcd56b768b955d7da9	faf8e6395a7d56cd92e5fdb460fd9532066d2f26	3891f7e78598b88082d2ac41f010e22ecd0494ac	2fa331d158680d3dc2c7bc3687966c9de0cf578e85a0445c5c91fbad6857452b	a1cfcceb6c688f9b0a290d512211ed08cf465b92b26a04cfb032280a53625718	512M	modern
network-budget/formal-expanded-v2	loopback:blocking:rr:1:rx	linux	74d890e6f969fcee5ffacf2795a61eeba40a7a6aad4f56719af5fc25982b406d	7fdeac1a0821f821e02c15c35cd2c4003b66268a65b8ef591520094c096f442e	f4cdf7ca9a1fdcca413157df19753f388a5a224e	3891f7e78598b88082d2ac41f010e22ecd0494ac	2fa331d158680d3dc2c7bc3687966c9de0cf578e85a0445c5c91fbad6857452b	a1cfcceb6c688f9b0a290d512211ed08cf465b92b26a04cfb032280a53625718	512M	modern
network-budget/formal-expanded-v2	loopback:blocking:bulk:1:rx	baseline	74d890e6f969fcee5ffacf2795a61eeba40a7a6aad4f56719af5fc25982b406d	b962c890989d268282b55d49a4fa9b51afbaf7008dab2fc47e717388a6fea2f4	5687377c58dc96adfa1f72f1636a319bbd25b419	3891f7e78598b88082d2ac41f010e22ecd0494ac	bcc688f9df1347cadc872386cf8ee0a6c7941f01e225e741ef28a280794d75d0	a1cfcceb6c688f9b0a290d512211ed08cf465b92b26a04cfb032280a53625718	512M	modern
network-budget/formal-expanded-v2	loopback:blocking:bulk:1:rx	w8-p1-m1	74d890e6f969fcee5ffacf2795a61eeba40a7a6aad4f56719af5fc25982b406d	1c2754cddb77982bb777c5fe5b5ef441b3a46102213b5b62a3aacd1d0b60a048	faf8e6395a7d56cd92e5fdb460fd9532066d2f26	3891f7e78598b88082d2ac41f010e22ecd0494ac	bcc688f9df1347cadc872386cf8ee0a6c7941f01e225e741ef28a280794d75d0	a1cfcceb6c688f9b0a290d512211ed08cf465b92b26a04cfb032280a53625718	512M	modern
network-budget/formal-expanded-v2	loopback:blocking:bulk:1:rx	w8-p4-m2	74d890e6f969fcee5ffacf2795a61eeba40a7a6aad4f56719af5fc25982b406d	fe15fb92169fba35b962880eecb5b6153d7b0a611be39dc330206aaf839e77bb	faf8e6395a7d56cd92e5fdb460fd9532066d2f26	3891f7e78598b88082d2ac41f010e22ecd0494ac	bcc688f9df1347cadc872386cf8ee0a6c7941f01e225e741ef28a280794d75d0	a1cfcceb6c688f9b0a290d512211ed08cf465b92b26a04cfb032280a53625718	512M	modern
network-budget/formal-expanded-v2	loopback:blocking:bulk:1:rx	w16-p2-m2	74d890e6f969fcee5ffacf2795a61eeba40a7a6aad4f56719af5fc25982b406d	84d02d52ed2e0fd47153a4299760896d5fd388fd715c63bcd56b768b955d7da9	faf8e6395a7d56cd92e5fdb460fd9532066d2f26	3891f7e78598b88082d2ac41f010e22ecd0494ac	bcc688f9df1347cadc872386cf8ee0a6c7941f01e225e741ef28a280794d75d0	a1cfcceb6c688f9b0a290d512211ed08cf465b92b26a04cfb032280a53625718	512M	modern
network-budget/formal-expanded-v2	loopback:blocking:bulk:1:rx	linux	74d890e6f969fcee5ffacf2795a61eeba40a7a6aad4f56719af5fc25982b406d	7fdeac1a0821f821e02c15c35cd2c4003b66268a65b8ef591520094c096f442e	f4cdf7ca9a1fdcca413157df19753f388a5a224e	3891f7e78598b88082d2ac41f010e22ecd0494ac	bcc688f9df1347cadc872386cf8ee0a6c7941f01e225e741ef28a280794d75d0	a1cfcceb6c688f9b0a290d512211ed08cf465b92b26a04cfb032280a53625718	512M	modern
network-budget/formal-expanded-v2	loopback:blocking:bulk:1:tx	baseline	74d890e6f969fcee5ffacf2795a61eeba40a7a6aad4f56719af5fc25982b406d	b962c890989d268282b55d49a4fa9b51afbaf7008dab2fc47e717388a6fea2f4	5687377c58dc96adfa1f72f1636a319bbd25b419	3891f7e78598b88082d2ac41f010e22ecd0494ac	cf0ca92d8bc2b3d0244808f8b1886bcfb139461d60b1d8c54c86360c8a035f0e	a1cfcceb6c688f9b0a290d512211ed08cf465b92b26a04cfb032280a53625718	512M	modern
network-budget/formal-expanded-v2	loopback:blocking:bulk:1:tx	w8-p1-m1	74d890e6f969fcee5ffacf2795a61eeba40a7a6aad4f56719af5fc25982b406d	1c2754cddb77982bb777c5fe5b5ef441b3a46102213b5b62a3aacd1d0b60a048	faf8e6395a7d56cd92e5fdb460fd9532066d2f26	3891f7e78598b88082d2ac41f010e22ecd0494ac	cf0ca92d8bc2b3d0244808f8b1886bcfb139461d60b1d8c54c86360c8a035f0e	a1cfcceb6c688f9b0a290d512211ed08cf465b92b26a04cfb032280a53625718	512M	modern
network-budget/formal-expanded-v2	loopback:blocking:bulk:1:tx	w8-p4-m2	74d890e6f969fcee5ffacf2795a61eeba40a7a6aad4f56719af5fc25982b406d	fe15fb92169fba35b962880eecb5b6153d7b0a611be39dc330206aaf839e77bb	faf8e6395a7d56cd92e5fdb460fd9532066d2f26	3891f7e78598b88082d2ac41f010e22ecd0494ac	cf0ca92d8bc2b3d0244808f8b1886bcfb139461d60b1d8c54c86360c8a035f0e	a1cfcceb6c688f9b0a290d512211ed08cf465b92b26a04cfb032280a53625718	512M	modern
network-budget/formal-expanded-v2	loopback:blocking:bulk:1:tx	w16-p2-m2	74d890e6f969fcee5ffacf2795a61eeba40a7a6aad4f56719af5fc25982b406d	84d02d52ed2e0fd47153a4299760896d5fd388fd715c63bcd56b768b955d7da9	faf8e6395a7d56cd92e5fdb460fd9532066d2f26	3891f7e78598b88082d2ac41f010e22ecd0494ac	cf0ca92d8bc2b3d0244808f8b1886bcfb139461d60b1d8c54c86360c8a035f0e	a1cfcceb6c688f9b0a290d512211ed08cf465b92b26a04cfb032280a53625718	512M	modern
network-budget/formal-expanded-v2	loopback:blocking:bulk:1:tx	linux	74d890e6f969fcee5ffacf2795a61eeba40a7a6aad4f56719af5fc25982b406d	7fdeac1a0821f821e02c15c35cd2c4003b66268a65b8ef591520094c096f442e	f4cdf7ca9a1fdcca413157df19753f388a5a224e	3891f7e78598b88082d2ac41f010e22ecd0494ac	cf0ca92d8bc2b3d0244808f8b1886bcfb139461d60b1d8c54c86360c8a035f0e	a1cfcceb6c688f9b0a290d512211ed08cf465b92b26a04cfb032280a53625718	512M	modern
network-budget/formal-expanded-v2	loopback:blocking:rr:5:rx	baseline	74d890e6f969fcee5ffacf2795a61eeba40a7a6aad4f56719af5fc25982b406d	b962c890989d268282b55d49a4fa9b51afbaf7008dab2fc47e717388a6fea2f4	5687377c58dc96adfa1f72f1636a319bbd25b419	3891f7e78598b88082d2ac41f010e22ecd0494ac	09f289d3ae4f662d9e6ec628984a89cc44982b24428e2efe15089cb56e06f33e	a1cfcceb6c688f9b0a290d512211ed08cf465b92b26a04cfb032280a53625718	512M	modern
network-budget/formal-expanded-v2	loopback:blocking:rr:5:rx	w8-p1-m1	74d890e6f969fcee5ffacf2795a61eeba40a7a6aad4f56719af5fc25982b406d	1c2754cddb77982bb777c5fe5b5ef441b3a46102213b5b62a3aacd1d0b60a048	faf8e6395a7d56cd92e5fdb460fd9532066d2f26	3891f7e78598b88082d2ac41f010e22ecd0494ac	09f289d3ae4f662d9e6ec628984a89cc44982b24428e2efe15089cb56e06f33e	a1cfcceb6c688f9b0a290d512211ed08cf465b92b26a04cfb032280a53625718	512M	modern
network-budget/formal-expanded-v2	loopback:blocking:rr:5:rx	w8-p4-m2	74d890e6f969fcee5ffacf2795a61eeba40a7a6aad4f56719af5fc25982b406d	fe15fb92169fba35b962880eecb5b6153d7b0a611be39dc330206aaf839e77bb	faf8e6395a7d56cd92e5fdb460fd9532066d2f26	3891f7e78598b88082d2ac41f010e22ecd0494ac	09f289d3ae4f662d9e6ec628984a89cc44982b24428e2efe15089cb56e06f33e	a1cfcceb6c688f9b0a290d512211ed08cf465b92b26a04cfb032280a53625718	512M	modern
network-budget/formal-expanded-v2	loopback:blocking:rr:5:rx	w16-p2-m2	74d890e6f969fcee5ffacf2795a61eeba40a7a6aad4f56719af5fc25982b406d	84d02d52ed2e0fd47153a4299760896d5fd388fd715c63bcd56b768b955d7da9	faf8e6395a7d56cd92e5fdb460fd9532066d2f26	3891f7e78598b88082d2ac41f010e22ecd0494ac	09f289d3ae4f662d9e6ec628984a89cc44982b24428e2efe15089cb56e06f33e	a1cfcceb6c688f9b0a290d512211ed08cf465b92b26a04cfb032280a53625718	512M	modern
network-budget/formal-expanded-v2	loopback:blocking:rr:5:rx	linux	74d890e6f969fcee5ffacf2795a61eeba40a7a6aad4f56719af5fc25982b406d	7fdeac1a0821f821e02c15c35cd2c4003b66268a65b8ef591520094c096f442e	f4cdf7ca9a1fdcca413157df19753f388a5a224e	3891f7e78598b88082d2ac41f010e22ecd0494ac	09f289d3ae4f662d9e6ec628984a89cc44982b24428e2efe15089cb56e06f33e	a1cfcceb6c688f9b0a290d512211ed08cf465b92b26a04cfb032280a53625718	512M	modern
network-budget/formal-expanded-v2	loopback:blocking:bulk:5:rx	baseline	74d890e6f969fcee5ffacf2795a61eeba40a7a6aad4f56719af5fc25982b406d	b962c890989d268282b55d49a4fa9b51afbaf7008dab2fc47e717388a6fea2f4	5687377c58dc96adfa1f72f1636a319bbd25b419	3891f7e78598b88082d2ac41f010e22ecd0494ac	9909e4f541e4ccdbcba86d46bdbf41ad09d073da70db73975c134a49434475d5	a1cfcceb6c688f9b0a290d512211ed08cf465b92b26a04cfb032280a53625718	512M	modern
network-budget/formal-expanded-v2	loopback:blocking:bulk:5:rx	w8-p1-m1	74d890e6f969fcee5ffacf2795a61eeba40a7a6aad4f56719af5fc25982b406d	1c2754cddb77982bb777c5fe5b5ef441b3a46102213b5b62a3aacd1d0b60a048	faf8e6395a7d56cd92e5fdb460fd9532066d2f26	3891f7e78598b88082d2ac41f010e22ecd0494ac	9909e4f541e4ccdbcba86d46bdbf41ad09d073da70db73975c134a49434475d5	a1cfcceb6c688f9b0a290d512211ed08cf465b92b26a04cfb032280a53625718	512M	modern
network-budget/formal-expanded-v2	loopback:blocking:bulk:5:rx	w8-p4-m2	74d890e6f969fcee5ffacf2795a61eeba40a7a6aad4f56719af5fc25982b406d	fe15fb92169fba35b962880eecb5b6153d7b0a611be39dc330206aaf839e77bb	faf8e6395a7d56cd92e5fdb460fd9532066d2f26	3891f7e78598b88082d2ac41f010e22ecd0494ac	9909e4f541e4ccdbcba86d46bdbf41ad09d073da70db73975c134a49434475d5	a1cfcceb6c688f9b0a290d512211ed08cf465b92b26a04cfb032280a53625718	512M	modern
network-budget/formal-expanded-v2	loopback:blocking:bulk:5:rx	w16-p2-m2	74d890e6f969fcee5ffacf2795a61eeba40a7a6aad4f56719af5fc25982b406d	84d02d52ed2e0fd47153a4299760896d5fd388fd715c63bcd56b768b955d7da9	faf8e6395a7d56cd92e5fdb460fd9532066d2f26	3891f7e78598b88082d2ac41f010e22ecd0494ac	9909e4f541e4ccdbcba86d46bdbf41ad09d073da70db73975c134a49434475d5	a1cfcceb6c688f9b0a290d512211ed08cf465b92b26a04cfb032280a53625718	512M	modern
network-budget/formal-expanded-v2	loopback:blocking:bulk:5:rx	linux	74d890e6f969fcee5ffacf2795a61eeba40a7a6aad4f56719af5fc25982b406d	7fdeac1a0821f821e02c15c35cd2c4003b66268a65b8ef591520094c096f442e	f4cdf7ca9a1fdcca413157df19753f388a5a224e	3891f7e78598b88082d2ac41f010e22ecd0494ac	9909e4f541e4ccdbcba86d46bdbf41ad09d073da70db73975c134a49434475d5	a1cfcceb6c688f9b0a290d512211ed08cf465b92b26a04cfb032280a53625718	512M	modern
network-budget/formal-expanded-v2	loopback:blocking:bulk:5:tx	baseline	74d890e6f969fcee5ffacf2795a61eeba40a7a6aad4f56719af5fc25982b406d	b962c890989d268282b55d49a4fa9b51afbaf7008dab2fc47e717388a6fea2f4	5687377c58dc96adfa1f72f1636a319bbd25b419	3891f7e78598b88082d2ac41f010e22ecd0494ac	5ea4cab16d59c0407b8abc8eb0936565c315c4fbcffe7ea35cc4e81221c9f152	a1cfcceb6c688f9b0a290d512211ed08cf465b92b26a04cfb032280a53625718	512M	modern
network-budget/formal-expanded-v2	loopback:blocking:bulk:5:tx	w8-p1-m1	74d890e6f969fcee5ffacf2795a61eeba40a7a6aad4f56719af5fc25982b406d	1c2754cddb77982bb777c5fe5b5ef441b3a46102213b5b62a3aacd1d0b60a048	faf8e6395a7d56cd92e5fdb460fd9532066d2f26	3891f7e78598b88082d2ac41f010e22ecd0494ac	5ea4cab16d59c0407b8abc8eb0936565c315c4fbcffe7ea35cc4e81221c9f152	a1cfcceb6c688f9b0a290d512211ed08cf465b92b26a04cfb032280a53625718	512M	modern
network-budget/formal-expanded-v2	loopback:blocking:bulk:5:tx	w8-p4-m2	74d890e6f969fcee5ffacf2795a61eeba40a7a6aad4f56719af5fc25982b406d	fe15fb92169fba35b962880eecb5b6153d7b0a611be39dc330206aaf839e77bb	faf8e6395a7d56cd92e5fdb460fd9532066d2f26	3891f7e78598b88082d2ac41f010e22ecd0494ac	5ea4cab16d59c0407b8abc8eb0936565c315c4fbcffe7ea35cc4e81221c9f152	a1cfcceb6c688f9b0a290d512211ed08cf465b92b26a04cfb032280a53625718	512M	modern
network-budget/formal-expanded-v2	loopback:blocking:bulk:5:tx	w16-p2-m2	74d890e6f969fcee5ffacf2795a61eeba40a7a6aad4f56719af5fc25982b406d	84d02d52ed2e0fd47153a4299760896d5fd388fd715c63bcd56b768b955d7da9	faf8e6395a7d56cd92e5fdb460fd9532066d2f26	3891f7e78598b88082d2ac41f010e22ecd0494ac	5ea4cab16d59c0407b8abc8eb0936565c315c4fbcffe7ea35cc4e81221c9f152	a1cfcceb6c688f9b0a290d512211ed08cf465b92b26a04cfb032280a53625718	512M	modern
network-budget/formal-expanded-v2	loopback:blocking:bulk:5:tx	linux	74d890e6f969fcee5ffacf2795a61eeba40a7a6aad4f56719af5fc25982b406d	7fdeac1a0821f821e02c15c35cd2c4003b66268a65b8ef591520094c096f442e	f4cdf7ca9a1fdcca413157df19753f388a5a224e	3891f7e78598b88082d2ac41f010e22ecd0494ac	5ea4cab16d59c0407b8abc8eb0936565c315c4fbcffe7ea35cc4e81221c9f152	a1cfcceb6c688f9b0a290d512211ed08cf465b92b26a04cfb032280a53625718	512M	modern
network-budget/formal-expanded-v2	loopback:blocking:mixed:near:rx	baseline	74d890e6f969fcee5ffacf2795a61eeba40a7a6aad4f56719af5fc25982b406d	b962c890989d268282b55d49a4fa9b51afbaf7008dab2fc47e717388a6fea2f4	5687377c58dc96adfa1f72f1636a319bbd25b419	3891f7e78598b88082d2ac41f010e22ecd0494ac	a802dfd028013040a138e5559e56b93cd21a6fb9ef4f49555bafafb31f53291d	a1cfcceb6c688f9b0a290d512211ed08cf465b92b26a04cfb032280a53625718	512M	modern
network-budget/formal-expanded-v2	loopback:blocking:mixed:near:rx	w8-p1-m1	74d890e6f969fcee5ffacf2795a61eeba40a7a6aad4f56719af5fc25982b406d	1c2754cddb77982bb777c5fe5b5ef441b3a46102213b5b62a3aacd1d0b60a048	faf8e6395a7d56cd92e5fdb460fd9532066d2f26	3891f7e78598b88082d2ac41f010e22ecd0494ac	a802dfd028013040a138e5559e56b93cd21a6fb9ef4f49555bafafb31f53291d	a1cfcceb6c688f9b0a290d512211ed08cf465b92b26a04cfb032280a53625718	512M	modern
network-budget/formal-expanded-v2	loopback:blocking:mixed:near:rx	w8-p4-m2	74d890e6f969fcee5ffacf2795a61eeba40a7a6aad4f56719af5fc25982b406d	fe15fb92169fba35b962880eecb5b6153d7b0a611be39dc330206aaf839e77bb	faf8e6395a7d56cd92e5fdb460fd9532066d2f26	3891f7e78598b88082d2ac41f010e22ecd0494ac	a802dfd028013040a138e5559e56b93cd21a6fb9ef4f49555bafafb31f53291d	a1cfcceb6c688f9b0a290d512211ed08cf465b92b26a04cfb032280a53625718	512M	modern
network-budget/formal-expanded-v2	loopback:blocking:mixed:near:rx	w16-p2-m2	74d890e6f969fcee5ffacf2795a61eeba40a7a6aad4f56719af5fc25982b406d	84d02d52ed2e0fd47153a4299760896d5fd388fd715c63bcd56b768b955d7da9	faf8e6395a7d56cd92e5fdb460fd9532066d2f26	3891f7e78598b88082d2ac41f010e22ecd0494ac	a802dfd028013040a138e5559e56b93cd21a6fb9ef4f49555bafafb31f53291d	a1cfcceb6c688f9b0a290d512211ed08cf465b92b26a04cfb032280a53625718	512M	modern
network-budget/formal-expanded-v2	loopback:blocking:mixed:near:rx	linux	74d890e6f969fcee5ffacf2795a61eeba40a7a6aad4f56719af5fc25982b406d	7fdeac1a0821f821e02c15c35cd2c4003b66268a65b8ef591520094c096f442e	f4cdf7ca9a1fdcca413157df19753f388a5a224e	3891f7e78598b88082d2ac41f010e22ecd0494ac	a802dfd028013040a138e5559e56b93cd21a6fb9ef4f49555bafafb31f53291d	a1cfcceb6c688f9b0a290d512211ed08cf465b92b26a04cfb032280a53625718	512M	modern
network-budget/formal-expanded-v2	loopback:nonblocking:rr:1:rx	baseline	74d890e6f969fcee5ffacf2795a61eeba40a7a6aad4f56719af5fc25982b406d	b962c890989d268282b55d49a4fa9b51afbaf7008dab2fc47e717388a6fea2f4	5687377c58dc96adfa1f72f1636a319bbd25b419	3891f7e78598b88082d2ac41f010e22ecd0494ac	2cb32d2265364f682382ccb28745cfe5269532724a93458ceac6622dbee4e456	a1cfcceb6c688f9b0a290d512211ed08cf465b92b26a04cfb032280a53625718	512M	modern
network-budget/formal-expanded-v2	loopback:nonblocking:rr:1:rx	w8-p1-m1	74d890e6f969fcee5ffacf2795a61eeba40a7a6aad4f56719af5fc25982b406d	1c2754cddb77982bb777c5fe5b5ef441b3a46102213b5b62a3aacd1d0b60a048	faf8e6395a7d56cd92e5fdb460fd9532066d2f26	3891f7e78598b88082d2ac41f010e22ecd0494ac	2cb32d2265364f682382ccb28745cfe5269532724a93458ceac6622dbee4e456	a1cfcceb6c688f9b0a290d512211ed08cf465b92b26a04cfb032280a53625718	512M	modern
network-budget/formal-expanded-v2	loopback:nonblocking:rr:1:rx	w8-p4-m2	74d890e6f969fcee5ffacf2795a61eeba40a7a6aad4f56719af5fc25982b406d	fe15fb92169fba35b962880eecb5b6153d7b0a611be39dc330206aaf839e77bb	faf8e6395a7d56cd92e5fdb460fd9532066d2f26	3891f7e78598b88082d2ac41f010e22ecd0494ac	2cb32d2265364f682382ccb28745cfe5269532724a93458ceac6622dbee4e456	a1cfcceb6c688f9b0a290d512211ed08cf465b92b26a04cfb032280a53625718	512M	modern
network-budget/formal-expanded-v2	loopback:nonblocking:rr:1:rx	w16-p2-m2	74d890e6f969fcee5ffacf2795a61eeba40a7a6aad4f56719af5fc25982b406d	84d02d52ed2e0fd47153a4299760896d5fd388fd715c63bcd56b768b955d7da9	faf8e6395a7d56cd92e5fdb460fd9532066d2f26	3891f7e78598b88082d2ac41f010e22ecd0494ac	2cb32d2265364f682382ccb28745cfe5269532724a93458ceac6622dbee4e456	a1cfcceb6c688f9b0a290d512211ed08cf465b92b26a04cfb032280a53625718	512M	modern
network-budget/formal-expanded-v2	loopback:nonblocking:rr:1:rx	linux	74d890e6f969fcee5ffacf2795a61eeba40a7a6aad4f56719af5fc25982b406d	7fdeac1a0821f821e02c15c35cd2c4003b66268a65b8ef591520094c096f442e	f4cdf7ca9a1fdcca413157df19753f388a5a224e	3891f7e78598b88082d2ac41f010e22ecd0494ac	2cb32d2265364f682382ccb28745cfe5269532724a93458ceac6622dbee4e456	a1cfcceb6c688f9b0a290d512211ed08cf465b92b26a04cfb032280a53625718	512M	modern
network-budget/formal-expanded-v2	loopback:nonblocking:bulk:1:rx	baseline	74d890e6f969fcee5ffacf2795a61eeba40a7a6aad4f56719af5fc25982b406d	b962c890989d268282b55d49a4fa9b51afbaf7008dab2fc47e717388a6fea2f4	5687377c58dc96adfa1f72f1636a319bbd25b419	3891f7e78598b88082d2ac41f010e22ecd0494ac	f592e036ab4fb1787db06af0e0a5c40c0ba7dbd8dd7ae37dfa05d3f33b26efdb	a1cfcceb6c688f9b0a290d512211ed08cf465b92b26a04cfb032280a53625718	512M	modern
network-budget/formal-expanded-v2	loopback:nonblocking:bulk:1:rx	w8-p1-m1	74d890e6f969fcee5ffacf2795a61eeba40a7a6aad4f56719af5fc25982b406d	1c2754cddb77982bb777c5fe5b5ef441b3a46102213b5b62a3aacd1d0b60a048	faf8e6395a7d56cd92e5fdb460fd9532066d2f26	3891f7e78598b88082d2ac41f010e22ecd0494ac	f592e036ab4fb1787db06af0e0a5c40c0ba7dbd8dd7ae37dfa05d3f33b26efdb	a1cfcceb6c688f9b0a290d512211ed08cf465b92b26a04cfb032280a53625718	512M	modern
network-budget/formal-expanded-v2	loopback:nonblocking:bulk:1:rx	w8-p4-m2	74d890e6f969fcee5ffacf2795a61eeba40a7a6aad4f56719af5fc25982b406d	fe15fb92169fba35b962880eecb5b6153d7b0a611be39dc330206aaf839e77bb	faf8e6395a7d56cd92e5fdb460fd9532066d2f26	3891f7e78598b88082d2ac41f010e22ecd0494ac	f592e036ab4fb1787db06af0e0a5c40c0ba7dbd8dd7ae37dfa05d3f33b26efdb	a1cfcceb6c688f9b0a290d512211ed08cf465b92b26a04cfb032280a53625718	512M	modern
network-budget/formal-expanded-v2	loopback:nonblocking:bulk:1:rx	w16-p2-m2	74d890e6f969fcee5ffacf2795a61eeba40a7a6aad4f56719af5fc25982b406d	84d02d52ed2e0fd47153a4299760896d5fd388fd715c63bcd56b768b955d7da9	faf8e6395a7d56cd92e5fdb460fd9532066d2f26	3891f7e78598b88082d2ac41f010e22ecd0494ac	f592e036ab4fb1787db06af0e0a5c40c0ba7dbd8dd7ae37dfa05d3f33b26efdb	a1cfcceb6c688f9b0a290d512211ed08cf465b92b26a04cfb032280a53625718	512M	modern
network-budget/formal-expanded-v2	loopback:nonblocking:bulk:1:rx	linux	74d890e6f969fcee5ffacf2795a61eeba40a7a6aad4f56719af5fc25982b406d	7fdeac1a0821f821e02c15c35cd2c4003b66268a65b8ef591520094c096f442e	f4cdf7ca9a1fdcca413157df19753f388a5a224e	3891f7e78598b88082d2ac41f010e22ecd0494ac	f592e036ab4fb1787db06af0e0a5c40c0ba7dbd8dd7ae37dfa05d3f33b26efdb	a1cfcceb6c688f9b0a290d512211ed08cf465b92b26a04cfb032280a53625718	512M	modern
network-budget/formal-expanded-v2	loopback:nonblocking:bulk:1:tx	baseline	74d890e6f969fcee5ffacf2795a61eeba40a7a6aad4f56719af5fc25982b406d	b962c890989d268282b55d49a4fa9b51afbaf7008dab2fc47e717388a6fea2f4	5687377c58dc96adfa1f72f1636a319bbd25b419	3891f7e78598b88082d2ac41f010e22ecd0494ac	3eaf2b22ebffebc8ba7baa79450f6a40e4d25fe7ed4e84786a370be44c7a35e0	a1cfcceb6c688f9b0a290d512211ed08cf465b92b26a04cfb032280a53625718	512M	modern
network-budget/formal-expanded-v2	loopback:nonblocking:bulk:1:tx	w8-p1-m1	74d890e6f969fcee5ffacf2795a61eeba40a7a6aad4f56719af5fc25982b406d	1c2754cddb77982bb777c5fe5b5ef441b3a46102213b5b62a3aacd1d0b60a048	faf8e6395a7d56cd92e5fdb460fd9532066d2f26	3891f7e78598b88082d2ac41f010e22ecd0494ac	3eaf2b22ebffebc8ba7baa79450f6a40e4d25fe7ed4e84786a370be44c7a35e0	a1cfcceb6c688f9b0a290d512211ed08cf465b92b26a04cfb032280a53625718	512M	modern
network-budget/formal-expanded-v2	loopback:nonblocking:bulk:1:tx	w8-p4-m2	74d890e6f969fcee5ffacf2795a61eeba40a7a6aad4f56719af5fc25982b406d	fe15fb92169fba35b962880eecb5b6153d7b0a611be39dc330206aaf839e77bb	faf8e6395a7d56cd92e5fdb460fd9532066d2f26	3891f7e78598b88082d2ac41f010e22ecd0494ac	3eaf2b22ebffebc8ba7baa79450f6a40e4d25fe7ed4e84786a370be44c7a35e0	a1cfcceb6c688f9b0a290d512211ed08cf465b92b26a04cfb032280a53625718	512M	modern
network-budget/formal-expanded-v2	loopback:nonblocking:bulk:1:tx	w16-p2-m2	74d890e6f969fcee5ffacf2795a61eeba40a7a6aad4f56719af5fc25982b406d	84d02d52ed2e0fd47153a4299760896d5fd388fd715c63bcd56b768b955d7da9	faf8e6395a7d56cd92e5fdb460fd9532066d2f26	3891f7e78598b88082d2ac41f010e22ecd0494ac	3eaf2b22ebffebc8ba7baa79450f6a40e4d25fe7ed4e84786a370be44c7a35e0	a1cfcceb6c688f9b0a290d512211ed08cf465b92b26a04cfb032280a53625718	512M	modern
network-budget/formal-expanded-v2	loopback:nonblocking:bulk:1:tx	linux	74d890e6f969fcee5ffacf2795a61eeba40a7a6aad4f56719af5fc25982b406d	7fdeac1a0821f821e02c15c35cd2c4003b66268a65b8ef591520094c096f442e	f4cdf7ca9a1fdcca413157df19753f388a5a224e	3891f7e78598b88082d2ac41f010e22ecd0494ac	3eaf2b22ebffebc8ba7baa79450f6a40e4d25fe7ed4e84786a370be44c7a35e0	a1cfcceb6c688f9b0a290d512211ed08cf465b92b26a04cfb032280a53625718	512M	modern
network-budget/formal-expanded-v2	loopback:nonblocking:rr:5:rx	baseline	74d890e6f969fcee5ffacf2795a61eeba40a7a6aad4f56719af5fc25982b406d	b962c890989d268282b55d49a4fa9b51afbaf7008dab2fc47e717388a6fea2f4	5687377c58dc96adfa1f72f1636a319bbd25b419	3891f7e78598b88082d2ac41f010e22ecd0494ac	68043fed0ae3cc56fc8274d824f13ef91efa8d97a43fff3257af17ec35b54412	a1cfcceb6c688f9b0a290d512211ed08cf465b92b26a04cfb032280a53625718	512M	modern
network-budget/formal-expanded-v2	loopback:nonblocking:rr:5:rx	w8-p1-m1	74d890e6f969fcee5ffacf2795a61eeba40a7a6aad4f56719af5fc25982b406d	1c2754cddb77982bb777c5fe5b5ef441b3a46102213b5b62a3aacd1d0b60a048	faf8e6395a7d56cd92e5fdb460fd9532066d2f26	3891f7e78598b88082d2ac41f010e22ecd0494ac	68043fed0ae3cc56fc8274d824f13ef91efa8d97a43fff3257af17ec35b54412	a1cfcceb6c688f9b0a290d512211ed08cf465b92b26a04cfb032280a53625718	512M	modern
network-budget/formal-expanded-v2	loopback:nonblocking:rr:5:rx	w8-p4-m2	74d890e6f969fcee5ffacf2795a61eeba40a7a6aad4f56719af5fc25982b406d	fe15fb92169fba35b962880eecb5b6153d7b0a611be39dc330206aaf839e77bb	faf8e6395a7d56cd92e5fdb460fd9532066d2f26	3891f7e78598b88082d2ac41f010e22ecd0494ac	68043fed0ae3cc56fc8274d824f13ef91efa8d97a43fff3257af17ec35b54412	a1cfcceb6c688f9b0a290d512211ed08cf465b92b26a04cfb032280a53625718	512M	modern
network-budget/formal-expanded-v2	loopback:nonblocking:rr:5:rx	w16-p2-m2	74d890e6f969fcee5ffacf2795a61eeba40a7a6aad4f56719af5fc25982b406d	84d02d52ed2e0fd47153a4299760896d5fd388fd715c63bcd56b768b955d7da9	faf8e6395a7d56cd92e5fdb460fd9532066d2f26	3891f7e78598b88082d2ac41f010e22ecd0494ac	68043fed0ae3cc56fc8274d824f13ef91efa8d97a43fff3257af17ec35b54412	a1cfcceb6c688f9b0a290d512211ed08cf465b92b26a04cfb032280a53625718	512M	modern
network-budget/formal-expanded-v2	loopback:nonblocking:rr:5:rx	linux	74d890e6f969fcee5ffacf2795a61eeba40a7a6aad4f56719af5fc25982b406d	7fdeac1a0821f821e02c15c35cd2c4003b66268a65b8ef591520094c096f442e	f4cdf7ca9a1fdcca413157df19753f388a5a224e	3891f7e78598b88082d2ac41f010e22ecd0494ac	68043fed0ae3cc56fc8274d824f13ef91efa8d97a43fff3257af17ec35b54412	a1cfcceb6c688f9b0a290d512211ed08cf465b92b26a04cfb032280a53625718	512M	modern
network-budget/formal-expanded-v2	loopback:nonblocking:bulk:5:rx	baseline	74d890e6f969fcee5ffacf2795a61eeba40a7a6aad4f56719af5fc25982b406d	b962c890989d268282b55d49a4fa9b51afbaf7008dab2fc47e717388a6fea2f4	5687377c58dc96adfa1f72f1636a319bbd25b419	3891f7e78598b88082d2ac41f010e22ecd0494ac	6da91cff0e55d35225c6f24a8340b2b8d3f177f52be4bb21e4c10000c5cc41fe	a1cfcceb6c688f9b0a290d512211ed08cf465b92b26a04cfb032280a53625718	512M	modern
network-budget/formal-expanded-v2	loopback:nonblocking:bulk:5:rx	w8-p1-m1	74d890e6f969fcee5ffacf2795a61eeba40a7a6aad4f56719af5fc25982b406d	1c2754cddb77982bb777c5fe5b5ef441b3a46102213b5b62a3aacd1d0b60a048	faf8e6395a7d56cd92e5fdb460fd9532066d2f26	3891f7e78598b88082d2ac41f010e22ecd0494ac	6da91cff0e55d35225c6f24a8340b2b8d3f177f52be4bb21e4c10000c5cc41fe	a1cfcceb6c688f9b0a290d512211ed08cf465b92b26a04cfb032280a53625718	512M	modern
network-budget/formal-expanded-v2	loopback:nonblocking:bulk:5:rx	w8-p4-m2	74d890e6f969fcee5ffacf2795a61eeba40a7a6aad4f56719af5fc25982b406d	fe15fb92169fba35b962880eecb5b6153d7b0a611be39dc330206aaf839e77bb	faf8e6395a7d56cd92e5fdb460fd9532066d2f26	3891f7e78598b88082d2ac41f010e22ecd0494ac	6da91cff0e55d35225c6f24a8340b2b8d3f177f52be4bb21e4c10000c5cc41fe	a1cfcceb6c688f9b0a290d512211ed08cf465b92b26a04cfb032280a53625718	512M	modern
network-budget/formal-expanded-v2	loopback:nonblocking:bulk:5:rx	w16-p2-m2	74d890e6f969fcee5ffacf2795a61eeba40a7a6aad4f56719af5fc25982b406d	84d02d52ed2e0fd47153a4299760896d5fd388fd715c63bcd56b768b955d7da9	faf8e6395a7d56cd92e5fdb460fd9532066d2f26	3891f7e78598b88082d2ac41f010e22ecd0494ac	6da91cff0e55d35225c6f24a8340b2b8d3f177f52be4bb21e4c10000c5cc41fe	a1cfcceb6c688f9b0a290d512211ed08cf465b92b26a04cfb032280a53625718	512M	modern
network-budget/formal-expanded-v2	loopback:nonblocking:bulk:5:rx	linux	74d890e6f969fcee5ffacf2795a61eeba40a7a6aad4f56719af5fc25982b406d	7fdeac1a0821f821e02c15c35cd2c4003b66268a65b8ef591520094c096f442e	f4cdf7ca9a1fdcca413157df19753f388a5a224e	3891f7e78598b88082d2ac41f010e22ecd0494ac	6da91cff0e55d35225c6f24a8340b2b8d3f177f52be4bb21e4c10000c5cc41fe	a1cfcceb6c688f9b0a290d512211ed08cf465b92b26a04cfb032280a53625718	512M	modern
network-budget/formal-expanded-v2	loopback:nonblocking:bulk:5:tx	baseline	74d890e6f969fcee5ffacf2795a61eeba40a7a6aad4f56719af5fc25982b406d	b962c890989d268282b55d49a4fa9b51afbaf7008dab2fc47e717388a6fea2f4	5687377c58dc96adfa1f72f1636a319bbd25b419	3891f7e78598b88082d2ac41f010e22ecd0494ac	2db0594bb0fe894b3bb33ea6ba14f6ec0a2188252230c764e49127ca94f91607	a1cfcceb6c688f9b0a290d512211ed08cf465b92b26a04cfb032280a53625718	512M	modern
network-budget/formal-expanded-v2	loopback:nonblocking:bulk:5:tx	w8-p1-m1	74d890e6f969fcee5ffacf2795a61eeba40a7a6aad4f56719af5fc25982b406d	1c2754cddb77982bb777c5fe5b5ef441b3a46102213b5b62a3aacd1d0b60a048	faf8e6395a7d56cd92e5fdb460fd9532066d2f26	3891f7e78598b88082d2ac41f010e22ecd0494ac	2db0594bb0fe894b3bb33ea6ba14f6ec0a2188252230c764e49127ca94f91607	a1cfcceb6c688f9b0a290d512211ed08cf465b92b26a04cfb032280a53625718	512M	modern
network-budget/formal-expanded-v2	loopback:nonblocking:bulk:5:tx	w8-p4-m2	74d890e6f969fcee5ffacf2795a61eeba40a7a6aad4f56719af5fc25982b406d	fe15fb92169fba35b962880eecb5b6153d7b0a611be39dc330206aaf839e77bb	faf8e6395a7d56cd92e5fdb460fd9532066d2f26	3891f7e78598b88082d2ac41f010e22ecd0494ac	2db0594bb0fe894b3bb33ea6ba14f6ec0a2188252230c764e49127ca94f91607	a1cfcceb6c688f9b0a290d512211ed08cf465b92b26a04cfb032280a53625718	512M	modern
network-budget/formal-expanded-v2	loopback:nonblocking:bulk:5:tx	w16-p2-m2	74d890e6f969fcee5ffacf2795a61eeba40a7a6aad4f56719af5fc25982b406d	84d02d52ed2e0fd47153a4299760896d5fd388fd715c63bcd56b768b955d7da9	faf8e6395a7d56cd92e5fdb460fd9532066d2f26	3891f7e78598b88082d2ac41f010e22ecd0494ac	2db0594bb0fe894b3bb33ea6ba14f6ec0a2188252230c764e49127ca94f91607	a1cfcceb6c688f9b0a290d512211ed08cf465b92b26a04cfb032280a53625718	512M	modern
network-budget/formal-expanded-v2	loopback:nonblocking:bulk:5:tx	linux	74d890e6f969fcee5ffacf2795a61eeba40a7a6aad4f56719af5fc25982b406d	7fdeac1a0821f821e02c15c35cd2c4003b66268a65b8ef591520094c096f442e	f4cdf7ca9a1fdcca413157df19753f388a5a224e	3891f7e78598b88082d2ac41f010e22ecd0494ac	2db0594bb0fe894b3bb33ea6ba14f6ec0a2188252230c764e49127ca94f91607	a1cfcceb6c688f9b0a290d512211ed08cf465b92b26a04cfb032280a53625718	512M	modern
network-budget/formal-expanded-v2	loopback:nonblocking:mixed:near:tx	baseline	74d890e6f969fcee5ffacf2795a61eeba40a7a6aad4f56719af5fc25982b406d	b962c890989d268282b55d49a4fa9b51afbaf7008dab2fc47e717388a6fea2f4	5687377c58dc96adfa1f72f1636a319bbd25b419	3891f7e78598b88082d2ac41f010e22ecd0494ac	dfb00d0f7578581b7ccbc474f11705015b5e31c55cc8e6b219bc37bee88ae935	a1cfcceb6c688f9b0a290d512211ed08cf465b92b26a04cfb032280a53625718	512M	modern
network-budget/formal-expanded-v2	loopback:nonblocking:mixed:near:tx	w8-p1-m1	74d890e6f969fcee5ffacf2795a61eeba40a7a6aad4f56719af5fc25982b406d	1c2754cddb77982bb777c5fe5b5ef441b3a46102213b5b62a3aacd1d0b60a048	faf8e6395a7d56cd92e5fdb460fd9532066d2f26	3891f7e78598b88082d2ac41f010e22ecd0494ac	dfb00d0f7578581b7ccbc474f11705015b5e31c55cc8e6b219bc37bee88ae935	a1cfcceb6c688f9b0a290d512211ed08cf465b92b26a04cfb032280a53625718	512M	modern
network-budget/formal-expanded-v2	loopback:nonblocking:mixed:near:tx	w8-p4-m2	74d890e6f969fcee5ffacf2795a61eeba40a7a6aad4f56719af5fc25982b406d	fe15fb92169fba35b962880eecb5b6153d7b0a611be39dc330206aaf839e77bb	faf8e6395a7d56cd92e5fdb460fd9532066d2f26	3891f7e78598b88082d2ac41f010e22ecd0494ac	dfb00d0f7578581b7ccbc474f11705015b5e31c55cc8e6b219bc37bee88ae935	a1cfcceb6c688f9b0a290d512211ed08cf465b92b26a04cfb032280a53625718	512M	modern
network-budget/formal-expanded-v2	loopback:nonblocking:mixed:near:tx	w16-p2-m2	74d890e6f969fcee5ffacf2795a61eeba40a7a6aad4f56719af5fc25982b406d	84d02d52ed2e0fd47153a4299760896d5fd388fd715c63bcd56b768b955d7da9	faf8e6395a7d56cd92e5fdb460fd9532066d2f26	3891f7e78598b88082d2ac41f010e22ecd0494ac	dfb00d0f7578581b7ccbc474f11705015b5e31c55cc8e6b219bc37bee88ae935	a1cfcceb6c688f9b0a290d512211ed08cf465b92b26a04cfb032280a53625718	512M	modern
network-budget/formal-expanded-v2	loopback:nonblocking:mixed:near:tx	linux	74d890e6f969fcee5ffacf2795a61eeba40a7a6aad4f56719af5fc25982b406d	7fdeac1a0821f821e02c15c35cd2c4003b66268a65b8ef591520094c096f442e	f4cdf7ca9a1fdcca413157df19753f388a5a224e	3891f7e78598b88082d2ac41f010e22ecd0494ac	dfb00d0f7578581b7ccbc474f11705015b5e31c55cc8e6b219bc37bee88ae935	a1cfcceb6c688f9b0a290d512211ed08cf465b92b26a04cfb032280a53625718	512M	modern
network-budget/formal-expanded-v2	tap:blocking:rr:1:rx	baseline	74d890e6f969fcee5ffacf2795a61eeba40a7a6aad4f56719af5fc25982b406d	b962c890989d268282b55d49a4fa9b51afbaf7008dab2fc47e717388a6fea2f4	5687377c58dc96adfa1f72f1636a319bbd25b419	3891f7e78598b88082d2ac41f010e22ecd0494ac	72b55c3f5b183d3895c5cff59cb1b3347390d8f998d2cffcf4abdde3e6571364	a1cfcceb6c688f9b0a290d512211ed08cf465b92b26a04cfb032280a53625718	512M	modern
network-budget/formal-expanded-v2	tap:blocking:rr:1:rx	w8-p1-m1	74d890e6f969fcee5ffacf2795a61eeba40a7a6aad4f56719af5fc25982b406d	1c2754cddb77982bb777c5fe5b5ef441b3a46102213b5b62a3aacd1d0b60a048	faf8e6395a7d56cd92e5fdb460fd9532066d2f26	3891f7e78598b88082d2ac41f010e22ecd0494ac	72b55c3f5b183d3895c5cff59cb1b3347390d8f998d2cffcf4abdde3e6571364	a1cfcceb6c688f9b0a290d512211ed08cf465b92b26a04cfb032280a53625718	512M	modern
network-budget/formal-expanded-v2	tap:blocking:rr:1:rx	w8-p4-m2	74d890e6f969fcee5ffacf2795a61eeba40a7a6aad4f56719af5fc25982b406d	fe15fb92169fba35b962880eecb5b6153d7b0a611be39dc330206aaf839e77bb	faf8e6395a7d56cd92e5fdb460fd9532066d2f26	3891f7e78598b88082d2ac41f010e22ecd0494ac	72b55c3f5b183d3895c5cff59cb1b3347390d8f998d2cffcf4abdde3e6571364	a1cfcceb6c688f9b0a290d512211ed08cf465b92b26a04cfb032280a53625718	512M	modern
network-budget/formal-expanded-v2	tap:blocking:rr:1:rx	w16-p2-m2	74d890e6f969fcee5ffacf2795a61eeba40a7a6aad4f56719af5fc25982b406d	84d02d52ed2e0fd47153a4299760896d5fd388fd715c63bcd56b768b955d7da9	faf8e6395a7d56cd92e5fdb460fd9532066d2f26	3891f7e78598b88082d2ac41f010e22ecd0494ac	72b55c3f5b183d3895c5cff59cb1b3347390d8f998d2cffcf4abdde3e6571364	a1cfcceb6c688f9b0a290d512211ed08cf465b92b26a04cfb032280a53625718	512M	modern
network-budget/formal-expanded-v2	tap:blocking:rr:1:rx	linux	74d890e6f969fcee5ffacf2795a61eeba40a7a6aad4f56719af5fc25982b406d	7fdeac1a0821f821e02c15c35cd2c4003b66268a65b8ef591520094c096f442e	f4cdf7ca9a1fdcca413157df19753f388a5a224e	3891f7e78598b88082d2ac41f010e22ecd0494ac	72b55c3f5b183d3895c5cff59cb1b3347390d8f998d2cffcf4abdde3e6571364	a1cfcceb6c688f9b0a290d512211ed08cf465b92b26a04cfb032280a53625718	512M	modern
network-budget/formal-expanded-v2	tap:blocking:bulk:1:rx	baseline	74d890e6f969fcee5ffacf2795a61eeba40a7a6aad4f56719af5fc25982b406d	b962c890989d268282b55d49a4fa9b51afbaf7008dab2fc47e717388a6fea2f4	5687377c58dc96adfa1f72f1636a319bbd25b419	3891f7e78598b88082d2ac41f010e22ecd0494ac	a09e4aff996d8b18173bd55b26595a5a613921063631a17f21b3b63546bd5904	a1cfcceb6c688f9b0a290d512211ed08cf465b92b26a04cfb032280a53625718	512M	modern
network-budget/formal-expanded-v2	tap:blocking:bulk:1:rx	w8-p1-m1	74d890e6f969fcee5ffacf2795a61eeba40a7a6aad4f56719af5fc25982b406d	1c2754cddb77982bb777c5fe5b5ef441b3a46102213b5b62a3aacd1d0b60a048	faf8e6395a7d56cd92e5fdb460fd9532066d2f26	3891f7e78598b88082d2ac41f010e22ecd0494ac	a09e4aff996d8b18173bd55b26595a5a613921063631a17f21b3b63546bd5904	a1cfcceb6c688f9b0a290d512211ed08cf465b92b26a04cfb032280a53625718	512M	modern
network-budget/formal-expanded-v2	tap:blocking:bulk:1:rx	w8-p4-m2	74d890e6f969fcee5ffacf2795a61eeba40a7a6aad4f56719af5fc25982b406d	fe15fb92169fba35b962880eecb5b6153d7b0a611be39dc330206aaf839e77bb	faf8e6395a7d56cd92e5fdb460fd9532066d2f26	3891f7e78598b88082d2ac41f010e22ecd0494ac	a09e4aff996d8b18173bd55b26595a5a613921063631a17f21b3b63546bd5904	a1cfcceb6c688f9b0a290d512211ed08cf465b92b26a04cfb032280a53625718	512M	modern
network-budget/formal-expanded-v2	tap:blocking:bulk:1:rx	w16-p2-m2	74d890e6f969fcee5ffacf2795a61eeba40a7a6aad4f56719af5fc25982b406d	84d02d52ed2e0fd47153a4299760896d5fd388fd715c63bcd56b768b955d7da9	faf8e6395a7d56cd92e5fdb460fd9532066d2f26	3891f7e78598b88082d2ac41f010e22ecd0494ac	a09e4aff996d8b18173bd55b26595a5a613921063631a17f21b3b63546bd5904	a1cfcceb6c688f9b0a290d512211ed08cf465b92b26a04cfb032280a53625718	512M	modern
network-budget/formal-expanded-v2	tap:blocking:bulk:1:rx	linux	74d890e6f969fcee5ffacf2795a61eeba40a7a6aad4f56719af5fc25982b406d	7fdeac1a0821f821e02c15c35cd2c4003b66268a65b8ef591520094c096f442e	f4cdf7ca9a1fdcca413157df19753f388a5a224e	3891f7e78598b88082d2ac41f010e22ecd0494ac	a09e4aff996d8b18173bd55b26595a5a613921063631a17f21b3b63546bd5904	a1cfcceb6c688f9b0a290d512211ed08cf465b92b26a04cfb032280a53625718	512M	modern
network-budget/formal-expanded-v2	tap:blocking:bulk:1:tx	baseline	74d890e6f969fcee5ffacf2795a61eeba40a7a6aad4f56719af5fc25982b406d	b962c890989d268282b55d49a4fa9b51afbaf7008dab2fc47e717388a6fea2f4	5687377c58dc96adfa1f72f1636a319bbd25b419	3891f7e78598b88082d2ac41f010e22ecd0494ac	562ffd48f0ab4e514b19bcb2fa4b81c84cd13f8fe858fbfd53fd4763dfd64f31	a1cfcceb6c688f9b0a290d512211ed08cf465b92b26a04cfb032280a53625718	512M	modern
network-budget/formal-expanded-v2	tap:blocking:bulk:1:tx	w8-p1-m1	74d890e6f969fcee5ffacf2795a61eeba40a7a6aad4f56719af5fc25982b406d	1c2754cddb77982bb777c5fe5b5ef441b3a46102213b5b62a3aacd1d0b60a048	faf8e6395a7d56cd92e5fdb460fd9532066d2f26	3891f7e78598b88082d2ac41f010e22ecd0494ac	562ffd48f0ab4e514b19bcb2fa4b81c84cd13f8fe858fbfd53fd4763dfd64f31	a1cfcceb6c688f9b0a290d512211ed08cf465b92b26a04cfb032280a53625718	512M	modern
network-budget/formal-expanded-v2	tap:blocking:bulk:1:tx	w8-p4-m2	74d890e6f969fcee5ffacf2795a61eeba40a7a6aad4f56719af5fc25982b406d	fe15fb92169fba35b962880eecb5b6153d7b0a611be39dc330206aaf839e77bb	faf8e6395a7d56cd92e5fdb460fd9532066d2f26	3891f7e78598b88082d2ac41f010e22ecd0494ac	562ffd48f0ab4e514b19bcb2fa4b81c84cd13f8fe858fbfd53fd4763dfd64f31	a1cfcceb6c688f9b0a290d512211ed08cf465b92b26a04cfb032280a53625718	512M	modern
network-budget/formal-expanded-v2	tap:blocking:bulk:1:tx	w16-p2-m2	74d890e6f969fcee5ffacf2795a61eeba40a7a6aad4f56719af5fc25982b406d	84d02d52ed2e0fd47153a4299760896d5fd388fd715c63bcd56b768b955d7da9	faf8e6395a7d56cd92e5fdb460fd9532066d2f26	3891f7e78598b88082d2ac41f010e22ecd0494ac	562ffd48f0ab4e514b19bcb2fa4b81c84cd13f8fe858fbfd53fd4763dfd64f31	a1cfcceb6c688f9b0a290d512211ed08cf465b92b26a04cfb032280a53625718	512M	modern
network-budget/formal-expanded-v2	tap:blocking:bulk:1:tx	linux	74d890e6f969fcee5ffacf2795a61eeba40a7a6aad4f56719af5fc25982b406d	7fdeac1a0821f821e02c15c35cd2c4003b66268a65b8ef591520094c096f442e	f4cdf7ca9a1fdcca413157df19753f388a5a224e	3891f7e78598b88082d2ac41f010e22ecd0494ac	562ffd48f0ab4e514b19bcb2fa4b81c84cd13f8fe858fbfd53fd4763dfd64f31	a1cfcceb6c688f9b0a290d512211ed08cf465b92b26a04cfb032280a53625718	512M	modern
network-budget/formal-expanded-v2	tap:blocking:rr:5:rx	baseline	74d890e6f969fcee5ffacf2795a61eeba40a7a6aad4f56719af5fc25982b406d	b962c890989d268282b55d49a4fa9b51afbaf7008dab2fc47e717388a6fea2f4	5687377c58dc96adfa1f72f1636a319bbd25b419	3891f7e78598b88082d2ac41f010e22ecd0494ac	75682d41011182bc642572b586b8c460d6bedaf028892e205e94998f15886774	a1cfcceb6c688f9b0a290d512211ed08cf465b92b26a04cfb032280a53625718	512M	modern
network-budget/formal-expanded-v2	tap:blocking:rr:5:rx	w8-p1-m1	74d890e6f969fcee5ffacf2795a61eeba40a7a6aad4f56719af5fc25982b406d	1c2754cddb77982bb777c5fe5b5ef441b3a46102213b5b62a3aacd1d0b60a048	faf8e6395a7d56cd92e5fdb460fd9532066d2f26	3891f7e78598b88082d2ac41f010e22ecd0494ac	75682d41011182bc642572b586b8c460d6bedaf028892e205e94998f15886774	a1cfcceb6c688f9b0a290d512211ed08cf465b92b26a04cfb032280a53625718	512M	modern
network-budget/formal-expanded-v2	tap:blocking:rr:5:rx	w8-p4-m2	74d890e6f969fcee5ffacf2795a61eeba40a7a6aad4f56719af5fc25982b406d	fe15fb92169fba35b962880eecb5b6153d7b0a611be39dc330206aaf839e77bb	faf8e6395a7d56cd92e5fdb460fd9532066d2f26	3891f7e78598b88082d2ac41f010e22ecd0494ac	75682d41011182bc642572b586b8c460d6bedaf028892e205e94998f15886774	a1cfcceb6c688f9b0a290d512211ed08cf465b92b26a04cfb032280a53625718	512M	modern
network-budget/formal-expanded-v2	tap:blocking:rr:5:rx	w16-p2-m2	74d890e6f969fcee5ffacf2795a61eeba40a7a6aad4f56719af5fc25982b406d	84d02d52ed2e0fd47153a4299760896d5fd388fd715c63bcd56b768b955d7da9	faf8e6395a7d56cd92e5fdb460fd9532066d2f26	3891f7e78598b88082d2ac41f010e22ecd0494ac	75682d41011182bc642572b586b8c460d6bedaf028892e205e94998f15886774	a1cfcceb6c688f9b0a290d512211ed08cf465b92b26a04cfb032280a53625718	512M	modern
network-budget/formal-expanded-v2	tap:blocking:rr:5:rx	linux	74d890e6f969fcee5ffacf2795a61eeba40a7a6aad4f56719af5fc25982b406d	7fdeac1a0821f821e02c15c35cd2c4003b66268a65b8ef591520094c096f442e	f4cdf7ca9a1fdcca413157df19753f388a5a224e	3891f7e78598b88082d2ac41f010e22ecd0494ac	75682d41011182bc642572b586b8c460d6bedaf028892e205e94998f15886774	a1cfcceb6c688f9b0a290d512211ed08cf465b92b26a04cfb032280a53625718	512M	modern
network-budget/formal-expanded-v2	tap:blocking:bulk:5:rx	baseline	74d890e6f969fcee5ffacf2795a61eeba40a7a6aad4f56719af5fc25982b406d	b962c890989d268282b55d49a4fa9b51afbaf7008dab2fc47e717388a6fea2f4	5687377c58dc96adfa1f72f1636a319bbd25b419	3891f7e78598b88082d2ac41f010e22ecd0494ac	056afa3e8bc0a6ba2b8646fe0897bd04a2d86e4382bcaeb4ab77dd5f9ff6597b	a1cfcceb6c688f9b0a290d512211ed08cf465b92b26a04cfb032280a53625718	512M	modern
network-budget/formal-expanded-v2	tap:blocking:bulk:5:rx	w8-p1-m1	74d890e6f969fcee5ffacf2795a61eeba40a7a6aad4f56719af5fc25982b406d	1c2754cddb77982bb777c5fe5b5ef441b3a46102213b5b62a3aacd1d0b60a048	faf8e6395a7d56cd92e5fdb460fd9532066d2f26	3891f7e78598b88082d2ac41f010e22ecd0494ac	056afa3e8bc0a6ba2b8646fe0897bd04a2d86e4382bcaeb4ab77dd5f9ff6597b	a1cfcceb6c688f9b0a290d512211ed08cf465b92b26a04cfb032280a53625718	512M	modern
network-budget/formal-expanded-v2	tap:blocking:bulk:5:rx	w8-p4-m2	74d890e6f969fcee5ffacf2795a61eeba40a7a6aad4f56719af5fc25982b406d	fe15fb92169fba35b962880eecb5b6153d7b0a611be39dc330206aaf839e77bb	faf8e6395a7d56cd92e5fdb460fd9532066d2f26	3891f7e78598b88082d2ac41f010e22ecd0494ac	056afa3e8bc0a6ba2b8646fe0897bd04a2d86e4382bcaeb4ab77dd5f9ff6597b	a1cfcceb6c688f9b0a290d512211ed08cf465b92b26a04cfb032280a53625718	512M	modern
network-budget/formal-expanded-v2	tap:blocking:bulk:5:rx	w16-p2-m2	74d890e6f969fcee5ffacf2795a61eeba40a7a6aad4f56719af5fc25982b406d	84d02d52ed2e0fd47153a4299760896d5fd388fd715c63bcd56b768b955d7da9	faf8e6395a7d56cd92e5fdb460fd9532066d2f26	3891f7e78598b88082d2ac41f010e22ecd0494ac	056afa3e8bc0a6ba2b8646fe0897bd04a2d86e4382bcaeb4ab77dd5f9ff6597b	a1cfcceb6c688f9b0a290d512211ed08cf465b92b26a04cfb032280a53625718	512M	modern
network-budget/formal-expanded-v2	tap:blocking:bulk:5:rx	linux	74d890e6f969fcee5ffacf2795a61eeba40a7a6aad4f56719af5fc25982b406d	7fdeac1a0821f821e02c15c35cd2c4003b66268a65b8ef591520094c096f442e	f4cdf7ca9a1fdcca413157df19753f388a5a224e	3891f7e78598b88082d2ac41f010e22ecd0494ac	056afa3e8bc0a6ba2b8646fe0897bd04a2d86e4382bcaeb4ab77dd5f9ff6597b	a1cfcceb6c688f9b0a290d512211ed08cf465b92b26a04cfb032280a53625718	512M	modern
network-budget/formal-expanded-v2	tap:blocking:bulk:5:tx	baseline	74d890e6f969fcee5ffacf2795a61eeba40a7a6aad4f56719af5fc25982b406d	b962c890989d268282b55d49a4fa9b51afbaf7008dab2fc47e717388a6fea2f4	5687377c58dc96adfa1f72f1636a319bbd25b419	3891f7e78598b88082d2ac41f010e22ecd0494ac	064f8fabe360f695d7259e01b19d94aeb0be2f0c5177cf00027131425689f149	a1cfcceb6c688f9b0a290d512211ed08cf465b92b26a04cfb032280a53625718	512M	modern
network-budget/formal-expanded-v2	tap:blocking:bulk:5:tx	w8-p1-m1	74d890e6f969fcee5ffacf2795a61eeba40a7a6aad4f56719af5fc25982b406d	1c2754cddb77982bb777c5fe5b5ef441b3a46102213b5b62a3aacd1d0b60a048	faf8e6395a7d56cd92e5fdb460fd9532066d2f26	3891f7e78598b88082d2ac41f010e22ecd0494ac	064f8fabe360f695d7259e01b19d94aeb0be2f0c5177cf00027131425689f149	a1cfcceb6c688f9b0a290d512211ed08cf465b92b26a04cfb032280a53625718	512M	modern
network-budget/formal-expanded-v2	tap:blocking:bulk:5:tx	w8-p4-m2	74d890e6f969fcee5ffacf2795a61eeba40a7a6aad4f56719af5fc25982b406d	fe15fb92169fba35b962880eecb5b6153d7b0a611be39dc330206aaf839e77bb	faf8e6395a7d56cd92e5fdb460fd9532066d2f26	3891f7e78598b88082d2ac41f010e22ecd0494ac	064f8fabe360f695d7259e01b19d94aeb0be2f0c5177cf00027131425689f149	a1cfcceb6c688f9b0a290d512211ed08cf465b92b26a04cfb032280a53625718	512M	modern
network-budget/formal-expanded-v2	tap:blocking:bulk:5:tx	w16-p2-m2	74d890e6f969fcee5ffacf2795a61eeba40a7a6aad4f56719af5fc25982b406d	84d02d52ed2e0fd47153a4299760896d5fd388fd715c63bcd56b768b955d7da9	faf8e6395a7d56cd92e5fdb460fd9532066d2f26	3891f7e78598b88082d2ac41f010e22ecd0494ac	064f8fabe360f695d7259e01b19d94aeb0be2f0c5177cf00027131425689f149	a1cfcceb6c688f9b0a290d512211ed08cf465b92b26a04cfb032280a53625718	512M	modern
network-budget/formal-expanded-v2	tap:blocking:bulk:5:tx	linux	74d890e6f969fcee5ffacf2795a61eeba40a7a6aad4f56719af5fc25982b406d	7fdeac1a0821f821e02c15c35cd2c4003b66268a65b8ef591520094c096f442e	f4cdf7ca9a1fdcca413157df19753f388a5a224e	3891f7e78598b88082d2ac41f010e22ecd0494ac	064f8fabe360f695d7259e01b19d94aeb0be2f0c5177cf00027131425689f149	a1cfcceb6c688f9b0a290d512211ed08cf465b92b26a04cfb032280a53625718	512M	modern
network-budget/formal-expanded-v2	tap:blocking:mixed:near:rx	baseline	74d890e6f969fcee5ffacf2795a61eeba40a7a6aad4f56719af5fc25982b406d	b962c890989d268282b55d49a4fa9b51afbaf7008dab2fc47e717388a6fea2f4	5687377c58dc96adfa1f72f1636a319bbd25b419	3891f7e78598b88082d2ac41f010e22ecd0494ac	1e0bdea20dfcb0e1174a12d4b854913ce864b6200139cb02213f1568f0b41839	a1cfcceb6c688f9b0a290d512211ed08cf465b92b26a04cfb032280a53625718	512M	modern
network-budget/formal-expanded-v2	tap:blocking:mixed:near:rx	w8-p1-m1	74d890e6f969fcee5ffacf2795a61eeba40a7a6aad4f56719af5fc25982b406d	1c2754cddb77982bb777c5fe5b5ef441b3a46102213b5b62a3aacd1d0b60a048	faf8e6395a7d56cd92e5fdb460fd9532066d2f26	3891f7e78598b88082d2ac41f010e22ecd0494ac	1e0bdea20dfcb0e1174a12d4b854913ce864b6200139cb02213f1568f0b41839	a1cfcceb6c688f9b0a290d512211ed08cf465b92b26a04cfb032280a53625718	512M	modern
network-budget/formal-expanded-v2	tap:blocking:mixed:near:rx	w8-p4-m2	74d890e6f969fcee5ffacf2795a61eeba40a7a6aad4f56719af5fc25982b406d	fe15fb92169fba35b962880eecb5b6153d7b0a611be39dc330206aaf839e77bb	faf8e6395a7d56cd92e5fdb460fd9532066d2f26	3891f7e78598b88082d2ac41f010e22ecd0494ac	1e0bdea20dfcb0e1174a12d4b854913ce864b6200139cb02213f1568f0b41839	a1cfcceb6c688f9b0a290d512211ed08cf465b92b26a04cfb032280a53625718	512M	modern
network-budget/formal-expanded-v2	tap:blocking:mixed:near:rx	w16-p2-m2	74d890e6f969fcee5ffacf2795a61eeba40a7a6aad4f56719af5fc25982b406d	84d02d52ed2e0fd47153a4299760896d5fd388fd715c63bcd56b768b955d7da9	faf8e6395a7d56cd92e5fdb460fd9532066d2f26	3891f7e78598b88082d2ac41f010e22ecd0494ac	1e0bdea20dfcb0e1174a12d4b854913ce864b6200139cb02213f1568f0b41839	a1cfcceb6c688f9b0a290d512211ed08cf465b92b26a04cfb032280a53625718	512M	modern
network-budget/formal-expanded-v2	tap:blocking:mixed:near:rx	linux	74d890e6f969fcee5ffacf2795a61eeba40a7a6aad4f56719af5fc25982b406d	7fdeac1a0821f821e02c15c35cd2c4003b66268a65b8ef591520094c096f442e	f4cdf7ca9a1fdcca413157df19753f388a5a224e	3891f7e78598b88082d2ac41f010e22ecd0494ac	1e0bdea20dfcb0e1174a12d4b854913ce864b6200139cb02213f1568f0b41839	a1cfcceb6c688f9b0a290d512211ed08cf465b92b26a04cfb032280a53625718	512M	modern
network-budget/formal-expanded-v2	tap:nonblocking:rr:1:rx	baseline	74d890e6f969fcee5ffacf2795a61eeba40a7a6aad4f56719af5fc25982b406d	b962c890989d268282b55d49a4fa9b51afbaf7008dab2fc47e717388a6fea2f4	5687377c58dc96adfa1f72f1636a319bbd25b419	3891f7e78598b88082d2ac41f010e22ecd0494ac	240d454e836af3a68301172d13898102b914b2edbd981ac1aed25481d91223c6	a1cfcceb6c688f9b0a290d512211ed08cf465b92b26a04cfb032280a53625718	512M	modern
network-budget/formal-expanded-v2	tap:nonblocking:rr:1:rx	w8-p1-m1	74d890e6f969fcee5ffacf2795a61eeba40a7a6aad4f56719af5fc25982b406d	1c2754cddb77982bb777c5fe5b5ef441b3a46102213b5b62a3aacd1d0b60a048	faf8e6395a7d56cd92e5fdb460fd9532066d2f26	3891f7e78598b88082d2ac41f010e22ecd0494ac	240d454e836af3a68301172d13898102b914b2edbd981ac1aed25481d91223c6	a1cfcceb6c688f9b0a290d512211ed08cf465b92b26a04cfb032280a53625718	512M	modern
network-budget/formal-expanded-v2	tap:nonblocking:rr:1:rx	w8-p4-m2	74d890e6f969fcee5ffacf2795a61eeba40a7a6aad4f56719af5fc25982b406d	fe15fb92169fba35b962880eecb5b6153d7b0a611be39dc330206aaf839e77bb	faf8e6395a7d56cd92e5fdb460fd9532066d2f26	3891f7e78598b88082d2ac41f010e22ecd0494ac	240d454e836af3a68301172d13898102b914b2edbd981ac1aed25481d91223c6	a1cfcceb6c688f9b0a290d512211ed08cf465b92b26a04cfb032280a53625718	512M	modern
network-budget/formal-expanded-v2	tap:nonblocking:rr:1:rx	w16-p2-m2	74d890e6f969fcee5ffacf2795a61eeba40a7a6aad4f56719af5fc25982b406d	84d02d52ed2e0fd47153a4299760896d5fd388fd715c63bcd56b768b955d7da9	faf8e6395a7d56cd92e5fdb460fd9532066d2f26	3891f7e78598b88082d2ac41f010e22ecd0494ac	240d454e836af3a68301172d13898102b914b2edbd981ac1aed25481d91223c6	a1cfcceb6c688f9b0a290d512211ed08cf465b92b26a04cfb032280a53625718	512M	modern
network-budget/formal-expanded-v2	tap:nonblocking:rr:1:rx	linux	74d890e6f969fcee5ffacf2795a61eeba40a7a6aad4f56719af5fc25982b406d	7fdeac1a0821f821e02c15c35cd2c4003b66268a65b8ef591520094c096f442e	f4cdf7ca9a1fdcca413157df19753f388a5a224e	3891f7e78598b88082d2ac41f010e22ecd0494ac	240d454e836af3a68301172d13898102b914b2edbd981ac1aed25481d91223c6	a1cfcceb6c688f9b0a290d512211ed08cf465b92b26a04cfb032280a53625718	512M	modern
network-budget/formal-expanded-v2	tap:nonblocking:bulk:1:rx	baseline	74d890e6f969fcee5ffacf2795a61eeba40a7a6aad4f56719af5fc25982b406d	b962c890989d268282b55d49a4fa9b51afbaf7008dab2fc47e717388a6fea2f4	5687377c58dc96adfa1f72f1636a319bbd25b419	3891f7e78598b88082d2ac41f010e22ecd0494ac	47427dbdd746d79cac9d82175b0ed055380ecf95fed4946ed9ed49e568521a85	a1cfcceb6c688f9b0a290d512211ed08cf465b92b26a04cfb032280a53625718	512M	modern
network-budget/formal-expanded-v2	tap:nonblocking:bulk:1:rx	w8-p1-m1	74d890e6f969fcee5ffacf2795a61eeba40a7a6aad4f56719af5fc25982b406d	1c2754cddb77982bb777c5fe5b5ef441b3a46102213b5b62a3aacd1d0b60a048	faf8e6395a7d56cd92e5fdb460fd9532066d2f26	3891f7e78598b88082d2ac41f010e22ecd0494ac	47427dbdd746d79cac9d82175b0ed055380ecf95fed4946ed9ed49e568521a85	a1cfcceb6c688f9b0a290d512211ed08cf465b92b26a04cfb032280a53625718	512M	modern
network-budget/formal-expanded-v2	tap:nonblocking:bulk:1:rx	w8-p4-m2	74d890e6f969fcee5ffacf2795a61eeba40a7a6aad4f56719af5fc25982b406d	fe15fb92169fba35b962880eecb5b6153d7b0a611be39dc330206aaf839e77bb	faf8e6395a7d56cd92e5fdb460fd9532066d2f26	3891f7e78598b88082d2ac41f010e22ecd0494ac	47427dbdd746d79cac9d82175b0ed055380ecf95fed4946ed9ed49e568521a85	a1cfcceb6c688f9b0a290d512211ed08cf465b92b26a04cfb032280a53625718	512M	modern
network-budget/formal-expanded-v2	tap:nonblocking:bulk:1:rx	w16-p2-m2	74d890e6f969fcee5ffacf2795a61eeba40a7a6aad4f56719af5fc25982b406d	84d02d52ed2e0fd47153a4299760896d5fd388fd715c63bcd56b768b955d7da9	faf8e6395a7d56cd92e5fdb460fd9532066d2f26	3891f7e78598b88082d2ac41f010e22ecd0494ac	47427dbdd746d79cac9d82175b0ed055380ecf95fed4946ed9ed49e568521a85	a1cfcceb6c688f9b0a290d512211ed08cf465b92b26a04cfb032280a53625718	512M	modern
network-budget/formal-expanded-v2	tap:nonblocking:bulk:1:rx	linux	74d890e6f969fcee5ffacf2795a61eeba40a7a6aad4f56719af5fc25982b406d	7fdeac1a0821f821e02c15c35cd2c4003b66268a65b8ef591520094c096f442e	f4cdf7ca9a1fdcca413157df19753f388a5a224e	3891f7e78598b88082d2ac41f010e22ecd0494ac	47427dbdd746d79cac9d82175b0ed055380ecf95fed4946ed9ed49e568521a85	a1cfcceb6c688f9b0a290d512211ed08cf465b92b26a04cfb032280a53625718	512M	modern
network-budget/formal-expanded-v2	tap:nonblocking:bulk:1:tx	baseline	74d890e6f969fcee5ffacf2795a61eeba40a7a6aad4f56719af5fc25982b406d	b962c890989d268282b55d49a4fa9b51afbaf7008dab2fc47e717388a6fea2f4	5687377c58dc96adfa1f72f1636a319bbd25b419	3891f7e78598b88082d2ac41f010e22ecd0494ac	1caef304d82860d81bc61d05e1e641c36c203c0963ea9c00d17b382b49ac0b41	a1cfcceb6c688f9b0a290d512211ed08cf465b92b26a04cfb032280a53625718	512M	modern
network-budget/formal-expanded-v2	tap:nonblocking:bulk:1:tx	w8-p1-m1	74d890e6f969fcee5ffacf2795a61eeba40a7a6aad4f56719af5fc25982b406d	1c2754cddb77982bb777c5fe5b5ef441b3a46102213b5b62a3aacd1d0b60a048	faf8e6395a7d56cd92e5fdb460fd9532066d2f26	3891f7e78598b88082d2ac41f010e22ecd0494ac	1caef304d82860d81bc61d05e1e641c36c203c0963ea9c00d17b382b49ac0b41	a1cfcceb6c688f9b0a290d512211ed08cf465b92b26a04cfb032280a53625718	512M	modern
network-budget/formal-expanded-v2	tap:nonblocking:bulk:1:tx	w8-p4-m2	74d890e6f969fcee5ffacf2795a61eeba40a7a6aad4f56719af5fc25982b406d	fe15fb92169fba35b962880eecb5b6153d7b0a611be39dc330206aaf839e77bb	faf8e6395a7d56cd92e5fdb460fd9532066d2f26	3891f7e78598b88082d2ac41f010e22ecd0494ac	1caef304d82860d81bc61d05e1e641c36c203c0963ea9c00d17b382b49ac0b41	a1cfcceb6c688f9b0a290d512211ed08cf465b92b26a04cfb032280a53625718	512M	modern
network-budget/formal-expanded-v2	tap:nonblocking:bulk:1:tx	w16-p2-m2	74d890e6f969fcee5ffacf2795a61eeba40a7a6aad4f56719af5fc25982b406d	84d02d52ed2e0fd47153a4299760896d5fd388fd715c63bcd56b768b955d7da9	faf8e6395a7d56cd92e5fdb460fd9532066d2f26	3891f7e78598b88082d2ac41f010e22ecd0494ac	1caef304d82860d81bc61d05e1e641c36c203c0963ea9c00d17b382b49ac0b41	a1cfcceb6c688f9b0a290d512211ed08cf465b92b26a04cfb032280a53625718	512M	modern
network-budget/formal-expanded-v2	tap:nonblocking:bulk:1:tx	linux	74d890e6f969fcee5ffacf2795a61eeba40a7a6aad4f56719af5fc25982b406d	7fdeac1a0821f821e02c15c35cd2c4003b66268a65b8ef591520094c096f442e	f4cdf7ca9a1fdcca413157df19753f388a5a224e	3891f7e78598b88082d2ac41f010e22ecd0494ac	1caef304d82860d81bc61d05e1e641c36c203c0963ea9c00d17b382b49ac0b41	a1cfcceb6c688f9b0a290d512211ed08cf465b92b26a04cfb032280a53625718	512M	modern
network-budget/formal-expanded-v2	tap:nonblocking:rr:5:rx	baseline	74d890e6f969fcee5ffacf2795a61eeba40a7a6aad4f56719af5fc25982b406d	b962c890989d268282b55d49a4fa9b51afbaf7008dab2fc47e717388a6fea2f4	5687377c58dc96adfa1f72f1636a319bbd25b419	3891f7e78598b88082d2ac41f010e22ecd0494ac	815b8a32cd0c9c00ad4c1208de6639f6f756da4cf6bda124d0e5d6a5099b1fca	a1cfcceb6c688f9b0a290d512211ed08cf465b92b26a04cfb032280a53625718	512M	modern
network-budget/formal-expanded-v2	tap:nonblocking:rr:5:rx	w8-p1-m1	74d890e6f969fcee5ffacf2795a61eeba40a7a6aad4f56719af5fc25982b406d	1c2754cddb77982bb777c5fe5b5ef441b3a46102213b5b62a3aacd1d0b60a048	faf8e6395a7d56cd92e5fdb460fd9532066d2f26	3891f7e78598b88082d2ac41f010e22ecd0494ac	815b8a32cd0c9c00ad4c1208de6639f6f756da4cf6bda124d0e5d6a5099b1fca	a1cfcceb6c688f9b0a290d512211ed08cf465b92b26a04cfb032280a53625718	512M	modern
network-budget/formal-expanded-v2	tap:nonblocking:rr:5:rx	w8-p4-m2	74d890e6f969fcee5ffacf2795a61eeba40a7a6aad4f56719af5fc25982b406d	fe15fb92169fba35b962880eecb5b6153d7b0a611be39dc330206aaf839e77bb	faf8e6395a7d56cd92e5fdb460fd9532066d2f26	3891f7e78598b88082d2ac41f010e22ecd0494ac	815b8a32cd0c9c00ad4c1208de6639f6f756da4cf6bda124d0e5d6a5099b1fca	a1cfcceb6c688f9b0a290d512211ed08cf465b92b26a04cfb032280a53625718	512M	modern
network-budget/formal-expanded-v2	tap:nonblocking:rr:5:rx	w16-p2-m2	74d890e6f969fcee5ffacf2795a61eeba40a7a6aad4f56719af5fc25982b406d	84d02d52ed2e0fd47153a4299760896d5fd388fd715c63bcd56b768b955d7da9	faf8e6395a7d56cd92e5fdb460fd9532066d2f26	3891f7e78598b88082d2ac41f010e22ecd0494ac	815b8a32cd0c9c00ad4c1208de6639f6f756da4cf6bda124d0e5d6a5099b1fca	a1cfcceb6c688f9b0a290d512211ed08cf465b92b26a04cfb032280a53625718	512M	modern
network-budget/formal-expanded-v2	tap:nonblocking:rr:5:rx	linux	74d890e6f969fcee5ffacf2795a61eeba40a7a6aad4f56719af5fc25982b406d	7fdeac1a0821f821e02c15c35cd2c4003b66268a65b8ef591520094c096f442e	f4cdf7ca9a1fdcca413157df19753f388a5a224e	3891f7e78598b88082d2ac41f010e22ecd0494ac	815b8a32cd0c9c00ad4c1208de6639f6f756da4cf6bda124d0e5d6a5099b1fca	a1cfcceb6c688f9b0a290d512211ed08cf465b92b26a04cfb032280a53625718	512M	modern
network-budget/formal-expanded-v2	tap:nonblocking:bulk:5:rx	baseline	74d890e6f969fcee5ffacf2795a61eeba40a7a6aad4f56719af5fc25982b406d	b962c890989d268282b55d49a4fa9b51afbaf7008dab2fc47e717388a6fea2f4	5687377c58dc96adfa1f72f1636a319bbd25b419	3891f7e78598b88082d2ac41f010e22ecd0494ac	775d2aaf8aa36c86aafd8b4b249ea2b18b7f3674505db735c2d9516cfb100ae8	a1cfcceb6c688f9b0a290d512211ed08cf465b92b26a04cfb032280a53625718	512M	modern
network-budget/formal-expanded-v2	tap:nonblocking:bulk:5:rx	w8-p1-m1	74d890e6f969fcee5ffacf2795a61eeba40a7a6aad4f56719af5fc25982b406d	1c2754cddb77982bb777c5fe5b5ef441b3a46102213b5b62a3aacd1d0b60a048	faf8e6395a7d56cd92e5fdb460fd9532066d2f26	3891f7e78598b88082d2ac41f010e22ecd0494ac	775d2aaf8aa36c86aafd8b4b249ea2b18b7f3674505db735c2d9516cfb100ae8	a1cfcceb6c688f9b0a290d512211ed08cf465b92b26a04cfb032280a53625718	512M	modern
network-budget/formal-expanded-v2	tap:nonblocking:bulk:5:rx	w8-p4-m2	74d890e6f969fcee5ffacf2795a61eeba40a7a6aad4f56719af5fc25982b406d	fe15fb92169fba35b962880eecb5b6153d7b0a611be39dc330206aaf839e77bb	faf8e6395a7d56cd92e5fdb460fd9532066d2f26	3891f7e78598b88082d2ac41f010e22ecd0494ac	775d2aaf8aa36c86aafd8b4b249ea2b18b7f3674505db735c2d9516cfb100ae8	a1cfcceb6c688f9b0a290d512211ed08cf465b92b26a04cfb032280a53625718	512M	modern
network-budget/formal-expanded-v2	tap:nonblocking:bulk:5:rx	w16-p2-m2	74d890e6f969fcee5ffacf2795a61eeba40a7a6aad4f56719af5fc25982b406d	84d02d52ed2e0fd47153a4299760896d5fd388fd715c63bcd56b768b955d7da9	faf8e6395a7d56cd92e5fdb460fd9532066d2f26	3891f7e78598b88082d2ac41f010e22ecd0494ac	775d2aaf8aa36c86aafd8b4b249ea2b18b7f3674505db735c2d9516cfb100ae8	a1cfcceb6c688f9b0a290d512211ed08cf465b92b26a04cfb032280a53625718	512M	modern
network-budget/formal-expanded-v2	tap:nonblocking:bulk:5:rx	linux	74d890e6f969fcee5ffacf2795a61eeba40a7a6aad4f56719af5fc25982b406d	7fdeac1a0821f821e02c15c35cd2c4003b66268a65b8ef591520094c096f442e	f4cdf7ca9a1fdcca413157df19753f388a5a224e	3891f7e78598b88082d2ac41f010e22ecd0494ac	775d2aaf8aa36c86aafd8b4b249ea2b18b7f3674505db735c2d9516cfb100ae8	a1cfcceb6c688f9b0a290d512211ed08cf465b92b26a04cfb032280a53625718	512M	modern
network-budget/formal-expanded-v2	tap:nonblocking:bulk:5:tx	baseline	74d890e6f969fcee5ffacf2795a61eeba40a7a6aad4f56719af5fc25982b406d	b962c890989d268282b55d49a4fa9b51afbaf7008dab2fc47e717388a6fea2f4	5687377c58dc96adfa1f72f1636a319bbd25b419	3891f7e78598b88082d2ac41f010e22ecd0494ac	c989b5001b8f7adb91da41719868e5d0373c47b12890b4c5cb38e897d2dde087	a1cfcceb6c688f9b0a290d512211ed08cf465b92b26a04cfb032280a53625718	512M	modern
network-budget/formal-expanded-v2	tap:nonblocking:bulk:5:tx	w8-p1-m1	74d890e6f969fcee5ffacf2795a61eeba40a7a6aad4f56719af5fc25982b406d	1c2754cddb77982bb777c5fe5b5ef441b3a46102213b5b62a3aacd1d0b60a048	faf8e6395a7d56cd92e5fdb460fd9532066d2f26	3891f7e78598b88082d2ac41f010e22ecd0494ac	c989b5001b8f7adb91da41719868e5d0373c47b12890b4c5cb38e897d2dde087	a1cfcceb6c688f9b0a290d512211ed08cf465b92b26a04cfb032280a53625718	512M	modern
network-budget/formal-expanded-v2	tap:nonblocking:bulk:5:tx	w8-p4-m2	74d890e6f969fcee5ffacf2795a61eeba40a7a6aad4f56719af5fc25982b406d	fe15fb92169fba35b962880eecb5b6153d7b0a611be39dc330206aaf839e77bb	faf8e6395a7d56cd92e5fdb460fd9532066d2f26	3891f7e78598b88082d2ac41f010e22ecd0494ac	c989b5001b8f7adb91da41719868e5d0373c47b12890b4c5cb38e897d2dde087	a1cfcceb6c688f9b0a290d512211ed08cf465b92b26a04cfb032280a53625718	512M	modern
network-budget/formal-expanded-v2	tap:nonblocking:bulk:5:tx	w16-p2-m2	74d890e6f969fcee5ffacf2795a61eeba40a7a6aad4f56719af5fc25982b406d	84d02d52ed2e0fd47153a4299760896d5fd388fd715c63bcd56b768b955d7da9	faf8e6395a7d56cd92e5fdb460fd9532066d2f26	3891f7e78598b88082d2ac41f010e22ecd0494ac	c989b5001b8f7adb91da41719868e5d0373c47b12890b4c5cb38e897d2dde087	a1cfcceb6c688f9b0a290d512211ed08cf465b92b26a04cfb032280a53625718	512M	modern
network-budget/formal-expanded-v2	tap:nonblocking:bulk:5:tx	linux	74d890e6f969fcee5ffacf2795a61eeba40a7a6aad4f56719af5fc25982b406d	7fdeac1a0821f821e02c15c35cd2c4003b66268a65b8ef591520094c096f442e	f4cdf7ca9a1fdcca413157df19753f388a5a224e	3891f7e78598b88082d2ac41f010e22ecd0494ac	c989b5001b8f7adb91da41719868e5d0373c47b12890b4c5cb38e897d2dde087	a1cfcceb6c688f9b0a290d512211ed08cf465b92b26a04cfb032280a53625718	512M	modern
network-budget/formal-expanded-v2	tap:nonblocking:mixed:near:tx	baseline	74d890e6f969fcee5ffacf2795a61eeba40a7a6aad4f56719af5fc25982b406d	b962c890989d268282b55d49a4fa9b51afbaf7008dab2fc47e717388a6fea2f4	5687377c58dc96adfa1f72f1636a319bbd25b419	3891f7e78598b88082d2ac41f010e22ecd0494ac	807431dae66957529c5f9e3e5cbdadd7896df5effabe2ad4ec0b3835d0653100	a1cfcceb6c688f9b0a290d512211ed08cf465b92b26a04cfb032280a53625718	512M	modern
network-budget/formal-expanded-v2	tap:nonblocking:mixed:near:tx	w8-p1-m1	74d890e6f969fcee5ffacf2795a61eeba40a7a6aad4f56719af5fc25982b406d	1c2754cddb77982bb777c5fe5b5ef441b3a46102213b5b62a3aacd1d0b60a048	faf8e6395a7d56cd92e5fdb460fd9532066d2f26	3891f7e78598b88082d2ac41f010e22ecd0494ac	807431dae66957529c5f9e3e5cbdadd7896df5effabe2ad4ec0b3835d0653100	a1cfcceb6c688f9b0a290d512211ed08cf465b92b26a04cfb032280a53625718	512M	modern
network-budget/formal-expanded-v2	tap:nonblocking:mixed:near:tx	w8-p4-m2	74d890e6f969fcee5ffacf2795a61eeba40a7a6aad4f56719af5fc25982b406d	fe15fb92169fba35b962880eecb5b6153d7b0a611be39dc330206aaf839e77bb	faf8e6395a7d56cd92e5fdb460fd9532066d2f26	3891f7e78598b88082d2ac41f010e22ecd0494ac	807431dae66957529c5f9e3e5cbdadd7896df5effabe2ad4ec0b3835d0653100	a1cfcceb6c688f9b0a290d512211ed08cf465b92b26a04cfb032280a53625718	512M	modern
network-budget/formal-expanded-v2	tap:nonblocking:mixed:near:tx	w16-p2-m2	74d890e6f969fcee5ffacf2795a61eeba40a7a6aad4f56719af5fc25982b406d	84d02d52ed2e0fd47153a4299760896d5fd388fd715c63bcd56b768b955d7da9	faf8e6395a7d56cd92e5fdb460fd9532066d2f26	3891f7e78598b88082d2ac41f010e22ecd0494ac	807431dae66957529c5f9e3e5cbdadd7896df5effabe2ad4ec0b3835d0653100	a1cfcceb6c688f9b0a290d512211ed08cf465b92b26a04cfb032280a53625718	512M	modern
network-budget/formal-expanded-v2	tap:nonblocking:mixed:near:tx	linux	74d890e6f969fcee5ffacf2795a61eeba40a7a6aad4f56719af5fc25982b406d	7fdeac1a0821f821e02c15c35cd2c4003b66268a65b8ef591520094c096f442e	f4cdf7ca9a1fdcca413157df19753f388a5a224e	3891f7e78598b88082d2ac41f010e22ecd0494ac	807431dae66957529c5f9e3e5cbdadd7896df5effabe2ad4ec0b3835d0653100	a1cfcceb6c688f9b0a290d512211ed08cf465b92b26a04cfb032280a53625718	512M	modern
network-budget/formal-expanded-v2	loopback:blocking:rr:near:rx	baseline	74d890e6f969fcee5ffacf2795a61eeba40a7a6aad4f56719af5fc25982b406d	b962c890989d268282b55d49a4fa9b51afbaf7008dab2fc47e717388a6fea2f4	5687377c58dc96adfa1f72f1636a319bbd25b419	3891f7e78598b88082d2ac41f010e22ecd0494ac	1db32070388c902c84a06d5e4668543e501d13f67f5498fa8552284a5bbc15c8	a1cfcceb6c688f9b0a290d512211ed08cf465b92b26a04cfb032280a53625718	512M	modern
network-budget/formal-expanded-v2	loopback:blocking:rr:near:rx	w8-p1-m1	74d890e6f969fcee5ffacf2795a61eeba40a7a6aad4f56719af5fc25982b406d	1c2754cddb77982bb777c5fe5b5ef441b3a46102213b5b62a3aacd1d0b60a048	faf8e6395a7d56cd92e5fdb460fd9532066d2f26	3891f7e78598b88082d2ac41f010e22ecd0494ac	1db32070388c902c84a06d5e4668543e501d13f67f5498fa8552284a5bbc15c8	a1cfcceb6c688f9b0a290d512211ed08cf465b92b26a04cfb032280a53625718	512M	modern
network-budget/formal-expanded-v2	loopback:blocking:rr:near:rx	w8-p4-m2	74d890e6f969fcee5ffacf2795a61eeba40a7a6aad4f56719af5fc25982b406d	fe15fb92169fba35b962880eecb5b6153d7b0a611be39dc330206aaf839e77bb	faf8e6395a7d56cd92e5fdb460fd9532066d2f26	3891f7e78598b88082d2ac41f010e22ecd0494ac	1db32070388c902c84a06d5e4668543e501d13f67f5498fa8552284a5bbc15c8	a1cfcceb6c688f9b0a290d512211ed08cf465b92b26a04cfb032280a53625718	512M	modern
network-budget/formal-expanded-v2	loopback:blocking:rr:near:rx	w16-p2-m2	74d890e6f969fcee5ffacf2795a61eeba40a7a6aad4f56719af5fc25982b406d	84d02d52ed2e0fd47153a4299760896d5fd388fd715c63bcd56b768b955d7da9	faf8e6395a7d56cd92e5fdb460fd9532066d2f26	3891f7e78598b88082d2ac41f010e22ecd0494ac	1db32070388c902c84a06d5e4668543e501d13f67f5498fa8552284a5bbc15c8	a1cfcceb6c688f9b0a290d512211ed08cf465b92b26a04cfb032280a53625718	512M	modern
network-budget/formal-expanded-v2	loopback:blocking:rr:near:rx	linux	74d890e6f969fcee5ffacf2795a61eeba40a7a6aad4f56719af5fc25982b406d	7fdeac1a0821f821e02c15c35cd2c4003b66268a65b8ef591520094c096f442e	f4cdf7ca9a1fdcca413157df19753f388a5a224e	3891f7e78598b88082d2ac41f010e22ecd0494ac	1db32070388c902c84a06d5e4668543e501d13f67f5498fa8552284a5bbc15c8	a1cfcceb6c688f9b0a290d512211ed08cf465b92b26a04cfb032280a53625718	512M	modern
network-budget/formal-expanded-v2	tap:nonblocking:rr:near:rx	baseline	74d890e6f969fcee5ffacf2795a61eeba40a7a6aad4f56719af5fc25982b406d	b962c890989d268282b55d49a4fa9b51afbaf7008dab2fc47e717388a6fea2f4	5687377c58dc96adfa1f72f1636a319bbd25b419	3891f7e78598b88082d2ac41f010e22ecd0494ac	04ef6a0901468f97c5e853190c323b5886d91d95e9c5fdea538c6d4f125c28a3	a1cfcceb6c688f9b0a290d512211ed08cf465b92b26a04cfb032280a53625718	512M	modern
network-budget/formal-expanded-v2	tap:nonblocking:rr:near:rx	w8-p1-m1	74d890e6f969fcee5ffacf2795a61eeba40a7a6aad4f56719af5fc25982b406d	1c2754cddb77982bb777c5fe5b5ef441b3a46102213b5b62a3aacd1d0b60a048	faf8e6395a7d56cd92e5fdb460fd9532066d2f26	3891f7e78598b88082d2ac41f010e22ecd0494ac	04ef6a0901468f97c5e853190c323b5886d91d95e9c5fdea538c6d4f125c28a3	a1cfcceb6c688f9b0a290d512211ed08cf465b92b26a04cfb032280a53625718	512M	modern
network-budget/formal-expanded-v2	tap:nonblocking:rr:near:rx	w8-p4-m2	74d890e6f969fcee5ffacf2795a61eeba40a7a6aad4f56719af5fc25982b406d	fe15fb92169fba35b962880eecb5b6153d7b0a611be39dc330206aaf839e77bb	faf8e6395a7d56cd92e5fdb460fd9532066d2f26	3891f7e78598b88082d2ac41f010e22ecd0494ac	04ef6a0901468f97c5e853190c323b5886d91d95e9c5fdea538c6d4f125c28a3	a1cfcceb6c688f9b0a290d512211ed08cf465b92b26a04cfb032280a53625718	512M	modern
network-budget/formal-expanded-v2	tap:nonblocking:rr:near:rx	w16-p2-m2	74d890e6f969fcee5ffacf2795a61eeba40a7a6aad4f56719af5fc25982b406d	84d02d52ed2e0fd47153a4299760896d5fd388fd715c63bcd56b768b955d7da9	faf8e6395a7d56cd92e5fdb460fd9532066d2f26	3891f7e78598b88082d2ac41f010e22ecd0494ac	04ef6a0901468f97c5e853190c323b5886d91d95e9c5fdea538c6d4f125c28a3	a1cfcceb6c688f9b0a290d512211ed08cf465b92b26a04cfb032280a53625718	512M	modern
network-budget/formal-expanded-v2	tap:nonblocking:rr:near:rx	linux	74d890e6f969fcee5ffacf2795a61eeba40a7a6aad4f56719af5fc25982b406d	7fdeac1a0821f821e02c15c35cd2c4003b66268a65b8ef591520094c096f442e	f4cdf7ca9a1fdcca413157df19753f388a5a224e	3891f7e78598b88082d2ac41f010e22ecd0494ac	04ef6a0901468f97c5e853190c323b5886d91d95e9c5fdea538c6d4f125c28a3	a1cfcceb6c688f9b0a290d512211ed08cf465b92b26a04cfb032280a53625718	512M	modern
