experiment	case	variant	boots	metric	median	minimum	maximum
io-budget/formal-screen	ext4:append:fsync:1:16M:64K	baseline	3	bytes	16777216	16777216	16777216
io-budget/formal-screen	ext4:append:fsync:1:16M:64K	baseline	3	elapsed_ns	3280063900	3258210200	3344013000
io-budget/formal-screen	ext4:append:fsync:1:16M:64K	baseline	3	data_ns	225387100	217967300	230053100
io-budget/formal-screen	ext4:append:fsync:1:16M:64K	baseline	3	sync_ns	3050010800	3040242900	3118625900
io-budget/formal-screen	ext4:append:fsync:1:16M:64K	baseline	3	sync_calls	1	1	1
io-budget/formal-screen	ext4:append:fsync:1:16M:64K	baseline	3	verify_ns	88248900	85845000	89064000
io-budget/formal-screen	ext4:append:fsync:1:16M:64K	baseline	3	cleanup_sync_ns	17300	17100	18700
io-budget/formal-screen	ext4:append:fsync:1:16M:64K	baseline	3	cleanup_sync_calls	0	0	0
io-budget/formal-screen	ext4:append:fsync:1:16M:64K	baseline	3	data_mib_s	70.98897851740406	69.54916060683381	73.40550623877985
io-budget/formal-screen	ext4:append:fsync:1:16M:64K	baseline	3	completion_mib_s	4.8779537496205485	4.784670394522988	4.910671509161686
io-budget/formal-screen	ext4:append:fsync:1:16M:64K	baseline	3	file_completion_span_ns	0	0	0
io-budget/formal-screen	ext4:append:fsync:1:16M:64K	ra0-wb1	3	bytes	16777216	16777216	16777216
io-budget/formal-screen	ext4:append:fsync:1:16M:64K	ra0-wb1	3	elapsed_ns	2560179100	2450496300	2573110600
io-budget/formal-screen	ext4:append:fsync:1:16M:64K	ra0-wb1	3	data_ns	123680200	122498100	126005200
io-budget/formal-screen	ext4:append:fsync:1:16M:64K	ra0-wb1	3	sync_ns	2436498900	2327998200	2447105400
io-budget/formal-screen	ext4:append:fsync:1:16M:64K	ra0-wb1	3	sync_calls	1	1	1
io-budget/formal-screen	ext4:append:fsync:1:16M:64K	ra0-wb1	3	verify_ns	86040700	85347700	88474700
io-budget/formal-screen	ext4:append:fsync:1:16M:64K	ra0-wb1	3	cleanup_sync_ns	17600	16600	542500
io-budget/formal-screen	ext4:append:fsync:1:16M:64K	ra0-wb1	3	cleanup_sync_calls	0	0	0
io-budget/formal-screen	ext4:append:fsync:1:16M:64K	ra0-wb1	3	data_mib_s	129.36589688567773	126.97888658563298	130.6142707519545
io-budget/formal-screen	ext4:append:fsync:1:16M:64K	ra0-wb1	3	completion_mib_s	6.2495627747293145	6.218154788993524	6.529289597376662
io-budget/formal-screen	ext4:append:fsync:1:16M:64K	ra0-wb1	3	file_completion_span_ns	0	0	0
io-budget/formal-screen	ext4:append:fsync:1:16M:64K	ra0-wb2	3	bytes	16777216	16777216	16777216
io-budget/formal-screen	ext4:append:fsync:1:16M:64K	ra0-wb2	3	elapsed_ns	2294000300	2267569800	2363091100
io-budget/formal-screen	ext4:append:fsync:1:16M:64K	ra0-wb2	3	data_ns	124801400	123640600	130161700
io-budget/formal-screen	ext4:append:fsync:1:16M:64K	ra0-wb2	3	sync_ns	2163838600	2142768400	2239450500
io-budget/formal-screen	ext4:append:fsync:1:16M:64K	ra0-wb2	3	sync_calls	1	1	1
io-budget/formal-screen	ext4:append:fsync:1:16M:64K	ra0-wb2	3	verify_ns	87751000	86746600	91312100
io-budget/formal-screen	ext4:append:fsync:1:16M:64K	ra0-wb2	3	cleanup_sync_ns	17500	15700	18500
io-budget/formal-screen	ext4:append:fsync:1:16M:64K	ra0-wb2	3	cleanup_sync_calls	0	0	0
io-budget/formal-screen	ext4:append:fsync:1:16M:64K	ra0-wb2	3	data_mib_s	128.2036900227081	122.92402450183118	129.40733060176026
io-budget/formal-screen	ext4:append:fsync:1:16M:64K	ra0-wb2	3	completion_mib_s	6.974715740011019	6.7707927129851235	7.056012123640031
io-budget/formal-screen	ext4:append:fsync:1:16M:64K	ra0-wb2	3	file_completion_span_ns	0	0	0
io-budget/formal-screen	ext4:append:fsync:1:16M:64K	ra0-wb4	3	bytes	16777216	16777216	16777216
io-budget/formal-screen	ext4:append:fsync:1:16M:64K	ra0-wb4	3	elapsed_ns	2139037200	2138849900	2172507600
io-budget/formal-screen	ext4:append:fsync:1:16M:64K	ra0-wb4	3	data_ns	123779100	123656400	126583900
io-budget/formal-screen	ext4:append:fsync:1:16M:64K	ra0-wb4	3	sync_ns	2015380800	2015070800	2045923700
io-budget/formal-screen	ext4:append:fsync:1:16M:64K	ra0-wb4	3	sync_calls	1	1	1
io-budget/formal-screen	ext4:append:fsync:1:16M:64K	ra0-wb4	3	verify_ns	86954200	86941900	90780000
io-budget/formal-screen	ext4:append:fsync:1:16M:64K	ra0-wb4	3	cleanup_sync_ns	17200	17100	18300
io-budget/formal-screen	ext4:append:fsync:1:16M:64K	ra0-wb4	3	cleanup_sync_calls	0	0	0
io-budget/formal-screen	ext4:append:fsync:1:16M:64K	ra0-wb4	3	data_mib_s	129.2625330124391	126.39838083674148	129.39079578574177
io-budget/formal-screen	ext4:append:fsync:1:16M:64K	ra0-wb4	3	completion_mib_s	7.480000815320089	7.364761347670314	7.480655842188832
io-budget/formal-screen	ext4:append:fsync:1:16M:64K	ra0-wb4	3	file_completion_span_ns	0	0	0
io-budget/formal-screen	ext4:append:fsync:1:16M:64K	ra0-wb8	3	bytes	16777216	16777216	16777216
io-budget/formal-screen	ext4:append:fsync:1:16M:64K	ra0-wb8	3	elapsed_ns	1963465000	1941684100	2021945800
io-budget/formal-screen	ext4:append:fsync:1:16M:64K	ra0-wb8	3	data_ns	123669500	123573000	125524600
io-budget/formal-screen	ext4:append:fsync:1:16M:64K	ra0-wb8	3	sync_ns	1839795500	1816159500	1898372800
io-budget/formal-screen	ext4:append:fsync:1:16M:64K	ra0-wb8	3	sync_calls	1	1	1
io-budget/formal-screen	ext4:append:fsync:1:16M:64K	ra0-wb8	3	verify_ns	89010000	86883800	90718500
io-budget/formal-screen	ext4:append:fsync:1:16M:64K	ra0-wb8	3	cleanup_sync_ns	18600	16600	19200
io-budget/formal-screen	ext4:append:fsync:1:16M:64K	ra0-wb8	3	cleanup_sync_calls	0	0	0
io-budget/formal-screen	ext4:append:fsync:1:16M:64K	ra0-wb8	3	data_mib_s	129.37708974322692	127.46505465860875	129.47812224353217
io-budget/formal-screen	ext4:append:fsync:1:16M:64K	ra0-wb8	3	completion_mib_s	8.148859287025743	7.913169581499168	8.24026936204504
io-budget/formal-screen	ext4:append:fsync:1:16M:64K	ra0-wb8	3	file_completion_span_ns	0	0	0
io-budget/formal-screen	ext4:append:fsync:1:16M:64K	ra1-wb1	3	bytes	16777216	16777216	16777216
io-budget/formal-screen	ext4:append:fsync:1:16M:64K	ra1-wb1	3	elapsed_ns	2509355700	2489310000	2522074000
io-budget/formal-screen	ext4:append:fsync:1:16M:64K	ra1-wb1	3	data_ns	122191600	121623900	125126100
io-budget/formal-screen	ext4:append:fsync:1:16M:64K	ra1-wb1	3	sync_ns	2384229600	2367118400	2400450100
io-budget/formal-screen	ext4:append:fsync:1:16M:64K	ra1-wb1	3	sync_calls	1	1	1
io-budget/formal-screen	ext4:append:fsync:1:16M:64K	ra1-wb1	3	verify_ns	90296200	89473600	91911100
io-budget/formal-screen	ext4:append:fsync:1:16M:64K	ra1-wb1	3	cleanup_sync_ns	15200	14900	16200
io-budget/formal-screen	ext4:append:fsync:1:16M:64K	ra1-wb1	3	cleanup_sync_calls	0	0	0
io-budget/formal-screen	ext4:append:fsync:1:16M:64K	ra1-wb1	3	data_mib_s	130.94189780639584	127.87100373143572	131.55309112764843
io-budget/formal-screen	ext4:append:fsync:1:16M:64K	ra1-wb1	3	completion_mib_s	6.376138703652097	6.343985148730767	6.427483921247253
io-budget/formal-screen	ext4:append:fsync:1:16M:64K	ra1-wb1	3	file_completion_span_ns	0	0	0
io-budget/formal-screen	ext4:append:fsync:1:16M:64K	ra1-wb2	3	bytes	16777216	16777216	16777216
io-budget/formal-screen	ext4:append:fsync:1:16M:64K	ra1-wb2	3	elapsed_ns	2260580600	2207127500	2319773900
io-budget/formal-screen	ext4:append:fsync:1:16M:64K	ra1-wb2	3	data_ns	124538000	123742800	125393900
io-budget/formal-screen	ext4:append:fsync:1:16M:64K	ra1-wb2	3	sync_ns	2135186700	2083384700	2195235900
io-budget/formal-screen	ext4:append:fsync:1:16M:64K	ra1-wb2	3	sync_calls	1	1	1
io-budget/formal-screen	ext4:append:fsync:1:16M:64K	ra1-wb2	3	verify_ns	91588500	90300900	91830700
io-budget/formal-screen	ext4:append:fsync:1:16M:64K	ra1-wb2	3	cleanup_sync_ns	15100	14800	15700
io-budget/formal-screen	ext4:append:fsync:1:16M:64K	ra1-wb2	3	cleanup_sync_calls	0	0	0
io-budget/formal-screen	ext4:append:fsync:1:16M:64K	ra1-wb2	3	data_mib_s	128.4748430198012	127.59791345512022	129.30045222833166
io-budget/formal-screen	ext4:append:fsync:1:16M:64K	ra1-wb2	3	completion_mib_s	7.077827704971015	6.897223906174649	7.249241378216709
io-budget/formal-screen	ext4:append:fsync:1:16M:64K	ra1-wb2	3	file_completion_span_ns	0	0	0
io-budget/formal-screen	ext4:append:fsync:1:16M:64K	ra1-wb4	3	bytes	16777216	16777216	16777216
io-budget/formal-screen	ext4:append:fsync:1:16M:64K	ra1-wb4	3	elapsed_ns	2130540200	2109987000	2162055600
io-budget/formal-screen	ext4:append:fsync:1:16M:64K	ra1-wb4	3	data_ns	126012200	125596700	126156500
io-budget/formal-screen	ext4:append:fsync:1:16M:64K	ra1-wb4	3	sync_ns	2004383700	1983974800	2036458900
io-budget/formal-screen	ext4:append:fsync:1:16M:64K	ra1-wb4	3	sync_calls	1	1	1
io-budget/formal-screen	ext4:append:fsync:1:16M:64K	ra1-wb4	3	verify_ns	92683200	92318800	93669700
io-budget/formal-screen	ext4:append:fsync:1:16M:64K	ra1-wb4	3	cleanup_sync_ns	15200	14900	21100
io-budget/formal-screen	ext4:append:fsync:1:16M:64K	ra1-wb4	3	cleanup_sync_calls	0	0	0
io-budget/formal-screen	ext4:append:fsync:1:16M:64K	ra1-wb4	3	data_mib_s	126.97183288602214	126.82660029407919	127.39188211155229
io-budget/formal-screen	ext4:append:fsync:1:16M:64K	ra1-wb4	3	completion_mib_s	7.509832482860451	7.400364726975569	7.582985108439057
io-budget/formal-screen	ext4:append:fsync:1:16M:64K	ra1-wb4	3	file_completion_span_ns	0	0	0
io-budget/formal-screen	ext4:append:fsync:1:16M:64K	ra1-wb8	3	bytes	16777216	16777216	16777216
io-budget/formal-screen	ext4:append:fsync:1:16M:64K	ra1-wb8	3	elapsed_ns	1970043200	1944484300	2002127000
io-budget/formal-screen	ext4:append:fsync:1:16M:64K	ra1-wb8	3	data_ns	124827700	122331500	126561700
io-budget/formal-screen	ext4:append:fsync:1:16M:64K	ra1-wb8	3	sync_ns	1845215500	1817922600	1879795500
io-budget/formal-screen	ext4:append:fsync:1:16M:64K	ra1-wb8	3	sync_calls	1	1	1
io-budget/formal-screen	ext4:append:fsync:1:16M:64K	ra1-wb8	3	verify_ns	89958400	89384700	91768600
io-budget/formal-screen	ext4:append:fsync:1:16M:64K	ra1-wb8	3	cleanup_sync_ns	15000	14900	19900
io-budget/formal-screen	ext4:append:fsync:1:16M:64K	ra1-wb8	3	cleanup_sync_calls	0	0	0
io-budget/formal-screen	ext4:append:fsync:1:16M:64K	ra1-wb8	3	data_mib_s	128.1766787339669	126.4205521891694	130.79215083604794
io-budget/formal-screen	ext4:append:fsync:1:16M:64K	ra1-wb8	3	completion_mib_s	8.121649312055695	7.9915010386454	8.228402769824369
io-budget/formal-screen	ext4:append:fsync:1:16M:64K	ra1-wb8	3	file_completion_span_ns	0	0	0
io-budget/formal-screen	ext4:append:fsync:1:16M:64K	ra2-wb1	3	bytes	16777216	16777216	16777216
io-budget/formal-screen	ext4:append:fsync:1:16M:64K	ra2-wb1	3	elapsed_ns	2549187800	2518560400	2634389700
io-budget/formal-screen	ext4:append:fsync:1:16M:64K	ra2-wb1	3	data_ns	122275700	122060300	123165000
io-budget/formal-screen	ext4:append:fsync:1:16M:64K	ra2-wb1	3	sync_ns	2427127500	2395395400	2512114000
io-budget/formal-screen	ext4:append:fsync:1:16M:64K	ra2-wb1	3	sync_calls	1	1	1
io-budget/formal-screen	ext4:append:fsync:1:16M:64K	ra2-wb1	3	verify_ns	95716800	92492900	96269300
io-budget/formal-screen	ext4:append:fsync:1:16M:64K	ra2-wb1	3	cleanup_sync_ns	15100	14500	15600
io-budget/formal-screen	ext4:append:fsync:1:16M:64K	ra2-wb1	3	cleanup_sync_calls	0	0	0
io-budget/formal-screen	ext4:append:fsync:1:16M:64K	ra2-wb1	3	data_mib_s	130.85183728246903	129.90703527787926	131.08275172189482
io-budget/formal-screen	ext4:append:fsync:1:16M:64K	ra2-wb1	3	completion_mib_s	6.276508933551306	6.073512965830378	6.3528355325526435
io-budget/formal-screen	ext4:append:fsync:1:16M:64K	ra2-wb1	3	file_completion_span_ns	0	0	0
io-budget/formal-screen	ext4:append:fsync:1:16M:64K	ra2-wb2	3	bytes	16777216	16777216	16777216
io-budget/formal-screen	ext4:append:fsync:1:16M:64K	ra2-wb2	3	elapsed_ns	2284057500	2270759000	2344622500
io-budget/formal-screen	ext4:append:fsync:1:16M:64K	ra2-wb2	3	data_ns	122957600	122866200	122985500
io-budget/formal-screen	ext4:append:fsync:1:16M:64K	ra2-wb2	3	sync_ns	2161191300	2147801400	2221637000
io-budget/formal-screen	ext4:append:fsync:1:16M:64K	ra2-wb2	3	sync_calls	1	1	1
io-budget/formal-screen	ext4:append:fsync:1:16M:64K	ra2-wb2	3	verify_ns	91919500	91371000	92649300
io-budget/formal-screen	ext4:append:fsync:1:16M:64K	ra2-wb2	3	cleanup_sync_ns	16200	15900	16900
io-budget/formal-screen	ext4:append:fsync:1:16M:64K	ra2-wb2	3	cleanup_sync_calls	0	0	0
io-budget/formal-screen	ext4:append:fsync:1:16M:64K	ra2-wb2	3	data_mib_s	130.12615730951157	130.09663740847498	130.22295798193483
io-budget/formal-screen	ext4:append:fsync:1:16M:64K	ra2-wb2	3	completion_mib_s	7.00507758670699	6.824126271926504	7.046102206354791
io-budget/formal-screen	ext4:append:fsync:1:16M:64K	ra2-wb2	3	file_completion_span_ns	0	0	0
io-budget/formal-screen	ext4:append:fsync:1:16M:64K	ra2-wb4	3	bytes	16777216	16777216	16777216
io-budget/formal-screen	ext4:append:fsync:1:16M:64K	ra2-wb4	3	elapsed_ns	2160293300	2146066400	2184781800
io-budget/formal-screen	ext4:append:fsync:1:16M:64K	ra2-wb4	3	data_ns	127309600	124289400	128142800
io-budget/formal-screen	ext4:append:fsync:1:16M:64K	ra2-wb4	3	sync_ns	2032983700	2021777000	2056639000
io-budget/formal-screen	ext4:append:fsync:1:16M:64K	ra2-wb4	3	sync_calls	1	1	1
io-budget/formal-screen	ext4:append:fsync:1:16M:64K	ra2-wb4	3	verify_ns	93252300	91527400	93769600
io-budget/formal-screen	ext4:append:fsync:1:16M:64K	ra2-wb4	3	cleanup_sync_ns	15900	15700	20700
io-budget/formal-screen	ext4:append:fsync:1:16M:64K	ra2-wb4	3	cleanup_sync_calls	0	0	0
io-budget/formal-screen	ext4:append:fsync:1:16M:64K	ra2-wb4	3	data_mib_s	125.67787503848885	124.86070227901997	128.73181461975037
io-budget/formal-screen	ext4:append:fsync:1:16M:64K	ra2-wb4	3	completion_mib_s	7.4064017140635485	7.323385795322902	7.4555009108758235
io-budget/formal-screen	ext4:append:fsync:1:16M:64K	ra2-wb4	3	file_completion_span_ns	0	0	0
io-budget/formal-screen	ext4:append:fsync:1:16M:64K	ra2-wb8	3	bytes	16777216	16777216	16777216
io-budget/formal-screen	ext4:append:fsync:1:16M:64K	ra2-wb8	3	elapsed_ns	1985114700	1946018600	2047882400
io-budget/formal-screen	ext4:append:fsync:1:16M:64K	ra2-wb8	3	data_ns	129034700	127521800	129346400
io-budget/formal-screen	ext4:append:fsync:1:16M:64K	ra2-wb8	3	sync_ns	1856080000	1818496800	1918536000
io-budget/formal-screen	ext4:append:fsync:1:16M:64K	ra2-wb8	3	sync_calls	1	1	1
io-budget/formal-screen	ext4:append:fsync:1:16M:64K	ra2-wb8	3	verify_ns	91434000	91049000	93546700
io-budget/formal-screen	ext4:append:fsync:1:16M:64K	ra2-wb8	3	cleanup_sync_ns	16200	15500	16600
io-budget/formal-screen	ext4:append:fsync:1:16M:64K	ra2-wb8	3	cleanup_sync_calls	0	0	0
io-budget/formal-screen	ext4:append:fsync:1:16M:64K	ra2-wb8	3	data_mib_s	123.99765334441045	123.69884279732563	125.46874338348424
io-budget/formal-screen	ext4:append:fsync:1:16M:64K	ra2-wb8	3	completion_mib_s	8.05998766721137	7.812948634159852	8.22191524788098
io-budget/formal-screen	ext4:append:fsync:1:16M:64K	ra2-wb8	3	file_completion_span_ns	0	0	0
io-budget/formal-screen	ext4:append:fsync:1:16M:64K	ra4-wb1	3	bytes	16777216	16777216	16777216
io-budget/formal-screen	ext4:append:fsync:1:16M:64K	ra4-wb1	3	elapsed_ns	2452026400	2403611000	2471847100
io-budget/formal-screen	ext4:append:fsync:1:16M:64K	ra4-wb1	3	data_ns	123768100	122500500	126644500
io-budget/formal-screen	ext4:append:fsync:1:16M:64K	ra4-wb1	3	sync_ns	2328258300	2276966500	2349346600
io-budget/formal-screen	ext4:append:fsync:1:16M:64K	ra4-wb1	3	sync_calls	1	1	1
io-budget/formal-screen	ext4:append:fsync:1:16M:64K	ra4-wb1	3	verify_ns	94858800	89020600	100156800
io-budget/formal-screen	ext4:append:fsync:1:16M:64K	ra4-wb1	3	cleanup_sync_ns	15400	15300	21700
io-budget/formal-screen	ext4:append:fsync:1:16M:64K	ra4-wb1	3	cleanup_sync_calls	0	0	0
io-budget/formal-screen	ext4:append:fsync:1:16M:64K	ra4-wb1	3	data_mib_s	129.2740213350613	126.33789860594025	130.61171178893147
io-budget/formal-screen	ext4:append:fsync:1:16M:64K	ra4-wb1	3	completion_mib_s	6.525215226067713	6.472892275578048	6.656651180245056
io-budget/formal-screen	ext4:append:fsync:1:16M:64K	ra4-wb1	3	file_completion_span_ns	0	0	0
io-budget/formal-screen	ext4:append:fsync:1:16M:64K	ra4-wb2	3	bytes	16777216	16777216	16777216
io-budget/formal-screen	ext4:append:fsync:1:16M:64K	ra4-wb2	3	elapsed_ns	2284449100	2257851200	2331259700
io-budget/formal-screen	ext4:append:fsync:1:16M:64K	ra4-wb2	3	data_ns	126350100	126030900	140610100
io-budget/formal-screen	ext4:append:fsync:1:16M:64K	ra4-wb2	3	sync_ns	2158418200	2117241100	2204909600
io-budget/formal-screen	ext4:append:fsync:1:16M:64K	ra4-wb2	3	sync_calls	1	1	1
io-budget/formal-screen	ext4:append:fsync:1:16M:64K	ra4-wb2	3	verify_ns	91327800	91180300	92973700
io-budget/formal-screen	ext4:append:fsync:1:16M:64K	ra4-wb2	3	cleanup_sync_ns	16300	14700	16400
io-budget/formal-screen	ext4:append:fsync:1:16M:64K	ra4-wb2	3	cleanup_sync_calls	0	0	0
io-budget/formal-screen	ext4:append:fsync:1:16M:64K	ra4-wb2	3	data_mib_s	126.63227017628003	113.78983444290274	126.95299327387173
io-budget/formal-screen	ext4:append:fsync:1:16M:64K	ra4-wb2	3	completion_mib_s	7.003876777118825	6.863242220504219	7.0863837262615
io-budget/formal-screen	ext4:append:fsync:1:16M:64K	ra4-wb2	3	file_completion_span_ns	0	0	0
io-budget/formal-screen	ext4:append:fsync:1:16M:64K	ra4-wb4	3	bytes	16777216	16777216	16777216
io-budget/formal-screen	ext4:append:fsync:1:16M:64K	ra4-wb4	3	elapsed_ns	2188009100	2149885900	2194887700
io-budget/formal-screen	ext4:append:fsync:1:16M:64K	ra4-wb4	3	data_ns	124279200	123239300	126825000
io-budget/formal-screen	ext4:append:fsync:1:16M:64K	ra4-wb4	3	sync_ns	2061184100	2026646600	2070608500
io-budget/formal-screen	ext4:append:fsync:1:16M:64K	ra4-wb4	3	sync_calls	1	1	1
io-budget/formal-screen	ext4:append:fsync:1:16M:64K	ra4-wb4	3	verify_ns	91976800	89066700	94284800
io-budget/formal-screen	ext4:append:fsync:1:16M:64K	ra4-wb4	3	cleanup_sync_ns	16000	15900	16200
io-budget/formal-screen	ext4:append:fsync:1:16M:64K	ra4-wb4	3	cleanup_sync_calls	0	0	0
io-budget/formal-screen	ext4:append:fsync:1:16M:64K	ra4-wb4	3	data_mib_s	128.74238006038019	126.15809185886063	129.82871535297588
io-budget/formal-screen	ext4:append:fsync:1:16M:64K	ra4-wb4	3	completion_mib_s	7.312583846200639	7.28966680163181	7.442255423880868
io-budget/formal-screen	ext4:append:fsync:1:16M:64K	ra4-wb4	3	file_completion_span_ns	0	0	0
io-budget/formal-screen	ext4:append:fsync:1:16M:64K	ra4-wb8	3	bytes	16777216	16777216	16777216
io-budget/formal-screen	ext4:append:fsync:1:16M:64K	ra4-wb8	3	elapsed_ns	2001629300	1988985100	2002628400
io-budget/formal-screen	ext4:append:fsync:1:16M:64K	ra4-wb8	3	data_ns	123614200	122682700	125471300
io-budget/formal-screen	ext4:append:fsync:1:16M:64K	ra4-wb8	3	sync_ns	1877157100	1865370900	1878946600
io-budget/formal-screen	ext4:append:fsync:1:16M:64K	ra4-wb8	3	sync_calls	1	1	1
io-budget/formal-screen	ext4:append:fsync:1:16M:64K	ra4-wb8	3	verify_ns	91896300	90062800	93380500
io-budget/formal-screen	ext4:append:fsync:1:16M:64K	ra4-wb8	3	cleanup_sync_ns	15200	15000	21600
io-budget/formal-screen	ext4:append:fsync:1:16M:64K	ra4-wb8	3	cleanup_sync_calls	0	0	0
io-budget/formal-screen	ext4:append:fsync:1:16M:64K	ra4-wb8	3	data_mib_s	129.4349678273208	127.51920160227877	130.41773616002908
io-budget/formal-screen	ext4:append:fsync:1:16M:64K	ra4-wb8	3	completion_mib_s	7.993488104915331	7.9895001988386865	8.044303599861054
io-budget/formal-screen	ext4:append:fsync:1:16M:64K	ra4-wb8	3	file_completion_span_ns	0	0	0
io-budget/formal-screen	ext4:append:fsync:1:16M:64K	ra8-wb1	3	bytes	16777216	16777216	16777216
io-budget/formal-screen	ext4:append:fsync:1:16M:64K	ra8-wb1	3	elapsed_ns	2485314400	2424394800	2510038700
io-budget/formal-screen	ext4:append:fsync:1:16M:64K	ra8-wb1	3	data_ns	122168400	122077500	125970200
io-budget/formal-screen	ext4:append:fsync:1:16M:64K	ra8-wb1	3	sync_ns	2363146000	2298424600	2387961200
io-budget/formal-screen	ext4:append:fsync:1:16M:64K	ra8-wb1	3	sync_calls	1	1	1
io-budget/formal-screen	ext4:append:fsync:1:16M:64K	ra8-wb1	3	verify_ns	90757900	89499500	93644100
io-budget/formal-screen	ext4:append:fsync:1:16M:64K	ra8-wb1	3	cleanup_sync_ns	15700	14700	20100
io-budget/formal-screen	ext4:append:fsync:1:16M:64K	ra8-wb1	3	cleanup_sync_calls	0	0	0
io-budget/formal-screen	ext4:append:fsync:1:16M:64K	ra8-wb1	3	data_mib_s	130.96676390948886	127.01416684263421	131.0642829350208
io-budget/formal-screen	ext4:append:fsync:1:16M:64K	ra8-wb1	3	completion_mib_s	6.437817283801197	6.374403709393007	6.599585183073318
io-budget/formal-screen	ext4:append:fsync:1:16M:64K	ra8-wb1	3	file_completion_span_ns	0	0	0
io-budget/formal-screen	ext4:append:fsync:1:16M:64K	ra8-wb2	3	bytes	16777216	16777216	16777216
io-budget/formal-screen	ext4:append:fsync:1:16M:64K	ra8-wb2	3	elapsed_ns	2298015000	2252702300	2311913800
io-budget/formal-screen	ext4:append:fsync:1:16M:64K	ra8-wb2	3	data_ns	128590500	125165200	129348100
io-budget/formal-screen	ext4:append:fsync:1:16M:64K	ra8-wb2	3	sync_ns	2172849800	2124111800	2182565700
io-budget/formal-screen	ext4:append:fsync:1:16M:64K	ra8-wb2	3	sync_calls	1	1	1
io-budget/formal-screen	ext4:append:fsync:1:16M:64K	ra8-wb2	3	verify_ns	91508700	88915600	92820600
io-budget/formal-screen	ext4:append:fsync:1:16M:64K	ra8-wb2	3	cleanup_sync_ns	15400	14900	15600
io-budget/formal-screen	ext4:append:fsync:1:16M:64K	ra8-wb2	3	cleanup_sync_calls	0	0	0
io-budget/formal-screen	ext4:append:fsync:1:16M:64K	ra8-wb2	3	data_mib_s	124.42598792290255	123.69721704454878	127.83105847312193
io-budget/formal-screen	ext4:append:fsync:1:16M:64K	ra8-wb2	3	completion_mib_s	6.962530705848308	6.920673253475108	7.10258075379068
io-budget/formal-screen	ext4:append:fsync:1:16M:64K	ra8-wb2	3	file_completion_span_ns	0	0	0
io-budget/formal-screen	ext4:append:fsync:1:16M:64K	ra8-wb4	3	bytes	16777216	16777216	16777216
io-budget/formal-screen	ext4:append:fsync:1:16M:64K	ra8-wb4	3	elapsed_ns	2124334600	2115204100	2145887700
io-budget/formal-screen	ext4:append:fsync:1:16M:64K	ra8-wb4	3	data_ns	126486300	123310200	129381500
io-budget/formal-screen	ext4:append:fsync:1:16M:64K	ra8-wb4	3	sync_ns	1997848300	1991893900	2016506200
io-budget/formal-screen	ext4:append:fsync:1:16M:64K	ra8-wb4	3	sync_calls	1	1	1
io-budget/formal-screen	ext4:append:fsync:1:16M:64K	ra8-wb4	3	verify_ns	89637400	88942600	93083200
io-budget/formal-screen	ext4:append:fsync:1:16M:64K	ra8-wb4	3	cleanup_sync_ns	17300	15900	20200
io-budget/formal-screen	ext4:append:fsync:1:16M:64K	ra8-wb4	3	cleanup_sync_calls	0	0	0
io-budget/formal-screen	ext4:append:fsync:1:16M:64K	ra8-wb4	3	data_mib_s	126.49591299611104	123.66528444947693	129.75406738453106
io-budget/formal-screen	ext4:append:fsync:1:16M:64K	ra8-wb4	3	completion_mib_s	7.53177018347298	7.4561217718895545	7.564281858190422
io-budget/formal-screen	ext4:append:fsync:1:16M:64K	ra8-wb4	3	file_completion_span_ns	0	0	0
io-budget/formal-screen	ext4:append:fsync:1:16M:64K	ra8-wb8	3	bytes	16777216	16777216	16777216
io-budget/formal-screen	ext4:append:fsync:1:16M:64K	ra8-wb8	3	elapsed_ns	2003483600	1940271300	2048974100
io-budget/formal-screen	ext4:append:fsync:1:16M:64K	ra8-wb8	3	data_ns	122770000	121961400	129191700
io-budget/formal-screen	ext4:append:fsync:1:16M:64K	ra8-wb8	3	sync_ns	1881522200	1817501300	1919782400
io-budget/formal-screen	ext4:append:fsync:1:16M:64K	ra8-wb8	3	sync_calls	1	1	1
io-budget/formal-screen	ext4:append:fsync:1:16M:64K	ra8-wb8	3	verify_ns	92186400	91130600	92218800
io-budget/formal-screen	ext4:append:fsync:1:16M:64K	ra8-wb8	3	cleanup_sync_ns	15100	14800	16300
io-budget/formal-screen	ext4:append:fsync:1:16M:64K	ra8-wb8	3	cleanup_sync_calls	0	0	0
io-budget/formal-screen	ext4:append:fsync:1:16M:64K	ra8-wb8	3	data_mib_s	130.3249979636719	123.84696540102809	131.18904833824473
io-budget/formal-screen	ext4:append:fsync:1:16M:64K	ra8-wb8	3	completion_mib_s	7.986089828736307	7.808785869962924	8.246269477881778
io-budget/formal-screen	ext4:append:fsync:1:16M:64K	ra8-wb8	3	file_completion_span_ns	0	0	0
io-budget/formal-screen	ext4:cold-read:cache:4:4M:4K	baseline	3	bytes	16777216	16777216	16777216
io-budget/formal-screen	ext4:cold-read:cache:4:4M:4K	baseline	3	elapsed_ns	601771100	589534600	601997900
io-budget/formal-screen	ext4:cold-read:cache:4:4M:4K	baseline	3	data_ns	601771100	589534600	601997900
io-budget/formal-screen	ext4:cold-read:cache:4:4M:4K	baseline	3	sync_ns	0	0	0
io-budget/formal-screen	ext4:cold-read:cache:4:4M:4K	baseline	3	sync_calls	0	0	0
io-budget/formal-screen	ext4:cold-read:cache:4:4M:4K	baseline	3	verify_ns	254900	253200	257700
io-budget/formal-screen	ext4:cold-read:cache:4:4M:4K	baseline	3	cleanup_sync_ns	13200	12900	13800
io-budget/formal-screen	ext4:cold-read:cache:4:4M:4K	baseline	3	cleanup_sync_calls	0	0	0
io-budget/formal-screen	ext4:cold-read:cache:4:4M:4K	baseline	3	data_mib_s	26.588182782456652	26.57816580423287	27.14005250921659
io-budget/formal-screen	ext4:cold-read:cache:4:4M:4K	baseline	3	completion_mib_s	26.588182782456652	26.57816580423287	27.14005250921659
io-budget/formal-screen	ext4:cold-read:cache:4:4M:4K	baseline	3	file_completion_span_ns	521400	482800	521700
io-budget/formal-screen	ext4:cold-read:cache:4:4M:4K	ra0-wb1	3	bytes	16777216	16777216	16777216
io-budget/formal-screen	ext4:cold-read:cache:4:4M:4K	ra0-wb1	3	elapsed_ns	614375900	608983100	621823600
io-budget/formal-screen	ext4:cold-read:cache:4:4M:4K	ra0-wb1	3	data_ns	614375900	608983100	621823600
io-budget/formal-screen	ext4:cold-read:cache:4:4M:4K	ra0-wb1	3	sync_ns	0	0	0
io-budget/formal-screen	ext4:cold-read:cache:4:4M:4K	ra0-wb1	3	sync_calls	0	0	0
io-budget/formal-screen	ext4:cold-read:cache:4:4M:4K	ra0-wb1	3	verify_ns	267700	265000	272600
io-budget/formal-screen	ext4:cold-read:cache:4:4M:4K	ra0-wb1	3	cleanup_sync_ns	12900	12800	13000
io-budget/formal-screen	ext4:cold-read:cache:4:4M:4K	ra0-wb1	3	cleanup_sync_calls	0	0	0
io-budget/formal-screen	ext4:cold-read:cache:4:4M:4K	ra0-wb1	3	data_mib_s	26.042688197893177	25.730769948261855	26.273307091773155
io-budget/formal-screen	ext4:cold-read:cache:4:4M:4K	ra0-wb1	3	completion_mib_s	26.042688197893177	25.730769948261855	26.273307091773155
io-budget/formal-screen	ext4:cold-read:cache:4:4M:4K	ra0-wb1	3	file_completion_span_ns	535500	478800	681100
io-budget/formal-screen	ext4:cold-read:cache:4:4M:4K	ra0-wb2	3	bytes	16777216	16777216	16777216
io-budget/formal-screen	ext4:cold-read:cache:4:4M:4K	ra0-wb2	3	elapsed_ns	623824400	622818000	640276200
io-budget/formal-screen	ext4:cold-read:cache:4:4M:4K	ra0-wb2	3	data_ns	623824400	622818000	640276200
io-budget/formal-screen	ext4:cold-read:cache:4:4M:4K	ra0-wb2	3	sync_ns	0	0	0
io-budget/formal-screen	ext4:cold-read:cache:4:4M:4K	ra0-wb2	3	sync_calls	0	0	0
io-budget/formal-screen	ext4:cold-read:cache:4:4M:4K	ra0-wb2	3	verify_ns	257800	254000	261800
io-budget/formal-screen	ext4:cold-read:cache:4:4M:4K	ra0-wb2	3	cleanup_sync_ns	11900	11600	12800
io-budget/formal-screen	ext4:cold-read:cache:4:4M:4K	ra0-wb2	3	cleanup_sync_calls	0	0	0
io-budget/formal-screen	ext4:cold-read:cache:4:4M:4K	ra0-wb2	3	data_mib_s	25.648243319754727	24.98921559164623	25.689687838180657
io-budget/formal-screen	ext4:cold-read:cache:4:4M:4K	ra0-wb2	3	completion_mib_s	25.648243319754727	24.98921559164623	25.689687838180657
io-budget/formal-screen	ext4:cold-read:cache:4:4M:4K	ra0-wb2	3	file_completion_span_ns	490000	481900	502000
io-budget/formal-screen	ext4:cold-read:cache:4:4M:4K	ra0-wb4	3	bytes	16777216	16777216	16777216
io-budget/formal-screen	ext4:cold-read:cache:4:4M:4K	ra0-wb4	3	elapsed_ns	658443300	616165200	680395000
io-budget/formal-screen	ext4:cold-read:cache:4:4M:4K	ra0-wb4	3	data_ns	658443300	616165200	680395000
io-budget/formal-screen	ext4:cold-read:cache:4:4M:4K	ra0-wb4	3	sync_ns	0	0	0
io-budget/formal-screen	ext4:cold-read:cache:4:4M:4K	ra0-wb4	3	sync_calls	0	0	0
io-budget/formal-screen	ext4:cold-read:cache:4:4M:4K	ra0-wb4	3	verify_ns	267800	257100	304900
io-budget/formal-screen	ext4:cold-read:cache:4:4M:4K	ra0-wb4	3	cleanup_sync_ns	12900	12500	12900
io-budget/formal-screen	ext4:cold-read:cache:4:4M:4K	ra0-wb4	3	cleanup_sync_calls	0	0	0
io-budget/formal-screen	ext4:cold-read:cache:4:4M:4K	ra0-wb4	3	data_mib_s	24.299738489251848	23.515751879422982	25.96706208010449
io-budget/formal-screen	ext4:cold-read:cache:4:4M:4K	ra0-wb4	3	completion_mib_s	24.299738489251848	23.515751879422982	25.96706208010449
io-budget/formal-screen	ext4:cold-read:cache:4:4M:4K	ra0-wb4	3	file_completion_span_ns	535500	484700	539200
io-budget/formal-screen	ext4:cold-read:cache:4:4M:4K	ra0-wb8	3	bytes	16777216	16777216	16777216
io-budget/formal-screen	ext4:cold-read:cache:4:4M:4K	ra0-wb8	3	elapsed_ns	633446900	609176600	659451700
io-budget/formal-screen	ext4:cold-read:cache:4:4M:4K	ra0-wb8	3	data_ns	633446900	609176600	659451700
io-budget/formal-screen	ext4:cold-read:cache:4:4M:4K	ra0-wb8	3	sync_ns	0	0	0
io-budget/formal-screen	ext4:cold-read:cache:4:4M:4K	ra0-wb8	3	sync_calls	0	0	0
io-budget/formal-screen	ext4:cold-read:cache:4:4M:4K	ra0-wb8	3	verify_ns	270000	250300	273600
io-budget/formal-screen	ext4:cold-read:cache:4:4M:4K	ra0-wb8	3	cleanup_sync_ns	12800	12400	13300
io-budget/formal-screen	ext4:cold-read:cache:4:4M:4K	ra0-wb8	3	cleanup_sync_calls	0	0	0
io-budget/formal-screen	ext4:cold-read:cache:4:4M:4K	ra0-wb8	3	data_mib_s	25.258628623804142	24.262580565036075	26.264961589135236
io-budget/formal-screen	ext4:cold-read:cache:4:4M:4K	ra0-wb8	3	completion_mib_s	25.258628623804142	24.262580565036075	26.264961589135236
io-budget/formal-screen	ext4:cold-read:cache:4:4M:4K	ra0-wb8	3	file_completion_span_ns	510600	464600	706800
io-budget/formal-screen	ext4:cold-read:cache:4:4M:4K	ra1-wb1	3	bytes	16777216	16777216	16777216
io-budget/formal-screen	ext4:cold-read:cache:4:4M:4K	ra1-wb1	3	elapsed_ns	668356500	667167700	675715800
io-budget/formal-screen	ext4:cold-read:cache:4:4M:4K	ra1-wb1	3	data_ns	668356500	667167700	675715800
io-budget/formal-screen	ext4:cold-read:cache:4:4M:4K	ra1-wb1	3	sync_ns	0	0	0
io-budget/formal-screen	ext4:cold-read:cache:4:4M:4K	ra1-wb1	3	sync_calls	0	0	0
io-budget/formal-screen	ext4:cold-read:cache:4:4M:4K	ra1-wb1	3	verify_ns	243700	208800	340500
io-budget/formal-screen	ext4:cold-read:cache:4:4M:4K	ra1-wb1	3	cleanup_sync_ns	13000	12700	14300
io-budget/formal-screen	ext4:cold-read:cache:4:4M:4K	ra1-wb1	3	cleanup_sync_calls	0	0	0
io-budget/formal-screen	ext4:cold-read:cache:4:4M:4K	ra1-wb1	3	data_mib_s	23.939319809113847	23.6785938703816	23.981976345677406
io-budget/formal-screen	ext4:cold-read:cache:4:4M:4K	ra1-wb1	3	completion_mib_s	23.939319809113847	23.6785938703816	23.981976345677406
io-budget/formal-screen	ext4:cold-read:cache:4:4M:4K	ra1-wb1	3	file_completion_span_ns	620700	522100	687100
io-budget/formal-screen	ext4:cold-read:cache:4:4M:4K	ra1-wb2	3	bytes	16777216	16777216	16777216
io-budget/formal-screen	ext4:cold-read:cache:4:4M:4K	ra1-wb2	3	elapsed_ns	689049200	689038000	725848500
io-budget/formal-screen	ext4:cold-read:cache:4:4M:4K	ra1-wb2	3	data_ns	689049200	689038000	725848500
io-budget/formal-screen	ext4:cold-read:cache:4:4M:4K	ra1-wb2	3	sync_ns	0	0	0
io-budget/formal-screen	ext4:cold-read:cache:4:4M:4K	ra1-wb2	3	sync_calls	0	0	0
io-budget/formal-screen	ext4:cold-read:cache:4:4M:4K	ra1-wb2	3	verify_ns	219300	208200	220800
io-budget/formal-screen	ext4:cold-read:cache:4:4M:4K	ra1-wb2	3	cleanup_sync_ns	13100	12900	15900
io-budget/formal-screen	ext4:cold-read:cache:4:4M:4K	ra1-wb2	3	cleanup_sync_calls	0	0	0
io-budget/formal-screen	ext4:cold-read:cache:4:4M:4K	ra1-wb2	3	data_mib_s	23.220402839158655	22.043167410279143	23.220780276269235
io-budget/formal-screen	ext4:cold-read:cache:4:4M:4K	ra1-wb2	3	completion_mib_s	23.220402839158655	22.043167410279143	23.220780276269235
io-budget/formal-screen	ext4:cold-read:cache:4:4M:4K	ra1-wb2	3	file_completion_span_ns	603300	558500	834500
io-budget/formal-screen	ext4:cold-read:cache:4:4M:4K	ra1-wb4	3	bytes	16777216	16777216	16777216
io-budget/formal-screen	ext4:cold-read:cache:4:4M:4K	ra1-wb4	3	elapsed_ns	732123100	675159400	733131200
io-budget/formal-screen	ext4:cold-read:cache:4:4M:4K	ra1-wb4	3	data_ns	732123100	675159400	733131200
io-budget/formal-screen	ext4:cold-read:cache:4:4M:4K	ra1-wb4	3	sync_ns	0	0	0
io-budget/formal-screen	ext4:cold-read:cache:4:4M:4K	ra1-wb4	3	sync_calls	0	0	0
io-budget/formal-screen	ext4:cold-read:cache:4:4M:4K	ra1-wb4	3	verify_ns	212400	212000	215400
io-budget/formal-screen	ext4:cold-read:cache:4:4M:4K	ra1-wb4	3	cleanup_sync_ns	12800	12800	13100
io-budget/formal-screen	ext4:cold-read:cache:4:4M:4K	ra1-wb4	3	cleanup_sync_calls	0	0	0
io-budget/formal-screen	ext4:cold-read:cache:4:4M:4K	ra1-wb4	3	data_mib_s	21.8542482814707	21.82419736058157	23.698107439517244
io-budget/formal-screen	ext4:cold-read:cache:4:4M:4K	ra1-wb4	3	completion_mib_s	21.8542482814707	21.82419736058157	23.698107439517244
io-budget/formal-screen	ext4:cold-read:cache:4:4M:4K	ra1-wb4	3	file_completion_span_ns	496700	470500	580900
io-budget/formal-screen	ext4:cold-read:cache:4:4M:4K	ra1-wb8	3	bytes	16777216	16777216	16777216
io-budget/formal-screen	ext4:cold-read:cache:4:4M:4K	ra1-wb8	3	elapsed_ns	682544100	681038100	703980900
io-budget/formal-screen	ext4:cold-read:cache:4:4M:4K	ra1-wb8	3	data_ns	682544100	681038100	703980900
io-budget/formal-screen	ext4:cold-read:cache:4:4M:4K	ra1-wb8	3	sync_ns	0	0	0
io-budget/formal-screen	ext4:cold-read:cache:4:4M:4K	ra1-wb8	3	sync_calls	0	0	0
io-budget/formal-screen	ext4:cold-read:cache:4:4M:4K	ra1-wb8	3	verify_ns	207600	200500	207900
io-budget/formal-screen	ext4:cold-read:cache:4:4M:4K	ra1-wb8	3	cleanup_sync_ns	12900	11900	13100
io-budget/formal-screen	ext4:cold-read:cache:4:4M:4K	ra1-wb8	3	cleanup_sync_calls	0	0	0
io-budget/formal-screen	ext4:cold-read:cache:4:4M:4K	ra1-wb8	3	data_mib_s	23.441708748196636	22.727889350407093	23.493546102633612
io-budget/formal-screen	ext4:cold-read:cache:4:4M:4K	ra1-wb8	3	completion_mib_s	23.441708748196636	22.727889350407093	23.493546102633612
io-budget/formal-screen	ext4:cold-read:cache:4:4M:4K	ra1-wb8	3	file_completion_span_ns	592200	561300	653200
io-budget/formal-screen	ext4:cold-read:cache:4:4M:4K	ra2-wb1	3	bytes	16777216	16777216	16777216
io-budget/formal-screen	ext4:cold-read:cache:4:4M:4K	ra2-wb1	3	elapsed_ns	621338600	611905300	633828900
io-budget/formal-screen	ext4:cold-read:cache:4:4M:4K	ra2-wb1	3	data_ns	621338600	611905300	633828900
io-budget/formal-screen	ext4:cold-read:cache:4:4M:4K	ra2-wb1	3	sync_ns	0	0	0
io-budget/formal-screen	ext4:cold-read:cache:4:4M:4K	ra2-wb1	3	sync_calls	0	0	0
io-budget/formal-screen	ext4:cold-read:cache:4:4M:4K	ra2-wb1	3	verify_ns	212200	199100	704000
io-budget/formal-screen	ext4:cold-read:cache:4:4M:4K	ra2-wb1	3	cleanup_sync_ns	14200	12100	17000
io-budget/formal-screen	ext4:cold-read:cache:4:4M:4K	ra2-wb1	3	cleanup_sync_calls	0	0	0
io-budget/formal-screen	ext4:cold-read:cache:4:4M:4K	ra2-wb1	3	data_mib_s	25.750854686961343	25.243405594159558	26.1478369283613
io-budget/formal-screen	ext4:cold-read:cache:4:4M:4K	ra2-wb1	3	completion_mib_s	25.750854686961343	25.243405594159558	26.1478369283613
io-budget/formal-screen	ext4:cold-read:cache:4:4M:4K	ra2-wb1	3	file_completion_span_ns	311600	243300	527300
io-budget/formal-screen	ext4:cold-read:cache:4:4M:4K	ra2-wb2	3	bytes	16777216	16777216	16777216
io-budget/formal-screen	ext4:cold-read:cache:4:4M:4K	ra2-wb2	3	elapsed_ns	621453400	607148400	624924400
io-budget/formal-screen	ext4:cold-read:cache:4:4M:4K	ra2-wb2	3	data_ns	621453400	607148400	624924400
io-budget/formal-screen	ext4:cold-read:cache:4:4M:4K	ra2-wb2	3	sync_ns	0	0	0
io-budget/formal-screen	ext4:cold-read:cache:4:4M:4K	ra2-wb2	3	sync_calls	0	0	0
io-budget/formal-screen	ext4:cold-read:cache:4:4M:4K	ra2-wb2	3	verify_ns	202000	194700	204100
io-budget/formal-screen	ext4:cold-read:cache:4:4M:4K	ra2-wb2	3	cleanup_sync_ns	12500	11900	12800
io-budget/formal-screen	ext4:cold-read:cache:4:4M:4K	ra2-wb2	3	cleanup_sync_calls	0	0	0
io-budget/formal-screen	ext4:cold-read:cache:4:4M:4K	ra2-wb2	3	data_mib_s	25.74609777659918	25.603096950607146	26.352700591815772
io-budget/formal-screen	ext4:cold-read:cache:4:4M:4K	ra2-wb2	3	completion_mib_s	25.74609777659918	25.603096950607146	26.352700591815772
io-budget/formal-screen	ext4:cold-read:cache:4:4M:4K	ra2-wb2	3	file_completion_span_ns	508300	455100	657100
io-budget/formal-screen	ext4:cold-read:cache:4:4M:4K	ra2-wb4	3	bytes	16777216	16777216	16777216
io-budget/formal-screen	ext4:cold-read:cache:4:4M:4K	ra2-wb4	3	elapsed_ns	634012700	614397200	638228700
io-budget/formal-screen	ext4:cold-read:cache:4:4M:4K	ra2-wb4	3	data_ns	634012700	614397200	638228700
io-budget/formal-screen	ext4:cold-read:cache:4:4M:4K	ra2-wb4	3	sync_ns	0	0	0
io-budget/formal-screen	ext4:cold-read:cache:4:4M:4K	ra2-wb4	3	sync_calls	0	0	0
io-budget/formal-screen	ext4:cold-read:cache:4:4M:4K	ra2-wb4	3	verify_ns	211000	203800	215600
io-budget/formal-screen	ext4:cold-read:cache:4:4M:4K	ra2-wb4	3	cleanup_sync_ns	12800	12400	13300
io-budget/formal-screen	ext4:cold-read:cache:4:4M:4K	ra2-wb4	3	cleanup_sync_calls	0	0	0
io-budget/formal-screen	ext4:cold-read:cache:4:4M:4K	ra2-wb4	3	data_mib_s	25.236087542094978	25.0693834357496	26.04178534667801
io-budget/formal-screen	ext4:cold-read:cache:4:4M:4K	ra2-wb4	3	completion_mib_s	25.236087542094978	25.0693834357496	26.04178534667801
io-budget/formal-screen	ext4:cold-read:cache:4:4M:4K	ra2-wb4	3	file_completion_span_ns	547100	435000	632900
io-budget/formal-screen	ext4:cold-read:cache:4:4M:4K	ra2-wb8	3	bytes	16777216	16777216	16777216
io-budget/formal-screen	ext4:cold-read:cache:4:4M:4K	ra2-wb8	3	elapsed_ns	637209900	632725400	658106400
io-budget/formal-screen	ext4:cold-read:cache:4:4M:4K	ra2-wb8	3	data_ns	637209900	632725400	658106400
io-budget/formal-screen	ext4:cold-read:cache:4:4M:4K	ra2-wb8	3	sync_ns	0	0	0
io-budget/formal-screen	ext4:cold-read:cache:4:4M:4K	ra2-wb8	3	sync_calls	0	0	0
io-budget/formal-screen	ext4:cold-read:cache:4:4M:4K	ra2-wb8	3	verify_ns	216100	207800	250300
io-budget/formal-screen	ext4:cold-read:cache:4:4M:4K	ra2-wb8	3	cleanup_sync_ns	12800	12400	639500
io-budget/formal-screen	ext4:cold-read:cache:4:4M:4K	ra2-wb8	3	cleanup_sync_calls	0	0	0
io-budget/formal-screen	ext4:cold-read:cache:4:4M:4K	ra2-wb8	3	data_mib_s	25.109465499515938	24.312178091566956	25.28743116682213
io-budget/formal-screen	ext4:cold-read:cache:4:4M:4K	ra2-wb8	3	completion_mib_s	25.109465499515938	24.312178091566956	25.28743116682213
io-budget/formal-screen	ext4:cold-read:cache:4:4M:4K	ra2-wb8	3	file_completion_span_ns	442300	389100	580000
io-budget/formal-screen	ext4:cold-read:cache:4:4M:4K	ra4-wb1	3	bytes	16777216	16777216	16777216
io-budget/formal-screen	ext4:cold-read:cache:4:4M:4K	ra4-wb1	3	elapsed_ns	506657000	502421800	513863100
io-budget/formal-screen	ext4:cold-read:cache:4:4M:4K	ra4-wb1	3	data_ns	506657000	502421800	513863100
io-budget/formal-screen	ext4:cold-read:cache:4:4M:4K	ra4-wb1	3	sync_ns	0	0	0
io-budget/formal-screen	ext4:cold-read:cache:4:4M:4K	ra4-wb1	3	sync_calls	0	0	0
io-budget/formal-screen	ext4:cold-read:cache:4:4M:4K	ra4-wb1	3	verify_ns	215500	202300	220800
io-budget/formal-screen	ext4:cold-read:cache:4:4M:4K	ra4-wb1	3	cleanup_sync_ns	12600	11900	13400
io-budget/formal-screen	ext4:cold-read:cache:4:4M:4K	ra4-wb1	3	cleanup_sync_calls	0	0	0
io-budget/formal-screen	ext4:cold-read:cache:4:4M:4K	ra4-wb1	3	data_mib_s	31.579549872991	31.136697692439874	31.845751916019566
io-budget/formal-screen	ext4:cold-read:cache:4:4M:4K	ra4-wb1	3	completion_mib_s	31.579549872991	31.136697692439874	31.845751916019566
io-budget/formal-screen	ext4:cold-read:cache:4:4M:4K	ra4-wb1	3	file_completion_span_ns	351500	330600	510000
io-budget/formal-screen	ext4:cold-read:cache:4:4M:4K	ra4-wb2	3	bytes	16777216	16777216	16777216
io-budget/formal-screen	ext4:cold-read:cache:4:4M:4K	ra4-wb2	3	elapsed_ns	522950900	508976100	527099900
io-budget/formal-screen	ext4:cold-read:cache:4:4M:4K	ra4-wb2	3	data_ns	522950900	508976100	527099900
io-budget/formal-screen	ext4:cold-read:cache:4:4M:4K	ra4-wb2	3	sync_ns	0	0	0
io-budget/formal-screen	ext4:cold-read:cache:4:4M:4K	ra4-wb2	3	sync_calls	0	0	0
io-budget/formal-screen	ext4:cold-read:cache:4:4M:4K	ra4-wb2	3	verify_ns	217200	200300	294500
io-budget/formal-screen	ext4:cold-read:cache:4:4M:4K	ra4-wb2	3	cleanup_sync_ns	13400	12200	14200
io-budget/formal-screen	ext4:cold-read:cache:4:4M:4K	ra4-wb2	3	cleanup_sync_calls	0	0	0
io-budget/formal-screen	ext4:cold-read:cache:4:4M:4K	ra4-wb2	3	data_mib_s	30.595606585627827	30.35477714945497	31.435660731417446
io-budget/formal-screen	ext4:cold-read:cache:4:4M:4K	ra4-wb2	3	completion_mib_s	30.595606585627827	30.35477714945497	31.435660731417446
io-budget/formal-screen	ext4:cold-read:cache:4:4M:4K	ra4-wb2	3	file_completion_span_ns	551000	251300	735300
io-budget/formal-screen	ext4:cold-read:cache:4:4M:4K	ra4-wb4	3	bytes	16777216	16777216	16777216
io-budget/formal-screen	ext4:cold-read:cache:4:4M:4K	ra4-wb4	3	elapsed_ns	507369500	505482300	516863000
io-budget/formal-screen	ext4:cold-read:cache:4:4M:4K	ra4-wb4	3	data_ns	507369500	505482300	516863000
io-budget/formal-screen	ext4:cold-read:cache:4:4M:4K	ra4-wb4	3	sync_ns	0	0	0
io-budget/formal-screen	ext4:cold-read:cache:4:4M:4K	ra4-wb4	3	sync_calls	0	0	0
io-budget/formal-screen	ext4:cold-read:cache:4:4M:4K	ra4-wb4	3	verify_ns	203200	201300	205700
io-budget/formal-screen	ext4:cold-read:cache:4:4M:4K	ra4-wb4	3	cleanup_sync_ns	12600	12100	13300
io-budget/formal-screen	ext4:cold-read:cache:4:4M:4K	ra4-wb4	3	cleanup_sync_calls	0	0	0
io-budget/formal-screen	ext4:cold-read:cache:4:4M:4K	ra4-wb4	3	data_mib_s	31.535202648168642	30.955978663591708	31.65293819387939
io-budget/formal-screen	ext4:cold-read:cache:4:4M:4K	ra4-wb4	3	completion_mib_s	31.535202648168642	30.955978663591708	31.65293819387939
io-budget/formal-screen	ext4:cold-read:cache:4:4M:4K	ra4-wb4	3	file_completion_span_ns	249700	243100	513100
io-budget/formal-screen	ext4:cold-read:cache:4:4M:4K	ra4-wb8	3	bytes	16777216	16777216	16777216
io-budget/formal-screen	ext4:cold-read:cache:4:4M:4K	ra4-wb8	3	elapsed_ns	515845500	497784400	533301300
io-budget/formal-screen	ext4:cold-read:cache:4:4M:4K	ra4-wb8	3	data_ns	515845500	497784400	533301300
io-budget/formal-screen	ext4:cold-read:cache:4:4M:4K	ra4-wb8	3	sync_ns	0	0	0
io-budget/formal-screen	ext4:cold-read:cache:4:4M:4K	ra4-wb8	3	sync_calls	0	0	0
io-budget/formal-screen	ext4:cold-read:cache:4:4M:4K	ra4-wb8	3	verify_ns	217300	204400	364400
io-budget/formal-screen	ext4:cold-read:cache:4:4M:4K	ra4-wb8	3	cleanup_sync_ns	12900	12600	13200
io-budget/formal-screen	ext4:cold-read:cache:4:4M:4K	ra4-wb8	3	cleanup_sync_calls	0	0	0
io-budget/formal-screen	ext4:cold-read:cache:4:4M:4K	ra4-wb8	3	data_mib_s	31.017039016527235	30.00180198323162	32.142429533749954
io-budget/formal-screen	ext4:cold-read:cache:4:4M:4K	ra4-wb8	3	completion_mib_s	31.017039016527235	30.00180198323162	32.142429533749954
io-budget/formal-screen	ext4:cold-read:cache:4:4M:4K	ra4-wb8	3	file_completion_span_ns	570500	411600	587500
io-budget/formal-screen	ext4:cold-read:cache:4:4M:4K	ra8-wb1	3	bytes	16777216	16777216	16777216
io-budget/formal-screen	ext4:cold-read:cache:4:4M:4K	ra8-wb1	3	elapsed_ns	450371500	450046000	454485700
io-budget/formal-screen	ext4:cold-read:cache:4:4M:4K	ra8-wb1	3	data_ns	450371500	450046000	454485700
io-budget/formal-screen	ext4:cold-read:cache:4:4M:4K	ra8-wb1	3	sync_ns	0	0	0
io-budget/formal-screen	ext4:cold-read:cache:4:4M:4K	ra8-wb1	3	sync_calls	0	0	0
io-budget/formal-screen	ext4:cold-read:cache:4:4M:4K	ra8-wb1	3	verify_ns	216100	203500	281800
io-budget/formal-screen	ext4:cold-read:cache:4:4M:4K	ra8-wb1	3	cleanup_sync_ns	13100	13000	13500
io-budget/formal-screen	ext4:cold-read:cache:4:4M:4K	ra8-wb1	3	cleanup_sync_calls	0	0	0
io-budget/formal-screen	ext4:cold-read:cache:4:4M:4K	ra8-wb1	3	data_mib_s	35.52622668175051	35.20462800039693	35.55192135914995
io-budget/formal-screen	ext4:cold-read:cache:4:4M:4K	ra8-wb1	3	completion_mib_s	35.52622668175051	35.20462800039693	35.55192135914995
io-budget/formal-screen	ext4:cold-read:cache:4:4M:4K	ra8-wb1	3	file_completion_span_ns	410800	123300	567700
io-budget/formal-screen	ext4:cold-read:cache:4:4M:4K	ra8-wb2	3	bytes	16777216	16777216	16777216
io-budget/formal-screen	ext4:cold-read:cache:4:4M:4K	ra8-wb2	3	elapsed_ns	473263800	464634200	474198600
io-budget/formal-screen	ext4:cold-read:cache:4:4M:4K	ra8-wb2	3	data_ns	473263800	464634200	474198600
io-budget/formal-screen	ext4:cold-read:cache:4:4M:4K	ra8-wb2	3	sync_ns	0	0	0
io-budget/formal-screen	ext4:cold-read:cache:4:4M:4K	ra8-wb2	3	sync_calls	0	0	0
io-budget/formal-screen	ext4:cold-read:cache:4:4M:4K	ra8-wb2	3	verify_ns	199000	191800	203300
io-budget/formal-screen	ext4:cold-read:cache:4:4M:4K	ra8-wb2	3	cleanup_sync_ns	12600	12100	12900
io-budget/formal-screen	ext4:cold-read:cache:4:4M:4K	ra8-wb2	3	cleanup_sync_calls	0	0	0
io-budget/formal-screen	ext4:cold-read:cache:4:4M:4K	ra8-wb2	3	data_mib_s	33.80778331239364	33.74113715223959	34.435691561232474
io-budget/formal-screen	ext4:cold-read:cache:4:4M:4K	ra8-wb2	3	completion_mib_s	33.80778331239364	33.74113715223959	34.435691561232474
io-budget/formal-screen	ext4:cold-read:cache:4:4M:4K	ra8-wb2	3	file_completion_span_ns	123100	120800	532800
io-budget/formal-screen	ext4:cold-read:cache:4:4M:4K	ra8-wb4	3	bytes	16777216	16777216	16777216
io-budget/formal-screen	ext4:cold-read:cache:4:4M:4K	ra8-wb4	3	elapsed_ns	468379700	445262100	471148300
io-budget/formal-screen	ext4:cold-read:cache:4:4M:4K	ra8-wb4	3	data_ns	468379700	445262100	471148300
io-budget/formal-screen	ext4:cold-read:cache:4:4M:4K	ra8-wb4	3	sync_ns	0	0	0
io-budget/formal-screen	ext4:cold-read:cache:4:4M:4K	ra8-wb4	3	sync_calls	0	0	0
io-budget/formal-screen	ext4:cold-read:cache:4:4M:4K	ra8-wb4	3	verify_ns	202300	196700	209600
io-budget/formal-screen	ext4:cold-read:cache:4:4M:4K	ra8-wb4	3	cleanup_sync_ns	13000	12300	13100
io-budget/formal-screen	ext4:cold-read:cache:4:4M:4K	ra8-wb4	3	cleanup_sync_calls	0	0	0
io-budget/formal-screen	ext4:cold-read:cache:4:4M:4K	ra8-wb4	3	data_mib_s	34.16031907446032	33.959583426280005	35.933891521420755
io-budget/formal-screen	ext4:cold-read:cache:4:4M:4K	ra8-wb4	3	completion_mib_s	34.16031907446032	33.959583426280005	35.933891521420755
io-budget/formal-screen	ext4:cold-read:cache:4:4M:4K	ra8-wb4	3	file_completion_span_ns	126300	117900	383400
io-budget/formal-screen	ext4:cold-read:cache:4:4M:4K	ra8-wb8	3	bytes	16777216	16777216	16777216
io-budget/formal-screen	ext4:cold-read:cache:4:4M:4K	ra8-wb8	3	elapsed_ns	455465900	443426200	466165000
io-budget/formal-screen	ext4:cold-read:cache:4:4M:4K	ra8-wb8	3	data_ns	455465900	443426200	466165000
io-budget/formal-screen	ext4:cold-read:cache:4:4M:4K	ra8-wb8	3	sync_ns	0	0	0
io-budget/formal-screen	ext4:cold-read:cache:4:4M:4K	ra8-wb8	3	sync_calls	0	0	0
io-budget/formal-screen	ext4:cold-read:cache:4:4M:4K	ra8-wb8	3	verify_ns	206300	201900	206700
io-budget/formal-screen	ext4:cold-read:cache:4:4M:4K	ra8-wb8	3	cleanup_sync_ns	12900	11900	92000
io-budget/formal-screen	ext4:cold-read:cache:4:4M:4K	ra8-wb8	3	cleanup_sync_calls	0	0	0
io-budget/formal-screen	ext4:cold-read:cache:4:4M:4K	ra8-wb8	3	data_mib_s	35.128864751455595	34.32261109263887	36.08266719467636
io-budget/formal-screen	ext4:cold-read:cache:4:4M:4K	ra8-wb8	3	completion_mib_s	35.128864751455595	34.32261109263887	36.08266719467636
io-budget/formal-screen	ext4:cold-read:cache:4:4M:4K	ra8-wb8	3	file_completion_span_ns	126600	121300	367000
io-budget/formal-expanded	ext4:append:cache:1:1M:1K	baseline	3	bytes	1048576	1048576	1048576
io-budget/formal-expanded	ext4:append:cache:1:1M:1K	baseline	3	elapsed_ns	48708000	48449200	50876000
io-budget/formal-expanded	ext4:append:cache:1:1M:1K	baseline	3	data_ns	48708000	48449200	50876000
io-budget/formal-expanded	ext4:append:cache:1:1M:1K	baseline	3	sync_ns	0	0	0
io-budget/formal-expanded	ext4:append:cache:1:1M:1K	baseline	3	sync_calls	0	0	0
io-budget/formal-expanded	ext4:append:cache:1:1M:1K	baseline	3	verify_ns	8623400	6215800	9098400
io-budget/formal-expanded	ext4:append:cache:1:1M:1K	baseline	3	cleanup_sync_ns	195844600	190324500	208455600
io-budget/formal-expanded	ext4:append:cache:1:1M:1K	baseline	3	cleanup_sync_calls	1	1	1
io-budget/formal-expanded	ext4:append:cache:1:1M:1K	baseline	3	data_mib_s	20.530508335386383	19.65563330450507	20.640175689175468
io-budget/formal-expanded	ext4:append:cache:1:1M:1K	baseline	3	completion_mib_s	20.530508335386383	19.65563330450507	20.640175689175468
io-budget/formal-expanded	ext4:append:cache:1:1M:1K	baseline	3	file_completion_span_ns	0	0	0
io-budget/formal-expanded	ext4:append:cache:1:1M:1K	ra0-wb1	3	bytes	1048576	1048576	1048576
io-budget/formal-expanded	ext4:append:cache:1:1M:1K	ra0-wb1	3	elapsed_ns	49328600	48987200	50508800
io-budget/formal-expanded	ext4:append:cache:1:1M:1K	ra0-wb1	3	data_ns	49328600	48987200	50508800
io-budget/formal-expanded	ext4:append:cache:1:1M:1K	ra0-wb1	3	sync_ns	0	0	0
io-budget/formal-expanded	ext4:append:cache:1:1M:1K	ra0-wb1	3	sync_calls	0	0	0
io-budget/formal-expanded	ext4:append:cache:1:1M:1K	ra0-wb1	3	verify_ns	8667700	6509500	9130800
io-budget/formal-expanded	ext4:append:cache:1:1M:1K	ra0-wb1	3	cleanup_sync_ns	164547400	162984800	165036400
io-budget/formal-expanded	ext4:append:cache:1:1M:1K	ra0-wb1	3	cleanup_sync_calls	1	1	1
io-budget/formal-expanded	ext4:append:cache:1:1M:1K	ra0-wb1	3	data_mib_s	20.272215307144336	19.798530157121135	20.413495770323678
io-budget/formal-expanded	ext4:append:cache:1:1M:1K	ra0-wb1	3	completion_mib_s	20.272215307144336	19.798530157121135	20.413495770323678
io-budget/formal-expanded	ext4:append:cache:1:1M:1K	ra0-wb1	3	file_completion_span_ns	0	0	0
io-budget/formal-expanded	ext4:append:cache:1:1M:1K	ra0-wb8	3	bytes	1048576	1048576	1048576
io-budget/formal-expanded	ext4:append:cache:1:1M:1K	ra0-wb8	3	elapsed_ns	49384000	48796500	52585700
io-budget/formal-expanded	ext4:append:cache:1:1M:1K	ra0-wb8	3	data_ns	49384000	48796500	52585700
io-budget/formal-expanded	ext4:append:cache:1:1M:1K	ra0-wb8	3	sync_ns	0	0	0
io-budget/formal-expanded	ext4:append:cache:1:1M:1K	ra0-wb8	3	sync_calls	0	0	0
io-budget/formal-expanded	ext4:append:cache:1:1M:1K	ra0-wb8	3	verify_ns	8848900	8694100	9155400
io-budget/formal-expanded	ext4:append:cache:1:1M:1K	ra0-wb8	3	cleanup_sync_ns	130278000	115818900	136261700
io-budget/formal-expanded	ext4:append:cache:1:1M:1K	ra0-wb8	3	cleanup_sync_calls	1	1	1
io-budget/formal-expanded	ext4:append:cache:1:1M:1K	ra0-wb8	3	data_mib_s	20.249473513688645	19.016576749952932	20.49327308311047
io-budget/formal-expanded	ext4:append:cache:1:1M:1K	ra0-wb8	3	completion_mib_s	20.249473513688645	19.016576749952932	20.49327308311047
io-budget/formal-expanded	ext4:append:cache:1:1M:1K	ra0-wb8	3	file_completion_span_ns	0	0	0
io-budget/formal-expanded	ext4:append:cache:1:1M:1K	ra8-wb8	3	bytes	1048576	1048576	1048576
io-budget/formal-expanded	ext4:append:cache:1:1M:1K	ra8-wb8	3	elapsed_ns	50668400	49412400	52607100
io-budget/formal-expanded	ext4:append:cache:1:1M:1K	ra8-wb8	3	data_ns	50668400	49412400	52607100
io-budget/formal-expanded	ext4:append:cache:1:1M:1K	ra8-wb8	3	sync_ns	0	0	0
io-budget/formal-expanded	ext4:append:cache:1:1M:1K	ra8-wb8	3	sync_calls	0	0	0
io-budget/formal-expanded	ext4:append:cache:1:1M:1K	ra8-wb8	3	verify_ns	9406300	9369100	9631200
io-budget/formal-expanded	ext4:append:cache:1:1M:1K	ra8-wb8	3	cleanup_sync_ns	133550700	121717800	137727400
io-budget/formal-expanded	ext4:append:cache:1:1M:1K	ra8-wb8	3	cleanup_sync_calls	1	1	1
io-budget/formal-expanded	ext4:append:cache:1:1M:1K	ra8-wb8	3	data_mib_s	19.73616692060535	19.00884101195466	20.237835037359044
io-budget/formal-expanded	ext4:append:cache:1:1M:1K	ra8-wb8	3	completion_mib_s	19.73616692060535	19.00884101195466	20.237835037359044
io-budget/formal-expanded	ext4:append:cache:1:1M:1K	ra8-wb8	3	file_completion_span_ns	0	0	0
io-budget/formal-expanded	ext4:append:cache:1:1M:1K	linux	3	bytes	1048576	1048576	1048576
io-budget/formal-expanded	ext4:append:cache:1:1M:1K	linux	3	elapsed_ns	8896900	8497000	9034000
io-budget/formal-expanded	ext4:append:cache:1:1M:1K	linux	3	data_ns	8896900	8497000	9034000
io-budget/formal-expanded	ext4:append:cache:1:1M:1K	linux	3	sync_ns	0	0	0
io-budget/formal-expanded	ext4:append:cache:1:1M:1K	linux	3	sync_calls	0	0	0
io-budget/formal-expanded	ext4:append:cache:1:1M:1K	linux	3	verify_ns	3325300	3242700	3678900
io-budget/formal-expanded	ext4:append:cache:1:1M:1K	linux	3	cleanup_sync_ns	19369200	18484600	20236900
io-budget/formal-expanded	ext4:append:cache:1:1M:1K	linux	3	cleanup_sync_calls	1	1	1
io-budget/formal-expanded	ext4:append:cache:1:1M:1K	linux	3	data_mib_s	112.39870067102024	110.69293779056896	117.68859597505002
io-budget/formal-expanded	ext4:append:cache:1:1M:1K	linux	3	completion_mib_s	112.39870067102024	110.69293779056896	117.68859597505002
io-budget/formal-expanded	ext4:append:cache:1:1M:1K	linux	3	file_completion_span_ns	0	0	0
io-budget/formal-expanded	ext4:append:cache:1:1M:4K	baseline	3	bytes	1048576	1048576	1048576
io-budget/formal-expanded	ext4:append:cache:1:1M:4K	baseline	3	elapsed_ns	18779900	18731400	18922600
io-budget/formal-expanded	ext4:append:cache:1:1M:4K	baseline	3	data_ns	18779900	18731400	18922600
io-budget/formal-expanded	ext4:append:cache:1:1M:4K	baseline	3	sync_ns	0	0	0
io-budget/formal-expanded	ext4:append:cache:1:1M:4K	baseline	3	sync_calls	0	0	0
io-budget/formal-expanded	ext4:append:cache:1:1M:4K	baseline	3	verify_ns	7074200	6830700	8643000
io-budget/formal-expanded	ext4:append:cache:1:1M:4K	baseline	3	cleanup_sync_ns	184667100	182760500	188025000
io-budget/formal-expanded	ext4:append:cache:1:1M:4K	baseline	3	cleanup_sync_calls	1	1	1
io-budget/formal-expanded	ext4:append:cache:1:1M:4K	baseline	3	data_mib_s	53.24841985314086	52.84686036802554	53.386292535528575
io-budget/formal-expanded	ext4:append:cache:1:1M:4K	baseline	3	completion_mib_s	53.24841985314086	52.84686036802554	53.386292535528575
io-budget/formal-expanded	ext4:append:cache:1:1M:4K	baseline	3	file_completion_span_ns	0	0	0
io-budget/formal-expanded	ext4:append:cache:1:1M:4K	ra0-wb1	3	bytes	1048576	1048576	1048576
io-budget/formal-expanded	ext4:append:cache:1:1M:4K	ra0-wb1	3	elapsed_ns	18109600	18022900	18830400
io-budget/formal-expanded	ext4:append:cache:1:1M:4K	ra0-wb1	3	data_ns	18109600	18022900	18830400
io-budget/formal-expanded	ext4:append:cache:1:1M:4K	ra0-wb1	3	sync_ns	0	0	0
io-budget/formal-expanded	ext4:append:cache:1:1M:4K	ra0-wb1	3	sync_calls	0	0	0
io-budget/formal-expanded	ext4:append:cache:1:1M:4K	ra0-wb1	3	verify_ns	8905900	8440200	9089800
io-budget/formal-expanded	ext4:append:cache:1:1M:4K	ra0-wb1	3	cleanup_sync_ns	166513600	165081700	169720300
io-budget/formal-expanded	ext4:append:cache:1:1M:4K	ra0-wb1	3	cleanup_sync_calls	1	1	1
io-budget/formal-expanded	ext4:append:cache:1:1M:4K	ra0-wb1	3	data_mib_s	55.2193311834607	53.10561644999575	55.48496634836791
io-budget/formal-expanded	ext4:append:cache:1:1M:4K	ra0-wb1	3	completion_mib_s	55.2193311834607	53.10561644999575	55.48496634836791
io-budget/formal-expanded	ext4:append:cache:1:1M:4K	ra0-wb1	3	file_completion_span_ns	0	0	0
io-budget/formal-expanded	ext4:append:cache:1:1M:4K	ra0-wb8	3	bytes	1048576	1048576	1048576
io-budget/formal-expanded	ext4:append:cache:1:1M:4K	ra0-wb8	3	elapsed_ns	17820200	17694400	19325400
io-budget/formal-expanded	ext4:append:cache:1:1M:4K	ra0-wb8	3	data_ns	17820200	17694400	19325400
io-budget/formal-expanded	ext4:append:cache:1:1M:4K	ra0-wb8	3	sync_ns	0	0	0
io-budget/formal-expanded	ext4:append:cache:1:1M:4K	ra0-wb8	3	sync_calls	0	0	0
io-budget/formal-expanded	ext4:append:cache:1:1M:4K	ra0-wb8	3	verify_ns	8854700	8641300	9462400
io-budget/formal-expanded	ext4:append:cache:1:1M:4K	ra0-wb8	3	cleanup_sync_ns	117798800	111431700	119355500
io-budget/formal-expanded	ext4:append:cache:1:1M:4K	ra0-wb8	3	cleanup_sync_calls	1	1	1
io-budget/formal-expanded	ext4:append:cache:1:1M:4K	ra0-wb8	3	data_mib_s	56.11609297314284	51.74537137653037	56.51505561081472
io-budget/formal-expanded	ext4:append:cache:1:1M:4K	ra0-wb8	3	completion_mib_s	56.11609297314284	51.74537137653037	56.51505561081472
io-budget/formal-expanded	ext4:append:cache:1:1M:4K	ra0-wb8	3	file_completion_span_ns	0	0	0
io-budget/formal-expanded	ext4:append:cache:1:1M:4K	ra8-wb8	3	bytes	1048576	1048576	1048576
io-budget/formal-expanded	ext4:append:cache:1:1M:4K	ra8-wb8	3	elapsed_ns	18864000	18542200	19301100
io-budget/formal-expanded	ext4:append:cache:1:1M:4K	ra8-wb8	3	data_ns	18864000	18542200	19301100
io-budget/formal-expanded	ext4:append:cache:1:1M:4K	ra8-wb8	3	sync_ns	0	0	0
io-budget/formal-expanded	ext4:append:cache:1:1M:4K	ra8-wb8	3	sync_calls	0	0	0
io-budget/formal-expanded	ext4:append:cache:1:1M:4K	ra8-wb8	3	verify_ns	6877800	6867500	7598100
io-budget/formal-expanded	ext4:append:cache:1:1M:4K	ra8-wb8	3	cleanup_sync_ns	124383800	111427100	126785300
io-budget/formal-expanded	ext4:append:cache:1:1M:4K	ra8-wb8	3	cleanup_sync_calls	1	1	1
io-budget/formal-expanded	ext4:append:cache:1:1M:4K	ra8-wb8	3	data_mib_s	53.011026293469044	51.81051857148038	53.931032995005985
io-budget/formal-expanded	ext4:append:cache:1:1M:4K	ra8-wb8	3	completion_mib_s	53.011026293469044	51.81051857148038	53.931032995005985
io-budget/formal-expanded	ext4:append:cache:1:1M:4K	ra8-wb8	3	file_completion_span_ns	0	0	0
io-budget/formal-expanded	ext4:append:cache:1:1M:4K	linux	3	bytes	1048576	1048576	1048576
io-budget/formal-expanded	ext4:append:cache:1:1M:4K	linux	3	elapsed_ns	6298300	6082200	6298800
io-budget/formal-expanded	ext4:append:cache:1:1M:4K	linux	3	data_ns	6298300	6082200	6298800
io-budget/formal-expanded	ext4:append:cache:1:1M:4K	linux	3	sync_ns	0	0	0
io-budget/formal-expanded	ext4:append:cache:1:1M:4K	linux	3	sync_calls	0	0	0
io-budget/formal-expanded	ext4:append:cache:1:1M:4K	linux	3	verify_ns	3340300	3269200	3456700
io-budget/formal-expanded	ext4:append:cache:1:1M:4K	linux	3	cleanup_sync_ns	18992200	18255800	19887900
io-budget/formal-expanded	ext4:append:cache:1:1M:4K	linux	3	cleanup_sync_calls	1	1	1
io-budget/formal-expanded	ext4:append:cache:1:1M:4K	linux	3	data_mib_s	158.77300223869932	158.7603988061218	164.41419223307355
io-budget/formal-expanded	ext4:append:cache:1:1M:4K	linux	3	completion_mib_s	158.77300223869932	158.7603988061218	164.41419223307355
io-budget/formal-expanded	ext4:append:cache:1:1M:4K	linux	3	file_completion_span_ns	0	0	0
io-budget/formal-expanded	ext4:append:cache:1:1M:64K	baseline	3	bytes	1048576	1048576	1048576
io-budget/formal-expanded	ext4:append:cache:1:1M:64K	baseline	3	elapsed_ns	10969500	10738400	11250000
io-budget/formal-expanded	ext4:append:cache:1:1M:64K	baseline	3	data_ns	10969500	10738400	11250000
io-budget/formal-expanded	ext4:append:cache:1:1M:64K	baseline	3	sync_ns	0	0	0
io-budget/formal-expanded	ext4:append:cache:1:1M:64K	baseline	3	sync_calls	0	0	0
io-budget/formal-expanded	ext4:append:cache:1:1M:64K	baseline	3	verify_ns	7634500	5946300	7757100
io-budget/formal-expanded	ext4:append:cache:1:1M:64K	baseline	3	cleanup_sync_ns	195194900	193577900	198204500
io-budget/formal-expanded	ext4:append:cache:1:1M:64K	baseline	3	cleanup_sync_calls	1	1	1
io-budget/formal-expanded	ext4:append:cache:1:1M:64K	baseline	3	data_mib_s	91.16185787866357	88.88888888888889	93.12374282947181
io-budget/formal-expanded	ext4:append:cache:1:1M:64K	baseline	3	completion_mib_s	91.16185787866357	88.88888888888889	93.12374282947181
io-budget/formal-expanded	ext4:append:cache:1:1M:64K	baseline	3	file_completion_span_ns	0	0	0
io-budget/formal-expanded	ext4:append:cache:1:1M:64K	ra0-wb1	3	bytes	1048576	1048576	1048576
io-budget/formal-expanded	ext4:append:cache:1:1M:64K	ra0-wb1	3	elapsed_ns	10172100	9813000	10602900
io-budget/formal-expanded	ext4:append:cache:1:1M:64K	ra0-wb1	3	data_ns	10172100	9813000	10602900
io-budget/formal-expanded	ext4:append:cache:1:1M:64K	ra0-wb1	3	sync_ns	0	0	0
io-budget/formal-expanded	ext4:append:cache:1:1M:64K	ra0-wb1	3	sync_calls	0	0	0
io-budget/formal-expanded	ext4:append:cache:1:1M:64K	ra0-wb1	3	verify_ns	7867600	7682600	8042200
io-budget/formal-expanded	ext4:append:cache:1:1M:64K	ra0-wb1	3	cleanup_sync_ns	173307200	165609100	174024600
io-budget/formal-expanded	ext4:append:cache:1:1M:64K	ra0-wb1	3	cleanup_sync_calls	1	1	1
io-budget/formal-expanded	ext4:append:cache:1:1M:64K	ra0-wb1	3	data_mib_s	98.30811730124556	94.31381980401588	101.9056353816366
io-budget/formal-expanded	ext4:append:cache:1:1M:64K	ra0-wb1	3	completion_mib_s	98.30811730124556	94.31381980401588	101.9056353816366
io-budget/formal-expanded	ext4:append:cache:1:1M:64K	ra0-wb1	3	file_completion_span_ns	0	0	0
io-budget/formal-expanded	ext4:append:cache:1:1M:64K	ra0-wb8	3	bytes	1048576	1048576	1048576
io-budget/formal-expanded	ext4:append:cache:1:1M:64K	ra0-wb8	3	elapsed_ns	10551900	10088900	10704700
io-budget/formal-expanded	ext4:append:cache:1:1M:64K	ra0-wb8	3	data_ns	10551900	10088900	10704700
io-budget/formal-expanded	ext4:append:cache:1:1M:64K	ra0-wb8	3	sync_ns	0	0	0
io-budget/formal-expanded	ext4:append:cache:1:1M:64K	ra0-wb8	3	sync_calls	0	0	0
io-budget/formal-expanded	ext4:append:cache:1:1M:64K	ra0-wb8	3	verify_ns	7880100	5994600	8040800
io-budget/formal-expanded	ext4:append:cache:1:1M:64K	ra0-wb8	3	cleanup_sync_ns	127814200	115103300	130041500
io-budget/formal-expanded	ext4:append:cache:1:1M:64K	ra0-wb8	3	cleanup_sync_calls	1	1	1
io-budget/formal-expanded	ext4:append:cache:1:1M:64K	ra0-wb8	3	data_mib_s	94.7696623356931	93.41691032910778	99.11883356956655
io-budget/formal-expanded	ext4:append:cache:1:1M:64K	ra0-wb8	3	completion_mib_s	94.7696623356931	93.41691032910778	99.11883356956655
io-budget/formal-expanded	ext4:append:cache:1:1M:64K	ra0-wb8	3	file_completion_span_ns	0	0	0
io-budget/formal-expanded	ext4:append:cache:1:1M:64K	ra8-wb8	3	bytes	1048576	1048576	1048576
io-budget/formal-expanded	ext4:append:cache:1:1M:64K	ra8-wb8	3	elapsed_ns	10602100	10264500	11273800
io-budget/formal-expanded	ext4:append:cache:1:1M:64K	ra8-wb8	3	data_ns	10602100	10264500	11273800
io-budget/formal-expanded	ext4:append:cache:1:1M:64K	ra8-wb8	3	sync_ns	0	0	0
io-budget/formal-expanded	ext4:append:cache:1:1M:64K	ra8-wb8	3	sync_calls	0	0	0
io-budget/formal-expanded	ext4:append:cache:1:1M:64K	ra8-wb8	3	verify_ns	8629300	6930900	8780200
io-budget/formal-expanded	ext4:append:cache:1:1M:64K	ra8-wb8	3	cleanup_sync_ns	128826500	126446600	129942900
io-budget/formal-expanded	ext4:append:cache:1:1M:64K	ra8-wb8	3	cleanup_sync_calls	1	1	1
io-budget/formal-expanded	ext4:append:cache:1:1M:64K	ra8-wb8	3	data_mib_s	94.32093641825676	88.70123649523674	97.42315748453407
io-budget/formal-expanded	ext4:append:cache:1:1M:64K	ra8-wb8	3	completion_mib_s	94.32093641825676	88.70123649523674	97.42315748453407
io-budget/formal-expanded	ext4:append:cache:1:1M:64K	ra8-wb8	3	file_completion_span_ns	0	0	0
io-budget/formal-expanded	ext4:append:cache:1:1M:64K	linux	3	bytes	1048576	1048576	1048576
io-budget/formal-expanded	ext4:append:cache:1:1M:64K	linux	3	elapsed_ns	5891800	5875300	6315200
io-budget/formal-expanded	ext4:append:cache:1:1M:64K	linux	3	data_ns	5891800	5875300	6315200
io-budget/formal-expanded	ext4:append:cache:1:1M:64K	linux	3	sync_ns	0	0	0
io-budget/formal-expanded	ext4:append:cache:1:1M:64K	linux	3	sync_calls	0	0	0
io-budget/formal-expanded	ext4:append:cache:1:1M:64K	linux	3	verify_ns	3276100	3273300	3342000
io-budget/formal-expanded	ext4:append:cache:1:1M:64K	linux	3	cleanup_sync_ns	19243200	19016200	19710300
io-budget/formal-expanded	ext4:append:cache:1:1M:64K	linux	3	cleanup_sync_calls	1	1	1
io-budget/formal-expanded	ext4:append:cache:1:1M:64K	linux	3	data_mib_s	169.7274177670661	158.34811249049912	170.20407468554797
io-budget/formal-expanded	ext4:append:cache:1:1M:64K	linux	3	completion_mib_s	169.7274177670661	158.34811249049912	170.20407468554797
io-budget/formal-expanded	ext4:append:cache:1:1M:64K	linux	3	file_completion_span_ns	0	0	0
io-budget/formal-expanded	ext4:append:cache:1:4M:1K	baseline	3	bytes	4194304	4194304	4194304
io-budget/formal-expanded	ext4:append:cache:1:4M:1K	baseline	3	elapsed_ns	228353400	207096700	228849700
io-budget/formal-expanded	ext4:append:cache:1:4M:1K	baseline	3	data_ns	228353400	207096700	228849700
io-budget/formal-expanded	ext4:append:cache:1:4M:1K	baseline	3	sync_ns	0	0	0
io-budget/formal-expanded	ext4:append:cache:1:4M:1K	baseline	3	sync_calls	0	0	0
io-budget/formal-expanded	ext4:append:cache:1:4M:1K	baseline	3	verify_ns	25466800	24423800	25591800
io-budget/formal-expanded	ext4:append:cache:1:4M:1K	baseline	3	cleanup_sync_ns	726007300	715296900	731543800
io-budget/formal-expanded	ext4:append:cache:1:4M:1K	baseline	3	cleanup_sync_calls	1	1	1
io-budget/formal-expanded	ext4:append:cache:1:4M:1K	baseline	3	data_mib_s	17.51670875055944	17.478720749907033	19.31464866412647
io-budget/formal-expanded	ext4:append:cache:1:4M:1K	baseline	3	completion_mib_s	17.51670875055944	17.478720749907033	19.31464866412647
io-budget/formal-expanded	ext4:append:cache:1:4M:1K	baseline	3	file_completion_span_ns	0	0	0
io-budget/formal-expanded	ext4:append:cache:1:4M:1K	ra0-wb1	3	bytes	4194304	4194304	4194304
io-budget/formal-expanded	ext4:append:cache:1:4M:1K	ra0-wb1	3	elapsed_ns	201616900	193803400	207578900
io-budget/formal-expanded	ext4:append:cache:1:4M:1K	ra0-wb1	3	data_ns	201616900	193803400	207578900
io-budget/formal-expanded	ext4:append:cache:1:4M:1K	ra0-wb1	3	sync_ns	0	0	0
io-budget/formal-expanded	ext4:append:cache:1:4M:1K	ra0-wb1	3	sync_calls	0	0	0
io-budget/formal-expanded	ext4:append:cache:1:4M:1K	ra0-wb1	3	verify_ns	24448400	22893000	24693500
io-budget/formal-expanded	ext4:append:cache:1:4M:1K	ra0-wb1	3	cleanup_sync_ns	619893200	618143000	624099000
io-budget/formal-expanded	ext4:append:cache:1:4M:1K	ra0-wb1	3	cleanup_sync_calls	1	1	1
io-budget/formal-expanded	ext4:append:cache:1:4M:1K	ra0-wb1	3	data_mib_s	19.839606699636786	19.26978127353021	20.639472785307174
io-budget/formal-expanded	ext4:append:cache:1:4M:1K	ra0-wb1	3	completion_mib_s	19.839606699636786	19.26978127353021	20.639472785307174
io-budget/formal-expanded	ext4:append:cache:1:4M:1K	ra0-wb1	3	file_completion_span_ns	0	0	0
io-budget/formal-expanded	ext4:append:cache:1:4M:1K	ra0-wb8	3	bytes	4194304	4194304	4194304
io-budget/formal-expanded	ext4:append:cache:1:4M:1K	ra0-wb8	3	elapsed_ns	201121600	199628700	202713100
io-budget/formal-expanded	ext4:append:cache:1:4M:1K	ra0-wb8	3	data_ns	201121600	199628700	202713100
io-budget/formal-expanded	ext4:append:cache:1:4M:1K	ra0-wb8	3	sync_ns	0	0	0
io-budget/formal-expanded	ext4:append:cache:1:4M:1K	ra0-wb8	3	sync_calls	0	0	0
io-budget/formal-expanded	ext4:append:cache:1:4M:1K	ra0-wb8	3	verify_ns	23888200	23574000	24143400
io-budget/formal-expanded	ext4:append:cache:1:4M:1K	ra0-wb8	3	cleanup_sync_ns	474012100	464472200	488349000
io-budget/formal-expanded	ext4:append:cache:1:4M:1K	ra0-wb8	3	cleanup_sync_calls	1	1	1
io-budget/formal-expanded	ext4:append:cache:1:4M:1K	ra0-wb8	3	data_mib_s	19.888465485556996	19.732321196804744	20.03719906005499
io-budget/formal-expanded	ext4:append:cache:1:4M:1K	ra0-wb8	3	completion_mib_s	19.888465485556996	19.732321196804744	20.03719906005499
io-budget/formal-expanded	ext4:append:cache:1:4M:1K	ra0-wb8	3	file_completion_span_ns	0	0	0
io-budget/formal-expanded	ext4:append:cache:1:4M:1K	ra8-wb8	3	bytes	4194304	4194304	4194304
io-budget/formal-expanded	ext4:append:cache:1:4M:1K	ra8-wb8	3	elapsed_ns	196113200	195499700	199544900
io-budget/formal-expanded	ext4:append:cache:1:4M:1K	ra8-wb8	3	data_ns	196113200	195499700	199544900
io-budget/formal-expanded	ext4:append:cache:1:4M:1K	ra8-wb8	3	sync_ns	0	0	0
io-budget/formal-expanded	ext4:append:cache:1:4M:1K	ra8-wb8	3	sync_calls	0	0	0
io-budget/formal-expanded	ext4:append:cache:1:4M:1K	ra8-wb8	3	verify_ns	25537400	23874400	26151800
io-budget/formal-expanded	ext4:append:cache:1:4M:1K	ra8-wb8	3	cleanup_sync_ns	484614800	461995700	491103500
io-budget/formal-expanded	ext4:append:cache:1:4M:1K	ra8-wb8	3	cleanup_sync_calls	1	1	1
io-budget/formal-expanded	ext4:append:cache:1:4M:1K	ra8-wb8	3	data_mib_s	20.396383313310885	20.045613794188675	20.46038945328305
io-budget/formal-expanded	ext4:append:cache:1:4M:1K	ra8-wb8	3	completion_mib_s	20.396383313310885	20.045613794188675	20.46038945328305
io-budget/formal-expanded	ext4:append:cache:1:4M:1K	ra8-wb8	3	file_completion_span_ns	0	0	0
io-budget/formal-expanded	ext4:append:cache:1:4M:1K	linux	3	bytes	4194304	4194304	4194304
io-budget/formal-expanded	ext4:append:cache:1:4M:1K	linux	3	elapsed_ns	26254400	25882900	26664500
io-budget/formal-expanded	ext4:append:cache:1:4M:1K	linux	3	data_ns	26254400	25882900	26664500
io-budget/formal-expanded	ext4:append:cache:1:4M:1K	linux	3	sync_ns	0	0	0
io-budget/formal-expanded	ext4:append:cache:1:4M:1K	linux	3	sync_calls	0	0	0
io-budget/formal-expanded	ext4:append:cache:1:4M:1K	linux	3	verify_ns	12149400	11932600	12336200
io-budget/formal-expanded	ext4:append:cache:1:4M:1K	linux	3	cleanup_sync_ns	25752100	25356100	26533000
io-budget/formal-expanded	ext4:append:cache:1:4M:1K	linux	3	cleanup_sync_calls	1	1	1
io-budget/formal-expanded	ext4:append:cache:1:4M:1K	linux	3	data_mib_s	152.35541471143884	150.01218849031483	154.54218808557002
io-budget/formal-expanded	ext4:append:cache:1:4M:1K	linux	3	completion_mib_s	152.35541471143884	150.01218849031483	154.54218808557002
io-budget/formal-expanded	ext4:append:cache:1:4M:1K	linux	3	file_completion_span_ns	0	0	0
io-budget/formal-expanded	ext4:append:cache:1:4M:4K	baseline	3	bytes	4194304	4194304	4194304
io-budget/formal-expanded	ext4:append:cache:1:4M:4K	baseline	3	elapsed_ns	73315800	73293300	74919300
io-budget/formal-expanded	ext4:append:cache:1:4M:4K	baseline	3	data_ns	73315800	73293300	74919300
io-budget/formal-expanded	ext4:append:cache:1:4M:4K	baseline	3	sync_ns	0	0	0
io-budget/formal-expanded	ext4:append:cache:1:4M:4K	baseline	3	sync_calls	0	0	0
io-budget/formal-expanded	ext4:append:cache:1:4M:4K	baseline	3	verify_ns	26650000	24470600	28101900
io-budget/formal-expanded	ext4:append:cache:1:4M:4K	baseline	3	cleanup_sync_ns	742308000	695478400	744882000
io-budget/formal-expanded	ext4:append:cache:1:4M:4K	baseline	3	cleanup_sync_calls	1	1	1
io-budget/formal-expanded	ext4:append:cache:1:4M:4K	baseline	3	data_mib_s	54.558498986575884	53.390781814565806	54.57524766929583
io-budget/formal-expanded	ext4:append:cache:1:4M:4K	baseline	3	completion_mib_s	54.558498986575884	53.390781814565806	54.57524766929583
io-budget/formal-expanded	ext4:append:cache:1:4M:4K	baseline	3	file_completion_span_ns	0	0	0
io-budget/formal-expanded	ext4:append:cache:1:4M:4K	ra0-wb1	3	bytes	4194304	4194304	4194304
io-budget/formal-expanded	ext4:append:cache:1:4M:4K	ra0-wb1	3	elapsed_ns	65943200	65836000	69021500
io-budget/formal-expanded	ext4:append:cache:1:4M:4K	ra0-wb1	3	data_ns	65943200	65836000	69021500
io-budget/formal-expanded	ext4:append:cache:1:4M:4K	ra0-wb1	3	sync_ns	0	0	0
io-budget/formal-expanded	ext4:append:cache:1:4M:4K	ra0-wb1	3	sync_calls	0	0	0
io-budget/formal-expanded	ext4:append:cache:1:4M:4K	ra0-wb1	3	verify_ns	26105300	25403000	28292100
io-budget/formal-expanded	ext4:append:cache:1:4M:4K	ra0-wb1	3	cleanup_sync_ns	630170400	628639000	645802000
io-budget/formal-expanded	ext4:append:cache:1:4M:4K	ra0-wb1	3	cleanup_sync_calls	1	1	1
io-budget/formal-expanded	ext4:append:cache:1:4M:4K	ra0-wb1	3	data_mib_s	60.658263475233234	57.95295668740899	60.757032626526524
io-budget/formal-expanded	ext4:append:cache:1:4M:4K	ra0-wb1	3	completion_mib_s	60.658263475233234	57.95295668740899	60.757032626526524
io-budget/formal-expanded	ext4:append:cache:1:4M:4K	ra0-wb1	3	file_completion_span_ns	0	0	0
io-budget/formal-expanded	ext4:append:cache:1:4M:4K	ra0-wb8	3	bytes	4194304	4194304	4194304
io-budget/formal-expanded	ext4:append:cache:1:4M:4K	ra0-wb8	3	elapsed_ns	66278300	65953800	66639000
io-budget/formal-expanded	ext4:append:cache:1:4M:4K	ra0-wb8	3	data_ns	66278300	65953800	66639000
io-budget/formal-expanded	ext4:append:cache:1:4M:4K	ra0-wb8	3	sync_ns	0	0	0
io-budget/formal-expanded	ext4:append:cache:1:4M:4K	ra0-wb8	3	sync_calls	0	0	0
io-budget/formal-expanded	ext4:append:cache:1:4M:4K	ra0-wb8	3	verify_ns	29121900	26780800	29163900
io-budget/formal-expanded	ext4:append:cache:1:4M:4K	ra0-wb8	3	cleanup_sync_ns	497388200	484375700	499737600
io-budget/formal-expanded	ext4:append:cache:1:4M:4K	ra0-wb8	3	cleanup_sync_calls	1	1	1
io-budget/formal-expanded	ext4:append:cache:1:4M:4K	ra0-wb8	3	data_mib_s	60.35157811832832	60.02491033779018	60.648514566256985
io-budget/formal-expanded	ext4:append:cache:1:4M:4K	ra0-wb8	3	completion_mib_s	60.35157811832832	60.02491033779018	60.648514566256985
io-budget/formal-expanded	ext4:append:cache:1:4M:4K	ra0-wb8	3	file_completion_span_ns	0	0	0
io-budget/formal-expanded	ext4:append:cache:1:4M:4K	ra8-wb8	3	bytes	4194304	4194304	4194304
io-budget/formal-expanded	ext4:append:cache:1:4M:4K	ra8-wb8	3	elapsed_ns	67874300	67858600	68109200
io-budget/formal-expanded	ext4:append:cache:1:4M:4K	ra8-wb8	3	data_ns	67874300	67858600	68109200
io-budget/formal-expanded	ext4:append:cache:1:4M:4K	ra8-wb8	3	sync_ns	0	0	0
io-budget/formal-expanded	ext4:append:cache:1:4M:4K	ra8-wb8	3	sync_calls	0	0	0
io-budget/formal-expanded	ext4:append:cache:1:4M:4K	ra8-wb8	3	verify_ns	26239400	26086900	26608700
io-budget/formal-expanded	ext4:append:cache:1:4M:4K	ra8-wb8	3	cleanup_sync_ns	493763800	487654200	500792100
io-budget/formal-expanded	ext4:append:cache:1:4M:4K	ra8-wb8	3	cleanup_sync_calls	1	1	1
io-budget/formal-expanded	ext4:append:cache:1:4M:4K	ra8-wb8	3	data_mib_s	58.93246781182274	58.72921719826397	58.94610263105929
io-budget/formal-expanded	ext4:append:cache:1:4M:4K	ra8-wb8	3	completion_mib_s	58.93246781182274	58.72921719826397	58.94610263105929
io-budget/formal-expanded	ext4:append:cache:1:4M:4K	ra8-wb8	3	file_completion_span_ns	0	0	0
io-budget/formal-expanded	ext4:append:cache:1:4M:4K	linux	3	bytes	4194304	4194304	4194304
io-budget/formal-expanded	ext4:append:cache:1:4M:4K	linux	3	elapsed_ns	17861400	17206900	18596700
io-budget/formal-expanded	ext4:append:cache:1:4M:4K	linux	3	data_ns	17861400	17206900	18596700
io-budget/formal-expanded	ext4:append:cache:1:4M:4K	linux	3	sync_ns	0	0	0
io-budget/formal-expanded	ext4:append:cache:1:4M:4K	linux	3	sync_calls	0	0	0
io-budget/formal-expanded	ext4:append:cache:1:4M:4K	linux	3	verify_ns	12808200	12218300	12873500
io-budget/formal-expanded	ext4:append:cache:1:4M:4K	linux	3	cleanup_sync_ns	26061400	24081600	27182200
io-budget/formal-expanded	ext4:append:cache:1:4M:4K	linux	3	cleanup_sync_calls	1	1	1
io-budget/formal-expanded	ext4:append:cache:1:4M:4K	linux	3	data_mib_s	223.94661112790712	215.09192491140902	232.46488327357048
io-budget/formal-expanded	ext4:append:cache:1:4M:4K	linux	3	completion_mib_s	223.94661112790712	215.09192491140902	232.46488327357048
io-budget/formal-expanded	ext4:append:cache:1:4M:4K	linux	3	file_completion_span_ns	0	0	0
io-budget/formal-expanded	ext4:append:cache:1:4M:64K	baseline	3	bytes	4194304	4194304	4194304
io-budget/formal-expanded	ext4:append:cache:1:4M:64K	baseline	3	elapsed_ns	37518000	37257300	40104900
io-budget/formal-expanded	ext4:append:cache:1:4M:64K	baseline	3	data_ns	37518000	37257300	40104900
io-budget/formal-expanded	ext4:append:cache:1:4M:64K	baseline	3	sync_ns	0	0	0
io-budget/formal-expanded	ext4:append:cache:1:4M:64K	baseline	3	sync_calls	0	0	0
io-budget/formal-expanded	ext4:append:cache:1:4M:64K	baseline	3	verify_ns	24014500	23616200	24455000
io-budget/formal-expanded	ext4:append:cache:1:4M:64K	baseline	3	cleanup_sync_ns	741190200	737462800	748933300
io-budget/formal-expanded	ext4:append:cache:1:4M:64K	baseline	3	cleanup_sync_calls	1	1	1
io-budget/formal-expanded	ext4:append:cache:1:4M:64K	baseline	3	data_mib_s	106.61549123087585	99.73843595171662	107.36151036172777
io-budget/formal-expanded	ext4:append:cache:1:4M:64K	baseline	3	completion_mib_s	106.61549123087585	99.73843595171662	107.36151036172777
io-budget/formal-expanded	ext4:append:cache:1:4M:64K	baseline	3	file_completion_span_ns	0	0	0
io-budget/formal-expanded	ext4:append:cache:1:4M:64K	ra0-wb1	3	bytes	4194304	4194304	4194304
io-budget/formal-expanded	ext4:append:cache:1:4M:64K	ra0-wb1	3	elapsed_ns	33946000	32884100	34631300
io-budget/formal-expanded	ext4:append:cache:1:4M:64K	ra0-wb1	3	data_ns	33946000	32884100	34631300
io-budget/formal-expanded	ext4:append:cache:1:4M:64K	ra0-wb1	3	sync_ns	0	0	0
io-budget/formal-expanded	ext4:append:cache:1:4M:64K	ra0-wb1	3	sync_calls	0	0	0
io-budget/formal-expanded	ext4:append:cache:1:4M:64K	ra0-wb1	3	verify_ns	24133000	22345200	24531100
io-budget/formal-expanded	ext4:append:cache:1:4M:64K	ra0-wb1	3	cleanup_sync_ns	615520200	593890600	618014300
io-budget/formal-expanded	ext4:append:cache:1:4M:64K	ra0-wb1	3	cleanup_sync_calls	1	1	1
io-budget/formal-expanded	ext4:append:cache:1:4M:64K	ra0-wb1	3	data_mib_s	117.83420727037058	115.50245009572265	121.63933329481421
io-budget/formal-expanded	ext4:append:cache:1:4M:64K	ra0-wb1	3	completion_mib_s	117.83420727037058	115.50245009572265	121.63933329481421
io-budget/formal-expanded	ext4:append:cache:1:4M:64K	ra0-wb1	3	file_completion_span_ns	0	0	0
io-budget/formal-expanded	ext4:append:cache:1:4M:64K	ra0-wb8	3	bytes	4194304	4194304	4194304
io-budget/formal-expanded	ext4:append:cache:1:4M:64K	ra0-wb8	3	elapsed_ns	32862700	32186700	33114400
io-budget/formal-expanded	ext4:append:cache:1:4M:64K	ra0-wb8	3	data_ns	32862700	32186700	33114400
io-budget/formal-expanded	ext4:append:cache:1:4M:64K	ra0-wb8	3	sync_ns	0	0	0
io-budget/formal-expanded	ext4:append:cache:1:4M:64K	ra0-wb8	3	sync_calls	0	0	0
io-budget/formal-expanded	ext4:append:cache:1:4M:64K	ra0-wb8	3	verify_ns	24129300	23723100	25170900
io-budget/formal-expanded	ext4:append:cache:1:4M:64K	ra0-wb8	3	cleanup_sync_ns	477690000	468708700	487258600
io-budget/formal-expanded	ext4:append:cache:1:4M:64K	ra0-wb8	3	cleanup_sync_calls	1	1	1
io-budget/formal-expanded	ext4:append:cache:1:4M:64K	ra0-wb8	3	data_mib_s	121.71854412449373	120.79337085980721	124.27493343523878
io-budget/formal-expanded	ext4:append:cache:1:4M:64K	ra0-wb8	3	completion_mib_s	121.71854412449373	120.79337085980721	124.27493343523878
io-budget/formal-expanded	ext4:append:cache:1:4M:64K	ra0-wb8	3	file_completion_span_ns	0	0	0
io-budget/formal-expanded	ext4:append:cache:1:4M:64K	ra8-wb8	3	bytes	4194304	4194304	4194304
io-budget/formal-expanded	ext4:append:cache:1:4M:64K	ra8-wb8	3	elapsed_ns	32899600	32138400	35649500
io-budget/formal-expanded	ext4:append:cache:1:4M:64K	ra8-wb8	3	data_ns	32899600	32138400	35649500
io-budget/formal-expanded	ext4:append:cache:1:4M:64K	ra8-wb8	3	sync_ns	0	0	0
io-budget/formal-expanded	ext4:append:cache:1:4M:64K	ra8-wb8	3	sync_calls	0	0	0
io-budget/formal-expanded	ext4:append:cache:1:4M:64K	ra8-wb8	3	verify_ns	25604600	25589100	26481800
io-budget/formal-expanded	ext4:append:cache:1:4M:64K	ra8-wb8	3	cleanup_sync_ns	477058300	444874600	487363900
io-budget/formal-expanded	ext4:append:cache:1:4M:64K	ra8-wb8	3	cleanup_sync_calls	1	1	1
io-budget/formal-expanded	ext4:append:cache:1:4M:64K	ra8-wb8	3	data_mib_s	121.58202531337767	112.20353721651075	124.46170313394569
io-budget/formal-expanded	ext4:append:cache:1:4M:64K	ra8-wb8	3	completion_mib_s	121.58202531337767	112.20353721651075	124.46170313394569
io-budget/formal-expanded	ext4:append:cache:1:4M:64K	ra8-wb8	3	file_completion_span_ns	0	0	0
io-budget/formal-expanded	ext4:append:cache:1:4M:64K	linux	3	bytes	4194304	4194304	4194304
io-budget/formal-expanded	ext4:append:cache:1:4M:64K	linux	3	elapsed_ns	15332400	15165400	16107200
io-budget/formal-expanded	ext4:append:cache:1:4M:64K	linux	3	data_ns	15332400	15165400	16107200
io-budget/formal-expanded	ext4:append:cache:1:4M:64K	linux	3	sync_ns	0	0	0
io-budget/formal-expanded	ext4:append:cache:1:4M:64K	linux	3	sync_calls	0	0	0
io-budget/formal-expanded	ext4:append:cache:1:4M:64K	linux	3	verify_ns	12126100	12022500	12663700
io-budget/formal-expanded	ext4:append:cache:1:4M:64K	linux	3	cleanup_sync_ns	24986700	24655200	27907300
io-budget/formal-expanded	ext4:append:cache:1:4M:64K	linux	3	cleanup_sync_calls	1	1	1
io-budget/formal-expanded	ext4:append:cache:1:4M:64K	linux	3	data_mib_s	260.88544520101226	248.33614780967517	263.7582919013017
io-budget/formal-expanded	ext4:append:cache:1:4M:64K	linux	3	completion_mib_s	260.88544520101226	248.33614780967517	263.7582919013017
io-budget/formal-expanded	ext4:append:cache:1:4M:64K	linux	3	file_completion_span_ns	0	0	0
io-budget/formal-expanded	ext4:append:cache:1:16M:1K	baseline	3	bytes	16777216	16777216	16777216
io-budget/formal-expanded	ext4:append:cache:1:16M:1K	baseline	3	elapsed_ns	1387236900	1261306500	1423723300
io-budget/formal-expanded	ext4:append:cache:1:16M:1K	baseline	3	data_ns	1387236900	1261306500	1423723300
io-budget/formal-expanded	ext4:append:cache:1:16M:1K	baseline	3	sync_ns	0	0	0
io-budget/formal-expanded	ext4:append:cache:1:16M:1K	baseline	3	sync_calls	0	0	0
io-budget/formal-expanded	ext4:append:cache:1:16M:1K	baseline	3	verify_ns	89845900	89358400	91221100
io-budget/formal-expanded	ext4:append:cache:1:16M:1K	baseline	3	cleanup_sync_ns	3155060800	3073018200	3168132400
io-budget/formal-expanded	ext4:append:cache:1:16M:1K	baseline	3	cleanup_sync_calls	1	1	1
io-budget/formal-expanded	ext4:append:cache:1:16M:1K	baseline	3	data_mib_s	11.533718573950852	11.238138759125457	12.685259292646156
io-budget/formal-expanded	ext4:append:cache:1:16M:1K	baseline	3	completion_mib_s	11.533718573950852	11.238138759125457	12.685259292646156
io-budget/formal-expanded	ext4:append:cache:1:16M:1K	baseline	3	file_completion_span_ns	0	0	0
io-budget/formal-expanded	ext4:append:cache:1:16M:1K	ra0-wb1	3	bytes	16777216	16777216	16777216
io-budget/formal-expanded	ext4:append:cache:1:16M:1K	ra0-wb1	3	elapsed_ns	794403600	772456600	817237400
io-budget/formal-expanded	ext4:append:cache:1:16M:1K	ra0-wb1	3	data_ns	794403600	772456600	817237400
io-budget/formal-expanded	ext4:append:cache:1:16M:1K	ra0-wb1	3	sync_ns	0	0	0
io-budget/formal-expanded	ext4:append:cache:1:16M:1K	ra0-wb1	3	sync_calls	0	0	0
io-budget/formal-expanded	ext4:append:cache:1:16M:1K	ra0-wb1	3	verify_ns	89453500	87122500	90252300
io-budget/formal-expanded	ext4:append:cache:1:16M:1K	ra0-wb1	3	cleanup_sync_ns	2363510800	2331015200	2379647500
io-budget/formal-expanded	ext4:append:cache:1:16M:1K	ra0-wb1	3	cleanup_sync_calls	1	1	1
io-budget/formal-expanded	ext4:append:cache:1:16M:1K	ra0-wb1	3	data_mib_s	20.140895635417564	19.578154401646326	20.71313779958641
io-budget/formal-expanded	ext4:append:cache:1:16M:1K	ra0-wb1	3	completion_mib_s	20.140895635417564	19.578154401646326	20.71313779958641
io-budget/formal-expanded	ext4:append:cache:1:16M:1K	ra0-wb1	3	file_completion_span_ns	0	0	0
io-budget/formal-expanded	ext4:append:cache:1:16M:1K	ra0-wb8	3	bytes	16777216	16777216	16777216
io-budget/formal-expanded	ext4:append:cache:1:16M:1K	ra0-wb8	3	elapsed_ns	784687900	782246900	812208400
io-budget/formal-expanded	ext4:append:cache:1:16M:1K	ra0-wb8	3	data_ns	784687900	782246900	812208400
io-budget/formal-expanded	ext4:append:cache:1:16M:1K	ra0-wb8	3	sync_ns	0	0	0
io-budget/formal-expanded	ext4:append:cache:1:16M:1K	ra0-wb8	3	sync_calls	0	0	0
io-budget/formal-expanded	ext4:append:cache:1:16M:1K	ra0-wb8	3	verify_ns	88579400	87784800	93959300
io-budget/formal-expanded	ext4:append:cache:1:16M:1K	ra0-wb8	3	cleanup_sync_ns	1875348800	1823766900	1883200900
io-budget/formal-expanded	ext4:append:cache:1:16M:1K	ra0-wb8	3	cleanup_sync_calls	1	1	1
io-budget/formal-expanded	ext4:append:cache:1:16M:1K	ra0-wb8	3	data_mib_s	20.390272361788682	19.699377647411673	20.45390016885973
io-budget/formal-expanded	ext4:append:cache:1:16M:1K	ra0-wb8	3	completion_mib_s	20.390272361788682	19.699377647411673	20.45390016885973
io-budget/formal-expanded	ext4:append:cache:1:16M:1K	ra0-wb8	3	file_completion_span_ns	0	0	0
io-budget/formal-expanded	ext4:append:cache:1:16M:1K	ra8-wb8	3	bytes	16777216	16777216	16777216
io-budget/formal-expanded	ext4:append:cache:1:16M:1K	ra8-wb8	3	elapsed_ns	762464700	762206200	769034800
io-budget/formal-expanded	ext4:append:cache:1:16M:1K	ra8-wb8	3	data_ns	762464700	762206200	769034800
io-budget/formal-expanded	ext4:append:cache:1:16M:1K	ra8-wb8	3	sync_ns	0	0	0
io-budget/formal-expanded	ext4:append:cache:1:16M:1K	ra8-wb8	3	sync_calls	0	0	0
io-budget/formal-expanded	ext4:append:cache:1:16M:1K	ra8-wb8	3	verify_ns	93034300	91807700	94478100
io-budget/formal-expanded	ext4:append:cache:1:16M:1K	ra8-wb8	3	cleanup_sync_ns	1911494500	1890252800	1951582200
io-budget/formal-expanded	ext4:append:cache:1:16M:1K	ra8-wb8	3	cleanup_sync_calls	1	1	1
io-budget/formal-expanded	ext4:append:cache:1:16M:1K	ra8-wb8	3	data_mib_s	20.984578040137464	20.805300358319286	20.99169489830967
io-budget/formal-expanded	ext4:append:cache:1:16M:1K	ra8-wb8	3	completion_mib_s	20.984578040137464	20.805300358319286	20.99169489830967
io-budget/formal-expanded	ext4:append:cache:1:16M:1K	ra8-wb8	3	file_completion_span_ns	0	0	0
io-budget/formal-expanded	ext4:append:cache:1:16M:1K	linux	3	bytes	16777216	16777216	16777216
io-budget/formal-expanded	ext4:append:cache:1:16M:1K	linux	3	elapsed_ns	101184000	95813500	104120400
io-budget/formal-expanded	ext4:append:cache:1:16M:1K	linux	3	data_ns	101184000	95813500	104120400
io-budget/formal-expanded	ext4:append:cache:1:16M:1K	linux	3	sync_ns	0	0	0
io-budget/formal-expanded	ext4:append:cache:1:16M:1K	linux	3	sync_calls	0	0	0
io-budget/formal-expanded	ext4:append:cache:1:16M:1K	linux	3	verify_ns	47807900	46963800	48158300
io-budget/formal-expanded	ext4:append:cache:1:16M:1K	linux	3	cleanup_sync_ns	50657800	48204100	53194300
io-budget/formal-expanded	ext4:append:cache:1:16M:1K	linux	3	cleanup_sync_calls	1	1	1
io-budget/formal-expanded	ext4:append:cache:1:16M:1K	linux	3	data_mib_s	158.12776723592663	153.6682532913819	166.99108163254655
io-budget/formal-expanded	ext4:append:cache:1:16M:1K	linux	3	completion_mib_s	158.12776723592663	153.6682532913819	166.99108163254655
io-budget/formal-expanded	ext4:append:cache:1:16M:1K	linux	3	file_completion_span_ns	0	0	0
io-budget/formal-expanded	ext4:append:cache:1:16M:4K	baseline	3	bytes	16777216	16777216	16777216
io-budget/formal-expanded	ext4:append:cache:1:16M:4K	baseline	3	elapsed_ns	410309300	397245800	412687600
io-budget/formal-expanded	ext4:append:cache:1:16M:4K	baseline	3	data_ns	410309300	397245800	412687600
io-budget/formal-expanded	ext4:append:cache:1:16M:4K	baseline	3	sync_ns	0	0	0
io-budget/formal-expanded	ext4:append:cache:1:16M:4K	baseline	3	sync_calls	0	0	0
io-budget/formal-expanded	ext4:append:cache:1:16M:4K	baseline	3	verify_ns	88135300	87814400	89086600
io-budget/formal-expanded	ext4:append:cache:1:16M:4K	baseline	3	cleanup_sync_ns	3151280700	3116903500	3221969300
io-budget/formal-expanded	ext4:append:cache:1:16M:4K	baseline	3	cleanup_sync_calls	1	1	1
io-budget/formal-expanded	ext4:append:cache:1:16M:4K	baseline	3	data_mib_s	38.99497281684817	38.77024654969037	40.27732955263467
io-budget/formal-expanded	ext4:append:cache:1:16M:4K	baseline	3	completion_mib_s	38.99497281684817	38.77024654969037	40.27732955263467
io-budget/formal-expanded	ext4:append:cache:1:16M:4K	baseline	3	file_completion_span_ns	0	0	0
io-budget/formal-expanded	ext4:append:cache:1:16M:4K	ra0-wb1	3	bytes	16777216	16777216	16777216
io-budget/formal-expanded	ext4:append:cache:1:16M:4K	ra0-wb1	3	elapsed_ns	265756100	260008600	268936500
io-budget/formal-expanded	ext4:append:cache:1:16M:4K	ra0-wb1	3	data_ns	265756100	260008600	268936500
io-budget/formal-expanded	ext4:append:cache:1:16M:4K	ra0-wb1	3	sync_ns	0	0	0
io-budget/formal-expanded	ext4:append:cache:1:16M:4K	ra0-wb1	3	sync_calls	0	0	0
io-budget/formal-expanded	ext4:append:cache:1:16M:4K	ra0-wb1	3	verify_ns	89509900	89416800	91995300
io-budget/formal-expanded	ext4:append:cache:1:16M:4K	ra0-wb1	3	cleanup_sync_ns	2362433800	2358061300	2400208200
io-budget/formal-expanded	ext4:append:cache:1:16M:4K	ra0-wb1	3	cleanup_sync_calls	1	1	1
io-budget/formal-expanded	ext4:append:cache:1:16M:4K	ra0-wb1	3	data_mib_s	60.20557947682104	59.49359793111013	61.536426102828905
io-budget/formal-expanded	ext4:append:cache:1:16M:4K	ra0-wb1	3	completion_mib_s	60.20557947682104	59.49359793111013	61.536426102828905
io-budget/formal-expanded	ext4:append:cache:1:16M:4K	ra0-wb1	3	file_completion_span_ns	0	0	0
io-budget/formal-expanded	ext4:append:cache:1:16M:4K	ra0-wb8	3	bytes	16777216	16777216	16777216
io-budget/formal-expanded	ext4:append:cache:1:16M:4K	ra0-wb8	3	elapsed_ns	267185900	262726900	269742700
io-budget/formal-expanded	ext4:append:cache:1:16M:4K	ra0-wb8	3	data_ns	267185900	262726900	269742700
io-budget/formal-expanded	ext4:append:cache:1:16M:4K	ra0-wb8	3	sync_ns	0	0	0
io-budget/formal-expanded	ext4:append:cache:1:16M:4K	ra0-wb8	3	sync_calls	0	0	0
io-budget/formal-expanded	ext4:append:cache:1:16M:4K	ra0-wb8	3	verify_ns	93318500	93188300	94899000
io-budget/formal-expanded	ext4:append:cache:1:16M:4K	ra0-wb8	3	cleanup_sync_ns	1871603500	1866267500	1888666300
io-budget/formal-expanded	ext4:append:cache:1:16M:4K	ra0-wb8	3	cleanup_sync_calls	1	1	1
io-budget/formal-expanded	ext4:append:cache:1:16M:4K	ra0-wb8	3	data_mib_s	59.88339953567909	59.315785005488564	60.899740376794306
io-budget/formal-expanded	ext4:append:cache:1:16M:4K	ra0-wb8	3	completion_mib_s	59.88339953567909	59.315785005488564	60.899740376794306
io-budget/formal-expanded	ext4:append:cache:1:16M:4K	ra0-wb8	3	file_completion_span_ns	0	0	0
io-budget/formal-expanded	ext4:append:cache:1:16M:4K	ra8-wb8	3	bytes	16777216	16777216	16777216
io-budget/formal-expanded	ext4:append:cache:1:16M:4K	ra8-wb8	3	elapsed_ns	261219500	259485500	261941100
io-budget/formal-expanded	ext4:append:cache:1:16M:4K	ra8-wb8	3	data_ns	261219500	259485500	261941100
io-budget/formal-expanded	ext4:append:cache:1:16M:4K	ra8-wb8	3	sync_ns	0	0	0
io-budget/formal-expanded	ext4:append:cache:1:16M:4K	ra8-wb8	3	sync_calls	0	0	0
io-budget/formal-expanded	ext4:append:cache:1:16M:4K	ra8-wb8	3	verify_ns	93556100	91004000	93919400
io-budget/formal-expanded	ext4:append:cache:1:16M:4K	ra8-wb8	3	cleanup_sync_ns	1923792400	1894345700	1928991900
io-budget/formal-expanded	ext4:append:cache:1:16M:4K	ra8-wb8	3	cleanup_sync_calls	1	1	1
io-budget/formal-expanded	ext4:append:cache:1:16M:4K	ra8-wb8	3	data_mib_s	61.25116999305182	61.082434180813934	61.66047813847017
io-budget/formal-expanded	ext4:append:cache:1:16M:4K	ra8-wb8	3	completion_mib_s	61.25116999305182	61.082434180813934	61.66047813847017
io-budget/formal-expanded	ext4:append:cache:1:16M:4K	ra8-wb8	3	file_completion_span_ns	0	0	0
io-budget/formal-expanded	ext4:append:cache:1:16M:4K	linux	3	bytes	16777216	16777216	16777216
io-budget/formal-expanded	ext4:append:cache:1:16M:4K	linux	3	elapsed_ns	60390800	59746500	61068200
io-budget/formal-expanded	ext4:append:cache:1:16M:4K	linux	3	data_ns	60390800	59746500	61068200
io-budget/formal-expanded	ext4:append:cache:1:16M:4K	linux	3	sync_ns	0	0	0
io-budget/formal-expanded	ext4:append:cache:1:16M:4K	linux	3	sync_calls	0	0	0
io-budget/formal-expanded	ext4:append:cache:1:16M:4K	linux	3	verify_ns	48154500	47199900	49231800
io-budget/formal-expanded	ext4:append:cache:1:16M:4K	linux	3	cleanup_sync_ns	48364800	47624600	48667900
io-budget/formal-expanded	ext4:append:cache:1:16M:4K	linux	3	cleanup_sync_calls	1	1	1
io-budget/formal-expanded	ext4:append:cache:1:16M:4K	linux	3	data_mib_s	264.94101750597775	262.0021549677246	267.7981136970366
io-budget/formal-expanded	ext4:append:cache:1:16M:4K	linux	3	completion_mib_s	264.94101750597775	262.0021549677246	267.7981136970366
io-budget/formal-expanded	ext4:append:cache:1:16M:4K	linux	3	file_completion_span_ns	0	0	0
io-budget/formal-expanded	ext4:append:cache:1:16M:64K	baseline	3	bytes	16777216	16777216	16777216
io-budget/formal-expanded	ext4:append:cache:1:16M:64K	baseline	3	elapsed_ns	217816500	217444200	218714400
io-budget/formal-expanded	ext4:append:cache:1:16M:64K	baseline	3	data_ns	217816500	217444200	218714400
io-budget/formal-expanded	ext4:append:cache:1:16M:64K	baseline	3	sync_ns	0	0	0
io-budget/formal-expanded	ext4:append:cache:1:16M:64K	baseline	3	sync_calls	0	0	0
io-budget/formal-expanded	ext4:append:cache:1:16M:64K	baseline	3	verify_ns	87619500	87222300	87709700
io-budget/formal-expanded	ext4:append:cache:1:16M:64K	baseline	3	cleanup_sync_ns	3078380900	3065979900	3189227000
io-budget/formal-expanded	ext4:append:cache:1:16M:64K	baseline	3	cleanup_sync_calls	1	1	1
io-budget/formal-expanded	ext4:append:cache:1:16M:64K	baseline	3	data_mib_s	73.45632677046964	73.15476255792943	73.58209600440021
io-budget/formal-expanded	ext4:append:cache:1:16M:64K	baseline	3	completion_mib_s	73.45632677046964	73.15476255792943	73.58209600440021
io-budget/formal-expanded	ext4:append:cache:1:16M:64K	baseline	3	file_completion_span_ns	0	0	0
io-budget/formal-expanded	ext4:append:cache:1:16M:64K	ra0-wb1	3	bytes	16777216	16777216	16777216
io-budget/formal-expanded	ext4:append:cache:1:16M:64K	ra0-wb1	3	elapsed_ns	123089200	122833200	126734900
io-budget/formal-expanded	ext4:append:cache:1:16M:64K	ra0-wb1	3	data_ns	123089200	122833200	126734900
io-budget/formal-expanded	ext4:append:cache:1:16M:64K	ra0-wb1	3	sync_ns	0	0	0
io-budget/formal-expanded	ext4:append:cache:1:16M:64K	ra0-wb1	3	sync_calls	0	0	0
io-budget/formal-expanded	ext4:append:cache:1:16M:64K	ra0-wb1	3	verify_ns	87750500	86527300	89298900
io-budget/formal-expanded	ext4:append:cache:1:16M:64K	ra0-wb1	3	cleanup_sync_ns	2336534500	2283619200	2355779900
io-budget/formal-expanded	ext4:append:cache:1:16M:64K	ra0-wb1	3	cleanup_sync_calls	1	1	1
io-budget/formal-expanded	ext4:append:cache:1:16M:64K	ra0-wb1	3	data_mib_s	129.9870337933791	126.24778178702157	130.25794329220437
io-budget/formal-expanded	ext4:append:cache:1:16M:64K	ra0-wb1	3	completion_mib_s	129.9870337933791	126.24778178702157	130.25794329220437
io-budget/formal-expanded	ext4:append:cache:1:16M:64K	ra0-wb1	3	file_completion_span_ns	0	0	0
io-budget/formal-expanded	ext4:append:cache:1:16M:64K	ra0-wb8	3	bytes	16777216	16777216	16777216
io-budget/formal-expanded	ext4:append:cache:1:16M:64K	ra0-wb8	3	elapsed_ns	124434500	121315800	128790400
io-budget/formal-expanded	ext4:append:cache:1:16M:64K	ra0-wb8	3	data_ns	124434500	121315800	128790400
io-budget/formal-expanded	ext4:append:cache:1:16M:64K	ra0-wb8	3	sync_ns	0	0	0
io-budget/formal-expanded	ext4:append:cache:1:16M:64K	ra0-wb8	3	sync_calls	0	0	0
io-budget/formal-expanded	ext4:append:cache:1:16M:64K	ra0-wb8	3	verify_ns	89548600	88244500	91128700
io-budget/formal-expanded	ext4:append:cache:1:16M:64K	ra0-wb8	3	cleanup_sync_ns	1936253300	1924835900	1962989300
io-budget/formal-expanded	ext4:append:cache:1:16M:64K	ra0-wb8	3	cleanup_sync_calls	1	1	1
io-budget/formal-expanded	ext4:append:cache:1:16M:64K	ra0-wb8	3	data_mib_s	128.5817036272095	124.23286207667653	131.88719029178392
io-budget/formal-expanded	ext4:append:cache:1:16M:64K	ra0-wb8	3	completion_mib_s	128.5817036272095	124.23286207667653	131.88719029178392
io-budget/formal-expanded	ext4:append:cache:1:16M:64K	ra0-wb8	3	file_completion_span_ns	0	0	0
io-budget/formal-expanded	ext4:append:cache:1:16M:64K	ra8-wb8	3	bytes	16777216	16777216	16777216
io-budget/formal-expanded	ext4:append:cache:1:16M:64K	ra8-wb8	3	elapsed_ns	127819300	122701300	129932300
io-budget/formal-expanded	ext4:append:cache:1:16M:64K	ra8-wb8	3	data_ns	127819300	122701300	129932300
io-budget/formal-expanded	ext4:append:cache:1:16M:64K	ra8-wb8	3	sync_ns	0	0	0
io-budget/formal-expanded	ext4:append:cache:1:16M:64K	ra8-wb8	3	sync_calls	0	0	0
io-budget/formal-expanded	ext4:append:cache:1:16M:64K	ra8-wb8	3	verify_ns	91819000	91311400	94813800
io-budget/formal-expanded	ext4:append:cache:1:16M:64K	ra8-wb8	3	cleanup_sync_ns	1948122600	1869117800	1964293900
io-budget/formal-expanded	ext4:append:cache:1:16M:64K	ra8-wb8	3	cleanup_sync_calls	1	1	1
io-budget/formal-expanded	ext4:append:cache:1:16M:64K	ra8-wb8	3	data_mib_s	125.1767143146614	123.14105114740522	130.3979664437133
io-budget/formal-expanded	ext4:append:cache:1:16M:64K	ra8-wb8	3	completion_mib_s	125.1767143146614	123.14105114740522	130.3979664437133
io-budget/formal-expanded	ext4:append:cache:1:16M:64K	ra8-wb8	3	file_completion_span_ns	0	0	0
io-budget/formal-expanded	ext4:append:cache:1:16M:64K	linux	3	bytes	16777216	16777216	16777216
io-budget/formal-expanded	ext4:append:cache:1:16M:64K	linux	3	elapsed_ns	52841400	52517900	53406500
io-budget/formal-expanded	ext4:append:cache:1:16M:64K	linux	3	data_ns	52841400	52517900	53406500
io-budget/formal-expanded	ext4:append:cache:1:16M:64K	linux	3	sync_ns	0	0	0
io-budget/formal-expanded	ext4:append:cache:1:16M:64K	linux	3	sync_calls	0	0	0
io-budget/formal-expanded	ext4:append:cache:1:16M:64K	linux	3	verify_ns	48039100	47901800	48643800
io-budget/formal-expanded	ext4:append:cache:1:16M:64K	linux	3	cleanup_sync_ns	47286500	47069800	48456000
io-budget/formal-expanded	ext4:append:cache:1:16M:64K	linux	3	cleanup_sync_calls	1	1	1
io-budget/formal-expanded	ext4:append:cache:1:16M:64K	linux	3	data_mib_s	302.7928858811462	299.58900133878836	304.6580308808997
io-budget/formal-expanded	ext4:append:cache:1:16M:64K	linux	3	completion_mib_s	302.7928858811462	299.58900133878836	304.6580308808997
io-budget/formal-expanded	ext4:append:cache:1:16M:64K	linux	3	file_completion_span_ns	0	0	0
io-budget/formal-expanded	ext4:append:cache:1:64M:1K	baseline	3	bytes	67108864	67108864	67108864
io-budget/formal-expanded	ext4:append:cache:1:64M:1K	baseline	3	elapsed_ns	17273963700	16687669100	17639814300
io-budget/formal-expanded	ext4:append:cache:1:64M:1K	baseline	3	data_ns	17273963700	16687669100	17639814300
io-budget/formal-expanded	ext4:append:cache:1:64M:1K	baseline	3	sync_ns	0	0	0
io-budget/formal-expanded	ext4:append:cache:1:64M:1K	baseline	3	sync_calls	0	0	0
io-budget/formal-expanded	ext4:append:cache:1:64M:1K	baseline	3	verify_ns	1118924900	1051581300	1179958800
io-budget/formal-expanded	ext4:append:cache:1:64M:1K	baseline	3	cleanup_sync_ns	12037784900	12033270900	12323575100
io-budget/formal-expanded	ext4:append:cache:1:64M:1K	baseline	3	cleanup_sync_calls	1	1	1
io-budget/formal-expanded	ext4:append:cache:1:64M:1K	baseline	3	data_mib_s	3.7049979443918826	3.628156108196672	3.835167129482451
io-budget/formal-expanded	ext4:append:cache:1:64M:1K	baseline	3	completion_mib_s	3.7049979443918826	3.628156108196672	3.835167129482451
io-budget/formal-expanded	ext4:append:cache:1:64M:1K	baseline	3	file_completion_span_ns	0	0	0
io-budget/formal-expanded	ext4:append:cache:1:64M:1K	ra0-wb1	3	bytes	67108864	67108864	67108864
io-budget/formal-expanded	ext4:append:cache:1:64M:1K	ra0-wb1	3	elapsed_ns	3067347100	3049472300	3164154400
io-budget/formal-expanded	ext4:append:cache:1:64M:1K	ra0-wb1	3	data_ns	3067347100	3049472300	3164154400
io-budget/formal-expanded	ext4:append:cache:1:64M:1K	ra0-wb1	3	sync_ns	0	0	0
io-budget/formal-expanded	ext4:append:cache:1:64M:1K	ra0-wb1	3	sync_calls	0	0	0
io-budget/formal-expanded	ext4:append:cache:1:64M:1K	ra0-wb1	3	verify_ns	1040293700	1029929600	1090138800
io-budget/formal-expanded	ext4:append:cache:1:64M:1K	ra0-wb1	3	cleanup_sync_ns	12288429200	12194862000	12462943200
io-budget/formal-expanded	ext4:append:cache:1:64M:1K	ra0-wb1	3	cleanup_sync_calls	1	1	1
io-budget/formal-expanded	ext4:append:cache:1:64M:1K	ra0-wb1	3	data_mib_s	20.864935696387278	20.226573014262517	20.987237693551112
io-budget/formal-expanded	ext4:append:cache:1:64M:1K	ra0-wb1	3	completion_mib_s	20.864935696387278	20.226573014262517	20.987237693551112
io-budget/formal-expanded	ext4:append:cache:1:64M:1K	ra0-wb1	3	file_completion_span_ns	0	0	0
io-budget/formal-expanded	ext4:append:cache:1:64M:1K	ra0-wb8	3	bytes	67108864	67108864	67108864
io-budget/formal-expanded	ext4:append:cache:1:64M:1K	ra0-wb8	3	elapsed_ns	3426832800	3353613500	3445528500
io-budget/formal-expanded	ext4:append:cache:1:64M:1K	ra0-wb8	3	data_ns	3426832800	3353613500	3445528500
io-budget/formal-expanded	ext4:append:cache:1:64M:1K	ra0-wb8	3	sync_ns	0	0	0
io-budget/formal-expanded	ext4:append:cache:1:64M:1K	ra0-wb8	3	sync_calls	0	0	0
io-budget/formal-expanded	ext4:append:cache:1:64M:1K	ra0-wb8	3	verify_ns	2356620500	2232600100	2471428300
io-budget/formal-expanded	ext4:append:cache:1:64M:1K	ra0-wb8	3	cleanup_sync_ns	7746976100	7579462000	8036772500
io-budget/formal-expanded	ext4:append:cache:1:64M:1K	ra0-wb8	3	cleanup_sync_calls	1	1	1
io-budget/formal-expanded	ext4:append:cache:1:64M:1K	ra0-wb8	3	data_mib_s	18.676137335909708	18.574799192634742	19.083892642965566
io-budget/formal-expanded	ext4:append:cache:1:64M:1K	ra0-wb8	3	completion_mib_s	18.676137335909708	18.574799192634742	19.083892642965566
io-budget/formal-expanded	ext4:append:cache:1:64M:1K	ra0-wb8	3	file_completion_span_ns	0	0	0
io-budget/formal-expanded	ext4:append:cache:1:64M:1K	ra8-wb8	3	bytes	67108864	67108864	67108864
io-budget/formal-expanded	ext4:append:cache:1:64M:1K	ra8-wb8	3	elapsed_ns	3463464600	3328107600	3721469100
io-budget/formal-expanded	ext4:append:cache:1:64M:1K	ra8-wb8	3	data_ns	3463464600	3328107600	3721469100
io-budget/formal-expanded	ext4:append:cache:1:64M:1K	ra8-wb8	3	sync_ns	0	0	0
io-budget/formal-expanded	ext4:append:cache:1:64M:1K	ra8-wb8	3	sync_calls	0	0	0
io-budget/formal-expanded	ext4:append:cache:1:64M:1K	ra8-wb8	3	verify_ns	2404743400	2374907700	2460569300
io-budget/formal-expanded	ext4:append:cache:1:64M:1K	ra8-wb8	3	cleanup_sync_ns	7644799900	7639821200	7649306000
io-budget/formal-expanded	ext4:append:cache:1:64M:1K	ra8-wb8	3	cleanup_sync_calls	1	1	1
io-budget/formal-expanded	ext4:append:cache:1:64M:1K	ra8-wb8	3	data_mib_s	18.478606653002892	17.197509445933598	19.230147486818034
io-budget/formal-expanded	ext4:append:cache:1:64M:1K	ra8-wb8	3	completion_mib_s	18.478606653002892	17.197509445933598	19.230147486818034
io-budget/formal-expanded	ext4:append:cache:1:64M:1K	ra8-wb8	3	file_completion_span_ns	0	0	0
io-budget/formal-expanded	ext4:append:cache:1:64M:1K	linux	3	bytes	67108864	67108864	67108864
io-budget/formal-expanded	ext4:append:cache:1:64M:1K	linux	3	elapsed_ns	410078800	401180700	428947700
io-budget/formal-expanded	ext4:append:cache:1:64M:1K	linux	3	data_ns	410078800	401180700	428947700
io-budget/formal-expanded	ext4:append:cache:1:64M:1K	linux	3	sync_ns	0	0	0
io-budget/formal-expanded	ext4:append:cache:1:64M:1K	linux	3	sync_calls	0	0	0
io-budget/formal-expanded	ext4:append:cache:1:64M:1K	linux	3	verify_ns	188216700	187648600	188925000
io-budget/formal-expanded	ext4:append:cache:1:64M:1K	linux	3	cleanup_sync_ns	93459800	90520400	98375500
io-budget/formal-expanded	ext4:append:cache:1:64M:1K	linux	3	cleanup_sync_calls	1	1	1
io-budget/formal-expanded	ext4:append:cache:1:64M:1K	linux	3	data_mib_s	156.06756555081608	149.20233865340694	159.52910994970597
io-budget/formal-expanded	ext4:append:cache:1:64M:1K	linux	3	completion_mib_s	156.06756555081608	149.20233865340694	159.52910994970597
io-budget/formal-expanded	ext4:append:cache:1:64M:1K	linux	3	file_completion_span_ns	0	0	0
io-budget/formal-expanded	ext4:append:cache:1:64M:4K	baseline	3	bytes	67108864	67108864	67108864
io-budget/formal-expanded	ext4:append:cache:1:64M:4K	baseline	3	elapsed_ns	4524200200	4412756700	4652676700
io-budget/formal-expanded	ext4:append:cache:1:64M:4K	baseline	3	data_ns	4524200200	4412756700	4652676700
io-budget/formal-expanded	ext4:append:cache:1:64M:4K	baseline	3	sync_ns	0	0	0
io-budget/formal-expanded	ext4:append:cache:1:64M:4K	baseline	3	sync_calls	0	0	0
io-budget/formal-expanded	ext4:append:cache:1:64M:4K	baseline	3	verify_ns	1088142900	1082089900	1125545100
io-budget/formal-expanded	ext4:append:cache:1:64M:4K	baseline	3	cleanup_sync_ns	12247001600	12160016300	12374970100
io-budget/formal-expanded	ext4:append:cache:1:64M:4K	baseline	3	cleanup_sync_calls	1	1	1
io-budget/formal-expanded	ext4:append:cache:1:64M:4K	baseline	3	data_mib_s	14.146146759818453	13.755522708036	14.50340554692263
io-budget/formal-expanded	ext4:append:cache:1:64M:4K	baseline	3	completion_mib_s	14.146146759818453	13.755522708036	14.50340554692263
io-budget/formal-expanded	ext4:append:cache:1:64M:4K	baseline	3	file_completion_span_ns	0	0	0
io-budget/formal-expanded	ext4:append:cache:1:64M:4K	ra0-wb1	3	bytes	67108864	67108864	67108864
io-budget/formal-expanded	ext4:append:cache:1:64M:4K	ra0-wb1	3	elapsed_ns	1055894000	1048417700	1056794600
io-budget/formal-expanded	ext4:append:cache:1:64M:4K	ra0-wb1	3	data_ns	1055894000	1048417700	1056794600
io-budget/formal-expanded	ext4:append:cache:1:64M:4K	ra0-wb1	3	sync_ns	0	0	0
io-budget/formal-expanded	ext4:append:cache:1:64M:4K	ra0-wb1	3	sync_calls	0	0	0
io-budget/formal-expanded	ext4:append:cache:1:64M:4K	ra0-wb1	3	verify_ns	1045876200	1020993500	1070192400
io-budget/formal-expanded	ext4:append:cache:1:64M:4K	ra0-wb1	3	cleanup_sync_ns	12392130100	12327600800	12492721700
io-budget/formal-expanded	ext4:append:cache:1:64M:4K	ra0-wb1	3	cleanup_sync_calls	1	1	1
io-budget/formal-expanded	ext4:append:cache:1:64M:4K	ra0-wb1	3	data_mib_s	60.61214477968432	60.56049113044295	61.04437191398047
io-budget/formal-expanded	ext4:append:cache:1:64M:4K	ra0-wb1	3	completion_mib_s	60.61214477968432	60.56049113044295	61.04437191398047
io-budget/formal-expanded	ext4:append:cache:1:64M:4K	ra0-wb1	3	file_completion_span_ns	0	0	0
io-budget/formal-expanded	ext4:append:cache:1:64M:4K	ra0-wb8	3	bytes	67108864	67108864	67108864
io-budget/formal-expanded	ext4:append:cache:1:64M:4K	ra0-wb8	3	elapsed_ns	1211405000	1209253000	1228037600
io-budget/formal-expanded	ext4:append:cache:1:64M:4K	ra0-wb8	3	data_ns	1211405000	1209253000	1228037600
io-budget/formal-expanded	ext4:append:cache:1:64M:4K	ra0-wb8	3	sync_ns	0	0	0
io-budget/formal-expanded	ext4:append:cache:1:64M:4K	ra0-wb8	3	sync_calls	0	0	0
io-budget/formal-expanded	ext4:append:cache:1:64M:4K	ra0-wb8	3	verify_ns	2822190100	2697058600	3042368100
io-budget/formal-expanded	ext4:append:cache:1:64M:4K	ra0-wb8	3	cleanup_sync_ns	7147638200	7005462800	7183672100
io-budget/formal-expanded	ext4:append:cache:1:64M:4K	ra0-wb8	3	cleanup_sync_calls	1	1	1
io-budget/formal-expanded	ext4:append:cache:1:64M:4K	ra0-wb8	3	data_mib_s	52.83121664513519	52.11566811960807	52.925235662016135
io-budget/formal-expanded	ext4:append:cache:1:64M:4K	ra0-wb8	3	completion_mib_s	52.83121664513519	52.11566811960807	52.925235662016135
io-budget/formal-expanded	ext4:append:cache:1:64M:4K	ra0-wb8	3	file_completion_span_ns	0	0	0
io-budget/formal-expanded	ext4:append:cache:1:64M:4K	ra8-wb8	3	bytes	67108864	67108864	67108864
io-budget/formal-expanded	ext4:append:cache:1:64M:4K	ra8-wb8	3	elapsed_ns	1221964900	1193372500	1234982400
io-budget/formal-expanded	ext4:append:cache:1:64M:4K	ra8-wb8	3	data_ns	1221964900	1193372500	1234982400
io-budget/formal-expanded	ext4:append:cache:1:64M:4K	ra8-wb8	3	sync_ns	0	0	0
io-budget/formal-expanded	ext4:append:cache:1:64M:4K	ra8-wb8	3	sync_calls	0	0	0
io-budget/formal-expanded	ext4:append:cache:1:64M:4K	ra8-wb8	3	verify_ns	2832796800	2813978200	3026717000
io-budget/formal-expanded	ext4:append:cache:1:64M:4K	ra8-wb8	3	cleanup_sync_ns	7020287300	6994951900	7318104900
io-budget/formal-expanded	ext4:append:cache:1:64M:4K	ra8-wb8	3	cleanup_sync_calls	1	1	1
io-budget/formal-expanded	ext4:append:cache:1:64M:4K	ra8-wb8	3	data_mib_s	52.37466313475944	51.8226008726926	53.62952472928612
io-budget/formal-expanded	ext4:append:cache:1:64M:4K	ra8-wb8	3	completion_mib_s	52.37466313475944	51.8226008726926	53.62952472928612
io-budget/formal-expanded	ext4:append:cache:1:64M:4K	ra8-wb8	3	file_completion_span_ns	0	0	0
io-budget/formal-expanded	ext4:append:cache:1:64M:4K	linux	3	bytes	67108864	67108864	67108864
io-budget/formal-expanded	ext4:append:cache:1:64M:4K	linux	3	elapsed_ns	259606500	259324700	267775100
io-budget/formal-expanded	ext4:append:cache:1:64M:4K	linux	3	data_ns	259606500	259324700	267775100
io-budget/formal-expanded	ext4:append:cache:1:64M:4K	linux	3	sync_ns	0	0	0
io-budget/formal-expanded	ext4:append:cache:1:64M:4K	linux	3	sync_calls	0	0	0
io-budget/formal-expanded	ext4:append:cache:1:64M:4K	linux	3	verify_ns	186365000	185998400	190719500
io-budget/formal-expanded	ext4:append:cache:1:64M:4K	linux	3	cleanup_sync_ns	94327000	92626200	95626300
io-budget/formal-expanded	ext4:append:cache:1:64M:4K	linux	3	cleanup_sync_calls	1	1	1
io-budget/formal-expanded	ext4:append:cache:1:64M:4K	linux	3	data_mib_s	246.5269552187638	239.0065394429878	246.79484831178826
io-budget/formal-expanded	ext4:append:cache:1:64M:4K	linux	3	completion_mib_s	246.5269552187638	239.0065394429878	246.79484831178826
io-budget/formal-expanded	ext4:append:cache:1:64M:4K	linux	3	file_completion_span_ns	0	0	0
io-budget/formal-expanded	ext4:append:cache:1:64M:64K	baseline	3	bytes	67108864	67108864	67108864
io-budget/formal-expanded	ext4:append:cache:1:64M:64K	baseline	3	elapsed_ns	3827988600	3689088300	3861760500
io-budget/formal-expanded	ext4:append:cache:1:64M:64K	baseline	3	data_ns	3827988600	3689088300	3861760500
io-budget/formal-expanded	ext4:append:cache:1:64M:64K	baseline	3	sync_ns	0	0	0
io-budget/formal-expanded	ext4:append:cache:1:64M:64K	baseline	3	sync_calls	0	0	0
io-budget/formal-expanded	ext4:append:cache:1:64M:64K	baseline	3	verify_ns	1068538900	1066270300	1095005800
io-budget/formal-expanded	ext4:append:cache:1:64M:64K	baseline	3	cleanup_sync_ns	12274034300	12051374000	12461454600
io-budget/formal-expanded	ext4:append:cache:1:64M:64K	baseline	3	cleanup_sync_calls	1	1	1
io-budget/formal-expanded	ext4:append:cache:1:64M:64K	baseline	3	data_mib_s	16.718963060652793	16.57275224602872	17.348459780699745
io-budget/formal-expanded	ext4:append:cache:1:64M:64K	baseline	3	completion_mib_s	16.718963060652793	16.57275224602872	17.348459780699745
io-budget/formal-expanded	ext4:append:cache:1:64M:64K	baseline	3	file_completion_span_ns	0	0	0
io-budget/formal-expanded	ext4:append:cache:1:64M:64K	ra0-wb1	3	bytes	67108864	67108864	67108864
io-budget/formal-expanded	ext4:append:cache:1:64M:64K	ra0-wb1	3	elapsed_ns	504237200	503576700	505006800
io-budget/formal-expanded	ext4:append:cache:1:64M:64K	ra0-wb1	3	data_ns	504237200	503576700	505006800
io-budget/formal-expanded	ext4:append:cache:1:64M:64K	ra0-wb1	3	sync_ns	0	0	0
io-budget/formal-expanded	ext4:append:cache:1:64M:64K	ra0-wb1	3	sync_calls	0	0	0
io-budget/formal-expanded	ext4:append:cache:1:64M:64K	ra0-wb1	3	verify_ns	1045264100	980866000	1145224100
io-budget/formal-expanded	ext4:append:cache:1:64M:64K	ra0-wb1	3	cleanup_sync_ns	12546615600	12544551200	12553664400
io-budget/formal-expanded	ext4:append:cache:1:64M:64K	ra0-wb1	3	cleanup_sync_calls	1	1	1
io-budget/formal-expanded	ext4:append:cache:1:64M:64K	ra0-wb1	3	data_mib_s	126.92439193300297	126.73096679094222	127.09086818353589
io-budget/formal-expanded	ext4:append:cache:1:64M:64K	ra0-wb1	3	completion_mib_s	126.92439193300297	126.73096679094222	127.09086818353589
io-budget/formal-expanded	ext4:append:cache:1:64M:64K	ra0-wb1	3	file_completion_span_ns	0	0	0
io-budget/formal-expanded	ext4:append:cache:1:64M:64K	ra0-wb8	3	bytes	67108864	67108864	67108864
io-budget/formal-expanded	ext4:append:cache:1:64M:64K	ra0-wb8	3	elapsed_ns	567183500	557581600	568450700
io-budget/formal-expanded	ext4:append:cache:1:64M:64K	ra0-wb8	3	data_ns	567183500	557581600	568450700
io-budget/formal-expanded	ext4:append:cache:1:64M:64K	ra0-wb8	3	sync_ns	0	0	0
io-budget/formal-expanded	ext4:append:cache:1:64M:64K	ra0-wb8	3	sync_calls	0	0	0
io-budget/formal-expanded	ext4:append:cache:1:64M:64K	ra0-wb8	3	verify_ns	3006554600	2846236000	3120675800
io-budget/formal-expanded	ext4:append:cache:1:64M:64K	ra0-wb8	3	cleanup_sync_ns	6937720700	6728111900	6991800000
io-budget/formal-expanded	ext4:append:cache:1:64M:64K	ra0-wb8	3	cleanup_sync_calls	1	1	1
io-budget/formal-expanded	ext4:append:cache:1:64M:64K	ra0-wb8	3	data_mib_s	112.83826133870255	112.58672036115006	114.78140598613727
io-budget/formal-expanded	ext4:append:cache:1:64M:64K	ra0-wb8	3	completion_mib_s	112.83826133870255	112.58672036115006	114.78140598613727
io-budget/formal-expanded	ext4:append:cache:1:64M:64K	ra0-wb8	3	file_completion_span_ns	0	0	0
io-budget/formal-expanded	ext4:append:cache:1:64M:64K	ra8-wb8	3	bytes	67108864	67108864	67108864
io-budget/formal-expanded	ext4:append:cache:1:64M:64K	ra8-wb8	3	elapsed_ns	568176900	567454100	575529800
io-budget/formal-expanded	ext4:append:cache:1:64M:64K	ra8-wb8	3	data_ns	568176900	567454100	575529800
io-budget/formal-expanded	ext4:append:cache:1:64M:64K	ra8-wb8	3	sync_ns	0	0	0
io-budget/formal-expanded	ext4:append:cache:1:64M:64K	ra8-wb8	3	sync_calls	0	0	0
io-budget/formal-expanded	ext4:append:cache:1:64M:64K	ra8-wb8	3	verify_ns	2936207900	2799371000	3215554100
io-budget/formal-expanded	ext4:append:cache:1:64M:64K	ra8-wb8	3	cleanup_sync_ns	7073249400	6853789800	7239140200
io-budget/formal-expanded	ext4:append:cache:1:64M:64K	ra8-wb8	3	cleanup_sync_calls	1	1	1
io-budget/formal-expanded	ext4:append:cache:1:64M:64K	ra8-wb8	3	data_mib_s	112.64097502027978	111.20188737403346	112.78445252223925
io-budget/formal-expanded	ext4:append:cache:1:64M:64K	ra8-wb8	3	completion_mib_s	112.64097502027978	111.20188737403346	112.78445252223925
io-budget/formal-expanded	ext4:append:cache:1:64M:64K	ra8-wb8	3	file_completion_span_ns	0	0	0
io-budget/formal-expanded	ext4:append:cache:1:64M:64K	linux	3	bytes	67108864	67108864	67108864
io-budget/formal-expanded	ext4:append:cache:1:64M:64K	linux	3	elapsed_ns	243614000	242009400	244352600
io-budget/formal-expanded	ext4:append:cache:1:64M:64K	linux	3	data_ns	243614000	242009400	244352600
io-budget/formal-expanded	ext4:append:cache:1:64M:64K	linux	3	sync_ns	0	0	0
io-budget/formal-expanded	ext4:append:cache:1:64M:64K	linux	3	sync_calls	0	0	0
io-budget/formal-expanded	ext4:append:cache:1:64M:64K	linux	3	verify_ns	187921800	186704400	191440600
io-budget/formal-expanded	ext4:append:cache:1:64M:64K	linux	3	cleanup_sync_ns	92038100	88636500	92453000
io-budget/formal-expanded	ext4:append:cache:1:64M:64K	linux	3	cleanup_sync_calls	1	1	1
io-budget/formal-expanded	ext4:append:cache:1:64M:64K	linux	3	data_mib_s	262.7106816521218	261.91659102460955	264.4525377939865
io-budget/formal-expanded	ext4:append:cache:1:64M:64K	linux	3	completion_mib_s	262.7106816521218	261.91659102460955	264.4525377939865
io-budget/formal-expanded	ext4:append:cache:1:64M:64K	linux	3	file_completion_span_ns	0	0	0
io-budget/formal-expanded	ext4:append:fsync:1:1M:4K	baseline	3	bytes	1048576	1048576	1048576
io-budget/formal-expanded	ext4:append:fsync:1:1M:4K	baseline	3	elapsed_ns	201884600	201282500	211811000
io-budget/formal-expanded	ext4:append:fsync:1:1M:4K	baseline	3	data_ns	19026600	19026600	19409700
io-budget/formal-expanded	ext4:append:fsync:1:1M:4K	baseline	3	sync_ns	182858000	182255900	192401300
io-budget/formal-expanded	ext4:append:fsync:1:1M:4K	baseline	3	sync_calls	1	1	1
io-budget/formal-expanded	ext4:append:fsync:1:1M:4K	baseline	3	verify_ns	6718600	6393600	8451100
io-budget/formal-expanded	ext4:append:fsync:1:1M:4K	baseline	3	cleanup_sync_ns	14100	13700	14400
io-budget/formal-expanded	ext4:append:fsync:1:1M:4K	baseline	3	cleanup_sync_calls	0	0	0
io-budget/formal-expanded	ext4:append:fsync:1:1M:4K	baseline	3	data_mib_s	52.55799775051769	51.52063143685889	52.55799775051769
io-budget/formal-expanded	ext4:append:fsync:1:1M:4K	baseline	3	completion_mib_s	4.953324820219076	4.721190117604846	4.968141790766708
io-budget/formal-expanded	ext4:append:fsync:1:1M:4K	baseline	3	file_completion_span_ns	0	0	0
io-budget/formal-expanded	ext4:append:fsync:1:1M:4K	ra0-wb1	3	bytes	1048576	1048576	1048576
io-budget/formal-expanded	ext4:append:fsync:1:1M:4K	ra0-wb1	3	elapsed_ns	179478700	177395900	188652800
io-budget/formal-expanded	ext4:append:fsync:1:1M:4K	ra0-wb1	3	data_ns	18681800	18232500	19111000
io-budget/formal-expanded	ext4:append:fsync:1:1M:4K	ra0-wb1	3	sync_ns	160796900	159163400	169541800
io-budget/formal-expanded	ext4:append:fsync:1:1M:4K	ra0-wb1	3	sync_calls	1	1	1
io-budget/formal-expanded	ext4:append:fsync:1:1M:4K	ra0-wb1	3	verify_ns	9043600	6340800	10273800
io-budget/formal-expanded	ext4:append:fsync:1:1M:4K	ra0-wb1	3	cleanup_sync_ns	14700	14300	18700
io-budget/formal-expanded	ext4:append:fsync:1:1M:4K	ra0-wb1	3	cleanup_sync_calls	0	0	0
io-budget/formal-expanded	ext4:append:fsync:1:1M:4K	ra0-wb1	3	data_mib_s	53.52803263068869	52.32588561561404	54.84711367064308
io-budget/formal-expanded	ext4:append:fsync:1:1M:4K	ra0-wb1	3	completion_mib_s	5.571691794068043	5.300742952132171	5.6371088621552135
io-budget/formal-expanded	ext4:append:fsync:1:1M:4K	ra0-wb1	3	file_completion_span_ns	0	0	0
io-budget/formal-expanded	ext4:append:fsync:1:1M:4K	ra0-wb8	3	bytes	1048576	1048576	1048576
io-budget/formal-expanded	ext4:append:fsync:1:1M:4K	ra0-wb8	3	elapsed_ns	145186400	142736200	150089200
io-budget/formal-expanded	ext4:append:fsync:1:1M:4K	ra0-wb8	3	data_ns	18947400	18025400	19123500
io-budget/formal-expanded	ext4:append:fsync:1:1M:4K	ra0-wb8	3	sync_ns	126062900	123788800	132063800
io-budget/formal-expanded	ext4:append:fsync:1:1M:4K	ra0-wb8	3	sync_calls	1	1	1
io-budget/formal-expanded	ext4:append:fsync:1:1M:4K	ra0-wb8	3	verify_ns	8423200	6525800	9407600
io-budget/formal-expanded	ext4:append:fsync:1:1M:4K	ra0-wb8	3	cleanup_sync_ns	14200	14200	18400
io-budget/formal-expanded	ext4:append:fsync:1:1M:4K	ra0-wb8	3	cleanup_sync_calls	0	0	0
io-budget/formal-expanded	ext4:append:fsync:1:1M:4K	ra0-wb8	3	data_mib_s	52.77768981496142	52.2916830078176	55.477270962086834
io-budget/formal-expanded	ext4:append:fsync:1:1M:4K	ra0-wb8	3	completion_mib_s	6.887697470286473	6.662704578344078	7.0059312213720135
io-budget/formal-expanded	ext4:append:fsync:1:1M:4K	ra0-wb8	3	file_completion_span_ns	0	0	0
io-budget/formal-expanded	ext4:append:fsync:1:1M:4K	ra8-wb8	3	bytes	1048576	1048576	1048576
io-budget/formal-expanded	ext4:append:fsync:1:1M:4K	ra8-wb8	3	elapsed_ns	140428200	136657100	145941900
io-budget/formal-expanded	ext4:append:fsync:1:1M:4K	ra8-wb8	3	data_ns	18228300	18036200	19153600
io-budget/formal-expanded	ext4:append:fsync:1:1M:4K	ra8-wb8	3	sync_ns	122392000	117503500	127713600
io-budget/formal-expanded	ext4:append:fsync:1:1M:4K	ra8-wb8	3	sync_calls	1	1	1
io-budget/formal-expanded	ext4:append:fsync:1:1M:4K	ra8-wb8	3	verify_ns	9838100	7427500	9885400
io-budget/formal-expanded	ext4:append:fsync:1:1M:4K	ra8-wb8	3	cleanup_sync_ns	14700	13600	15000
io-budget/formal-expanded	ext4:append:fsync:1:1M:4K	ra8-wb8	3	cleanup_sync_calls	0	0	0
io-budget/formal-expanded	ext4:append:fsync:1:1M:4K	ra8-wb8	3	data_mib_s	54.85975104644975	52.20950630690836	55.444051407724466
io-budget/formal-expanded	ext4:append:fsync:1:1M:4K	ra8-wb8	3	completion_mib_s	7.121076820752527	6.852041805677465	7.317585401709827
io-budget/formal-expanded	ext4:append:fsync:1:1M:4K	ra8-wb8	3	file_completion_span_ns	0	0	0
io-budget/formal-expanded	ext4:append:fsync:1:1M:4K	linux	3	bytes	1048576	1048576	1048576
io-budget/formal-expanded	ext4:append:fsync:1:1M:4K	linux	3	elapsed_ns	25029500	24600700	25464600
io-budget/formal-expanded	ext4:append:fsync:1:1M:4K	linux	3	data_ns	6447400	6308700	6704300
io-budget/formal-expanded	ext4:append:fsync:1:1M:4K	linux	3	sync_ns	18582100	18292000	18760300
io-budget/formal-expanded	ext4:append:fsync:1:1M:4K	linux	3	sync_calls	1	1	1
io-budget/formal-expanded	ext4:append:fsync:1:1M:4K	linux	3	verify_ns	3580000	3321500	3723100
io-budget/formal-expanded	ext4:append:fsync:1:1M:4K	linux	3	cleanup_sync_ns	11900	11700	12200
io-budget/formal-expanded	ext4:append:fsync:1:1M:4K	linux	3	cleanup_sync_calls	0	0	0
io-budget/formal-expanded	ext4:append:fsync:1:1M:4K	linux	3	data_mib_s	155.1012811365822	149.15800307265485	158.5112622251811
io-budget/formal-expanded	ext4:append:fsync:1:1M:4K	linux	3	completion_mib_s	39.95285563035618	39.270202555704785	40.64924981809461
io-budget/formal-expanded	ext4:append:fsync:1:1M:4K	linux	3	file_completion_span_ns	0	0	0
io-budget/formal-expanded	ext4:append:fsync:1:4M:4K	baseline	3	bytes	4194304	4194304	4194304
io-budget/formal-expanded	ext4:append:fsync:1:4M:4K	baseline	3	elapsed_ns	802630400	796156500	809943400
io-budget/formal-expanded	ext4:append:fsync:1:4M:4K	baseline	3	data_ns	74019700	73396200	74732400
io-budget/formal-expanded	ext4:append:fsync:1:4M:4K	baseline	3	sync_ns	727898000	722136800	736547200
io-budget/formal-expanded	ext4:append:fsync:1:4M:4K	baseline	3	sync_calls	1	1	1
io-budget/formal-expanded	ext4:append:fsync:1:4M:4K	baseline	3	verify_ns	24889300	23495000	26346900
io-budget/formal-expanded	ext4:append:fsync:1:4M:4K	baseline	3	cleanup_sync_ns	16700	15400	18200
io-budget/formal-expanded	ext4:append:fsync:1:4M:4K	baseline	3	cleanup_sync_calls	0	0	0
io-budget/formal-expanded	ext4:append:fsync:1:4M:4K	baseline	3	data_mib_s	54.039667818161924	53.524308064507494	54.498734266896655
io-budget/formal-expanded	ext4:append:fsync:1:4M:4K	baseline	3	completion_mib_s	4.983613877570548	4.938616698401394	5.02413784224584
io-budget/formal-expanded	ext4:append:fsync:1:4M:4K	baseline	3	file_completion_span_ns	0	0	0
io-budget/formal-expanded	ext4:append:fsync:1:4M:4K	ra0-wb1	3	bytes	4194304	4194304	4194304
io-budget/formal-expanded	ext4:append:fsync:1:4M:4K	ra0-wb1	3	elapsed_ns	693743900	679108700	710651000
io-budget/formal-expanded	ext4:append:fsync:1:4M:4K	ra0-wb1	3	data_ns	66203600	65437800	68238500
io-budget/formal-expanded	ext4:append:fsync:1:4M:4K	ra0-wb1	3	sync_ns	625505400	612905100	645213200
io-budget/formal-expanded	ext4:append:fsync:1:4M:4K	ra0-wb1	3	sync_calls	1	1	1
io-budget/formal-expanded	ext4:append:fsync:1:4M:4K	ra0-wb1	3	verify_ns	25099200	23144700	28234300
io-budget/formal-expanded	ext4:append:fsync:1:4M:4K	ra0-wb1	3	cleanup_sync_ns	15300	15000	16900
io-budget/formal-expanded	ext4:append:fsync:1:4M:4K	ra0-wb1	3	cleanup_sync_calls	0	0	0
io-budget/formal-expanded	ext4:append:fsync:1:4M:4K	ra0-wb1	3	data_mib_s	60.41967506298751	58.6179356228522	61.12674937115857
io-budget/formal-expanded	ext4:append:fsync:1:4M:4K	ra0-wb1	3	completion_mib_s	5.765816463395209	5.6286419072090235	5.8900732680939
io-budget/formal-expanded	ext4:append:fsync:1:4M:4K	ra0-wb1	3	file_completion_span_ns	0	0	0
io-budget/formal-expanded	ext4:append:fsync:1:4M:4K	ra0-wb8	3	bytes	4194304	4194304	4194304
io-budget/formal-expanded	ext4:append:fsync:1:4M:4K	ra0-wb8	3	elapsed_ns	556843500	537884900	561754300
io-budget/formal-expanded	ext4:append:fsync:1:4M:4K	ra0-wb8	3	data_ns	66026500	65692900	66477600
io-budget/formal-expanded	ext4:append:fsync:1:4M:4K	ra0-wb8	3	sync_ns	490817000	472192000	495276700
io-budget/formal-expanded	ext4:append:fsync:1:4M:4K	ra0-wb8	3	sync_calls	1	1	1
io-budget/formal-expanded	ext4:append:fsync:1:4M:4K	ra0-wb8	3	verify_ns	25659700	24206800	25679100
io-budget/formal-expanded	ext4:append:fsync:1:4M:4K	ra0-wb8	3	cleanup_sync_ns	16300	15400	17600
io-budget/formal-expanded	ext4:append:fsync:1:4M:4K	ra0-wb8	3	cleanup_sync_calls	0	0	0
io-budget/formal-expanded	ext4:append:fsync:1:4M:4K	ra0-wb8	3	data_mib_s	60.58173612110289	60.170643946231515	60.88938073977553
io-budget/formal-expanded	ext4:append:fsync:1:4M:4K	ra0-wb8	3	completion_mib_s	7.183346847004589	7.120550746118009	7.436535214132243
io-budget/formal-expanded	ext4:append:fsync:1:4M:4K	ra0-wb8	3	file_completion_span_ns	0	0	0
io-budget/formal-expanded	ext4:append:fsync:1:4M:4K	ra8-wb8	3	bytes	4194304	4194304	4194304
io-budget/formal-expanded	ext4:append:fsync:1:4M:4K	ra8-wb8	3	elapsed_ns	549060300	536036900	562322300
io-budget/formal-expanded	ext4:append:fsync:1:4M:4K	ra8-wb8	3	data_ns	66913200	65026000	67920900
io-budget/formal-expanded	ext4:append:fsync:1:4M:4K	ra8-wb8	3	sync_ns	484034300	469123700	494401400
io-budget/formal-expanded	ext4:append:fsync:1:4M:4K	ra8-wb8	3	sync_calls	1	1	1
io-budget/formal-expanded	ext4:append:fsync:1:4M:4K	ra8-wb8	3	verify_ns	24106300	23750900	26589300
io-budget/formal-expanded	ext4:append:fsync:1:4M:4K	ra8-wb8	3	cleanup_sync_ns	14700	14000	14800
io-budget/formal-expanded	ext4:append:fsync:1:4M:4K	ra8-wb8	3	cleanup_sync_calls	0	0	0
io-budget/formal-expanded	ext4:append:fsync:1:4M:4K	ra8-wb8	3	data_mib_s	59.77893748916507	58.89203470507605	61.513855996063114
io-budget/formal-expanded	ext4:append:fsync:1:4M:4K	ra8-wb8	3	completion_mib_s	7.285174324204464	7.113358300035407	7.462172846682757
io-budget/formal-expanded	ext4:append:fsync:1:4M:4K	ra8-wb8	3	file_completion_span_ns	0	0	0
io-budget/formal-expanded	ext4:append:fsync:1:4M:4K	linux	3	bytes	4194304	4194304	4194304
io-budget/formal-expanded	ext4:append:fsync:1:4M:4K	linux	3	elapsed_ns	42359500	41055700	43049000
io-budget/formal-expanded	ext4:append:fsync:1:4M:4K	linux	3	data_ns	16919200	16896400	17575400
io-budget/formal-expanded	ext4:append:fsync:1:4M:4K	linux	3	sync_ns	25463100	24136500	25473600
io-budget/formal-expanded	ext4:append:fsync:1:4M:4K	linux	3	sync_calls	1	1	1
io-budget/formal-expanded	ext4:append:fsync:1:4M:4K	linux	3	verify_ns	12092200	11913900	12106300
io-budget/formal-expanded	ext4:append:fsync:1:4M:4K	linux	3	cleanup_sync_ns	12700	11800	33200
io-budget/formal-expanded	ext4:append:fsync:1:4M:4K	linux	3	cleanup_sync_calls	0	0	0
io-budget/formal-expanded	ext4:append:fsync:1:4M:4K	linux	3	data_mib_s	236.4177975317982	227.5908371928946	236.73681967756445
io-budget/formal-expanded	ext4:append:fsync:1:4M:4K	linux	3	completion_mib_s	94.42982093745205	92.91737322585891	97.4286152714483
io-budget/formal-expanded	ext4:append:fsync:1:4M:4K	linux	3	file_completion_span_ns	0	0	0
io-budget/formal-expanded	ext4:append:fsync:1:16M:64K	baseline	3	bytes	16777216	16777216	16777216
io-budget/formal-expanded	ext4:append:fsync:1:16M:64K	baseline	3	elapsed_ns	3386482300	3380795200	3404554600
io-budget/formal-expanded	ext4:append:fsync:1:16M:64K	baseline	3	data_ns	231029300	218925900	231677500
io-budget/formal-expanded	ext4:append:fsync:1:16M:64K	baseline	3	sync_ns	3154804800	3149765900	3185628700
io-budget/formal-expanded	ext4:append:fsync:1:16M:64K	baseline	3	sync_calls	1	1	1
io-budget/formal-expanded	ext4:append:fsync:1:16M:64K	baseline	3	verify_ns	87632100	87114800	87734500
io-budget/formal-expanded	ext4:append:fsync:1:16M:64K	baseline	3	cleanup_sync_ns	17500	16900	17600
io-budget/formal-expanded	ext4:append:fsync:1:16M:64K	baseline	3	cleanup_sync_calls	0	0	0
io-budget/formal-expanded	ext4:append:fsync:1:16M:64K	baseline	3	data_mib_s	69.25528493572027	69.0615187059598	73.08408918268692
io-budget/formal-expanded	ext4:append:fsync:1:16M:64K	baseline	3	completion_mib_s	4.724666654835314	4.699586841697296	4.732614386106558
io-budget/formal-expanded	ext4:append:fsync:1:16M:64K	baseline	3	file_completion_span_ns	0	0	0
io-budget/formal-expanded	ext4:append:fsync:1:16M:64K	ra0-wb1	3	bytes	16777216	16777216	16777216
io-budget/formal-expanded	ext4:append:fsync:1:16M:64K	ra0-wb1	3	elapsed_ns	2546402700	2461850800	2564228400
io-budget/formal-expanded	ext4:append:fsync:1:16M:64K	ra0-wb1	3	data_ns	127625500	126101200	129369100
io-budget/formal-expanded	ext4:append:fsync:1:16M:64K	ra0-wb1	3	sync_ns	2417033600	2335749600	2436602900
io-budget/formal-expanded	ext4:append:fsync:1:16M:64K	ra0-wb1	3	sync_calls	1	1	1
io-budget/formal-expanded	ext4:append:fsync:1:16M:64K	ra0-wb1	3	verify_ns	86713000	86656500	90079700
io-budget/formal-expanded	ext4:append:fsync:1:16M:64K	ra0-wb1	3	cleanup_sync_ns	18100	17000	18400
io-budget/formal-expanded	ext4:append:fsync:1:16M:64K	ra0-wb1	3	cleanup_sync_calls	0	0	0
io-budget/formal-expanded	ext4:append:fsync:1:16M:64K	ra0-wb1	3	data_mib_s	125.36679582058444	123.67713774000129	126.88221840870666
io-budget/formal-expanded	ext4:append:fsync:1:16M:64K	ra0-wb1	3	completion_mib_s	6.2833737962970275	6.239693780788014	6.499175335889567
io-budget/formal-expanded	ext4:append:fsync:1:16M:64K	ra0-wb1	3	file_completion_span_ns	0	0	0
io-budget/formal-expanded	ext4:append:fsync:1:16M:64K	ra0-wb8	3	bytes	16777216	16777216	16777216
io-budget/formal-expanded	ext4:append:fsync:1:16M:64K	ra0-wb8	3	elapsed_ns	2020735200	1974785200	2070688000
io-budget/formal-expanded	ext4:append:fsync:1:16M:64K	ra0-wb8	3	data_ns	124937000	124155100	128989600
io-budget/formal-expanded	ext4:append:fsync:1:16M:64K	ra0-wb8	3	sync_ns	1891745600	1849848200	1946532900
io-budget/formal-expanded	ext4:append:fsync:1:16M:64K	ra0-wb8	3	sync_calls	1	1	1
io-budget/formal-expanded	ext4:append:fsync:1:16M:64K	ra0-wb8	3	verify_ns	88061300	87378700	91905700
io-budget/formal-expanded	ext4:append:fsync:1:16M:64K	ra0-wb8	3	cleanup_sync_ns	16900	16800	18900
io-budget/formal-expanded	ext4:append:fsync:1:16M:64K	ra0-wb8	3	cleanup_sync_calls	0	0	0
io-budget/formal-expanded	ext4:append:fsync:1:16M:64K	ra0-wb8	3	data_mib_s	128.06454453044336	124.04100795723066	128.8710653046069
io-budget/formal-expanded	ext4:append:fsync:1:16M:64K	ra0-wb8	3	completion_mib_s	7.917910273448991	7.726900431161044	8.102147008191068
io-budget/formal-expanded	ext4:append:fsync:1:16M:64K	ra0-wb8	3	file_completion_span_ns	0	0	0
io-budget/formal-expanded	ext4:append:fsync:1:16M:64K	ra8-wb8	3	bytes	16777216	16777216	16777216
io-budget/formal-expanded	ext4:append:fsync:1:16M:64K	ra8-wb8	3	elapsed_ns	2017983200	1965906700	2025251600
io-budget/formal-expanded	ext4:append:fsync:1:16M:64K	ra8-wb8	3	data_ns	123888900	123125300	124062500
io-budget/formal-expanded	ext4:append:fsync:1:16M:64K	ra8-wb8	3	sync_ns	1893920700	1842017800	1902126300
io-budget/formal-expanded	ext4:append:fsync:1:16M:64K	ra8-wb8	3	sync_calls	1	1	1
io-budget/formal-expanded	ext4:append:fsync:1:16M:64K	ra8-wb8	3	verify_ns	90213100	89244900	91786700
io-budget/formal-expanded	ext4:append:fsync:1:16M:64K	ra8-wb8	3	cleanup_sync_ns	18600	15100	20600
io-budget/formal-expanded	ext4:append:fsync:1:16M:64K	ra8-wb8	3	cleanup_sync_calls	0	0	0
io-budget/formal-expanded	ext4:append:fsync:1:16M:64K	ra8-wb8	3	data_mib_s	129.14797048000264	128.96725440806046	129.9489219518653
io-budget/formal-expanded	ext4:append:fsync:1:16M:64K	ra8-wb8	3	completion_mib_s	7.928708227105162	7.90025298585124	8.13873822191053
io-budget/formal-expanded	ext4:append:fsync:1:16M:64K	ra8-wb8	3	file_completion_span_ns	0	0	0
io-budget/formal-expanded	ext4:append:fsync:1:16M:64K	linux	3	bytes	16777216	16777216	16777216
io-budget/formal-expanded	ext4:append:fsync:1:16M:64K	linux	3	elapsed_ns	103548900	102165600	123741200
io-budget/formal-expanded	ext4:append:fsync:1:16M:64K	linux	3	data_ns	53302800	52913400	55202700
io-budget/formal-expanded	ext4:append:fsync:1:16M:64K	linux	3	sync_ns	49252200	48346200	70438400
io-budget/formal-expanded	ext4:append:fsync:1:16M:64K	linux	3	sync_calls	1	1	1
io-budget/formal-expanded	ext4:append:fsync:1:16M:64K	linux	3	verify_ns	47665700	47451500	48381300
io-budget/formal-expanded	ext4:append:fsync:1:16M:64K	linux	3	cleanup_sync_ns	16100	15900	25600
io-budget/formal-expanded	ext4:append:fsync:1:16M:64K	linux	3	cleanup_sync_calls	0	0	0
io-budget/formal-expanded	ext4:append:fsync:1:16M:64K	linux	3	data_mib_s	300.1718483831994	289.84089546344654	302.38087138607614
io-budget/formal-expanded	ext4:append:fsync:1:16M:64K	linux	3	completion_mib_s	154.51636859493436	129.30212411064383	156.6084866138896
io-budget/formal-expanded	ext4:append:fsync:1:16M:64K	linux	3	file_completion_span_ns	0	0	0
io-budget/formal-expanded	ext4:append:fsync:1:64M:4K	baseline	3	bytes	67108864	67108864	67108864
io-budget/formal-expanded	ext4:append:fsync:1:64M:4K	baseline	3	elapsed_ns	17902681300	17477521200	17949455700
io-budget/formal-expanded	ext4:append:fsync:1:64M:4K	baseline	3	data_ns	4844348100	4598174800	4947963700
io-budget/formal-expanded	ext4:append:fsync:1:64M:4K	baseline	3	sync_ns	13001492000	12879346400	13058333200
io-budget/formal-expanded	ext4:append:fsync:1:64M:4K	baseline	3	sync_calls	1	1	1
io-budget/formal-expanded	ext4:append:fsync:1:64M:4K	baseline	3	verify_ns	358914300	345964000	359906200
io-budget/formal-expanded	ext4:append:fsync:1:64M:4K	baseline	3	cleanup_sync_ns	16900	16900	18000
io-budget/formal-expanded	ext4:append:fsync:1:64M:4K	baseline	3	cleanup_sync_calls	0	0	0
io-budget/formal-expanded	ext4:append:fsync:1:64M:4K	baseline	3	data_mib_s	13.211271914997191	12.934613889750242	13.91856612323655
io-budget/formal-expanded	ext4:append:fsync:1:64M:4K	baseline	3	completion_mib_s	3.574883500830683	3.5655677291651804	3.66184650944666
io-budget/formal-expanded	ext4:append:fsync:1:64M:4K	baseline	3	file_completion_span_ns	0	0	0
io-budget/formal-expanded	ext4:append:fsync:1:64M:4K	ra0-wb1	3	bytes	67108864	67108864	67108864
io-budget/formal-expanded	ext4:append:fsync:1:64M:4K	ra0-wb1	3	elapsed_ns	14147887300	13867458400	14184769100
io-budget/formal-expanded	ext4:append:fsync:1:64M:4K	ra0-wb1	3	data_ns	1094392600	1090038600	1099388400
io-budget/formal-expanded	ext4:append:fsync:1:64M:4K	ra0-wb1	3	sync_ns	13053494700	12768070000	13094730500
io-budget/formal-expanded	ext4:append:fsync:1:64M:4K	ra0-wb1	3	sync_calls	1	1	1
io-budget/formal-expanded	ext4:append:fsync:1:64M:4K	ra0-wb1	3	verify_ns	346317200	344714200	359340300
io-budget/formal-expanded	ext4:append:fsync:1:64M:4K	ra0-wb1	3	cleanup_sync_ns	17000	16900	17100
io-budget/formal-expanded	ext4:append:fsync:1:64M:4K	ra0-wb1	3	cleanup_sync_calls	0	0	0
io-budget/formal-expanded	ext4:append:fsync:1:64M:4K	ra0-wb1	3	data_mib_s	58.47992758722967	58.21418526882765	58.713517117650696
io-budget/formal-expanded	ext4:append:fsync:1:64M:4K	ra0-wb1	3	completion_mib_s	4.52364361143872	4.511881691468633	4.615121109719716
io-budget/formal-expanded	ext4:append:fsync:1:64M:4K	ra0-wb1	3	file_completion_span_ns	0	0	0
io-budget/formal-expanded	ext4:append:fsync:1:64M:4K	ra0-wb8	3	bytes	67108864	67108864	67108864
io-budget/formal-expanded	ext4:append:fsync:1:64M:4K	ra0-wb8	3	elapsed_ns	10272560100	10211530700	10923172200
io-budget/formal-expanded	ext4:append:fsync:1:64M:4K	ra0-wb8	3	data_ns	1168520800	1140644800	1191832800
io-budget/formal-expanded	ext4:append:fsync:1:64M:4K	ra0-wb8	3	sync_ns	9080727300	9043009900	9782527400
io-budget/formal-expanded	ext4:append:fsync:1:64M:4K	ra0-wb8	3	sync_calls	1	1	1
io-budget/formal-expanded	ext4:append:fsync:1:64M:4K	ra0-wb8	3	verify_ns	352610300	348506700	357141500
io-budget/formal-expanded	ext4:append:fsync:1:64M:4K	ra0-wb8	3	cleanup_sync_ns	17200	16800	18500
io-budget/formal-expanded	ext4:append:fsync:1:64M:4K	ra0-wb8	3	cleanup_sync_calls	0	0	0
io-budget/formal-expanded	ext4:append:fsync:1:64M:4K	ra0-wb8	3	data_mib_s	54.77009908595551	53.698807416610784	56.10861505702739
io-budget/formal-expanded	ext4:append:fsync:1:64M:4K	ra0-wb8	3	completion_mib_s	6.230189882267031	5.859103823338059	6.26742472605013
io-budget/formal-expanded	ext4:append:fsync:1:64M:4K	ra0-wb8	3	file_completion_span_ns	0	0	0
io-budget/formal-expanded	ext4:append:fsync:1:64M:4K	ra8-wb8	3	bytes	67108864	67108864	67108864
io-budget/formal-expanded	ext4:append:fsync:1:64M:4K	ra8-wb8	3	elapsed_ns	10328401300	10084585900	10352859100
io-budget/formal-expanded	ext4:append:fsync:1:64M:4K	ra8-wb8	3	data_ns	1166998600	1165490200	1185811600
io-budget/formal-expanded	ext4:append:fsync:1:64M:4K	ra8-wb8	3	sync_ns	9161402700	8919095700	9167047500
io-budget/formal-expanded	ext4:append:fsync:1:64M:4K	ra8-wb8	3	sync_calls	1	1	1
io-budget/formal-expanded	ext4:append:fsync:1:64M:4K	ra8-wb8	3	verify_ns	363841100	360523300	364227800
io-budget/formal-expanded	ext4:append:fsync:1:64M:4K	ra8-wb8	3	cleanup_sync_ns	15300	15000	16900
io-budget/formal-expanded	ext4:append:fsync:1:64M:4K	ra8-wb8	3	cleanup_sync_calls	0	0	0
io-budget/formal-expanded	ext4:append:fsync:1:64M:4K	ra8-wb8	3	data_mib_s	54.841539655660256	53.97147405203322	54.912516638921545
io-budget/formal-expanded	ext4:append:fsync:1:64M:4K	ra8-wb8	3	completion_mib_s	6.196505939404195	6.1818671906777904	6.346319088818511
io-budget/formal-expanded	ext4:append:fsync:1:64M:4K	ra8-wb8	3	file_completion_span_ns	0	0	0
io-budget/formal-expanded	ext4:append:fsync:1:64M:4K	linux	3	bytes	67108864	67108864	67108864
io-budget/formal-expanded	ext4:append:fsync:1:64M:4K	linux	3	elapsed_ns	357629900	356564300	365815000
io-budget/formal-expanded	ext4:append:fsync:1:64M:4K	linux	3	data_ns	267084400	266035200	271452100
io-budget/formal-expanded	ext4:append:fsync:1:64M:4K	linux	3	sync_ns	91594700	89479900	94362900
io-budget/formal-expanded	ext4:append:fsync:1:64M:4K	linux	3	sync_calls	1	1	1
io-budget/formal-expanded	ext4:append:fsync:1:64M:4K	linux	3	verify_ns	187667800	185295200	195515900
io-budget/formal-expanded	ext4:append:fsync:1:64M:4K	linux	3	cleanup_sync_ns	16000	15400	16100
io-budget/formal-expanded	ext4:append:fsync:1:64M:4K	linux	3	cleanup_sync_calls	0	0	0
io-budget/formal-expanded	ext4:append:fsync:1:64M:4K	linux	3	data_mib_s	239.62462802020636	235.76903623143826	240.5696689761355
io-budget/formal-expanded	ext4:append:fsync:1:64M:4K	linux	3	completion_mib_s	178.95595418615724	174.95181990897038	179.49076786430948
io-budget/formal-expanded	ext4:append:fsync:1:64M:4K	linux	3	file_completion_span_ns	0	0	0
io-budget/formal-expanded	ext4:overwrite:cache:1:16M:64K	baseline	3	bytes	16777216	16777216	16777216
io-budget/formal-expanded	ext4:overwrite:cache:1:16M:64K	baseline	3	elapsed_ns	657611000	631514000	704924800
io-budget/formal-expanded	ext4:overwrite:cache:1:16M:64K	baseline	3	data_ns	657611000	631514000	704924800
io-budget/formal-expanded	ext4:overwrite:cache:1:16M:64K	baseline	3	sync_ns	0	0	0
io-budget/formal-expanded	ext4:overwrite:cache:1:16M:64K	baseline	3	sync_calls	0	0	0
io-budget/formal-expanded	ext4:overwrite:cache:1:16M:64K	baseline	3	verify_ns	91561700	88886500	92380500
io-budget/formal-expanded	ext4:overwrite:cache:1:16M:64K	baseline	3	cleanup_sync_ns	1620779000	1541000700	1677638800
io-budget/formal-expanded	ext4:overwrite:cache:1:16M:64K	baseline	3	cleanup_sync_calls	1	1	1
io-budget/formal-expanded	ext4:overwrite:cache:1:16M:64K	baseline	3	data_mib_s	24.330493255131074	22.69745652302203	25.335938712364253
io-budget/formal-expanded	ext4:overwrite:cache:1:16M:64K	baseline	3	completion_mib_s	24.330493255131074	22.69745652302203	25.335938712364253
io-budget/formal-expanded	ext4:overwrite:cache:1:16M:64K	baseline	3	file_completion_span_ns	0	0	0
io-budget/formal-expanded	ext4:overwrite:cache:1:16M:64K	ra0-wb1	3	bytes	16777216	16777216	16777216
io-budget/formal-expanded	ext4:overwrite:cache:1:16M:64K	ra0-wb1	3	elapsed_ns	123795800	123057800	128767600
io-budget/formal-expanded	ext4:overwrite:cache:1:16M:64K	ra0-wb1	3	data_ns	123795800	123057800	128767600
io-budget/formal-expanded	ext4:overwrite:cache:1:16M:64K	ra0-wb1	3	sync_ns	0	0	0
io-budget/formal-expanded	ext4:overwrite:cache:1:16M:64K	ra0-wb1	3	sync_calls	0	0	0
io-budget/formal-expanded	ext4:overwrite:cache:1:16M:64K	ra0-wb1	3	verify_ns	88796900	88534500	89126200
io-budget/formal-expanded	ext4:overwrite:cache:1:16M:64K	ra0-wb1	3	cleanup_sync_ns	1617539700	1588169200	1643221400
io-budget/formal-expanded	ext4:overwrite:cache:1:16M:64K	ra0-wb1	3	cleanup_sync_calls	1	1	1
io-budget/formal-expanded	ext4:overwrite:cache:1:16M:64K	ra0-wb1	3	data_mib_s	129.2450955525147	124.2548591415853	130.02020188886848
io-budget/formal-expanded	ext4:overwrite:cache:1:16M:64K	ra0-wb1	3	completion_mib_s	129.2450955525147	124.2548591415853	130.02020188886848
io-budget/formal-expanded	ext4:overwrite:cache:1:16M:64K	ra0-wb1	3	file_completion_span_ns	0	0	0
io-budget/formal-expanded	ext4:overwrite:cache:1:16M:64K	ra0-wb8	3	bytes	16777216	16777216	16777216
io-budget/formal-expanded	ext4:overwrite:cache:1:16M:64K	ra0-wb8	3	elapsed_ns	122367000	122241700	123043800
io-budget/formal-expanded	ext4:overwrite:cache:1:16M:64K	ra0-wb8	3	data_ns	122367000	122241700	123043800
io-budget/formal-expanded	ext4:overwrite:cache:1:16M:64K	ra0-wb8	3	sync_ns	0	0	0
io-budget/formal-expanded	ext4:overwrite:cache:1:16M:64K	ra0-wb8	3	sync_calls	0	0	0
io-budget/formal-expanded	ext4:overwrite:cache:1:16M:64K	ra0-wb8	3	verify_ns	89240400	89049400	89269800
io-budget/formal-expanded	ext4:overwrite:cache:1:16M:64K	ra0-wb8	3	cleanup_sync_ns	1204062600	1170966600	1276344500
io-budget/formal-expanded	ext4:overwrite:cache:1:16M:64K	ra0-wb8	3	cleanup_sync_calls	1	1	1
io-budget/formal-expanded	ext4:overwrite:cache:1:16M:64K	ra0-wb8	3	data_mib_s	130.7542066079907	130.0349956682092	130.8882320844687
io-budget/formal-expanded	ext4:overwrite:cache:1:16M:64K	ra0-wb8	3	completion_mib_s	130.7542066079907	130.0349956682092	130.8882320844687
io-budget/formal-expanded	ext4:overwrite:cache:1:16M:64K	ra0-wb8	3	file_completion_span_ns	0	0	0
io-budget/formal-expanded	ext4:overwrite:cache:1:16M:64K	ra8-wb8	3	bytes	16777216	16777216	16777216
io-budget/formal-expanded	ext4:overwrite:cache:1:16M:64K	ra8-wb8	3	elapsed_ns	126349300	124173200	127394000
io-budget/formal-expanded	ext4:overwrite:cache:1:16M:64K	ra8-wb8	3	data_ns	126349300	124173200	127394000
io-budget/formal-expanded	ext4:overwrite:cache:1:16M:64K	ra8-wb8	3	sync_ns	0	0	0
io-budget/formal-expanded	ext4:overwrite:cache:1:16M:64K	ra8-wb8	3	sync_calls	0	0	0
io-budget/formal-expanded	ext4:overwrite:cache:1:16M:64K	ra8-wb8	3	verify_ns	93120800	92773700	96179200
io-budget/formal-expanded	ext4:overwrite:cache:1:16M:64K	ra8-wb8	3	cleanup_sync_ns	1176536800	1160886600	1190402100
io-budget/formal-expanded	ext4:overwrite:cache:1:16M:64K	ra8-wb8	3	cleanup_sync_calls	1	1	1
io-budget/formal-expanded	ext4:overwrite:cache:1:16M:64K	ra8-wb8	3	data_mib_s	126.63307196794916	125.59461199114558	128.85228052429994
io-budget/formal-expanded	ext4:overwrite:cache:1:16M:64K	ra8-wb8	3	completion_mib_s	126.63307196794916	125.59461199114558	128.85228052429994
io-budget/formal-expanded	ext4:overwrite:cache:1:16M:64K	ra8-wb8	3	file_completion_span_ns	0	0	0
io-budget/formal-expanded	ext4:overwrite:cache:1:16M:64K	linux	3	bytes	16777216	16777216	16777216
io-budget/formal-expanded	ext4:overwrite:cache:1:16M:64K	linux	3	elapsed_ns	51653300	50616400	51814700
io-budget/formal-expanded	ext4:overwrite:cache:1:16M:64K	linux	3	data_ns	51653300	50616400	51814700
io-budget/formal-expanded	ext4:overwrite:cache:1:16M:64K	linux	3	sync_ns	0	0	0
io-budget/formal-expanded	ext4:overwrite:cache:1:16M:64K	linux	3	sync_calls	0	0	0
io-budget/formal-expanded	ext4:overwrite:cache:1:16M:64K	linux	3	verify_ns	48624700	47393100	49059800
io-budget/formal-expanded	ext4:overwrite:cache:1:16M:64K	linux	3	cleanup_sync_ns	44809600	44190400	47485200
io-budget/formal-expanded	ext4:overwrite:cache:1:16M:64K	linux	3	cleanup_sync_calls	1	1	1
io-budget/formal-expanded	ext4:overwrite:cache:1:16M:64K	linux	3	data_mib_s	309.7575566323933	308.7926785255922	316.10308121478414
io-budget/formal-expanded	ext4:overwrite:cache:1:16M:64K	linux	3	completion_mib_s	309.7575566323933	308.7926785255922	316.10308121478414
io-budget/formal-expanded	ext4:overwrite:cache:1:16M:64K	linux	3	file_completion_span_ns	0	0	0
io-budget/formal-expanded	ext4:overwrite:fsync:1:16M:64K	baseline	3	bytes	16777216	16777216	16777216
io-budget/formal-expanded	ext4:overwrite:fsync:1:16M:64K	baseline	3	elapsed_ns	2335628300	2332207800	2352616100
io-budget/formal-expanded	ext4:overwrite:fsync:1:16M:64K	baseline	3	data_ns	692215200	664694800	701057500
io-budget/formal-expanded	ext4:overwrite:fsync:1:16M:64K	baseline	3	sync_ns	1639992600	1634570800	1687921300
io-budget/formal-expanded	ext4:overwrite:fsync:1:16M:64K	baseline	3	sync_calls	1	1	1
io-budget/formal-expanded	ext4:overwrite:fsync:1:16M:64K	baseline	3	verify_ns	90361900	89877800	91411700
io-budget/formal-expanded	ext4:overwrite:fsync:1:16M:64K	baseline	3	cleanup_sync_ns	17500	17100	18200
io-budget/formal-expanded	ext4:overwrite:fsync:1:16M:64K	baseline	3	cleanup_sync_calls	0	0	0
io-budget/formal-expanded	ext4:overwrite:fsync:1:16M:64K	baseline	3	data_mib_s	23.11419916811997	22.822664332098295	24.07119778881977
io-budget/formal-expanded	ext4:overwrite:fsync:1:16M:64K	baseline	3	completion_mib_s	6.850405092282878	6.8009396008128995	6.8604521432438395
io-budget/formal-expanded	ext4:overwrite:fsync:1:16M:64K	baseline	3	file_completion_span_ns	0	0	0
io-budget/formal-expanded	ext4:overwrite:fsync:1:16M:64K	ra0-wb1	3	bytes	16777216	16777216	16777216
io-budget/formal-expanded	ext4:overwrite:fsync:1:16M:64K	ra0-wb1	3	elapsed_ns	1728777700	1714525700	1740863800
io-budget/formal-expanded	ext4:overwrite:fsync:1:16M:64K	ra0-wb1	3	data_ns	123648000	123492800	127756800
io-budget/formal-expanded	ext4:overwrite:fsync:1:16M:64K	ra0-wb1	3	sync_ns	1605284900	1586768900	1617215800
io-budget/formal-expanded	ext4:overwrite:fsync:1:16M:64K	ra0-wb1	3	sync_calls	1	1	1
io-budget/formal-expanded	ext4:overwrite:fsync:1:16M:64K	ra0-wb1	3	verify_ns	89987200	87918800	90902700
io-budget/formal-expanded	ext4:overwrite:fsync:1:16M:64K	ra0-wb1	3	cleanup_sync_ns	17900	17400	18300
io-budget/formal-expanded	ext4:overwrite:fsync:1:16M:64K	ra0-wb1	3	cleanup_sync_calls	0	0	0
io-budget/formal-expanded	ext4:overwrite:fsync:1:16M:64K	ra0-wb1	3	data_mib_s	129.39958592132504	125.23795210900711	129.5622092947929
io-budget/formal-expanded	ext4:overwrite:fsync:1:16M:64K	ra0-wb1	3	completion_mib_s	9.255093931394418	9.190839628005362	9.332026927330398
io-budget/formal-expanded	ext4:overwrite:fsync:1:16M:64K	ra0-wb1	3	file_completion_span_ns	0	0	0
io-budget/formal-expanded	ext4:overwrite:fsync:1:16M:64K	ra0-wb8	3	bytes	16777216	16777216	16777216
io-budget/formal-expanded	ext4:overwrite:fsync:1:16M:64K	ra0-wb8	3	elapsed_ns	1284334500	1262224000	1335210100
io-budget/formal-expanded	ext4:overwrite:fsync:1:16M:64K	ra0-wb8	3	data_ns	123324500	121337200	126315900
io-budget/formal-expanded	ext4:overwrite:fsync:1:16M:64K	ra0-wb8	3	sync_ns	1162997300	1135908100	1211885600
io-budget/formal-expanded	ext4:overwrite:fsync:1:16M:64K	ra0-wb8	3	sync_calls	1	1	1
io-budget/formal-expanded	ext4:overwrite:fsync:1:16M:64K	ra0-wb8	3	verify_ns	89656000	88763100	92880400
io-budget/formal-expanded	ext4:overwrite:fsync:1:16M:64K	ra0-wb8	3	cleanup_sync_ns	16900	16800	20500
io-budget/formal-expanded	ext4:overwrite:fsync:1:16M:64K	ra0-wb8	3	cleanup_sync_calls	0	0	0
io-budget/formal-expanded	ext4:overwrite:fsync:1:16M:64K	ra0-wb8	3	data_mib_s	129.73902184886214	126.66655583343031	131.86392961103437
io-budget/formal-expanded	ext4:overwrite:fsync:1:16M:64K	ra0-wb8	3	completion_mib_s	12.45781375490575	11.983132841790217	12.676038484452839
io-budget/formal-expanded	ext4:overwrite:fsync:1:16M:64K	ra0-wb8	3	file_completion_span_ns	0	0	0
io-budget/formal-expanded	ext4:overwrite:fsync:1:16M:64K	ra8-wb8	3	bytes	16777216	16777216	16777216
io-budget/formal-expanded	ext4:overwrite:fsync:1:16M:64K	ra8-wb8	3	elapsed_ns	1329223400	1298342700	1361606000
io-budget/formal-expanded	ext4:overwrite:fsync:1:16M:64K	ra8-wb8	3	data_ns	123589900	122517500	130176300
io-budget/formal-expanded	ext4:overwrite:fsync:1:16M:64K	ra8-wb8	3	sync_ns	1205633500	1175825200	1231429700
io-budget/formal-expanded	ext4:overwrite:fsync:1:16M:64K	ra8-wb8	3	sync_calls	1	1	1
io-budget/formal-expanded	ext4:overwrite:fsync:1:16M:64K	ra8-wb8	3	verify_ns	92394400	92245400	93740700
io-budget/formal-expanded	ext4:overwrite:fsync:1:16M:64K	ra8-wb8	3	cleanup_sync_ns	15100	15000	15600
io-budget/formal-expanded	ext4:overwrite:fsync:1:16M:64K	ra8-wb8	3	cleanup_sync_calls	0	0	0
io-budget/formal-expanded	ext4:overwrite:fsync:1:16M:64K	ra8-wb8	3	data_mib_s	129.46041707291616	122.91023788508353	130.5935886710062
io-budget/formal-expanded	ext4:overwrite:fsync:1:16M:64K	ra8-wb8	3	completion_mib_s	12.037103770517431	11.750829535122495	12.323402750290812
io-budget/formal-expanded	ext4:overwrite:fsync:1:16M:64K	ra8-wb8	3	file_completion_span_ns	0	0	0
io-budget/formal-expanded	ext4:overwrite:fsync:1:16M:64K	linux	3	bytes	16777216	16777216	16777216
io-budget/formal-expanded	ext4:overwrite:fsync:1:16M:64K	linux	3	elapsed_ns	92361900	91824600	97001900
io-budget/formal-expanded	ext4:overwrite:fsync:1:16M:64K	linux	3	data_ns	50281400	50012600	51629400
io-budget/formal-expanded	ext4:overwrite:fsync:1:16M:64K	linux	3	sync_ns	42349300	40195200	46720500
io-budget/formal-expanded	ext4:overwrite:fsync:1:16M:64K	linux	3	sync_calls	1	1	1
io-budget/formal-expanded	ext4:overwrite:fsync:1:16M:64K	linux	3	verify_ns	48307000	47883200	48395000
io-budget/formal-expanded	ext4:overwrite:fsync:1:16M:64K	linux	3	cleanup_sync_ns	16300	13500	22700
io-budget/formal-expanded	ext4:overwrite:fsync:1:16M:64K	linux	3	cleanup_sync_calls	0	0	0
io-budget/formal-expanded	ext4:overwrite:fsync:1:16M:64K	linux	3	data_mib_s	318.20911907783	309.9009479095244	319.9193803161603
io-budget/formal-expanded	ext4:overwrite:fsync:1:16M:64K	linux	3	completion_mib_s	173.23160307442788	164.9452227224415	174.24524582737087
io-budget/formal-expanded	ext4:overwrite:fsync:1:16M:64K	linux	3	file_completion_span_ns	0	0	0
io-budget/formal-expanded	ext4:cold-read:cache:1:16M:4K	baseline	3	bytes	16777216	16777216	16777216
io-budget/formal-expanded	ext4:cold-read:cache:1:16M:4K	baseline	3	elapsed_ns	599022200	589131100	625878100
io-budget/formal-expanded	ext4:cold-read:cache:1:16M:4K	baseline	3	data_ns	599022200	589131100	625878100
io-budget/formal-expanded	ext4:cold-read:cache:1:16M:4K	baseline	3	sync_ns	0	0	0
io-budget/formal-expanded	ext4:cold-read:cache:1:16M:4K	baseline	3	sync_calls	0	0	0
io-budget/formal-expanded	ext4:cold-read:cache:1:16M:4K	baseline	3	verify_ns	181300	178400	189400
io-budget/formal-expanded	ext4:cold-read:cache:1:16M:4K	baseline	3	cleanup_sync_ns	13400	13000	13600
io-budget/formal-expanded	ext4:cold-read:cache:1:16M:4K	baseline	3	cleanup_sync_calls	0	0	0
io-budget/formal-expanded	ext4:cold-read:cache:1:16M:4K	baseline	3	data_mib_s	26.710195381740444	25.56408348526654	27.158640920501394
io-budget/formal-expanded	ext4:cold-read:cache:1:16M:4K	baseline	3	completion_mib_s	26.710195381740444	25.56408348526654	27.158640920501394
io-budget/formal-expanded	ext4:cold-read:cache:1:16M:4K	baseline	3	file_completion_span_ns	0	0	0
io-budget/formal-expanded	ext4:cold-read:cache:1:16M:4K	ra0-wb1	3	bytes	16777216	16777216	16777216
io-budget/formal-expanded	ext4:cold-read:cache:1:16M:4K	ra0-wb1	3	elapsed_ns	626751600	605965200	655788800
io-budget/formal-expanded	ext4:cold-read:cache:1:16M:4K	ra0-wb1	3	data_ns	626751600	605965200	655788800
io-budget/formal-expanded	ext4:cold-read:cache:1:16M:4K	ra0-wb1	3	sync_ns	0	0	0
io-budget/formal-expanded	ext4:cold-read:cache:1:16M:4K	ra0-wb1	3	sync_calls	0	0	0
io-budget/formal-expanded	ext4:cold-read:cache:1:16M:4K	ra0-wb1	3	verify_ns	179600	179300	424900
io-budget/formal-expanded	ext4:cold-read:cache:1:16M:4K	ra0-wb1	3	cleanup_sync_ns	12400	12300	13700
io-budget/formal-expanded	ext4:cold-read:cache:1:16M:4K	ra0-wb1	3	cleanup_sync_calls	0	0	0
io-budget/formal-expanded	ext4:cold-read:cache:1:16M:4K	ra0-wb1	3	data_mib_s	25.528454973230225	24.3980989001337	26.40415654232289
io-budget/formal-expanded	ext4:cold-read:cache:1:16M:4K	ra0-wb1	3	completion_mib_s	25.528454973230225	24.3980989001337	26.40415654232289
io-budget/formal-expanded	ext4:cold-read:cache:1:16M:4K	ra0-wb1	3	file_completion_span_ns	0	0	0
io-budget/formal-expanded	ext4:cold-read:cache:1:16M:4K	ra0-wb8	3	bytes	16777216	16777216	16777216
io-budget/formal-expanded	ext4:cold-read:cache:1:16M:4K	ra0-wb8	3	elapsed_ns	640054100	602806500	644556000
io-budget/formal-expanded	ext4:cold-read:cache:1:16M:4K	ra0-wb8	3	data_ns	640054100	602806500	644556000
io-budget/formal-expanded	ext4:cold-read:cache:1:16M:4K	ra0-wb8	3	sync_ns	0	0	0
io-budget/formal-expanded	ext4:cold-read:cache:1:16M:4K	ra0-wb8	3	sync_calls	0	0	0
io-budget/formal-expanded	ext4:cold-read:cache:1:16M:4K	ra0-wb8	3	verify_ns	183000	180000	189900
io-budget/formal-expanded	ext4:cold-read:cache:1:16M:4K	ra0-wb8	3	cleanup_sync_ns	12200	11900	12500
io-budget/formal-expanded	ext4:cold-read:cache:1:16M:4K	ra0-wb8	3	cleanup_sync_calls	0	0	0
io-budget/formal-expanded	ext4:cold-read:cache:1:16M:4K	ra0-wb8	3	data_mib_s	24.997886897373206	24.823289209936764	26.54251405716428
io-budget/formal-expanded	ext4:cold-read:cache:1:16M:4K	ra0-wb8	3	completion_mib_s	24.997886897373206	24.823289209936764	26.54251405716428
io-budget/formal-expanded	ext4:cold-read:cache:1:16M:4K	ra0-wb8	3	file_completion_span_ns	0	0	0
io-budget/formal-expanded	ext4:cold-read:cache:1:16M:4K	ra8-wb8	3	bytes	16777216	16777216	16777216
io-budget/formal-expanded	ext4:cold-read:cache:1:16M:4K	ra8-wb8	3	elapsed_ns	436406000	433461900	447992300
io-budget/formal-expanded	ext4:cold-read:cache:1:16M:4K	ra8-wb8	3	data_ns	436406000	433461900	447992300
io-budget/formal-expanded	ext4:cold-read:cache:1:16M:4K	ra8-wb8	3	sync_ns	0	0	0
io-budget/formal-expanded	ext4:cold-read:cache:1:16M:4K	ra8-wb8	3	sync_calls	0	0	0
io-budget/formal-expanded	ext4:cold-read:cache:1:16M:4K	ra8-wb8	3	verify_ns	132000	131000	141800
io-budget/formal-expanded	ext4:cold-read:cache:1:16M:4K	ra8-wb8	3	cleanup_sync_ns	13200	12900	14100
io-budget/formal-expanded	ext4:cold-read:cache:1:16M:4K	ra8-wb8	3	cleanup_sync_calls	0	0	0
io-budget/formal-expanded	ext4:cold-read:cache:1:16M:4K	ra8-wb8	3	data_mib_s	36.663107290000596	35.71489956412197	36.912125379416274
io-budget/formal-expanded	ext4:cold-read:cache:1:16M:4K	ra8-wb8	3	completion_mib_s	36.663107290000596	35.71489956412197	36.912125379416274
io-budget/formal-expanded	ext4:cold-read:cache:1:16M:4K	ra8-wb8	3	file_completion_span_ns	0	0	0
io-budget/formal-expanded	ext4:cold-read:cache:1:16M:4K	linux	3	bytes	16777216	16777216	16777216
io-budget/formal-expanded	ext4:cold-read:cache:1:16M:4K	linux	3	elapsed_ns	61551200	59989100	63545000
io-budget/formal-expanded	ext4:cold-read:cache:1:16M:4K	linux	3	data_ns	61551200	59989100	63545000
io-budget/formal-expanded	ext4:cold-read:cache:1:16M:4K	linux	3	sync_ns	0	0	0
io-budget/formal-expanded	ext4:cold-read:cache:1:16M:4K	linux	3	sync_calls	0	0	0
io-budget/formal-expanded	ext4:cold-read:cache:1:16M:4K	linux	3	verify_ns	77300	77100	80500
io-budget/formal-expanded	ext4:cold-read:cache:1:16M:4K	linux	3	cleanup_sync_ns	10200	9900	10400
io-budget/formal-expanded	ext4:cold-read:cache:1:16M:4K	linux	3	cleanup_sync_calls	0	0	0
io-budget/formal-expanded	ext4:cold-read:cache:1:16M:4K	linux	3	data_mib_s	259.94619113843436	251.79007002911322	266.71511991345096
io-budget/formal-expanded	ext4:cold-read:cache:1:16M:4K	linux	3	completion_mib_s	259.94619113843436	251.79007002911322	266.71511991345096
io-budget/formal-expanded	ext4:cold-read:cache:1:16M:4K	linux	3	file_completion_span_ns	0	0	0
io-budget/formal-expanded	ext4:hot-read:cache:1:16M:4K	baseline	3	bytes	16777216	16777216	16777216
io-budget/formal-expanded	ext4:hot-read:cache:1:16M:4K	baseline	3	elapsed_ns	119320500	118495600	121765900
io-budget/formal-expanded	ext4:hot-read:cache:1:16M:4K	baseline	3	data_ns	119320500	118495600	121765900
io-budget/formal-expanded	ext4:hot-read:cache:1:16M:4K	baseline	3	sync_ns	0	0	0
io-budget/formal-expanded	ext4:hot-read:cache:1:16M:4K	baseline	3	sync_calls	0	0	0
io-budget/formal-expanded	ext4:hot-read:cache:1:16M:4K	baseline	3	verify_ns	116500	114300	139400
io-budget/formal-expanded	ext4:hot-read:cache:1:16M:4K	baseline	3	cleanup_sync_ns	12600	12200	14500
io-budget/formal-expanded	ext4:hot-read:cache:1:16M:4K	baseline	3	cleanup_sync_calls	0	0	0
io-budget/formal-expanded	ext4:hot-read:cache:1:16M:4K	baseline	3	data_mib_s	134.09263286694238	131.39967757804115	135.02611067415162
io-budget/formal-expanded	ext4:hot-read:cache:1:16M:4K	baseline	3	completion_mib_s	134.09263286694238	131.39967757804115	135.02611067415162
io-budget/formal-expanded	ext4:hot-read:cache:1:16M:4K	baseline	3	file_completion_span_ns	0	0	0
io-budget/formal-expanded	ext4:hot-read:cache:1:16M:4K	ra0-wb1	3	bytes	16777216	16777216	16777216
io-budget/formal-expanded	ext4:hot-read:cache:1:16M:4K	ra0-wb1	3	elapsed_ns	120905300	119225500	124579400
io-budget/formal-expanded	ext4:hot-read:cache:1:16M:4K	ra0-wb1	3	data_ns	120905300	119225500	124579400
io-budget/formal-expanded	ext4:hot-read:cache:1:16M:4K	ra0-wb1	3	sync_ns	0	0	0
io-budget/formal-expanded	ext4:hot-read:cache:1:16M:4K	ra0-wb1	3	sync_calls	0	0	0
io-budget/formal-expanded	ext4:hot-read:cache:1:16M:4K	ra0-wb1	3	verify_ns	118200	113700	120700
io-budget/formal-expanded	ext4:hot-read:cache:1:16M:4K	ra0-wb1	3	cleanup_sync_ns	12000	11800	12200
io-budget/formal-expanded	ext4:hot-read:cache:1:16M:4K	ra0-wb1	3	cleanup_sync_calls	0	0	0
io-budget/formal-expanded	ext4:hot-read:cache:1:16M:4K	ra0-wb1	3	data_mib_s	132.33497621692348	128.43214849325008	134.19947913827158
io-budget/formal-expanded	ext4:hot-read:cache:1:16M:4K	ra0-wb1	3	completion_mib_s	132.33497621692348	128.43214849325008	134.19947913827158
io-budget/formal-expanded	ext4:hot-read:cache:1:16M:4K	ra0-wb1	3	file_completion_span_ns	0	0	0
io-budget/formal-expanded	ext4:hot-read:cache:1:16M:4K	ra0-wb8	3	bytes	16777216	16777216	16777216
io-budget/formal-expanded	ext4:hot-read:cache:1:16M:4K	ra0-wb8	3	elapsed_ns	123121000	122080100	124619700
io-budget/formal-expanded	ext4:hot-read:cache:1:16M:4K	ra0-wb8	3	data_ns	123121000	122080100	124619700
io-budget/formal-expanded	ext4:hot-read:cache:1:16M:4K	ra0-wb8	3	sync_ns	0	0	0
io-budget/formal-expanded	ext4:hot-read:cache:1:16M:4K	ra0-wb8	3	sync_calls	0	0	0
io-budget/formal-expanded	ext4:hot-read:cache:1:16M:4K	ra0-wb8	3	verify_ns	121600	117200	126700
io-budget/formal-expanded	ext4:hot-read:cache:1:16M:4K	ra0-wb8	3	cleanup_sync_ns	12400	12100	12900
io-budget/formal-expanded	ext4:hot-read:cache:1:16M:4K	ra0-wb8	3	cleanup_sync_calls	0	0	0
io-budget/formal-expanded	ext4:hot-read:cache:1:16M:4K	ra0-wb8	3	data_mib_s	129.95346041698818	128.3906156089286	131.06149159445314
io-budget/formal-expanded	ext4:hot-read:cache:1:16M:4K	ra0-wb8	3	completion_mib_s	129.95346041698818	128.3906156089286	131.06149159445314
io-budget/formal-expanded	ext4:hot-read:cache:1:16M:4K	ra0-wb8	3	file_completion_span_ns	0	0	0
io-budget/formal-expanded	ext4:hot-read:cache:1:16M:4K	ra8-wb8	3	bytes	16777216	16777216	16777216
io-budget/formal-expanded	ext4:hot-read:cache:1:16M:4K	ra8-wb8	3	elapsed_ns	117916300	116846100	123177900
io-budget/formal-expanded	ext4:hot-read:cache:1:16M:4K	ra8-wb8	3	data_ns	117916300	116846100	123177900
io-budget/formal-expanded	ext4:hot-read:cache:1:16M:4K	ra8-wb8	3	sync_ns	0	0	0
io-budget/formal-expanded	ext4:hot-read:cache:1:16M:4K	ra8-wb8	3	sync_calls	0	0	0
io-budget/formal-expanded	ext4:hot-read:cache:1:16M:4K	ra8-wb8	3	verify_ns	146100	132600	148000
io-budget/formal-expanded	ext4:hot-read:cache:1:16M:4K	ra8-wb8	3	cleanup_sync_ns	12000	12000	12200
io-budget/formal-expanded	ext4:hot-read:cache:1:16M:4K	ra8-wb8	3	cleanup_sync_calls	0	0	0
io-budget/formal-expanded	ext4:hot-read:cache:1:16M:4K	ra8-wb8	3	data_mib_s	135.68946786830998	129.8934305585661	136.9322553341532
io-budget/formal-expanded	ext4:hot-read:cache:1:16M:4K	ra8-wb8	3	completion_mib_s	135.68946786830998	129.8934305585661	136.9322553341532
io-budget/formal-expanded	ext4:hot-read:cache:1:16M:4K	ra8-wb8	3	file_completion_span_ns	0	0	0
io-budget/formal-expanded	ext4:hot-read:cache:1:16M:4K	linux	3	bytes	16777216	16777216	16777216
io-budget/formal-expanded	ext4:hot-read:cache:1:16M:4K	linux	3	elapsed_ns	54257500	53987400	54262600
io-budget/formal-expanded	ext4:hot-read:cache:1:16M:4K	linux	3	data_ns	54257500	53987400	54262600
io-budget/formal-expanded	ext4:hot-read:cache:1:16M:4K	linux	3	sync_ns	0	0	0
io-budget/formal-expanded	ext4:hot-read:cache:1:16M:4K	linux	3	sync_calls	0	0	0
io-budget/formal-expanded	ext4:hot-read:cache:1:16M:4K	linux	3	verify_ns	61500	57100	62600
io-budget/formal-expanded	ext4:hot-read:cache:1:16M:4K	linux	3	cleanup_sync_ns	10300	9800	12700
io-budget/formal-expanded	ext4:hot-read:cache:1:16M:4K	linux	3	cleanup_sync_calls	0	0	0
io-budget/formal-expanded	ext4:hot-read:cache:1:16M:4K	linux	3	data_mib_s	294.8901073584297	294.86239140770994	296.36544823421764
io-budget/formal-expanded	ext4:hot-read:cache:1:16M:4K	linux	3	completion_mib_s	294.8901073584297	294.86239140770994	296.36544823421764
io-budget/formal-expanded	ext4:hot-read:cache:1:16M:4K	linux	3	file_completion_span_ns	0	0	0
io-budget/formal-expanded	ext4:cold-read:cache:4:4M:4K	baseline	3	bytes	16777216	16777216	16777216
io-budget/formal-expanded	ext4:cold-read:cache:4:4M:4K	baseline	3	elapsed_ns	615393400	611841800	632473600
io-budget/formal-expanded	ext4:cold-read:cache:4:4M:4K	baseline	3	data_ns	615393400	611841800	632473600
io-budget/formal-expanded	ext4:cold-read:cache:4:4M:4K	baseline	3	sync_ns	0	0	0
io-budget/formal-expanded	ext4:cold-read:cache:4:4M:4K	baseline	3	sync_calls	0	0	0
io-budget/formal-expanded	ext4:cold-read:cache:4:4M:4K	baseline	3	verify_ns	253900	244500	267100
io-budget/formal-expanded	ext4:cold-read:cache:4:4M:4K	baseline	3	cleanup_sync_ns	14700	12900	15400
io-budget/formal-expanded	ext4:cold-read:cache:4:4M:4K	baseline	3	cleanup_sync_calls	0	0	0
io-budget/formal-expanded	ext4:cold-read:cache:4:4M:4K	baseline	3	data_mib_s	25.99962885529809	25.29749858334008	26.150550681565072
io-budget/formal-expanded	ext4:cold-read:cache:4:4M:4K	baseline	3	completion_mib_s	25.99962885529809	25.29749858334008	26.150550681565072
io-budget/formal-expanded	ext4:cold-read:cache:4:4M:4K	baseline	3	file_completion_span_ns	490000	489000	508200
io-budget/formal-expanded	ext4:cold-read:cache:4:4M:4K	ra0-wb1	3	bytes	16777216	16777216	16777216
io-budget/formal-expanded	ext4:cold-read:cache:4:4M:4K	ra0-wb1	3	elapsed_ns	621862400	602364800	640246600
io-budget/formal-expanded	ext4:cold-read:cache:4:4M:4K	ra0-wb1	3	data_ns	621862400	602364800	640246600
io-budget/formal-expanded	ext4:cold-read:cache:4:4M:4K	ra0-wb1	3	sync_ns	0	0	0
io-budget/formal-expanded	ext4:cold-read:cache:4:4M:4K	ra0-wb1	3	sync_calls	0	0	0
io-budget/formal-expanded	ext4:cold-read:cache:4:4M:4K	ra0-wb1	3	verify_ns	264500	248500	266100
io-budget/formal-expanded	ext4:cold-read:cache:4:4M:4K	ra0-wb1	3	cleanup_sync_ns	12800	12000	13400
io-budget/formal-expanded	ext4:cold-read:cache:4:4M:4K	ra0-wb1	3	cleanup_sync_calls	0	0	0
io-budget/formal-expanded	ext4:cold-read:cache:4:4M:4K	ra0-wb1	3	data_mib_s	25.729164522569622	24.990370897713476	26.56197706107661
io-budget/formal-expanded	ext4:cold-read:cache:4:4M:4K	ra0-wb1	3	completion_mib_s	25.729164522569622	24.990370897713476	26.56197706107661
io-budget/formal-expanded	ext4:cold-read:cache:4:4M:4K	ra0-wb1	3	file_completion_span_ns	502500	493400	509100
io-budget/formal-expanded	ext4:cold-read:cache:4:4M:4K	ra0-wb8	3	bytes	16777216	16777216	16777216
io-budget/formal-expanded	ext4:cold-read:cache:4:4M:4K	ra0-wb8	3	elapsed_ns	634562000	610467400	643606000
io-budget/formal-expanded	ext4:cold-read:cache:4:4M:4K	ra0-wb8	3	data_ns	634562000	610467400	643606000
io-budget/formal-expanded	ext4:cold-read:cache:4:4M:4K	ra0-wb8	3	sync_ns	0	0	0
io-budget/formal-expanded	ext4:cold-read:cache:4:4M:4K	ra0-wb8	3	sync_calls	0	0	0
io-budget/formal-expanded	ext4:cold-read:cache:4:4M:4K	ra0-wb8	3	verify_ns	259200	252500	271000
io-budget/formal-expanded	ext4:cold-read:cache:4:4M:4K	ra0-wb8	3	cleanup_sync_ns	12500	12200	13100
io-budget/formal-expanded	ext4:cold-read:cache:4:4M:4K	ra0-wb8	3	cleanup_sync_calls	0	0	0
io-budget/formal-expanded	ext4:cold-read:cache:4:4M:4K	ra0-wb8	3	data_mib_s	25.21424226474324	24.859929832848046	26.209425761310104
io-budget/formal-expanded	ext4:cold-read:cache:4:4M:4K	ra0-wb8	3	completion_mib_s	25.21424226474324	24.859929832848046	26.209425761310104
io-budget/formal-expanded	ext4:cold-read:cache:4:4M:4K	ra0-wb8	3	file_completion_span_ns	507800	463500	576700
io-budget/formal-expanded	ext4:cold-read:cache:4:4M:4K	ra8-wb8	3	bytes	16777216	16777216	16777216
io-budget/formal-expanded	ext4:cold-read:cache:4:4M:4K	ra8-wb8	3	elapsed_ns	453339900	444947600	457137400
io-budget/formal-expanded	ext4:cold-read:cache:4:4M:4K	ra8-wb8	3	data_ns	453339900	444947600	457137400
io-budget/formal-expanded	ext4:cold-read:cache:4:4M:4K	ra8-wb8	3	sync_ns	0	0	0
io-budget/formal-expanded	ext4:cold-read:cache:4:4M:4K	ra8-wb8	3	sync_calls	0	0	0
io-budget/formal-expanded	ext4:cold-read:cache:4:4M:4K	ra8-wb8	3	verify_ns	200800	194400	202000
io-budget/formal-expanded	ext4:cold-read:cache:4:4M:4K	ra8-wb8	3	cleanup_sync_ns	12600	12200	12600
io-budget/formal-expanded	ext4:cold-read:cache:4:4M:4K	ra8-wb8	3	cleanup_sync_calls	0	0	0
io-budget/formal-expanded	ext4:cold-read:cache:4:4M:4K	ra8-wb8	3	data_mib_s	35.29360640878952	35.000417817487694	35.95929048723939
io-budget/formal-expanded	ext4:cold-read:cache:4:4M:4K	ra8-wb8	3	completion_mib_s	35.29360640878952	35.000417817487694	35.95929048723939
io-budget/formal-expanded	ext4:cold-read:cache:4:4M:4K	ra8-wb8	3	file_completion_span_ns	247600	122700	574800
io-budget/formal-expanded	ext4:cold-read:cache:4:4M:4K	linux	3	bytes	16777216	16777216	16777216
io-budget/formal-expanded	ext4:cold-read:cache:4:4M:4K	linux	3	elapsed_ns	62579600	61824800	63086100
io-budget/formal-expanded	ext4:cold-read:cache:4:4M:4K	linux	3	data_ns	62579600	61824800	63086100
io-budget/formal-expanded	ext4:cold-read:cache:4:4M:4K	linux	3	sync_ns	0	0	0
io-budget/formal-expanded	ext4:cold-read:cache:4:4M:4K	linux	3	sync_calls	0	0	0
io-budget/formal-expanded	ext4:cold-read:cache:4:4M:4K	linux	3	verify_ns	107200	83400	107700
io-budget/formal-expanded	ext4:cold-read:cache:4:4M:4K	linux	3	cleanup_sync_ns	10300	10000	10600
io-budget/formal-expanded	ext4:cold-read:cache:4:4M:4K	linux	3	cleanup_sync_calls	0	0	0
io-budget/formal-expanded	ext4:cold-read:cache:4:4M:4K	linux	3	data_mib_s	255.6743731183964	253.62163773002294	258.7958230354162
io-budget/formal-expanded	ext4:cold-read:cache:4:4M:4K	linux	3	completion_mib_s	255.6743731183964	253.62163773002294	258.7958230354162
io-budget/formal-expanded	ext4:cold-read:cache:4:4M:4K	linux	3	file_completion_span_ns	61800	61000	61900
io-budget/formal-expanded	ext4:append:fsync:4:4M:4K	baseline	3	bytes	16777216	16777216	16777216
io-budget/formal-expanded	ext4:append:fsync:4:4M:4K	baseline	3	elapsed_ns	3282597700	3253002200	3283413100
io-budget/formal-expanded	ext4:append:fsync:4:4M:4K	baseline	3	data_ns	350723300	348256500	359493300
io-budget/formal-expanded	ext4:append:fsync:4:4M:4K	baseline	3	sync_ns	2923104400	2902278900	2935156600
io-budget/formal-expanded	ext4:append:fsync:4:4M:4K	baseline	3	sync_calls	4	4	4
io-budget/formal-expanded	ext4:append:fsync:4:4M:4K	baseline	3	verify_ns	89087100	88861900	91390700
io-budget/formal-expanded	ext4:append:fsync:4:4M:4K	baseline	3	cleanup_sync_ns	22400	22300	24200
io-budget/formal-expanded	ext4:append:fsync:4:4M:4K	baseline	3	cleanup_sync_calls	0	0	0
io-budget/formal-expanded	ext4:append:fsync:4:4M:4K	baseline	3	data_mib_s	45.620008707719165	44.50708817104519	45.94314822551769
io-budget/formal-expanded	ext4:append:fsync:4:4M:4K	baseline	3	completion_mib_s	4.87418851234801	4.872978060543159	4.918533408922994
io-budget/formal-expanded	ext4:append:fsync:4:4M:4K	baseline	3	file_completion_span_ns	419200	395400	435700
io-budget/formal-expanded	ext4:append:fsync:4:4M:4K	ra0-wb1	3	bytes	16777216	16777216	16777216
io-budget/formal-expanded	ext4:append:fsync:4:4M:4K	ra0-wb1	3	elapsed_ns	2711131500	2677051200	2712931600
io-budget/formal-expanded	ext4:append:fsync:4:4M:4K	ra0-wb1	3	data_ns	264940300	260262600	266585700
io-budget/formal-expanded	ext4:append:fsync:4:4M:4K	ra0-wb1	3	sync_ns	2446345900	2412110900	2450868900
io-budget/formal-expanded	ext4:append:fsync:4:4M:4K	ra0-wb1	3	sync_calls	4	4	4
io-budget/formal-expanded	ext4:append:fsync:4:4M:4K	ra0-wb1	3	verify_ns	88158200	88142600	91835300
io-budget/formal-expanded	ext4:append:fsync:4:4M:4K	ra0-wb1	3	cleanup_sync_ns	22900	21300	26200
io-budget/formal-expanded	ext4:append:fsync:4:4M:4K	ra0-wb1	3	cleanup_sync_calls	0	0	0
io-budget/formal-expanded	ext4:append:fsync:4:4M:4K	ra0-wb1	3	data_mib_s	60.39096354914673	60.018223032968386	61.47637040435314
io-budget/formal-expanded	ext4:append:fsync:4:4M:4K	ra0-wb1	3	completion_mib_s	5.9015949613657614	5.8976791010875464	5.976725435807877
io-budget/formal-expanded	ext4:append:fsync:4:4M:4K	ra0-wb1	3	file_completion_span_ns	261200	256200	263400
io-budget/formal-expanded	ext4:append:fsync:4:4M:4K	ra0-wb8	3	bytes	16777216	16777216	16777216
io-budget/formal-expanded	ext4:append:fsync:4:4M:4K	ra0-wb8	3	elapsed_ns	2168279200	2140810300	2182472400
io-budget/formal-expanded	ext4:append:fsync:4:4M:4K	ra0-wb8	3	data_ns	269218700	265888200	269645400
io-budget/formal-expanded	ext4:append:fsync:4:4M:4K	ra0-wb8	3	sync_ns	1898633800	1874922100	1913253700
io-budget/formal-expanded	ext4:append:fsync:4:4M:4K	ra0-wb8	3	sync_calls	4	4	4
io-budget/formal-expanded	ext4:append:fsync:4:4M:4K	ra0-wb8	3	verify_ns	91171000	90221200	92036100
io-budget/formal-expanded	ext4:append:fsync:4:4M:4K	ra0-wb8	3	cleanup_sync_ns	24600	22100	38300
io-budget/formal-expanded	ext4:append:fsync:4:4M:4K	ra0-wb8	3	cleanup_sync_calls	0	0	0
io-budget/formal-expanded	ext4:append:fsync:4:4M:4K	ra0-wb8	3	data_mib_s	59.431235645963675	59.33718876717348	60.17566781827851
io-budget/formal-expanded	ext4:append:fsync:4:4M:4K	ra0-wb8	3	completion_mib_s	7.379123500331507	7.331135092475854	7.473805595946544
io-budget/formal-expanded	ext4:append:fsync:4:4M:4K	ra0-wb8	3	file_completion_span_ns	252400	240400	254100
io-budget/formal-expanded	ext4:append:fsync:4:4M:4K	ra8-wb8	3	bytes	16777216	16777216	16777216
io-budget/formal-expanded	ext4:append:fsync:4:4M:4K	ra8-wb8	3	elapsed_ns	2144762300	2092481200	2158969900
io-budget/formal-expanded	ext4:append:fsync:4:4M:4K	ra8-wb8	3	data_ns	259475200	258851600	261686600
io-budget/formal-expanded	ext4:append:fsync:4:4M:4K	ra8-wb8	3	sync_ns	1883075700	1833629600	1899494700
io-budget/formal-expanded	ext4:append:fsync:4:4M:4K	ra8-wb8	3	sync_calls	4	4	4
io-budget/formal-expanded	ext4:append:fsync:4:4M:4K	ra8-wb8	3	verify_ns	95407500	91271900	95957300
io-budget/formal-expanded	ext4:append:fsync:4:4M:4K	ra8-wb8	3	cleanup_sync_ns	24200	22000	24400
io-budget/formal-expanded	ext4:append:fsync:4:4M:4K	ra8-wb8	3	cleanup_sync_calls	0	0	0
io-budget/formal-expanded	ext4:append:fsync:4:4M:4K	ra8-wb8	3	data_mib_s	61.662925782502526	61.141839131235606	61.81147808242252
io-budget/formal-expanded	ext4:append:fsync:4:4M:4K	ra8-wb8	3	completion_mib_s	7.4600341492388225	7.4109416717667065	7.646424732513726
io-budget/formal-expanded	ext4:append:fsync:4:4M:4K	ra8-wb8	3	file_completion_span_ns	245100	244800	247500
io-budget/formal-expanded	ext4:append:fsync:4:4M:4K	linux	3	bytes	16777216	16777216	16777216
io-budget/formal-expanded	ext4:append:fsync:4:4M:4K	linux	3	elapsed_ns	131228000	129572000	133764300
io-budget/formal-expanded	ext4:append:fsync:4:4M:4K	linux	3	data_ns	60067000	59370000	60133800
io-budget/formal-expanded	ext4:append:fsync:4:4M:4K	linux	3	sync_ns	71094200	70202000	73697300
io-budget/formal-expanded	ext4:append:fsync:4:4M:4K	linux	3	sync_calls	4	4	4
io-budget/formal-expanded	ext4:append:fsync:4:4M:4K	linux	3	verify_ns	48213600	48163900	50261200
io-budget/formal-expanded	ext4:append:fsync:4:4M:4K	linux	3	cleanup_sync_ns	19100	19000	19700
io-budget/formal-expanded	ext4:append:fsync:4:4M:4K	linux	3	cleanup_sync_calls	0	0	0
io-budget/formal-expanded	ext4:append:fsync:4:4M:4K	linux	3	data_mib_s	266.36922103650926	266.0733231560287	269.49637864241197
io-budget/formal-expanded	ext4:append:fsync:4:4M:4K	linux	3	completion_mib_s	121.92519889048069	119.6133796536146	123.48346865063439
io-budget/formal-expanded	ext4:append:fsync:4:4M:4K	linux	3	file_completion_span_ns	63600	62800	66800
io-budget/formal-expanded	tmpfs:append:cache:1:16M:1K	baseline	3	bytes	16777216	16777216	16777216
io-budget/formal-expanded	tmpfs:append:cache:1:16M:1K	baseline	3	elapsed_ns	230812800	225227700	231935800
io-budget/formal-expanded	tmpfs:append:cache:1:16M:1K	baseline	3	data_ns	230812800	225227700	231935800
io-budget/formal-expanded	tmpfs:append:cache:1:16M:1K	baseline	3	sync_ns	0	0	0
io-budget/formal-expanded	tmpfs:append:cache:1:16M:1K	baseline	3	sync_calls	0	0	0
io-budget/formal-expanded	tmpfs:append:cache:1:16M:1K	baseline	3	verify_ns	107455800	107369500	109141600
io-budget/formal-expanded	tmpfs:append:cache:1:16M:1K	baseline	3	cleanup_sync_ns	200700	199000	207200
io-budget/formal-expanded	tmpfs:append:cache:1:16M:1K	baseline	3	cleanup_sync_calls	1	1	1
io-budget/formal-expanded	tmpfs:append:cache:1:16M:1K	baseline	3	data_mib_s	69.32024567095065	68.98460694726731	71.039219421057
io-budget/formal-expanded	tmpfs:append:cache:1:16M:1K	baseline	3	completion_mib_s	69.32024567095065	68.98460694726731	71.039219421057
io-budget/formal-expanded	tmpfs:append:cache:1:16M:1K	baseline	3	file_completion_span_ns	0	0	0
io-budget/formal-expanded	tmpfs:append:cache:1:16M:1K	ra0-wb1	3	bytes	16777216	16777216	16777216
io-budget/formal-expanded	tmpfs:append:cache:1:16M:1K	ra0-wb1	3	elapsed_ns	222500300	220913800	225818300
io-budget/formal-expanded	tmpfs:append:cache:1:16M:1K	ra0-wb1	3	data_ns	222500300	220913800	225818300
io-budget/formal-expanded	tmpfs:append:cache:1:16M:1K	ra0-wb1	3	sync_ns	0	0	0
io-budget/formal-expanded	tmpfs:append:cache:1:16M:1K	ra0-wb1	3	sync_calls	0	0	0
io-budget/formal-expanded	tmpfs:append:cache:1:16M:1K	ra0-wb1	3	verify_ns	108370500	107932500	108548000
io-budget/formal-expanded	tmpfs:append:cache:1:16M:1K	ra0-wb1	3	cleanup_sync_ns	201700	199400	256200
io-budget/formal-expanded	tmpfs:append:cache:1:16M:1K	ra0-wb1	3	cleanup_sync_calls	1	1	1
io-budget/formal-expanded	tmpfs:append:cache:1:16M:1K	ra0-wb1	3	data_mib_s	71.91001540222642	70.8534250767099	72.42643963392057
io-budget/formal-expanded	tmpfs:append:cache:1:16M:1K	ra0-wb1	3	completion_mib_s	71.91001540222642	70.8534250767099	72.42643963392057
io-budget/formal-expanded	tmpfs:append:cache:1:16M:1K	ra0-wb1	3	file_completion_span_ns	0	0	0
io-budget/formal-expanded	tmpfs:append:cache:1:16M:1K	ra0-wb8	3	bytes	16777216	16777216	16777216
io-budget/formal-expanded	tmpfs:append:cache:1:16M:1K	ra0-wb8	3	elapsed_ns	223556600	222821200	226583800
io-budget/formal-expanded	tmpfs:append:cache:1:16M:1K	ra0-wb8	3	data_ns	223556600	222821200	226583800
io-budget/formal-expanded	tmpfs:append:cache:1:16M:1K	ra0-wb8	3	sync_ns	0	0	0
io-budget/formal-expanded	tmpfs:append:cache:1:16M:1K	ra0-wb8	3	sync_calls	0	0	0
io-budget/formal-expanded	tmpfs:append:cache:1:16M:1K	ra0-wb8	3	verify_ns	108986500	108563100	109451600
io-budget/formal-expanded	tmpfs:append:cache:1:16M:1K	ra0-wb8	3	cleanup_sync_ns	204400	201900	217700
io-budget/formal-expanded	tmpfs:append:cache:1:16M:1K	ra0-wb8	3	cleanup_sync_calls	1	1	1
io-budget/formal-expanded	tmpfs:append:cache:1:16M:1K	ra0-wb8	3	data_mib_s	71.57024216686065	70.61405096039523	71.80645288688868
io-budget/formal-expanded	tmpfs:append:cache:1:16M:1K	ra0-wb8	3	completion_mib_s	71.57024216686065	70.61405096039523	71.80645288688868
io-budget/formal-expanded	tmpfs:append:cache:1:16M:1K	ra0-wb8	3	file_completion_span_ns	0	0	0
io-budget/formal-expanded	tmpfs:append:cache:1:16M:1K	ra8-wb8	3	bytes	16777216	16777216	16777216
io-budget/formal-expanded	tmpfs:append:cache:1:16M:1K	ra8-wb8	3	elapsed_ns	233258600	230621100	234524400
io-budget/formal-expanded	tmpfs:append:cache:1:16M:1K	ra8-wb8	3	data_ns	233258600	230621100	234524400
io-budget/formal-expanded	tmpfs:append:cache:1:16M:1K	ra8-wb8	3	sync_ns	0	0	0
io-budget/formal-expanded	tmpfs:append:cache:1:16M:1K	ra8-wb8	3	sync_calls	0	0	0
io-budget/formal-expanded	tmpfs:append:cache:1:16M:1K	ra8-wb8	3	verify_ns	112902200	109419900	116187800
io-budget/formal-expanded	tmpfs:append:cache:1:16M:1K	ra8-wb8	3	cleanup_sync_ns	208300	204100	208800
io-budget/formal-expanded	tmpfs:append:cache:1:16M:1K	ra8-wb8	3	cleanup_sync_calls	1	1	1
io-budget/formal-expanded	tmpfs:append:cache:1:16M:1K	ra8-wb8	3	data_mib_s	68.59339805692052	68.22317848377396	69.37786698615174
io-budget/formal-expanded	tmpfs:append:cache:1:16M:1K	ra8-wb8	3	completion_mib_s	68.59339805692052	68.22317848377396	69.37786698615174
io-budget/formal-expanded	tmpfs:append:cache:1:16M:1K	ra8-wb8	3	file_completion_span_ns	0	0	0
io-budget/formal-expanded	tmpfs:append:cache:1:16M:1K	linux	3	bytes	16777216	16777216	16777216
io-budget/formal-expanded	tmpfs:append:cache:1:16M:1K	linux	3	elapsed_ns	85498000	84535800	86405400
io-budget/formal-expanded	tmpfs:append:cache:1:16M:1K	linux	3	data_ns	85498000	84535800	86405400
io-budget/formal-expanded	tmpfs:append:cache:1:16M:1K	linux	3	sync_ns	0	0	0
io-budget/formal-expanded	tmpfs:append:cache:1:16M:1K	linux	3	sync_calls	0	0	0
io-budget/formal-expanded	tmpfs:append:cache:1:16M:1K	linux	3	verify_ns	48596900	47715800	50013700
io-budget/formal-expanded	tmpfs:append:cache:1:16M:1K	linux	3	cleanup_sync_ns	90100	85500	93000
io-budget/formal-expanded	tmpfs:append:cache:1:16M:1K	linux	3	cleanup_sync_calls	1	1	1
io-budget/formal-expanded	tmpfs:append:cache:1:16M:1K	linux	3	data_mib_s	187.13888044164776	185.17361183444552	189.26892511811565
io-budget/formal-expanded	tmpfs:append:cache:1:16M:1K	linux	3	completion_mib_s	187.13888044164776	185.17361183444552	189.26892511811565
io-budget/formal-expanded	tmpfs:append:cache:1:16M:1K	linux	3	file_completion_span_ns	0	0	0
io-budget/formal-expanded	tmpfs:read:cache:1:16M:64K	baseline	3	bytes	16777216	16777216	16777216
io-budget/formal-expanded	tmpfs:read:cache:1:16M:64K	baseline	3	elapsed_ns	108122500	107931100	110170500
io-budget/formal-expanded	tmpfs:read:cache:1:16M:64K	baseline	3	data_ns	108122500	107931100	110170500
io-budget/formal-expanded	tmpfs:read:cache:1:16M:64K	baseline	3	sync_ns	0	0	0
io-budget/formal-expanded	tmpfs:read:cache:1:16M:64K	baseline	3	sync_calls	0	0	0
io-budget/formal-expanded	tmpfs:read:cache:1:16M:64K	baseline	3	verify_ns	91900	84100	93600
io-budget/formal-expanded	tmpfs:read:cache:1:16M:64K	baseline	3	cleanup_sync_ns	12600	12000	12600
io-budget/formal-expanded	tmpfs:read:cache:1:16M:64K	baseline	3	cleanup_sync_calls	0	0	0
io-budget/formal-expanded	tmpfs:read:cache:1:16M:64K	baseline	3	data_mib_s	147.9803001225462	145.2294398228201	148.2427215140029
io-budget/formal-expanded	tmpfs:read:cache:1:16M:64K	baseline	3	completion_mib_s	147.9803001225462	145.2294398228201	148.2427215140029
io-budget/formal-expanded	tmpfs:read:cache:1:16M:64K	baseline	3	file_completion_span_ns	0	0	0
io-budget/formal-expanded	tmpfs:read:cache:1:16M:64K	ra0-wb1	3	bytes	16777216	16777216	16777216
io-budget/formal-expanded	tmpfs:read:cache:1:16M:64K	ra0-wb1	3	elapsed_ns	108328100	107259400	111278900
io-budget/formal-expanded	tmpfs:read:cache:1:16M:64K	ra0-wb1	3	data_ns	108328100	107259400	111278900
io-budget/formal-expanded	tmpfs:read:cache:1:16M:64K	ra0-wb1	3	sync_ns	0	0	0
io-budget/formal-expanded	tmpfs:read:cache:1:16M:64K	ra0-wb1	3	sync_calls	0	0	0
io-budget/formal-expanded	tmpfs:read:cache:1:16M:64K	ra0-wb1	3	verify_ns	88700	88600	88800
io-budget/formal-expanded	tmpfs:read:cache:1:16M:64K	ra0-wb1	3	cleanup_sync_ns	12000	11600	12700
io-budget/formal-expanded	tmpfs:read:cache:1:16M:64K	ra0-wb1	3	cleanup_sync_calls	0	0	0
io-budget/formal-expanded	tmpfs:read:cache:1:16M:64K	ra0-wb1	3	data_mib_s	147.69944271154023	143.7828734827537	149.17107498270548
io-budget/formal-expanded	tmpfs:read:cache:1:16M:64K	ra0-wb1	3	completion_mib_s	147.69944271154023	143.7828734827537	149.17107498270548
io-budget/formal-expanded	tmpfs:read:cache:1:16M:64K	ra0-wb1	3	file_completion_span_ns	0	0	0
io-budget/formal-expanded	tmpfs:read:cache:1:16M:64K	ra0-wb8	3	bytes	16777216	16777216	16777216
io-budget/formal-expanded	tmpfs:read:cache:1:16M:64K	ra0-wb8	3	elapsed_ns	108539900	107753700	110431600
io-budget/formal-expanded	tmpfs:read:cache:1:16M:64K	ra0-wb8	3	data_ns	108539900	107753700	110431600
io-budget/formal-expanded	tmpfs:read:cache:1:16M:64K	ra0-wb8	3	sync_ns	0	0	0
io-budget/formal-expanded	tmpfs:read:cache:1:16M:64K	ra0-wb8	3	sync_calls	0	0	0
io-budget/formal-expanded	tmpfs:read:cache:1:16M:64K	ra0-wb8	3	verify_ns	96700	89100	149800
io-budget/formal-expanded	tmpfs:read:cache:1:16M:64K	ra0-wb8	3	cleanup_sync_ns	12800	12000	22800
io-budget/formal-expanded	tmpfs:read:cache:1:16M:64K	ra0-wb8	3	cleanup_sync_calls	0	0	0
io-budget/formal-expanded	tmpfs:read:cache:1:16M:64K	ra0-wb8	3	data_mib_s	147.4112284975387	144.88606522046226	148.48678050034476
io-budget/formal-expanded	tmpfs:read:cache:1:16M:64K	ra0-wb8	3	completion_mib_s	147.4112284975387	144.88606522046226	148.48678050034476
io-budget/formal-expanded	tmpfs:read:cache:1:16M:64K	ra0-wb8	3	file_completion_span_ns	0	0	0
io-budget/formal-expanded	tmpfs:read:cache:1:16M:64K	ra8-wb8	3	bytes	16777216	16777216	16777216
io-budget/formal-expanded	tmpfs:read:cache:1:16M:64K	ra8-wb8	3	elapsed_ns	108636500	108516400	108946300
io-budget/formal-expanded	tmpfs:read:cache:1:16M:64K	ra8-wb8	3	data_ns	108636500	108516400	108946300
io-budget/formal-expanded	tmpfs:read:cache:1:16M:64K	ra8-wb8	3	sync_ns	0	0	0
io-budget/formal-expanded	tmpfs:read:cache:1:16M:64K	ra8-wb8	3	sync_calls	0	0	0
io-budget/formal-expanded	tmpfs:read:cache:1:16M:64K	ra8-wb8	3	verify_ns	88900	84600	89100
io-budget/formal-expanded	tmpfs:read:cache:1:16M:64K	ra8-wb8	3	cleanup_sync_ns	11600	11500	130000
io-budget/formal-expanded	tmpfs:read:cache:1:16M:64K	ra8-wb8	3	cleanup_sync_calls	0	0	0
io-budget/formal-expanded	tmpfs:read:cache:1:16M:64K	ra8-wb8	3	data_mib_s	147.2801498575525	146.8613436160751	147.4431514499191
io-budget/formal-expanded	tmpfs:read:cache:1:16M:64K	ra8-wb8	3	completion_mib_s	147.2801498575525	146.8613436160751	147.4431514499191
io-budget/formal-expanded	tmpfs:read:cache:1:16M:64K	ra8-wb8	3	file_completion_span_ns	0	0	0
io-budget/formal-expanded	tmpfs:read:cache:1:16M:64K	linux	3	bytes	16777216	16777216	16777216
io-budget/formal-expanded	tmpfs:read:cache:1:16M:64K	linux	3	elapsed_ns	50551300	49420200	51393900
io-budget/formal-expanded	tmpfs:read:cache:1:16M:64K	linux	3	data_ns	50551300	49420200	51393900
io-budget/formal-expanded	tmpfs:read:cache:1:16M:64K	linux	3	sync_ns	0	0	0
io-budget/formal-expanded	tmpfs:read:cache:1:16M:64K	linux	3	sync_calls	0	0	0
io-budget/formal-expanded	tmpfs:read:cache:1:16M:64K	linux	3	verify_ns	77400	77100	77500
io-budget/formal-expanded	tmpfs:read:cache:1:16M:64K	linux	3	cleanup_sync_ns	10100	9700	10100
io-budget/formal-expanded	tmpfs:read:cache:1:16M:64K	linux	3	cleanup_sync_calls	0	0	0
io-budget/formal-expanded	tmpfs:read:cache:1:16M:64K	linux	3	data_mib_s	316.5101589870092	311.32099334745953	323.75425433324835
io-budget/formal-expanded	tmpfs:read:cache:1:16M:64K	linux	3	completion_mib_s	316.5101589870092	311.32099334745953	323.75425433324835
io-budget/formal-expanded	tmpfs:read:cache:1:16M:64K	linux	3	file_completion_span_ns	0	0	0
io-budget/formal-expanded	tmpfs:overwrite:cache:1:16M:4K	baseline	3	bytes	16777216	16777216	16777216
io-budget/formal-expanded	tmpfs:overwrite:cache:1:16M:4K	baseline	3	elapsed_ns	110684000	110654900	111176400
io-budget/formal-expanded	tmpfs:overwrite:cache:1:16M:4K	baseline	3	data_ns	110684000	110654900	111176400
io-budget/formal-expanded	tmpfs:overwrite:cache:1:16M:4K	baseline	3	sync_ns	0	0	0
io-budget/formal-expanded	tmpfs:overwrite:cache:1:16M:4K	baseline	3	sync_calls	0	0	0
io-budget/formal-expanded	tmpfs:overwrite:cache:1:16M:4K	baseline	3	verify_ns	107542000	106823800	107706200
io-budget/formal-expanded	tmpfs:overwrite:cache:1:16M:4K	baseline	3	cleanup_sync_ns	214500	213800	230700
io-budget/formal-expanded	tmpfs:overwrite:cache:1:16M:4K	baseline	3	cleanup_sync_calls	1	1	1
io-budget/formal-expanded	tmpfs:overwrite:cache:1:16M:4K	baseline	3	data_mib_s	144.55567200318023	143.91543529022346	144.59368722035808
io-budget/formal-expanded	tmpfs:overwrite:cache:1:16M:4K	baseline	3	completion_mib_s	144.55567200318023	143.91543529022346	144.59368722035808
io-budget/formal-expanded	tmpfs:overwrite:cache:1:16M:4K	baseline	3	file_completion_span_ns	0	0	0
io-budget/formal-expanded	tmpfs:overwrite:cache:1:16M:4K	ra0-wb1	3	bytes	16777216	16777216	16777216
io-budget/formal-expanded	tmpfs:overwrite:cache:1:16M:4K	ra0-wb1	3	elapsed_ns	108732100	108564600	110956600
io-budget/formal-expanded	tmpfs:overwrite:cache:1:16M:4K	ra0-wb1	3	data_ns	108732100	108564600	110956600
io-budget/formal-expanded	tmpfs:overwrite:cache:1:16M:4K	ra0-wb1	3	sync_ns	0	0	0
io-budget/formal-expanded	tmpfs:overwrite:cache:1:16M:4K	ra0-wb1	3	sync_calls	0	0	0
io-budget/formal-expanded	tmpfs:overwrite:cache:1:16M:4K	ra0-wb1	3	verify_ns	107146000	106486000	110726300
io-budget/formal-expanded	tmpfs:overwrite:cache:1:16M:4K	ra0-wb1	3	cleanup_sync_ns	207200	202000	214600
io-budget/formal-expanded	tmpfs:overwrite:cache:1:16M:4K	ra0-wb1	3	cleanup_sync_calls	1	1	1
io-budget/formal-expanded	tmpfs:overwrite:cache:1:16M:4K	ra0-wb1	3	data_mib_s	147.1506574415467	144.20052525041322	147.3776903336815
io-budget/formal-expanded	tmpfs:overwrite:cache:1:16M:4K	ra0-wb1	3	completion_mib_s	147.1506574415467	144.20052525041322	147.3776903336815
io-budget/formal-expanded	tmpfs:overwrite:cache:1:16M:4K	ra0-wb1	3	file_completion_span_ns	0	0	0
io-budget/formal-expanded	tmpfs:overwrite:cache:1:16M:4K	ra0-wb8	3	bytes	16777216	16777216	16777216
io-budget/formal-expanded	tmpfs:overwrite:cache:1:16M:4K	ra0-wb8	3	elapsed_ns	108632900	107965000	112037800
io-budget/formal-expanded	tmpfs:overwrite:cache:1:16M:4K	ra0-wb8	3	data_ns	108632900	107965000	112037800
io-budget/formal-expanded	tmpfs:overwrite:cache:1:16M:4K	ra0-wb8	3	sync_ns	0	0	0
io-budget/formal-expanded	tmpfs:overwrite:cache:1:16M:4K	ra0-wb8	3	sync_calls	0	0	0
io-budget/formal-expanded	tmpfs:overwrite:cache:1:16M:4K	ra0-wb8	3	verify_ns	108196900	107424200	111320600
io-budget/formal-expanded	tmpfs:overwrite:cache:1:16M:4K	ra0-wb8	3	cleanup_sync_ns	205400	199600	215000
io-budget/formal-expanded	tmpfs:overwrite:cache:1:16M:4K	ra0-wb8	3	cleanup_sync_calls	1	1	1
io-budget/formal-expanded	tmpfs:overwrite:cache:1:16M:4K	ra0-wb8	3	data_mib_s	147.28503059386244	142.80894483825995	148.1961746862409
io-budget/formal-expanded	tmpfs:overwrite:cache:1:16M:4K	ra0-wb8	3	completion_mib_s	147.28503059386244	142.80894483825995	148.1961746862409
io-budget/formal-expanded	tmpfs:overwrite:cache:1:16M:4K	ra0-wb8	3	file_completion_span_ns	0	0	0
io-budget/formal-expanded	tmpfs:overwrite:cache:1:16M:4K	ra8-wb8	3	bytes	16777216	16777216	16777216
io-budget/formal-expanded	tmpfs:overwrite:cache:1:16M:4K	ra8-wb8	3	elapsed_ns	110043800	109270100	110729800
io-budget/formal-expanded	tmpfs:overwrite:cache:1:16M:4K	ra8-wb8	3	data_ns	110043800	109270100	110729800
io-budget/formal-expanded	tmpfs:overwrite:cache:1:16M:4K	ra8-wb8	3	sync_ns	0	0	0
io-budget/formal-expanded	tmpfs:overwrite:cache:1:16M:4K	ra8-wb8	3	sync_calls	0	0	0
io-budget/formal-expanded	tmpfs:overwrite:cache:1:16M:4K	ra8-wb8	3	verify_ns	108284000	107615800	108385300
io-budget/formal-expanded	tmpfs:overwrite:cache:1:16M:4K	ra8-wb8	3	cleanup_sync_ns	224000	223700	234400
io-budget/formal-expanded	tmpfs:overwrite:cache:1:16M:4K	ra8-wb8	3	cleanup_sync_calls	1	1	1
io-budget/formal-expanded	tmpfs:overwrite:cache:1:16M:4K	ra8-wb8	3	data_mib_s	145.39665115163234	144.49588096429326	146.42614951391093
io-budget/formal-expanded	tmpfs:overwrite:cache:1:16M:4K	ra8-wb8	3	completion_mib_s	145.39665115163234	144.49588096429326	146.42614951391093
io-budget/formal-expanded	tmpfs:overwrite:cache:1:16M:4K	ra8-wb8	3	file_completion_span_ns	0	0	0
io-budget/formal-expanded	tmpfs:overwrite:cache:1:16M:4K	linux	3	bytes	16777216	16777216	16777216
io-budget/formal-expanded	tmpfs:overwrite:cache:1:16M:4K	linux	3	elapsed_ns	44398200	43228600	44783000
io-budget/formal-expanded	tmpfs:overwrite:cache:1:16M:4K	linux	3	data_ns	44398200	43228600	44783000
io-budget/formal-expanded	tmpfs:overwrite:cache:1:16M:4K	linux	3	sync_ns	0	0	0
io-budget/formal-expanded	tmpfs:overwrite:cache:1:16M:4K	linux	3	sync_calls	0	0	0
io-budget/formal-expanded	tmpfs:overwrite:cache:1:16M:4K	linux	3	verify_ns	48982400	48750600	49465800
io-budget/formal-expanded	tmpfs:overwrite:cache:1:16M:4K	linux	3	cleanup_sync_ns	91500	87400	94200
io-budget/formal-expanded	tmpfs:overwrite:cache:1:16M:4K	linux	3	cleanup_sync_calls	1	1	1
io-budget/formal-expanded	tmpfs:overwrite:cache:1:16M:4K	linux	3	data_mib_s	360.3749701564478	357.2784315476855	370.12533369112117
io-budget/formal-expanded	tmpfs:overwrite:cache:1:16M:4K	linux	3	completion_mib_s	360.3749701564478	357.2784315476855	370.12533369112117
io-budget/formal-expanded	tmpfs:overwrite:cache:1:16M:4K	linux	3	file_completion_span_ns	0	0	0
io-budget/formal-fdatasync	ext4:overwrite:fdatasync:4:4M:4K	baseline	3	bytes	16777216	16777216	16777216
io-budget/formal-fdatasync	ext4:overwrite:fdatasync:4:4M:4K	baseline	3	elapsed_ns	3186302800	3075119600	3251511100
io-budget/formal-fdatasync	ext4:overwrite:fdatasync:4:4M:4K	baseline	3	data_ns	1503752800	1425658200	1640274500
io-budget/formal-fdatasync	ext4:overwrite:fdatasync:4:4M:4K	baseline	3	sync_ns	1649461400	1611236600	1682550000
io-budget/formal-fdatasync	ext4:overwrite:fdatasync:4:4M:4K	baseline	3	sync_calls	4	4	4
io-budget/formal-fdatasync	ext4:overwrite:fdatasync:4:4M:4K	baseline	3	verify_ns	90080500	89221100	90864400
io-budget/formal-fdatasync	ext4:overwrite:fdatasync:4:4M:4K	baseline	3	cleanup_sync_ns	22200	22100	24600
io-budget/formal-fdatasync	ext4:overwrite:fdatasync:4:4M:4K	baseline	3	cleanup_sync_calls	0	0	0
io-budget/formal-fdatasync	ext4:overwrite:fdatasync:4:4M:4K	baseline	3	data_mib_s	10.640046688524869	9.754464877677487	11.22288638328598
io-budget/formal-fdatasync	ext4:overwrite:fdatasync:4:4M:4K	baseline	3	completion_mib_s	5.021493876853135	4.92078898331302	5.203049663499267
io-budget/formal-fdatasync	ext4:overwrite:fdatasync:4:4M:4K	baseline	3	file_completion_span_ns	1764100	1124000	6979800
io-budget/formal-fdatasync	ext4:overwrite:fdatasync:4:4M:4K	ra0-wb1	3	bytes	16777216	16777216	16777216
io-budget/formal-fdatasync	ext4:overwrite:fdatasync:4:4M:4K	ra0-wb1	3	elapsed_ns	1926280400	1895554100	2028908500
io-budget/formal-fdatasync	ext4:overwrite:fdatasync:4:4M:4K	ra0-wb1	3	data_ns	266891600	266740300	289132400
io-budget/formal-fdatasync	ext4:overwrite:fdatasync:4:4M:4K	ra0-wb1	3	sync_ns	1659388800	1628813800	1739776100
io-budget/formal-fdatasync	ext4:overwrite:fdatasync:4:4M:4K	ra0-wb1	3	sync_calls	4	4	4
io-budget/formal-fdatasync	ext4:overwrite:fdatasync:4:4M:4K	ra0-wb1	3	verify_ns	90672600	89596500	95176200
io-budget/formal-fdatasync	ext4:overwrite:fdatasync:4:4M:4K	ra0-wb1	3	cleanup_sync_ns	23700	21600	47700
io-budget/formal-fdatasync	ext4:overwrite:fdatasync:4:4M:4K	ra0-wb1	3	cleanup_sync_calls	0	0	0
io-budget/formal-fdatasync	ext4:overwrite:fdatasync:4:4M:4K	ra0-wb1	3	data_mib_s	59.94943265355673	55.337969732897456	59.9834370734381
io-budget/formal-fdatasync	ext4:overwrite:fdatasync:4:4M:4K	ra0-wb1	3	completion_mib_s	8.3061635263485	7.886013588094288	8.44080366790903
io-budget/formal-fdatasync	ext4:overwrite:fdatasync:4:4M:4K	ra0-wb1	3	file_completion_span_ns	259000	251100	337800
io-budget/formal-fdatasync	ext4:overwrite:fdatasync:4:4M:4K	ra0-wb8	3	bytes	16777216	16777216	16777216
io-budget/formal-fdatasync	ext4:overwrite:fdatasync:4:4M:4K	ra0-wb8	3	elapsed_ns	1464742500	1448953600	1507683300
io-budget/formal-fdatasync	ext4:overwrite:fdatasync:4:4M:4K	ra0-wb8	3	data_ns	260453200	258310800	272620200
io-budget/formal-fdatasync	ext4:overwrite:fdatasync:4:4M:4K	ra0-wb8	3	sync_ns	1192122300	1190642800	1247230100
io-budget/formal-fdatasync	ext4:overwrite:fdatasync:4:4M:4K	ra0-wb8	3	sync_calls	4	4	4
io-budget/formal-fdatasync	ext4:overwrite:fdatasync:4:4M:4K	ra0-wb8	3	verify_ns	92294700	91225400	93968000
io-budget/formal-fdatasync	ext4:overwrite:fdatasync:4:4M:4K	ra0-wb8	3	cleanup_sync_ns	23000	21700	24600
io-budget/formal-fdatasync	ext4:overwrite:fdatasync:4:4M:4K	ra0-wb8	3	cleanup_sync_calls	0	0	0
io-budget/formal-fdatasync	ext4:overwrite:fdatasync:4:4M:4K	ra0-wb8	3	data_mib_s	61.43138191429401	58.6897082461241	61.940886714763764
io-budget/formal-fdatasync	ext4:overwrite:fdatasync:4:4M:4K	ra0-wb8	3	completion_mib_s	10.923421693574127	10.61230830108684	11.042451600934633
io-budget/formal-fdatasync	ext4:overwrite:fdatasync:4:4M:4K	ra0-wb8	3	file_completion_span_ns	254900	250500	289000
io-budget/formal-fdatasync	ext4:overwrite:fdatasync:4:4M:4K	ra8-wb8	3	bytes	16777216	16777216	16777216
io-budget/formal-fdatasync	ext4:overwrite:fdatasync:4:4M:4K	ra8-wb8	3	elapsed_ns	1468774300	1468055200	1474251100
io-budget/formal-fdatasync	ext4:overwrite:fdatasync:4:4M:4K	ra8-wb8	3	data_ns	257963100	257237000	258071100
io-budget/formal-fdatasync	ext4:overwrite:fdatasync:4:4M:4K	ra8-wb8	3	sync_ns	1210811200	1209984100	1217014100
io-budget/formal-fdatasync	ext4:overwrite:fdatasync:4:4M:4K	ra8-wb8	3	sync_calls	4	4	4
io-budget/formal-fdatasync	ext4:overwrite:fdatasync:4:4M:4K	ra8-wb8	3	verify_ns	97106400	93310000	99734000
io-budget/formal-fdatasync	ext4:overwrite:fdatasync:4:4M:4K	ra8-wb8	3	cleanup_sync_ns	22600	18700	23900
io-budget/formal-fdatasync	ext4:overwrite:fdatasync:4:4M:4K	ra8-wb8	3	cleanup_sync_calls	0	0	0
io-budget/formal-fdatasync	ext4:overwrite:fdatasync:4:4M:4K	ra8-wb8	3	data_mib_s	62.02437480399328	61.998418265354005	62.19945031235786
io-budget/formal-fdatasync	ext4:overwrite:fdatasync:4:4M:4K	ra8-wb8	3	completion_mib_s	10.893436792841486	10.852967991680657	10.898772743695195
io-budget/formal-fdatasync	ext4:overwrite:fdatasync:4:4M:4K	ra8-wb8	3	file_completion_span_ns	252600	251400	254400
io-budget/formal-fdatasync	ext4:overwrite:fdatasync:4:4M:4K	linux	3	bytes	16777216	16777216	16777216
io-budget/formal-fdatasync	ext4:overwrite:fdatasync:4:4M:4K	linux	3	elapsed_ns	112802900	111831100	115318900
io-budget/formal-fdatasync	ext4:overwrite:fdatasync:4:4M:4K	linux	3	data_ns	59781400	57587000	65917100
io-budget/formal-fdatasync	ext4:overwrite:fdatasync:4:4M:4K	linux	3	sync_ns	53021500	49401800	54244100
io-budget/formal-fdatasync	ext4:overwrite:fdatasync:4:4M:4K	linux	3	sync_calls	4	4	4
io-budget/formal-fdatasync	ext4:overwrite:fdatasync:4:4M:4K	linux	3	verify_ns	47894700	47615400	49533700
io-budget/formal-fdatasync	ext4:overwrite:fdatasync:4:4M:4K	linux	3	cleanup_sync_ns	22100	21000	31300
io-budget/formal-fdatasync	ext4:overwrite:fdatasync:4:4M:4K	linux	3	cleanup_sync_calls	0	0	0
io-budget/formal-fdatasync	ext4:overwrite:fdatasync:4:4M:4K	linux	3	data_mib_s	267.64177486643	242.72912491599297	277.84048483164605
io-budget/formal-fdatasync	ext4:overwrite:fdatasync:4:4M:4K	linux	3	completion_mib_s	141.8403250271048	138.74568696024676	143.07290190295902
io-budget/formal-fdatasync	ext4:overwrite:fdatasync:4:4M:4K	linux	3	file_completion_span_ns	66000	61300	67100
network-budget/formal-screen-v2	loopback:nonblocking:mixed:5:rx	baseline	3	receiver_bytes	20971520	20971520	20971520
network-budget/formal-screen-v2	loopback:nonblocking:mixed:5:rx	baseline	3	elapsed_ns	686436000	685711500	696228100
network-budget/formal-screen-v2	loopback:nonblocking:mixed:5:rx	baseline	3	receiver_mbit_s	244.4104912912493	240.97297997595902	244.668727300038
network-budget/formal-screen-v2	loopback:nonblocking:mixed:5:rx	baseline	3	connection_mbit_s_min	48.974212608165075	48.32267854599488	49.023275602110395
network-budget/formal-screen-v2	loopback:nonblocking:mixed:5:rx	baseline	3	connection_mbit_s_max	49.68240332163323	49.03632885512738	49.85885640822338
network-budget/formal-screen-v2	loopback:nonblocking:mixed:5:rx	baseline	3	jain_completion_rate	0.999970372089226	0.9999658595753014	0.9999734652917519
network-budget/formal-screen-v2	loopback:nonblocking:mixed:5:rx	baseline	3	completion_span_ns	8749000	7660900	10801400
network-budget/formal-screen-v2	loopback:nonblocking:mixed:5:rx	baseline	3	slowest_connection_ns	685144900	684459200	694382700
network-budget/formal-screen-v2	loopback:nonblocking:mixed:5:rx	baseline	3	rtt_p50_ns_median	949200	947300	968000
network-budget/formal-screen-v2	loopback:nonblocking:mixed:5:rx	baseline	3	rtt_max_ns	2474800	2433800	2677100
network-budget/formal-screen-v2	loopback:nonblocking:mixed:5:rx	baseline	3	control_completed_requests	1024	1024	1024
network-budget/formal-screen-v2	loopback:nonblocking:mixed:5:rx	baseline	3	control_requests_during_bulk	190	188	190
network-budget/formal-screen-v2	loopback:nonblocking:mixed:5:rx	baseline	3	control_requests_fully_contained	189	187	189
network-budget/formal-screen-v2	loopback:nonblocking:mixed:5:rx	baseline	3	control_received_bytes	65536	65536	65536
network-budget/formal-screen-v2	loopback:nonblocking:mixed:5:rx	baseline	3	control_rr_all_p50_ns	145200	145000	147000
network-budget/formal-screen-v2	loopback:nonblocking:mixed:5:rx	baseline	3	control_rr_all_p95_ns	3816800	3791100	3834200
network-budget/formal-screen-v2	loopback:nonblocking:mixed:5:rx	baseline	3	control_rr_all_p99_ns	4327400	4220200	4812900
network-budget/formal-screen-v2	loopback:nonblocking:mixed:5:rx	baseline	3	control_rr_all_max_ns	6133200	6004300	7153500
network-budget/formal-screen-v2	loopback:nonblocking:mixed:5:rx	baseline	3	control_rr_during_bulk_p50_ns	3564400	3488200	3632100
network-budget/formal-screen-v2	loopback:nonblocking:mixed:5:rx	baseline	3	control_rr_during_bulk_p95_ns	4366600	4224300	4886200
network-budget/formal-screen-v2	loopback:nonblocking:mixed:5:rx	baseline	3	control_rr_during_bulk_p99_ns	6027300	5793200	6188400
network-budget/formal-screen-v2	loopback:nonblocking:mixed:5:rx	baseline	3	control_rr_during_bulk_max_ns	6133200	6004300	7153500
network-budget/formal-screen-v2	loopback:nonblocking:mixed:5:rx	baseline	3	control_rr_fully_contained_p50_ns	3566000	3494900	3645000
network-budget/formal-screen-v2	loopback:nonblocking:mixed:5:rx	baseline	3	control_rr_fully_contained_p95_ns	4366600	4224300	4886200
network-budget/formal-screen-v2	loopback:nonblocking:mixed:5:rx	baseline	3	control_rr_fully_contained_p99_ns	6027300	5793200	6188400
network-budget/formal-screen-v2	loopback:nonblocking:mixed:5:rx	baseline	3	control_rr_fully_contained_max_ns	6133200	6004300	7153500
network-budget/formal-screen-v2	loopback:nonblocking:mixed:5:rx	w16-p1-m1	3	receiver_bytes	20971520	20971520	20971520
network-budget/formal-screen-v2	loopback:nonblocking:mixed:5:rx	w16-p1-m1	3	elapsed_ns	686069100	682744000	695038700
network-budget/formal-screen-v2	loopback:nonblocking:mixed:5:rx	w16-p1-m1	3	receiver_mbit_s	244.5411985469102	241.3853501970466	245.73216315339278
network-budget/formal-screen-v2	loopback:nonblocking:mixed:5:rx	w16-p1-m1	3	connection_mbit_s_min	49.011202875489424	48.5454661195956	49.476418421729356
network-budget/formal-screen-v2	loopback:nonblocking:mixed:5:rx	w16-p1-m1	3	connection_mbit_s_max	50.39302418380466	49.651754117924725	50.59922683132944
network-budget/formal-screen-v2	loopback:nonblocking:mixed:5:rx	w16-p1-m1	3	jain_completion_rate	0.9999257647372248	0.9999198448989391	0.9999271877186741
network-budget/formal-screen-v2	loopback:nonblocking:mixed:5:rx	w16-p1-m1	3	completion_span_ns	19602800	17695300	20214400
network-budget/formal-screen-v2	loopback:nonblocking:mixed:5:rx	w16-p1-m1	3	slowest_connection_ns	684627800	678190400	691196000
network-budget/formal-screen-v2	loopback:nonblocking:mixed:5:rx	w16-p1-m1	3	rtt_p50_ns_median	1210600	1171800	1321000
network-budget/formal-screen-v2	loopback:nonblocking:mixed:5:rx	w16-p1-m1	3	rtt_max_ns	3111000	2708400	3234600
network-budget/formal-screen-v2	loopback:nonblocking:mixed:5:rx	w16-p1-m1	3	control_completed_requests	1024	1024	1024
network-budget/formal-screen-v2	loopback:nonblocking:mixed:5:rx	w16-p1-m1	3	control_requests_during_bulk	94	93	95
network-budget/formal-screen-v2	loopback:nonblocking:mixed:5:rx	w16-p1-m1	3	control_requests_fully_contained	93	92	94
network-budget/formal-screen-v2	loopback:nonblocking:mixed:5:rx	w16-p1-m1	3	control_received_bytes	65536	65536	65536
network-budget/formal-screen-v2	loopback:nonblocking:mixed:5:rx	w16-p1-m1	3	control_rr_all_p50_ns	223400	222700	225000
network-budget/formal-screen-v2	loopback:nonblocking:mixed:5:rx	w16-p1-m1	3	control_rr_all_p95_ns	7312000	7277000	7473900
network-budget/formal-screen-v2	loopback:nonblocking:mixed:5:rx	w16-p1-m1	3	control_rr_all_p99_ns	8364300	8309100	8539500
network-budget/formal-screen-v2	loopback:nonblocking:mixed:5:rx	w16-p1-m1	3	control_rr_all_max_ns	11641200	9531800	11738700
network-budget/formal-screen-v2	loopback:nonblocking:mixed:5:rx	w16-p1-m1	3	control_rr_during_bulk_p50_ns	7417700	7348200	7523100
network-budget/formal-screen-v2	loopback:nonblocking:mixed:5:rx	w16-p1-m1	3	control_rr_during_bulk_p95_ns	9139300	8527300	9886400
network-budget/formal-screen-v2	loopback:nonblocking:mixed:5:rx	w16-p1-m1	3	control_rr_during_bulk_p99_ns	11641200	9531800	11738700
network-budget/formal-screen-v2	loopback:nonblocking:mixed:5:rx	w16-p1-m1	3	control_rr_during_bulk_max_ns	11641200	9531800	11738700
network-budget/formal-screen-v2	loopback:nonblocking:mixed:5:rx	w16-p1-m1	3	control_rr_fully_contained_p50_ns	7417700	7348200	7530500
network-budget/formal-screen-v2	loopback:nonblocking:mixed:5:rx	w16-p1-m1	3	control_rr_fully_contained_p95_ns	9139300	8527300	9886400
network-budget/formal-screen-v2	loopback:nonblocking:mixed:5:rx	w16-p1-m1	3	control_rr_fully_contained_p99_ns	11641200	9531800	11738700
network-budget/formal-screen-v2	loopback:nonblocking:mixed:5:rx	w16-p1-m1	3	control_rr_fully_contained_max_ns	11641200	9531800	11738700
network-budget/formal-screen-v2	loopback:nonblocking:mixed:5:rx	w16-p1-m2	3	receiver_bytes	20971520	20971520	20971520
network-budget/formal-screen-v2	loopback:nonblocking:mixed:5:rx	w16-p1-m2	3	elapsed_ns	640151000	639727600	665120200
network-budget/formal-screen-v2	loopback:nonblocking:mixed:5:rx	w16-p1-m2	3	receiver_mbit_s	262.08216498919785	252.24336894293694	262.25562254934755
network-budget/formal-screen-v2	loopback:nonblocking:mixed:5:rx	w16-p1-m2	3	connection_mbit_s_min	52.520283769290636	50.64933837757257	52.53172113301357
network-budget/formal-screen-v2	loopback:nonblocking:mixed:5:rx	w16-p1-m2	3	connection_mbit_s_max	53.463315148116045	51.7132661606885	53.754520870980556
network-budget/formal-screen-v2	loopback:nonblocking:mixed:5:rx	w16-p1-m2	3	jain_completion_rate	0.9999550301606339	0.9999289458683205	0.9999564492760239
network-budget/formal-screen-v2	loopback:nonblocking:mixed:5:rx	w16-p1-m2	3	completion_span_ns	11051900	10173300	14748700
network-budget/formal-screen-v2	loopback:nonblocking:mixed:5:rx	w16-p1-m2	3	slowest_connection_ns	638885200	638746100	662485100
network-budget/formal-screen-v2	loopback:nonblocking:mixed:5:rx	w16-p1-m2	3	rtt_p50_ns_median	1218500	1211400	1475500
network-budget/formal-screen-v2	loopback:nonblocking:mixed:5:rx	w16-p1-m2	3	rtt_max_ns	3013600	2900500	3413800
network-budget/formal-screen-v2	loopback:nonblocking:mixed:5:rx	w16-p1-m2	3	control_completed_requests	1024	1024	1024
network-budget/formal-screen-v2	loopback:nonblocking:mixed:5:rx	w16-p1-m2	3	control_requests_during_bulk	93	91	94
network-budget/formal-screen-v2	loopback:nonblocking:mixed:5:rx	w16-p1-m2	3	control_requests_fully_contained	92	90	93
network-budget/formal-screen-v2	loopback:nonblocking:mixed:5:rx	w16-p1-m2	3	control_received_bytes	65536	65536	65536
network-budget/formal-screen-v2	loopback:nonblocking:mixed:5:rx	w16-p1-m2	3	control_rr_all_p50_ns	227300	222900	234700
network-budget/formal-screen-v2	loopback:nonblocking:mixed:5:rx	w16-p1-m2	3	control_rr_all_p95_ns	6791200	6742800	7125100
network-budget/formal-screen-v2	loopback:nonblocking:mixed:5:rx	w16-p1-m2	3	control_rr_all_p99_ns	7691800	7558200	8001800
network-budget/formal-screen-v2	loopback:nonblocking:mixed:5:rx	w16-p1-m2	3	control_rr_all_max_ns	12038600	11995900	13285900
network-budget/formal-screen-v2	loopback:nonblocking:mixed:5:rx	w16-p1-m2	3	control_rr_during_bulk_p50_ns	6851200	6818600	7205100
network-budget/formal-screen-v2	loopback:nonblocking:mixed:5:rx	w16-p1-m2	3	control_rr_during_bulk_p95_ns	8999400	8259500	9259400
network-budget/formal-screen-v2	loopback:nonblocking:mixed:5:rx	w16-p1-m2	3	control_rr_during_bulk_p99_ns	12038600	11995900	13285900
network-budget/formal-screen-v2	loopback:nonblocking:mixed:5:rx	w16-p1-m2	3	control_rr_during_bulk_max_ns	12038600	11995900	13285900
network-budget/formal-screen-v2	loopback:nonblocking:mixed:5:rx	w16-p1-m2	3	control_rr_fully_contained_p50_ns	6853300	6851200	7205100
network-budget/formal-screen-v2	loopback:nonblocking:mixed:5:rx	w16-p1-m2	3	control_rr_fully_contained_p95_ns	8999400	8259500	9259400
network-budget/formal-screen-v2	loopback:nonblocking:mixed:5:rx	w16-p1-m2	3	control_rr_fully_contained_p99_ns	12038600	11995900	13285900
network-budget/formal-screen-v2	loopback:nonblocking:mixed:5:rx	w16-p1-m2	3	control_rr_fully_contained_max_ns	12038600	11995900	13285900
network-budget/formal-screen-v2	loopback:nonblocking:mixed:5:rx	w16-p1-m4	3	receiver_bytes	20971520	20971520	20971520
network-budget/formal-screen-v2	loopback:nonblocking:mixed:5:rx	w16-p1-m4	3	elapsed_ns	657493900	647994100	679449800
network-budget/formal-screen-v2	loopback:nonblocking:mixed:5:rx	w16-p1-m4	3	receiver_mbit_s	255.16915061873578	246.92355491163585	258.9100116806619
network-budget/formal-screen-v2	loopback:nonblocking:mixed:5:rx	w16-p1-m4	3	connection_mbit_s_min	51.03383012374716	49.574208623856954	51.92715126431715
network-budget/formal-screen-v2	loopback:nonblocking:mixed:5:rx	w16-p1-m4	3	connection_mbit_s_max	52.261693235878276	50.658736262425606	53.295916229568164
network-budget/formal-screen-v2	loopback:nonblocking:mixed:5:rx	w16-p1-m4	3	jain_completion_rate	0.9999315204421991	0.9999157729025886	0.9999332421780227
network-budget/formal-screen-v2	loopback:nonblocking:mixed:5:rx	w16-p1-m4	3	completion_span_ns	12398200	10864100	16094800
network-budget/formal-screen-v2	loopback:nonblocking:mixed:5:rx	w16-p1-m4	3	slowest_connection_ns	657493900	646182800	676852600
network-budget/formal-screen-v2	loopback:nonblocking:mixed:5:rx	w16-p1-m4	3	rtt_p50_ns_median	1178700	1155500	1214600
network-budget/formal-screen-v2	loopback:nonblocking:mixed:5:rx	w16-p1-m4	3	rtt_max_ns	3052900	2918700	4479900
network-budget/formal-screen-v2	loopback:nonblocking:mixed:5:rx	w16-p1-m4	3	control_completed_requests	1024	1024	1024
network-budget/formal-screen-v2	loopback:nonblocking:mixed:5:rx	w16-p1-m4	3	control_requests_during_bulk	92	91	94
network-budget/formal-screen-v2	loopback:nonblocking:mixed:5:rx	w16-p1-m4	3	control_requests_fully_contained	91	90	93
network-budget/formal-screen-v2	loopback:nonblocking:mixed:5:rx	w16-p1-m4	3	control_received_bytes	65536	65536	65536
network-budget/formal-screen-v2	loopback:nonblocking:mixed:5:rx	w16-p1-m4	3	control_rr_all_p50_ns	232300	229300	246600
network-budget/formal-screen-v2	loopback:nonblocking:mixed:5:rx	w16-p1-m4	3	control_rr_all_p95_ns	6993300	6747400	7317300
network-budget/formal-screen-v2	loopback:nonblocking:mixed:5:rx	w16-p1-m4	3	control_rr_all_p99_ns	8106600	7961400	8248200
network-budget/formal-screen-v2	loopback:nonblocking:mixed:5:rx	w16-p1-m4	3	control_rr_all_max_ns	11355900	10765100	11690400
network-budget/formal-screen-v2	loopback:nonblocking:mixed:5:rx	w16-p1-m4	3	control_rr_during_bulk_p50_ns	7145400	6777000	7473800
network-budget/formal-screen-v2	loopback:nonblocking:mixed:5:rx	w16-p1-m4	3	control_rr_during_bulk_p95_ns	8440600	8254600	8656300
network-budget/formal-screen-v2	loopback:nonblocking:mixed:5:rx	w16-p1-m4	3	control_rr_during_bulk_p99_ns	11355900	10765100	11690400
network-budget/formal-screen-v2	loopback:nonblocking:mixed:5:rx	w16-p1-m4	3	control_rr_during_bulk_max_ns	11355900	10765100	11690400
network-budget/formal-screen-v2	loopback:nonblocking:mixed:5:rx	w16-p1-m4	3	control_rr_fully_contained_p50_ns	7179600	6801000	7473800
network-budget/formal-screen-v2	loopback:nonblocking:mixed:5:rx	w16-p1-m4	3	control_rr_fully_contained_p95_ns	8440600	8254600	8656300
network-budget/formal-screen-v2	loopback:nonblocking:mixed:5:rx	w16-p1-m4	3	control_rr_fully_contained_p99_ns	11355900	10765100	11690400
network-budget/formal-screen-v2	loopback:nonblocking:mixed:5:rx	w16-p1-m4	3	control_rr_fully_contained_max_ns	11355900	10765100	11690400
network-budget/formal-screen-v2	loopback:nonblocking:mixed:5:rx	w16-p2-m1	3	receiver_bytes	20971520	20971520	20971520
network-budget/formal-screen-v2	loopback:nonblocking:mixed:5:rx	w16-p2-m1	3	elapsed_ns	662998400	658709700	671022200
network-budget/formal-screen-v2	loopback:nonblocking:mixed:5:rx	w16-p2-m1	3	receiver_mbit_s	253.05062576319943	250.0247532793997	254.69817736098315
network-budget/formal-screen-v2	loopback:nonblocking:mixed:5:rx	w16-p2-m1	3	connection_mbit_s_min	50.90734645421409	50.01826357141963	51.214918408087314
network-budget/formal-screen-v2	loopback:nonblocking:mixed:5:rx	w16-p2-m1	3	connection_mbit_s_max	51.2871010489922	51.139423317990484	51.73712316681269
network-budget/formal-screen-v2	loopback:nonblocking:mixed:5:rx	w16-p2-m1	3	jain_completion_rate	0.9999893480267108	0.9999379331009629	0.9999921649611465
network-budget/formal-screen-v2	loopback:nonblocking:mixed:5:rx	w16-p2-m1	3	completion_span_ns	10153500	8751400	12564100
network-budget/formal-screen-v2	loopback:nonblocking:mixed:5:rx	w16-p2-m1	3	slowest_connection_ns	659127500	655169100	670843600
network-budget/formal-screen-v2	loopback:nonblocking:mixed:5:rx	w16-p2-m1	3	rtt_p50_ns_median	1201200	1199500	1217000
network-budget/formal-screen-v2	loopback:nonblocking:mixed:5:rx	w16-p2-m1	3	rtt_max_ns	3439100	2899300	4406500
network-budget/formal-screen-v2	loopback:nonblocking:mixed:5:rx	w16-p2-m1	3	control_completed_requests	1024	1024	1024
network-budget/formal-screen-v2	loopback:nonblocking:mixed:5:rx	w16-p2-m1	3	control_requests_during_bulk	92	90	93
network-budget/formal-screen-v2	loopback:nonblocking:mixed:5:rx	w16-p2-m1	3	control_requests_fully_contained	91	89	92
network-budget/formal-screen-v2	loopback:nonblocking:mixed:5:rx	w16-p2-m1	3	control_received_bytes	65536	65536	65536
network-budget/formal-screen-v2	loopback:nonblocking:mixed:5:rx	w16-p2-m1	3	control_rr_all_p50_ns	226800	220700	234300
network-budget/formal-screen-v2	loopback:nonblocking:mixed:5:rx	w16-p2-m1	3	control_rr_all_p95_ns	7008000	6984200	7047500
network-budget/formal-screen-v2	loopback:nonblocking:mixed:5:rx	w16-p2-m1	3	control_rr_all_p99_ns	8214200	7982100	8494600
network-budget/formal-screen-v2	loopback:nonblocking:mixed:5:rx	w16-p2-m1	3	control_rr_all_max_ns	11339300	10533500	12142900
network-budget/formal-screen-v2	loopback:nonblocking:mixed:5:rx	w16-p2-m1	3	control_rr_during_bulk_p50_ns	7162400	7162300	7164000
network-budget/formal-screen-v2	loopback:nonblocking:mixed:5:rx	w16-p2-m1	3	control_rr_during_bulk_p95_ns	9411800	9350100	9415000
network-budget/formal-screen-v2	loopback:nonblocking:mixed:5:rx	w16-p2-m1	3	control_rr_during_bulk_p99_ns	11339300	10533500	12142900
network-budget/formal-screen-v2	loopback:nonblocking:mixed:5:rx	w16-p2-m1	3	control_rr_during_bulk_max_ns	11339300	10533500	12142900
network-budget/formal-screen-v2	loopback:nonblocking:mixed:5:rx	w16-p2-m1	3	control_rr_fully_contained_p50_ns	7164000	7164000	7185700
network-budget/formal-screen-v2	loopback:nonblocking:mixed:5:rx	w16-p2-m1	3	control_rr_fully_contained_p95_ns	9411800	9350100	9415000
network-budget/formal-screen-v2	loopback:nonblocking:mixed:5:rx	w16-p2-m1	3	control_rr_fully_contained_p99_ns	11339300	10533500	12142900
network-budget/formal-screen-v2	loopback:nonblocking:mixed:5:rx	w16-p2-m1	3	control_rr_fully_contained_max_ns	11339300	10533500	12142900
network-budget/formal-screen-v2	loopback:nonblocking:mixed:5:rx	w16-p2-m2	3	receiver_bytes	20971520	20971520	20971520
network-budget/formal-screen-v2	loopback:nonblocking:mixed:5:rx	w16-p2-m2	3	elapsed_ns	652945900	637309100	654689700
network-budget/formal-screen-v2	loopback:nonblocking:mixed:5:rx	w16-p2-m2	3	receiver_mbit_s	256.9464943420274	256.2621040166051	263.2508464103212
network-budget/formal-screen-v2	loopback:nonblocking:mixed:5:rx	w16-p2-m2	3	connection_mbit_s_min	51.38929886840548	51.25242080332102	52.82491255916042
network-budget/formal-screen-v2	loopback:nonblocking:mixed:5:rx	w16-p2-m2	3	connection_mbit_s_max	52.64546900838764	52.3204720975368	53.861378001392026
network-budget/formal-screen-v2	loopback:nonblocking:mixed:5:rx	w16-p2-m2	3	jain_completion_rate	0.9999543601558112	0.9999219086450836	0.9999636403439883
network-budget/formal-screen-v2	loopback:nonblocking:mixed:5:rx	w16-p2-m2	3	completion_span_ns	12812400	9141500	12903900
network-budget/formal-screen-v2	loopback:nonblocking:mixed:5:rx	w16-p2-m2	3	slowest_connection_ns	652945900	635200900	654689700
network-budget/formal-screen-v2	loopback:nonblocking:mixed:5:rx	w16-p2-m2	3	rtt_p50_ns_median	1193400	1162000	1199000
network-budget/formal-screen-v2	loopback:nonblocking:mixed:5:rx	w16-p2-m2	3	rtt_max_ns	3071400	2873000	3973200
network-budget/formal-screen-v2	loopback:nonblocking:mixed:5:rx	w16-p2-m2	3	control_completed_requests	1024	1024	1024
network-budget/formal-screen-v2	loopback:nonblocking:mixed:5:rx	w16-p2-m2	3	control_requests_during_bulk	92	91	93
network-budget/formal-screen-v2	loopback:nonblocking:mixed:5:rx	w16-p2-m2	3	control_requests_fully_contained	91	90	92
network-budget/formal-screen-v2	loopback:nonblocking:mixed:5:rx	w16-p2-m2	3	control_received_bytes	65536	65536	65536
network-budget/formal-screen-v2	loopback:nonblocking:mixed:5:rx	w16-p2-m2	3	control_rr_all_p50_ns	235500	233300	238600
network-budget/formal-screen-v2	loopback:nonblocking:mixed:5:rx	w16-p2-m2	3	control_rr_all_p95_ns	6941300	6720300	7081900
network-budget/formal-screen-v2	loopback:nonblocking:mixed:5:rx	w16-p2-m2	3	control_rr_all_p99_ns	7807400	7738100	8132200
network-budget/formal-screen-v2	loopback:nonblocking:mixed:5:rx	w16-p2-m2	3	control_rr_all_max_ns	10732100	10656800	12467100
network-budget/formal-screen-v2	loopback:nonblocking:mixed:5:rx	w16-p2-m2	3	control_rr_during_bulk_p50_ns	7040700	6825300	7156700
network-budget/formal-screen-v2	loopback:nonblocking:mixed:5:rx	w16-p2-m2	3	control_rr_during_bulk_p95_ns	9394700	8136700	9485400
network-budget/formal-screen-v2	loopback:nonblocking:mixed:5:rx	w16-p2-m2	3	control_rr_during_bulk_p99_ns	10732100	10656800	12467100
network-budget/formal-screen-v2	loopback:nonblocking:mixed:5:rx	w16-p2-m2	3	control_rr_during_bulk_max_ns	10732100	10656800	12467100
network-budget/formal-screen-v2	loopback:nonblocking:mixed:5:rx	w16-p2-m2	3	control_rr_fully_contained_p50_ns	7040700	6861500	7156700
network-budget/formal-screen-v2	loopback:nonblocking:mixed:5:rx	w16-p2-m2	3	control_rr_fully_contained_p95_ns	9394700	8136700	9485400
network-budget/formal-screen-v2	loopback:nonblocking:mixed:5:rx	w16-p2-m2	3	control_rr_fully_contained_p99_ns	10732100	10656800	12467100
network-budget/formal-screen-v2	loopback:nonblocking:mixed:5:rx	w16-p2-m2	3	control_rr_fully_contained_max_ns	10732100	10656800	12467100
network-budget/formal-screen-v2	loopback:nonblocking:mixed:5:rx	w16-p2-m4	3	receiver_bytes	20971520	20971520	20971520
network-budget/formal-screen-v2	loopback:nonblocking:mixed:5:rx	w16-p2-m4	3	elapsed_ns	646375100	645747000	649335400
network-budget/formal-screen-v2	loopback:nonblocking:mixed:5:rx	w16-p2-m4	3	receiver_mbit_s	259.5585133152561	258.37519408305786	259.81097860307517
network-budget/formal-screen-v2	loopback:nonblocking:mixed:5:rx	w16-p2-m4	3	connection_mbit_s_min	52.114978258266355	51.801683957601405	52.249136445973974
network-budget/formal-screen-v2	loopback:nonblocking:mixed:5:rx	w16-p2-m4	3	connection_mbit_s_max	53.20211771954629	52.40068375812103	53.55988433231538
network-budget/formal-screen-v2	loopback:nonblocking:mixed:5:rx	w16-p2-m4	3	jain_completion_rate	0.9999550581521381	0.9998913314659834	0.9999814475625526
network-budget/formal-screen-v2	loopback:nonblocking:mixed:5:rx	w16-p2-m4	3	completion_span_ns	10452200	6251100	18500400
network-budget/formal-screen-v2	loopback:nonblocking:mixed:5:rx	w16-p2-m4	3	slowest_connection_ns	643853900	642200700	647747900
network-budget/formal-screen-v2	loopback:nonblocking:mixed:5:rx	w16-p2-m4	3	rtt_p50_ns_median	1219200	1185300	1238500
network-budget/formal-screen-v2	loopback:nonblocking:mixed:5:rx	w16-p2-m4	3	rtt_max_ns	2778700	2566700	2913500
network-budget/formal-screen-v2	loopback:nonblocking:mixed:5:rx	w16-p2-m4	3	control_completed_requests	1024	1024	1024
network-budget/formal-screen-v2	loopback:nonblocking:mixed:5:rx	w16-p2-m4	3	control_requests_during_bulk	92	91	92
network-budget/formal-screen-v2	loopback:nonblocking:mixed:5:rx	w16-p2-m4	3	control_requests_fully_contained	91	90	91
network-budget/formal-screen-v2	loopback:nonblocking:mixed:5:rx	w16-p2-m4	3	control_received_bytes	65536	65536	65536
network-budget/formal-screen-v2	loopback:nonblocking:mixed:5:rx	w16-p2-m4	3	control_rr_all_p50_ns	230800	222100	236800
network-budget/formal-screen-v2	loopback:nonblocking:mixed:5:rx	w16-p2-m4	3	control_rr_all_p95_ns	6906000	6826100	6971100
network-budget/formal-screen-v2	loopback:nonblocking:mixed:5:rx	w16-p2-m4	3	control_rr_all_p99_ns	7731200	7723500	8025500
network-budget/formal-screen-v2	loopback:nonblocking:mixed:5:rx	w16-p2-m4	3	control_rr_all_max_ns	10638100	10480400	11790500
network-budget/formal-screen-v2	loopback:nonblocking:mixed:5:rx	w16-p2-m4	3	control_rr_during_bulk_p50_ns	6959600	6950900	7032400
network-budget/formal-screen-v2	loopback:nonblocking:mixed:5:rx	w16-p2-m4	3	control_rr_during_bulk_p95_ns	8651300	8519900	9095900
network-budget/formal-screen-v2	loopback:nonblocking:mixed:5:rx	w16-p2-m4	3	control_rr_during_bulk_p99_ns	10638100	10480400	11790500
network-budget/formal-screen-v2	loopback:nonblocking:mixed:5:rx	w16-p2-m4	3	control_rr_during_bulk_max_ns	10638100	10480400	11790500
network-budget/formal-screen-v2	loopback:nonblocking:mixed:5:rx	w16-p2-m4	3	control_rr_fully_contained_p50_ns	6959600	6952100	7040600
network-budget/formal-screen-v2	loopback:nonblocking:mixed:5:rx	w16-p2-m4	3	control_rr_fully_contained_p95_ns	8651300	8519900	9095900
network-budget/formal-screen-v2	loopback:nonblocking:mixed:5:rx	w16-p2-m4	3	control_rr_fully_contained_p99_ns	10638100	10480400	11790500
network-budget/formal-screen-v2	loopback:nonblocking:mixed:5:rx	w16-p2-m4	3	control_rr_fully_contained_max_ns	10638100	10480400	11790500
network-budget/formal-screen-v2	loopback:nonblocking:mixed:5:rx	w16-p4-m1	3	receiver_bytes	20971520	20971520	20971520
network-budget/formal-screen-v2	loopback:nonblocking:mixed:5:rx	w16-p4-m1	3	elapsed_ns	649063400	647407000	661163900
network-budget/formal-screen-v2	loopback:nonblocking:mixed:5:rx	w16-p4-m1	3	receiver_mbit_s	258.4834701818035	253.75275328855673	259.14480380965915
network-budget/formal-screen-v2	loopback:nonblocking:mixed:5:rx	w16-p4-m1	3	connection_mbit_s_min	51.89900040724894	50.987425320126064	51.95045804033455
network-budget/formal-screen-v2	loopback:nonblocking:mixed:5:rx	w16-p4-m1	3	connection_mbit_s_max	52.69236060118204	52.37847574260293	53.488371203305476
network-budget/formal-screen-v2	loopback:nonblocking:mixed:5:rx	w16-p4-m1	3	jain_completion_rate	0.9998881050290191	0.9998686439345237	0.9999759745103481
network-budget/formal-screen-v2	loopback:nonblocking:mixed:5:rx	w16-p4-m1	3	completion_span_ns	18239300	7129300	18894700
network-budget/formal-screen-v2	loopback:nonblocking:mixed:5:rx	w16-p4-m1	3	slowest_connection_ns	646533300	645892900	658092300
network-budget/formal-screen-v2	loopback:nonblocking:mixed:5:rx	w16-p4-m1	3	rtt_p50_ns_median	1178300	1176300	1246700
network-budget/formal-screen-v2	loopback:nonblocking:mixed:5:rx	w16-p4-m1	3	rtt_max_ns	2683300	2677100	2849200
network-budget/formal-screen-v2	loopback:nonblocking:mixed:5:rx	w16-p4-m1	3	control_completed_requests	1024	1024	1024
network-budget/formal-screen-v2	loopback:nonblocking:mixed:5:rx	w16-p4-m1	3	control_requests_during_bulk	93	91	95
network-budget/formal-screen-v2	loopback:nonblocking:mixed:5:rx	w16-p4-m1	3	control_requests_fully_contained	92	90	94
network-budget/formal-screen-v2	loopback:nonblocking:mixed:5:rx	w16-p4-m1	3	control_received_bytes	65536	65536	65536
network-budget/formal-screen-v2	loopback:nonblocking:mixed:5:rx	w16-p4-m1	3	control_rr_all_p50_ns	231000	230400	236700
network-budget/formal-screen-v2	loopback:nonblocking:mixed:5:rx	w16-p4-m1	3	control_rr_all_p95_ns	6896600	6851800	6976900
network-budget/formal-screen-v2	loopback:nonblocking:mixed:5:rx	w16-p4-m1	3	control_rr_all_p99_ns	7785900	7715900	7951900
network-budget/formal-screen-v2	loopback:nonblocking:mixed:5:rx	w16-p4-m1	3	control_rr_all_max_ns	10575500	10205400	11410300
network-budget/formal-screen-v2	loopback:nonblocking:mixed:5:rx	w16-p4-m1	3	control_rr_during_bulk_p50_ns	6973700	6911700	7069900
network-budget/formal-screen-v2	loopback:nonblocking:mixed:5:rx	w16-p4-m1	3	control_rr_during_bulk_p95_ns	8953400	8291500	9311000
network-budget/formal-screen-v2	loopback:nonblocking:mixed:5:rx	w16-p4-m1	3	control_rr_during_bulk_p99_ns	10575500	10205400	11410300
network-budget/formal-screen-v2	loopback:nonblocking:mixed:5:rx	w16-p4-m1	3	control_rr_during_bulk_max_ns	10575500	10205400	11410300
network-budget/formal-screen-v2	loopback:nonblocking:mixed:5:rx	w16-p4-m1	3	control_rr_fully_contained_p50_ns	6973700	6911700	7069900
network-budget/formal-screen-v2	loopback:nonblocking:mixed:5:rx	w16-p4-m1	3	control_rr_fully_contained_p95_ns	8953400	8291500	9311000
network-budget/formal-screen-v2	loopback:nonblocking:mixed:5:rx	w16-p4-m1	3	control_rr_fully_contained_p99_ns	10575500	10205400	11410300
network-budget/formal-screen-v2	loopback:nonblocking:mixed:5:rx	w16-p4-m1	3	control_rr_fully_contained_max_ns	10575500	10205400	11410300
network-budget/formal-screen-v2	loopback:nonblocking:mixed:5:rx	w16-p4-m2	3	receiver_bytes	20971520	20971520	20971520
network-budget/formal-screen-v2	loopback:nonblocking:mixed:5:rx	w16-p4-m2	3	elapsed_ns	678597400	667644100	683825100
network-budget/formal-screen-v2	loopback:nonblocking:mixed:5:rx	w16-p4-m2	3	receiver_mbit_s	247.23372061254582	245.3436704794837	251.28981144295292
network-budget/formal-screen-v2	loopback:nonblocking:mixed:5:rx	w16-p4-m2	3	connection_mbit_s_min	49.633664663930546	49.29349495546616	50.273971186556224
network-budget/formal-screen-v2	loopback:nonblocking:mixed:5:rx	w16-p4-m2	3	connection_mbit_s_max	50.798409182775934	49.883264791928035	51.52099206957901
network-budget/formal-screen-v2	loopback:nonblocking:mixed:5:rx	w16-p4-m2	3	jain_completion_rate	0.9999244402098055	0.9999209688996208	0.9999793765878214
network-budget/formal-screen-v2	loopback:nonblocking:mixed:5:rx	w16-p4-m2	3	completion_span_ns	10693200	8694100	14453000
network-budget/formal-screen-v2	loopback:nonblocking:mixed:5:rx	w16-p4-m2	3	slowest_connection_ns	676041800	667431500	680707100
network-budget/formal-screen-v2	loopback:nonblocking:mixed:5:rx	w16-p4-m2	3	rtt_p50_ns_median	1221400	1211800	1284900
network-budget/formal-screen-v2	loopback:nonblocking:mixed:5:rx	w16-p4-m2	3	rtt_max_ns	3532200	2952500	3917200
network-budget/formal-screen-v2	loopback:nonblocking:mixed:5:rx	w16-p4-m2	3	control_completed_requests	1024	1024	1024
network-budget/formal-screen-v2	loopback:nonblocking:mixed:5:rx	w16-p4-m2	3	control_requests_during_bulk	91	89	92
network-budget/formal-screen-v2	loopback:nonblocking:mixed:5:rx	w16-p4-m2	3	control_requests_fully_contained	90	88	91
network-budget/formal-screen-v2	loopback:nonblocking:mixed:5:rx	w16-p4-m2	3	control_received_bytes	65536	65536	65536
network-budget/formal-screen-v2	loopback:nonblocking:mixed:5:rx	w16-p4-m2	3	control_rr_all_p50_ns	232500	230800	233100
network-budget/formal-screen-v2	loopback:nonblocking:mixed:5:rx	w16-p4-m2	3	control_rr_all_p95_ns	7235700	7077900	7442600
network-budget/formal-screen-v2	loopback:nonblocking:mixed:5:rx	w16-p4-m2	3	control_rr_all_p99_ns	8212300	8200900	8264000
network-budget/formal-screen-v2	loopback:nonblocking:mixed:5:rx	w16-p4-m2	3	control_rr_all_max_ns	11662600	11217200	13027100
network-budget/formal-screen-v2	loopback:nonblocking:mixed:5:rx	w16-p4-m2	3	control_rr_during_bulk_p50_ns	7368000	7203900	7552500
network-budget/formal-screen-v2	loopback:nonblocking:mixed:5:rx	w16-p4-m2	3	control_rr_during_bulk_p95_ns	9041100	8845100	9331600
network-budget/formal-screen-v2	loopback:nonblocking:mixed:5:rx	w16-p4-m2	3	control_rr_during_bulk_p99_ns	11662600	11217200	13027100
network-budget/formal-screen-v2	loopback:nonblocking:mixed:5:rx	w16-p4-m2	3	control_rr_during_bulk_max_ns	11662600	11217200	13027100
network-budget/formal-screen-v2	loopback:nonblocking:mixed:5:rx	w16-p4-m2	3	control_rr_fully_contained_p50_ns	7389600	7203900	7552500
network-budget/formal-screen-v2	loopback:nonblocking:mixed:5:rx	w16-p4-m2	3	control_rr_fully_contained_p95_ns	9041100	8845100	9331600
network-budget/formal-screen-v2	loopback:nonblocking:mixed:5:rx	w16-p4-m2	3	control_rr_fully_contained_p99_ns	11662600	11217200	13027100
network-budget/formal-screen-v2	loopback:nonblocking:mixed:5:rx	w16-p4-m2	3	control_rr_fully_contained_max_ns	11662600	11217200	13027100
network-budget/formal-screen-v2	loopback:nonblocking:mixed:5:rx	w16-p4-m4	3	receiver_bytes	20971520	20971520	20971520
network-budget/formal-screen-v2	loopback:nonblocking:mixed:5:rx	w16-p4-m4	3	elapsed_ns	668965400	658591300	688626800
network-budget/formal-screen-v2	loopback:nonblocking:mixed:5:rx	w16-p4-m4	3	receiver_mbit_s	250.7934790050427	243.63292279649878	254.74396640222852
network-budget/formal-screen-v2	loopback:nonblocking:mixed:5:rx	w16-p4-m4	3	connection_mbit_s_min	50.26448208581283	48.830666556066355	51.31324209907209
network-budget/formal-screen-v2	loopback:nonblocking:mixed:5:rx	w16-p4-m4	3	connection_mbit_s_max	51.708970729807696	50.49661792593313	51.88437883427875
network-budget/formal-screen-v2	loopback:nonblocking:mixed:5:rx	w16-p4-m4	3	jain_completion_rate	0.9998673473677306	0.9998548003967784	0.9999886955735332
network-budget/formal-screen-v2	loopback:nonblocking:mixed:5:rx	w16-p4-m4	3	completion_span_ns	19903100	9682000	20637900
network-budget/formal-screen-v2	loopback:nonblocking:mixed:5:rx	w16-p4-m4	3	slowest_connection_ns	667557500	653913700	687159000
network-budget/formal-screen-v2	loopback:nonblocking:mixed:5:rx	w16-p4-m4	3	rtt_p50_ns_median	1246400	1196400	1271000
network-budget/formal-screen-v2	loopback:nonblocking:mixed:5:rx	w16-p4-m4	3	rtt_max_ns	2893600	2816900	3510100
network-budget/formal-screen-v2	loopback:nonblocking:mixed:5:rx	w16-p4-m4	3	control_completed_requests	1024	1024	1024
network-budget/formal-screen-v2	loopback:nonblocking:mixed:5:rx	w16-p4-m4	3	control_requests_during_bulk	93	91	94
network-budget/formal-screen-v2	loopback:nonblocking:mixed:5:rx	w16-p4-m4	3	control_requests_fully_contained	92	90	93
network-budget/formal-screen-v2	loopback:nonblocking:mixed:5:rx	w16-p4-m4	3	control_received_bytes	65536	65536	65536
network-budget/formal-screen-v2	loopback:nonblocking:mixed:5:rx	w16-p4-m4	3	control_rr_all_p50_ns	224500	221500	227800
network-budget/formal-screen-v2	loopback:nonblocking:mixed:5:rx	w16-p4-m4	3	control_rr_all_p95_ns	7194200	7045500	7375300
network-budget/formal-screen-v2	loopback:nonblocking:mixed:5:rx	w16-p4-m4	3	control_rr_all_p99_ns	7950900	7913400	8782500
network-budget/formal-screen-v2	loopback:nonblocking:mixed:5:rx	w16-p4-m4	3	control_rr_all_max_ns	10801700	10062600	11694600
network-budget/formal-screen-v2	loopback:nonblocking:mixed:5:rx	w16-p4-m4	3	control_rr_during_bulk_p50_ns	7216800	7160300	7491100
network-budget/formal-screen-v2	loopback:nonblocking:mixed:5:rx	w16-p4-m4	3	control_rr_during_bulk_p95_ns	8557900	8303800	9695200
network-budget/formal-screen-v2	loopback:nonblocking:mixed:5:rx	w16-p4-m4	3	control_rr_during_bulk_p99_ns	10801700	10062600	11694600
network-budget/formal-screen-v2	loopback:nonblocking:mixed:5:rx	w16-p4-m4	3	control_rr_during_bulk_max_ns	10801700	10062600	11694600
network-budget/formal-screen-v2	loopback:nonblocking:mixed:5:rx	w16-p4-m4	3	control_rr_fully_contained_p50_ns	7227100	7160300	7491100
network-budget/formal-screen-v2	loopback:nonblocking:mixed:5:rx	w16-p4-m4	3	control_rr_fully_contained_p95_ns	8557900	8303800	9695200
network-budget/formal-screen-v2	loopback:nonblocking:mixed:5:rx	w16-p4-m4	3	control_rr_fully_contained_p99_ns	10801700	10062600	11694600
network-budget/formal-screen-v2	loopback:nonblocking:mixed:5:rx	w16-p4-m4	3	control_rr_fully_contained_max_ns	10801700	10062600	11694600
network-budget/formal-screen-v2	loopback:nonblocking:mixed:5:rx	w32-p1-m1	3	receiver_bytes	20971520	20971520	20971520
network-budget/formal-screen-v2	loopback:nonblocking:mixed:5:rx	w32-p1-m1	3	elapsed_ns	644014300	632394700	657441300
network-budget/formal-screen-v2	loopback:nonblocking:mixed:5:rx	w32-p1-m1	3	receiver_mbit_s	260.5099917812384	255.18956597341847	265.29659404166415
network-budget/formal-screen-v2	loopback:nonblocking:mixed:5:rx	w32-p1-m1	3	connection_mbit_s_min	52.10199835624768	51.44482922036038	53.309252278808536
network-budget/formal-screen-v2	loopback:nonblocking:mixed:5:rx	w32-p1-m1	3	connection_mbit_s_max	58.035731797910124	54.601753566911185	59.59935694482361
network-budget/formal-screen-v2	loopback:nonblocking:mixed:5:rx	w32-p1-m1	3	jain_completion_rate	0.9982383628444064	0.997929871340654	0.9997386454613165
network-budget/formal-screen-v2	loopback:nonblocking:mixed:5:rx	w32-p1-m1	3	completion_span_ns	67235500	25750200	77188000
network-budget/formal-screen-v2	loopback:nonblocking:mixed:5:rx	w32-p1-m1	3	slowest_connection_ns	644014300	629429800	652241100
network-budget/formal-screen-v2	loopback:nonblocking:mixed:5:rx	w32-p1-m1	3	rtt_p50_ns_median	1241700	1196600	1253200
network-budget/formal-screen-v2	loopback:nonblocking:mixed:5:rx	w32-p1-m1	3	rtt_max_ns	2991800	2794500	3097100
network-budget/formal-screen-v2	loopback:nonblocking:mixed:5:rx	w32-p1-m1	3	control_completed_requests	1024	1024	1024
network-budget/formal-screen-v2	loopback:nonblocking:mixed:5:rx	w32-p1-m1	3	control_requests_during_bulk	64	63	65
network-budget/formal-screen-v2	loopback:nonblocking:mixed:5:rx	w32-p1-m1	3	control_requests_fully_contained	63	62	64
network-budget/formal-screen-v2	loopback:nonblocking:mixed:5:rx	w32-p1-m1	3	control_received_bytes	65536	65536	65536
network-budget/formal-screen-v2	loopback:nonblocking:mixed:5:rx	w32-p1-m1	3	control_rr_all_p50_ns	229300	228600	236200
network-budget/formal-screen-v2	loopback:nonblocking:mixed:5:rx	w32-p1-m1	3	control_rr_all_p95_ns	8309300	8122900	8507900
network-budget/formal-screen-v2	loopback:nonblocking:mixed:5:rx	w32-p1-m1	3	control_rr_all_p99_ns	11899600	11722800	12419300
network-budget/formal-screen-v2	loopback:nonblocking:mixed:5:rx	w32-p1-m1	3	control_rr_all_max_ns	16168600	14317000	19048700
network-budget/formal-screen-v2	loopback:nonblocking:mixed:5:rx	w32-p1-m1	3	control_rr_during_bulk_p50_ns	10109900	10082800	10638900
network-budget/formal-screen-v2	loopback:nonblocking:mixed:5:rx	w32-p1-m1	3	control_rr_during_bulk_p95_ns	12879400	12648600	12888800
network-budget/formal-screen-v2	loopback:nonblocking:mixed:5:rx	w32-p1-m1	3	control_rr_during_bulk_p99_ns	16168600	14317000	19048700
network-budget/formal-screen-v2	loopback:nonblocking:mixed:5:rx	w32-p1-m1	3	control_rr_during_bulk_max_ns	16168600	14317000	19048700
network-budget/formal-screen-v2	loopback:nonblocking:mixed:5:rx	w32-p1-m1	3	control_rr_fully_contained_p50_ns	10127000	10082800	10638900
network-budget/formal-screen-v2	loopback:nonblocking:mixed:5:rx	w32-p1-m1	3	control_rr_fully_contained_p95_ns	12879400	12648600	12888800
network-budget/formal-screen-v2	loopback:nonblocking:mixed:5:rx	w32-p1-m1	3	control_rr_fully_contained_p99_ns	16168600	14317000	19048700
network-budget/formal-screen-v2	loopback:nonblocking:mixed:5:rx	w32-p1-m1	3	control_rr_fully_contained_max_ns	16168600	14317000	19048700
network-budget/formal-screen-v2	loopback:nonblocking:mixed:5:rx	w32-p1-m2	3	receiver_bytes	20971520	20971520	20971520
network-budget/formal-screen-v2	loopback:nonblocking:mixed:5:rx	w32-p1-m2	3	elapsed_ns	592643500	588831700	595148200
network-budget/formal-screen-v2	loopback:nonblocking:mixed:5:rx	w32-p1-m2	3	receiver_mbit_s	283.09120069654017	281.89980243576304	284.92379061793036
network-budget/formal-screen-v2	loopback:nonblocking:mixed:5:rx	w32-p1-m2	3	connection_mbit_s_min	57.21862471756832	56.74292946271966	57.34942551327793
network-budget/formal-screen-v2	loopback:nonblocking:mixed:5:rx	w32-p1-m2	3	connection_mbit_s_max	59.468515624418465	59.32230172659019	60.230471839376946
network-budget/formal-screen-v2	loopback:nonblocking:mixed:5:rx	w32-p1-m2	3	jain_completion_rate	0.9997014150299159	0.9996862760184302	0.9998279987111273
network-budget/formal-screen-v2	loopback:nonblocking:mixed:5:rx	w32-p1-m2	3	completion_span_ns	27452000	23202400	32081600
network-budget/formal-screen-v2	loopback:nonblocking:mixed:5:rx	w32-p1-m2	3	slowest_connection_ns	586425000	585087500	591341200
network-budget/formal-screen-v2	loopback:nonblocking:mixed:5:rx	w32-p1-m2	3	rtt_p50_ns_median	1234500	1187800	1245200
network-budget/formal-screen-v2	loopback:nonblocking:mixed:5:rx	w32-p1-m2	3	rtt_max_ns	2710600	2611800	3404500
network-budget/formal-screen-v2	loopback:nonblocking:mixed:5:rx	w32-p1-m2	3	control_completed_requests	1024	1024	1024
network-budget/formal-screen-v2	loopback:nonblocking:mixed:5:rx	w32-p1-m2	3	control_requests_during_bulk	43	42	43
network-budget/formal-screen-v2	loopback:nonblocking:mixed:5:rx	w32-p1-m2	3	control_requests_fully_contained	42	41	42
network-budget/formal-screen-v2	loopback:nonblocking:mixed:5:rx	w32-p1-m2	3	control_received_bytes	65536	65536	65536
network-budget/formal-screen-v2	loopback:nonblocking:mixed:5:rx	w32-p1-m2	3	control_rr_all_p50_ns	231700	224900	235600
network-budget/formal-screen-v2	loopback:nonblocking:mixed:5:rx	w32-p1-m2	3	control_rr_all_p95_ns	291200	286700	297000
network-budget/formal-screen-v2	loopback:nonblocking:mixed:5:rx	w32-p1-m2	3	control_rr_all_p99_ns	14779400	14529900	15295300
network-budget/formal-screen-v2	loopback:nonblocking:mixed:5:rx	w32-p1-m2	3	control_rr_all_max_ns	21700800	21605300	27168000
network-budget/formal-screen-v2	loopback:nonblocking:mixed:5:rx	w32-p1-m2	3	control_rr_during_bulk_p50_ns	13367900	13339200	13506200
network-budget/formal-screen-v2	loopback:nonblocking:mixed:5:rx	w32-p1-m2	3	control_rr_during_bulk_p95_ns	21243700	18823900	21247000
network-budget/formal-screen-v2	loopback:nonblocking:mixed:5:rx	w32-p1-m2	3	control_rr_during_bulk_p99_ns	21700800	21605300	27168000
network-budget/formal-screen-v2	loopback:nonblocking:mixed:5:rx	w32-p1-m2	3	control_rr_during_bulk_max_ns	21700800	21605300	27168000
network-budget/formal-screen-v2	loopback:nonblocking:mixed:5:rx	w32-p1-m2	3	control_rr_fully_contained_p50_ns	13410800	13339200	13506200
network-budget/formal-screen-v2	loopback:nonblocking:mixed:5:rx	w32-p1-m2	3	control_rr_fully_contained_p95_ns	21243700	18823900	21247000
network-budget/formal-screen-v2	loopback:nonblocking:mixed:5:rx	w32-p1-m2	3	control_rr_fully_contained_p99_ns	21700800	21605300	27168000
network-budget/formal-screen-v2	loopback:nonblocking:mixed:5:rx	w32-p1-m2	3	control_rr_fully_contained_max_ns	21700800	21605300	27168000
network-budget/formal-screen-v2	loopback:nonblocking:mixed:5:rx	w32-p1-m4	3	receiver_bytes	20971520	20971520	20971520
network-budget/formal-screen-v2	loopback:nonblocking:mixed:5:rx	w32-p1-m4	3	elapsed_ns	618725300	603709500	630390200
network-budget/formal-screen-v2	loopback:nonblocking:mixed:5:rx	w32-p1-m4	3	receiver_mbit_s	271.15774965077395	266.14017794058344	277.90213670647887
network-budget/formal-screen-v2	loopback:nonblocking:mixed:5:rx	w32-p1-m4	3	connection_mbit_s_min	54.40170326988063	53.45616058626732	55.786641537452994
network-budget/formal-screen-v2	loopback:nonblocking:mixed:5:rx	w32-p1-m4	3	connection_mbit_s_max	58.713070987937854	55.99870894547581	58.95007877712048
network-budget/formal-screen-v2	loopback:nonblocking:mixed:5:rx	w32-p1-m4	3	jain_completion_rate	0.9996709715646716	0.9992303190005343	0.9997048150867823
network-budget/formal-screen-v2	loopback:nonblocking:mixed:5:rx	w32-p1-m4	3	completion_span_ns	32211000	23848900	45501900
network-budget/formal-screen-v2	loopback:nonblocking:mixed:5:rx	w32-p1-m4	3	slowest_connection_ns	616790100	601477900	627700000
network-budget/formal-screen-v2	loopback:nonblocking:mixed:5:rx	w32-p1-m4	3	rtt_p50_ns_median	1228000	1158100	1278400
network-budget/formal-screen-v2	loopback:nonblocking:mixed:5:rx	w32-p1-m4	3	rtt_max_ns	3021000	2803600	3439300
network-budget/formal-screen-v2	loopback:nonblocking:mixed:5:rx	w32-p1-m4	3	control_completed_requests	1024	1024	1024
network-budget/formal-screen-v2	loopback:nonblocking:mixed:5:rx	w32-p1-m4	3	control_requests_during_bulk	44	43	47
network-budget/formal-screen-v2	loopback:nonblocking:mixed:5:rx	w32-p1-m4	3	control_requests_fully_contained	43	42	46
network-budget/formal-screen-v2	loopback:nonblocking:mixed:5:rx	w32-p1-m4	3	control_received_bytes	65536	65536	65536
network-budget/formal-screen-v2	loopback:nonblocking:mixed:5:rx	w32-p1-m4	3	control_rr_all_p50_ns	222500	220000	231900
network-budget/formal-screen-v2	loopback:nonblocking:mixed:5:rx	w32-p1-m4	3	control_rr_all_p95_ns	279500	272800	289400
network-budget/formal-screen-v2	loopback:nonblocking:mixed:5:rx	w32-p1-m4	3	control_rr_all_p99_ns	15401500	15047400	17928200
network-budget/formal-screen-v2	loopback:nonblocking:mixed:5:rx	w32-p1-m4	3	control_rr_all_max_ns	25417500	23643300	25608500
network-budget/formal-screen-v2	loopback:nonblocking:mixed:5:rx	w32-p1-m4	3	control_rr_during_bulk_p50_ns	13629200	13490300	13816600
network-budget/formal-screen-v2	loopback:nonblocking:mixed:5:rx	w32-p1-m4	3	control_rr_during_bulk_p95_ns	22113800	21163000	22590900
network-budget/formal-screen-v2	loopback:nonblocking:mixed:5:rx	w32-p1-m4	3	control_rr_during_bulk_p99_ns	25417500	23643300	25608500
network-budget/formal-screen-v2	loopback:nonblocking:mixed:5:rx	w32-p1-m4	3	control_rr_during_bulk_max_ns	25417500	23643300	25608500
network-budget/formal-screen-v2	loopback:nonblocking:mixed:5:rx	w32-p1-m4	3	control_rr_fully_contained_p50_ns	13629200	13490300	13838400
network-budget/formal-screen-v2	loopback:nonblocking:mixed:5:rx	w32-p1-m4	3	control_rr_fully_contained_p95_ns	22113800	21163000	22590900
network-budget/formal-screen-v2	loopback:nonblocking:mixed:5:rx	w32-p1-m4	3	control_rr_fully_contained_p99_ns	25417500	23643300	25608500
network-budget/formal-screen-v2	loopback:nonblocking:mixed:5:rx	w32-p1-m4	3	control_rr_fully_contained_max_ns	25417500	23643300	25608500
network-budget/formal-screen-v2	loopback:nonblocking:mixed:5:rx	w32-p2-m1	3	receiver_bytes	20971520	20971520	20971520
network-budget/formal-screen-v2	loopback:nonblocking:mixed:5:rx	w32-p2-m1	3	elapsed_ns	655030300	622369400	668887200
network-budget/formal-screen-v2	loopback:nonblocking:mixed:5:rx	w32-p2-m1	3	receiver_mbit_s	256.12885388660646	250.8227994196929	269.57006562340626
network-budget/formal-screen-v2	loopback:nonblocking:mixed:5:rx	w32-p2-m1	3	connection_mbit_s_min	51.37787362283761	50.31038683052542	54.118305861101256
network-budget/formal-screen-v2	loopback:nonblocking:mixed:5:rx	w32-p2-m1	3	connection_mbit_s_max	56.08390180078253	52.402909687432555	56.11833500913496
network-budget/formal-screen-v2	loopback:nonblocking:mixed:5:rx	w32-p2-m1	3	jain_completion_rate	0.999825235441434	0.9983901465705122	0.9999495207090994
network-budget/formal-screen-v2	loopback:nonblocking:mixed:5:rx	w32-p2-m1	3	completion_span_ns	18363700	8935800	67389200
network-budget/formal-screen-v2	loopback:nonblocking:mixed:5:rx	w32-p2-m1	3	slowest_connection_ns	653091100	620020000	666948400
network-budget/formal-screen-v2	loopback:nonblocking:mixed:5:rx	w32-p2-m1	3	rtt_p50_ns_median	1235300	1187200	1479200
network-budget/formal-screen-v2	loopback:nonblocking:mixed:5:rx	w32-p2-m1	3	rtt_max_ns	2927100	2647200	3719200
network-budget/formal-screen-v2	loopback:nonblocking:mixed:5:rx	w32-p2-m1	3	control_completed_requests	1024	1024	1024
network-budget/formal-screen-v2	loopback:nonblocking:mixed:5:rx	w32-p2-m1	3	control_requests_during_bulk	64	61	64
network-budget/formal-screen-v2	loopback:nonblocking:mixed:5:rx	w32-p2-m1	3	control_requests_fully_contained	63	60	63
network-budget/formal-screen-v2	loopback:nonblocking:mixed:5:rx	w32-p2-m1	3	control_received_bytes	65536	65536	65536
network-budget/formal-screen-v2	loopback:nonblocking:mixed:5:rx	w32-p2-m1	3	control_rr_all_p50_ns	232900	223100	236800
network-budget/formal-screen-v2	loopback:nonblocking:mixed:5:rx	w32-p2-m1	3	control_rr_all_p95_ns	8635800	8012600	8732800
network-budget/formal-screen-v2	loopback:nonblocking:mixed:5:rx	w32-p2-m1	3	control_rr_all_p99_ns	12137900	11284600	12528700
network-budget/formal-screen-v2	loopback:nonblocking:mixed:5:rx	w32-p2-m1	3	control_rr_all_max_ns	16760300	14919900	17257800
network-budget/formal-screen-v2	loopback:nonblocking:mixed:5:rx	w32-p2-m1	3	control_rr_during_bulk_p50_ns	10460500	9876500	10562200
network-budget/formal-screen-v2	loopback:nonblocking:mixed:5:rx	w32-p2-m1	3	control_rr_during_bulk_p95_ns	13190800	12198300	14493900
network-budget/formal-screen-v2	loopback:nonblocking:mixed:5:rx	w32-p2-m1	3	control_rr_during_bulk_p99_ns	16760300	14919900	17257800
network-budget/formal-screen-v2	loopback:nonblocking:mixed:5:rx	w32-p2-m1	3	control_rr_during_bulk_max_ns	16760300	14919900	17257800
network-budget/formal-screen-v2	loopback:nonblocking:mixed:5:rx	w32-p2-m1	3	control_rr_fully_contained_p50_ns	10460500	10007600	10596100
network-budget/formal-screen-v2	loopback:nonblocking:mixed:5:rx	w32-p2-m1	3	control_rr_fully_contained_p95_ns	13190800	12198300	14493900
network-budget/formal-screen-v2	loopback:nonblocking:mixed:5:rx	w32-p2-m1	3	control_rr_fully_contained_p99_ns	16760300	14919900	17257800
network-budget/formal-screen-v2	loopback:nonblocking:mixed:5:rx	w32-p2-m1	3	control_rr_fully_contained_max_ns	16760300	14919900	17257800
network-budget/formal-screen-v2	loopback:nonblocking:mixed:5:rx	w32-p2-m2	3	receiver_bytes	20971520	20971520	20971520
network-budget/formal-screen-v2	loopback:nonblocking:mixed:5:rx	w32-p2-m2	3	elapsed_ns	601619000	595658300	609691600
network-budget/formal-screen-v2	loopback:nonblocking:mixed:5:rx	w32-p2-m2	3	receiver_mbit_s	278.86778841758655	275.1754493583313	281.65839374688477
network-budget/formal-screen-v2	loopback:nonblocking:mixed:5:rx	w32-p2-m2	3	connection_mbit_s_min	56.05803202988476	55.035089871666266	56.5090063121738
network-budget/formal-screen-v2	loopback:nonblocking:mixed:5:rx	w32-p2-m2	3	connection_mbit_s_max	57.35056255094425	56.77893591883935	57.86177673063615
network-budget/formal-screen-v2	loopback:nonblocking:mixed:5:rx	w32-p2-m2	3	jain_completion_rate	0.999894565963752	0.9998671887690833	0.99997200792819
network-budget/formal-screen-v2	loopback:nonblocking:mixed:5:rx	w32-p2-m2	3	completion_span_ns	16764800	10582400	19594200
network-budget/formal-screen-v2	loopback:nonblocking:mixed:5:rx	w32-p2-m2	3	slowest_connection_ns	598566000	593789100	609691600
network-budget/formal-screen-v2	loopback:nonblocking:mixed:5:rx	w32-p2-m2	3	rtt_p50_ns_median	1209100	1172400	1212200
network-budget/formal-screen-v2	loopback:nonblocking:mixed:5:rx	w32-p2-m2	3	rtt_max_ns	2850600	2835500	3146200
network-budget/formal-screen-v2	loopback:nonblocking:mixed:5:rx	w32-p2-m2	3	control_completed_requests	1024	1024	1024
network-budget/formal-screen-v2	loopback:nonblocking:mixed:5:rx	w32-p2-m2	3	control_requests_during_bulk	46	44	47
network-budget/formal-screen-v2	loopback:nonblocking:mixed:5:rx	w32-p2-m2	3	control_requests_fully_contained	45	43	46
network-budget/formal-screen-v2	loopback:nonblocking:mixed:5:rx	w32-p2-m2	3	control_received_bytes	65536	65536	65536
network-budget/formal-screen-v2	loopback:nonblocking:mixed:5:rx	w32-p2-m2	3	control_rr_all_p50_ns	227700	224300	233400
network-budget/formal-screen-v2	loopback:nonblocking:mixed:5:rx	w32-p2-m2	3	control_rr_all_p95_ns	290200	287900	310900
network-budget/formal-screen-v2	loopback:nonblocking:mixed:5:rx	w32-p2-m2	3	control_rr_all_p99_ns	14308600	14133600	14734500
network-budget/formal-screen-v2	loopback:nonblocking:mixed:5:rx	w32-p2-m2	3	control_rr_all_max_ns	19510800	16133400	20621300
network-budget/formal-screen-v2	loopback:nonblocking:mixed:5:rx	w32-p2-m2	3	control_rr_during_bulk_p50_ns	13393000	12947200	13414800
network-budget/formal-screen-v2	loopback:nonblocking:mixed:5:rx	w32-p2-m2	3	control_rr_during_bulk_p95_ns	15923500	15201400	18790500
network-budget/formal-screen-v2	loopback:nonblocking:mixed:5:rx	w32-p2-m2	3	control_rr_during_bulk_p99_ns	19510800	16133400	20621300
network-budget/formal-screen-v2	loopback:nonblocking:mixed:5:rx	w32-p2-m2	3	control_rr_during_bulk_max_ns	19510800	16133400	20621300
network-budget/formal-screen-v2	loopback:nonblocking:mixed:5:rx	w32-p2-m2	3	control_rr_fully_contained_p50_ns	13393000	12972200	13416000
network-budget/formal-screen-v2	loopback:nonblocking:mixed:5:rx	w32-p2-m2	3	control_rr_fully_contained_p95_ns	15923500	15201400	18790500
network-budget/formal-screen-v2	loopback:nonblocking:mixed:5:rx	w32-p2-m2	3	control_rr_fully_contained_p99_ns	19510800	16133400	20621300
network-budget/formal-screen-v2	loopback:nonblocking:mixed:5:rx	w32-p2-m2	3	control_rr_fully_contained_max_ns	19510800	16133400	20621300
network-budget/formal-screen-v2	loopback:nonblocking:mixed:5:rx	w32-p2-m4	3	receiver_bytes	20971520	20971520	20971520
network-budget/formal-screen-v2	loopback:nonblocking:mixed:5:rx	w32-p2-m4	3	elapsed_ns	587407100	585144300	587690300
network-budget/formal-screen-v2	loopback:nonblocking:mixed:5:rx	w32-p2-m4	3	receiver_mbit_s	285.61479764204415	285.4771637374311	286.7192930017433
network-budget/formal-screen-v2	loopback:nonblocking:mixed:5:rx	w32-p2-m4	3	connection_mbit_s_min	57.581330394070264	57.122959528408835	57.67487014125469
network-budget/formal-screen-v2	loopback:nonblocking:mixed:5:rx	w32-p2-m4	3	connection_mbit_s_max	59.45086702641945	59.13421323289423	59.54606162371931
network-budget/formal-screen-v2	loopback:nonblocking:mixed:5:rx	w32-p2-m4	3	jain_completion_rate	0.9998614823928634	0.9998418210809368	0.9998722381929187
network-budget/formal-screen-v2	loopback:nonblocking:mixed:5:rx	w32-p2-m4	3	completion_span_ns	16189100	13524000	17334900
network-budget/formal-screen-v2	loopback:nonblocking:mixed:5:rx	w32-p2-m4	3	slowest_connection_ns	582731100	581786000	587407100
network-budget/formal-screen-v2	loopback:nonblocking:mixed:5:rx	w32-p2-m4	3	rtt_p50_ns_median	1165900	1136600	1244100
network-budget/formal-screen-v2	loopback:nonblocking:mixed:5:rx	w32-p2-m4	3	rtt_max_ns	3278200	3225300	3537600
network-budget/formal-screen-v2	loopback:nonblocking:mixed:5:rx	w32-p2-m4	3	control_completed_requests	1024	1024	1024
network-budget/formal-screen-v2	loopback:nonblocking:mixed:5:rx	w32-p2-m4	3	control_requests_during_bulk	47	45	47
network-budget/formal-screen-v2	loopback:nonblocking:mixed:5:rx	w32-p2-m4	3	control_requests_fully_contained	46	44	46
network-budget/formal-screen-v2	loopback:nonblocking:mixed:5:rx	w32-p2-m4	3	control_received_bytes	65536	65536	65536
network-budget/formal-screen-v2	loopback:nonblocking:mixed:5:rx	w32-p2-m4	3	control_rr_all_p50_ns	223700	223100	230500
network-budget/formal-screen-v2	loopback:nonblocking:mixed:5:rx	w32-p2-m4	3	control_rr_all_p95_ns	297100	273000	325700
network-budget/formal-screen-v2	loopback:nonblocking:mixed:5:rx	w32-p2-m4	3	control_rr_all_p99_ns	14114400	13936000	14180700
network-budget/formal-screen-v2	loopback:nonblocking:mixed:5:rx	w32-p2-m4	3	control_rr_all_max_ns	20674100	20585100	21933300
network-budget/formal-screen-v2	loopback:nonblocking:mixed:5:rx	w32-p2-m4	3	control_rr_during_bulk_p50_ns	12787800	12705500	13107900
network-budget/formal-screen-v2	loopback:nonblocking:mixed:5:rx	w32-p2-m4	3	control_rr_during_bulk_p95_ns	15027400	14928700	15745800
network-budget/formal-screen-v2	loopback:nonblocking:mixed:5:rx	w32-p2-m4	3	control_rr_during_bulk_p99_ns	20674100	20585100	21933300
network-budget/formal-screen-v2	loopback:nonblocking:mixed:5:rx	w32-p2-m4	3	control_rr_during_bulk_max_ns	20674100	20585100	21933300
network-budget/formal-screen-v2	loopback:nonblocking:mixed:5:rx	w32-p2-m4	3	control_rr_fully_contained_p50_ns	12787800	12705500	13107900
network-budget/formal-screen-v2	loopback:nonblocking:mixed:5:rx	w32-p2-m4	3	control_rr_fully_contained_p95_ns	15027400	14928700	15745800
network-budget/formal-screen-v2	loopback:nonblocking:mixed:5:rx	w32-p2-m4	3	control_rr_fully_contained_p99_ns	20674100	20585100	21933300
network-budget/formal-screen-v2	loopback:nonblocking:mixed:5:rx	w32-p2-m4	3	control_rr_fully_contained_max_ns	20674100	20585100	21933300
network-budget/formal-screen-v2	loopback:nonblocking:mixed:5:rx	w32-p4-m1	3	receiver_bytes	20971520	20971520	20971520
network-budget/formal-screen-v2	loopback:nonblocking:mixed:5:rx	w32-p4-m1	3	elapsed_ns	610898600	609415000	625076800
network-budget/formal-screen-v2	loopback:nonblocking:mixed:5:rx	w32-p4-m1	3	receiver_mbit_s	274.63176376570516	268.4024747039084	275.30034541322414
network-budget/formal-screen-v2	loopback:nonblocking:mixed:5:rx	w32-p4-m1	3	connection_mbit_s_min	55.018621056378684	54.0392716178461	55.451752275287284
network-budget/formal-screen-v2	loopback:nonblocking:mixed:5:rx	w32-p4-m1	3	connection_mbit_s_max	59.093784859407066	56.41826795759722	62.375580406653654
network-budget/formal-screen-v2	loopback:nonblocking:mixed:5:rx	w32-p4-m1	3	jain_completion_rate	0.9993165321084079	0.9980660054454459	0.9996465146420596
network-budget/formal-screen-v2	loopback:nonblocking:mixed:5:rx	w32-p4-m1	3	completion_span_ns	36994000	30332700	67744500
network-budget/formal-screen-v2	loopback:nonblocking:mixed:5:rx	w32-p4-m1	3	slowest_connection_ns	609874100	605110400	620926800
network-budget/formal-screen-v2	loopback:nonblocking:mixed:5:rx	w32-p4-m1	3	rtt_p50_ns_median	1240800	1154700	1279700
network-budget/formal-screen-v2	loopback:nonblocking:mixed:5:rx	w32-p4-m1	3	rtt_max_ns	3306000	3246000	3353100
network-budget/formal-screen-v2	loopback:nonblocking:mixed:5:rx	w32-p4-m1	3	control_completed_requests	1024	1024	1024
network-budget/formal-screen-v2	loopback:nonblocking:mixed:5:rx	w32-p4-m1	3	control_requests_during_bulk	64	64	67
network-budget/formal-screen-v2	loopback:nonblocking:mixed:5:rx	w32-p4-m1	3	control_requests_fully_contained	63	63	66
network-budget/formal-screen-v2	loopback:nonblocking:mixed:5:rx	w32-p4-m1	3	control_received_bytes	65536	65536	65536
network-budget/formal-screen-v2	loopback:nonblocking:mixed:5:rx	w32-p4-m1	3	control_rr_all_p50_ns	228500	222900	235200
network-budget/formal-screen-v2	loopback:nonblocking:mixed:5:rx	w32-p4-m1	3	control_rr_all_p95_ns	8779500	8068200	8823400
network-budget/formal-screen-v2	loopback:nonblocking:mixed:5:rx	w32-p4-m1	3	control_rr_all_p99_ns	11130900	10822800	11572000
network-budget/formal-screen-v2	loopback:nonblocking:mixed:5:rx	w32-p4-m1	3	control_rr_all_max_ns	13824100	13012500	15038500
network-budget/formal-screen-v2	loopback:nonblocking:mixed:5:rx	w32-p4-m1	3	control_rr_during_bulk_p50_ns	9887400	9176300	9966200
network-budget/formal-screen-v2	loopback:nonblocking:mixed:5:rx	w32-p4-m1	3	control_rr_during_bulk_p95_ns	12222000	11331400	13285700
network-budget/formal-screen-v2	loopback:nonblocking:mixed:5:rx	w32-p4-m1	3	control_rr_during_bulk_p99_ns	13824100	13012500	15038500
network-budget/formal-screen-v2	loopback:nonblocking:mixed:5:rx	w32-p4-m1	3	control_rr_during_bulk_max_ns	13824100	13012500	15038500
network-budget/formal-screen-v2	loopback:nonblocking:mixed:5:rx	w32-p4-m1	3	control_rr_fully_contained_p50_ns	9898700	9176300	9971500
network-budget/formal-screen-v2	loopback:nonblocking:mixed:5:rx	w32-p4-m1	3	control_rr_fully_contained_p95_ns	12222000	11331400	13285700
network-budget/formal-screen-v2	loopback:nonblocking:mixed:5:rx	w32-p4-m1	3	control_rr_fully_contained_p99_ns	13824100	13012500	15038500
network-budget/formal-screen-v2	loopback:nonblocking:mixed:5:rx	w32-p4-m1	3	control_rr_fully_contained_max_ns	13824100	13012500	15038500
network-budget/formal-screen-v2	loopback:nonblocking:mixed:5:rx	w32-p4-m2	3	receiver_bytes	20971520	20971520	20971520
network-budget/formal-screen-v2	loopback:nonblocking:mixed:5:rx	w32-p4-m2	3	elapsed_ns	615573900	599909100	639657700
network-budget/formal-screen-v2	loopback:nonblocking:mixed:5:rx	w32-p4-m2	3	receiver_mbit_s	272.5459282792854	262.2842811084741	279.6626355559534
network-budget/formal-screen-v2	loopback:nonblocking:mixed:5:rx	w32-p4-m2	3	connection_mbit_s_min	54.69731115496823	52.61183162988114	55.93252711119068
network-budget/formal-screen-v2	loopback:nonblocking:mixed:5:rx	w32-p4-m2	3	connection_mbit_s_max	55.78305237128951	53.23345697305839	57.08858433566852
network-budget/formal-screen-v2	loopback:nonblocking:mixed:5:rx	w32-p4-m2	3	jain_completion_rate	0.9999522489463151	0.9999410806487975	0.9999826068194986
network-budget/formal-screen-v2	loopback:nonblocking:mixed:5:rx	w32-p4-m2	3	completion_span_ns	7998900	6966000	11863700
network-budget/formal-screen-v2	loopback:nonblocking:mixed:5:rx	w32-p4-m2	3	slowest_connection_ns	613456700	599909100	637773500
network-budget/formal-screen-v2	loopback:nonblocking:mixed:5:rx	w32-p4-m2	3	rtt_p50_ns_median	1204800	1202000	1294200
network-budget/formal-screen-v2	loopback:nonblocking:mixed:5:rx	w32-p4-m2	3	rtt_max_ns	3085200	2865400	3862400
network-budget/formal-screen-v2	loopback:nonblocking:mixed:5:rx	w32-p4-m2	3	control_completed_requests	1024	1024	1024
network-budget/formal-screen-v2	loopback:nonblocking:mixed:5:rx	w32-p4-m2	3	control_requests_during_bulk	46	46	47
network-budget/formal-screen-v2	loopback:nonblocking:mixed:5:rx	w32-p4-m2	3	control_requests_fully_contained	45	45	46
network-budget/formal-screen-v2	loopback:nonblocking:mixed:5:rx	w32-p4-m2	3	control_received_bytes	65536	65536	65536
network-budget/formal-screen-v2	loopback:nonblocking:mixed:5:rx	w32-p4-m2	3	control_rr_all_p50_ns	236000	225700	237400
network-budget/formal-screen-v2	loopback:nonblocking:mixed:5:rx	w32-p4-m2	3	control_rr_all_p95_ns	330000	286300	366800
network-budget/formal-screen-v2	loopback:nonblocking:mixed:5:rx	w32-p4-m2	3	control_rr_all_p99_ns	14461600	14064300	15043400
network-budget/formal-screen-v2	loopback:nonblocking:mixed:5:rx	w32-p4-m2	3	control_rr_all_max_ns	21129700	20040800	21574900
network-budget/formal-screen-v2	loopback:nonblocking:mixed:5:rx	w32-p4-m2	3	control_rr_during_bulk_p50_ns	13485800	13202600	13977100
network-budget/formal-screen-v2	loopback:nonblocking:mixed:5:rx	w32-p4-m2	3	control_rr_during_bulk_p95_ns	15798100	15621700	16326800
network-budget/formal-screen-v2	loopback:nonblocking:mixed:5:rx	w32-p4-m2	3	control_rr_during_bulk_p99_ns	21129700	20040800	21574900
network-budget/formal-screen-v2	loopback:nonblocking:mixed:5:rx	w32-p4-m2	3	control_rr_during_bulk_max_ns	21129700	20040800	21574900
network-budget/formal-screen-v2	loopback:nonblocking:mixed:5:rx	w32-p4-m2	3	control_rr_fully_contained_p50_ns	13485800	13285400	14003500
network-budget/formal-screen-v2	loopback:nonblocking:mixed:5:rx	w32-p4-m2	3	control_rr_fully_contained_p95_ns	15798100	15621700	16326800
network-budget/formal-screen-v2	loopback:nonblocking:mixed:5:rx	w32-p4-m2	3	control_rr_fully_contained_p99_ns	21129700	20040800	21574900
network-budget/formal-screen-v2	loopback:nonblocking:mixed:5:rx	w32-p4-m2	3	control_rr_fully_contained_max_ns	21129700	20040800	21574900
network-budget/formal-screen-v2	loopback:nonblocking:mixed:5:rx	w32-p4-m4	3	receiver_bytes	20971520	20971520	20971520
network-budget/formal-screen-v2	loopback:nonblocking:mixed:5:rx	w32-p4-m4	3	elapsed_ns	615986700	610819500	669282100
network-budget/formal-screen-v2	loopback:nonblocking:mixed:5:rx	w32-p4-m4	3	receiver_mbit_s	272.3632831682892	250.67480513822198	274.6673280731869
network-budget/formal-screen-v2	loopback:nonblocking:mixed:5:rx	w32-p4-m4	3	connection_mbit_s_min	54.61432001782584	50.134961027644394	55.359999524841314
network-budget/formal-screen-v2	loopback:nonblocking:mixed:5:rx	w32-p4-m4	3	connection_mbit_s_max	55.761925534840785	50.83673639444703	57.671807058199924
network-budget/formal-screen-v2	loopback:nonblocking:mixed:5:rx	w32-p4-m4	3	jain_completion_rate	0.9999763375051773	0.9996313393876832	0.9999933597883435
network-budget/formal-screen-v2	loopback:nonblocking:mixed:5:rx	w32-p4-m4	3	completion_span_ns	6012100	5759700	30910100
network-budget/formal-screen-v2	loopback:nonblocking:mixed:5:rx	w32-p4-m4	3	slowest_connection_ns	614388900	606113300	669282100
network-budget/formal-screen-v2	loopback:nonblocking:mixed:5:rx	w32-p4-m4	3	rtt_p50_ns_median	1212100	1171400	1338300
network-budget/formal-screen-v2	loopback:nonblocking:mixed:5:rx	w32-p4-m4	3	rtt_max_ns	3621700	2672100	3908800
network-budget/formal-screen-v2	loopback:nonblocking:mixed:5:rx	w32-p4-m4	3	control_completed_requests	1024	1024	1024
network-budget/formal-screen-v2	loopback:nonblocking:mixed:5:rx	w32-p4-m4	3	control_requests_during_bulk	46	46	47
network-budget/formal-screen-v2	loopback:nonblocking:mixed:5:rx	w32-p4-m4	3	control_requests_fully_contained	45	45	46
network-budget/formal-screen-v2	loopback:nonblocking:mixed:5:rx	w32-p4-m4	3	control_received_bytes	65536	65536	65536
network-budget/formal-screen-v2	loopback:nonblocking:mixed:5:rx	w32-p4-m4	3	control_rr_all_p50_ns	225900	225300	230800
network-budget/formal-screen-v2	loopback:nonblocking:mixed:5:rx	w32-p4-m4	3	control_rr_all_p95_ns	314300	306100	328200
network-budget/formal-screen-v2	loopback:nonblocking:mixed:5:rx	w32-p4-m4	3	control_rr_all_p99_ns	14175400	14168300	15725600
network-budget/formal-screen-v2	loopback:nonblocking:mixed:5:rx	w32-p4-m4	3	control_rr_all_max_ns	20977800	18449200	25951500
network-budget/formal-screen-v2	loopback:nonblocking:mixed:5:rx	w32-p4-m4	3	control_rr_during_bulk_p50_ns	13332200	13193300	14515200
network-budget/formal-screen-v2	loopback:nonblocking:mixed:5:rx	w32-p4-m4	3	control_rr_during_bulk_p95_ns	18045400	16912100	20883400
network-budget/formal-screen-v2	loopback:nonblocking:mixed:5:rx	w32-p4-m4	3	control_rr_during_bulk_p99_ns	20977800	18449200	25951500
network-budget/formal-screen-v2	loopback:nonblocking:mixed:5:rx	w32-p4-m4	3	control_rr_during_bulk_max_ns	20977800	18449200	25951500
network-budget/formal-screen-v2	loopback:nonblocking:mixed:5:rx	w32-p4-m4	3	control_rr_fully_contained_p50_ns	13332200	13296200	14517800
network-budget/formal-screen-v2	loopback:nonblocking:mixed:5:rx	w32-p4-m4	3	control_rr_fully_contained_p95_ns	18045400	16912100	20883400
network-budget/formal-screen-v2	loopback:nonblocking:mixed:5:rx	w32-p4-m4	3	control_rr_fully_contained_p99_ns	20977800	18449200	25951500
network-budget/formal-screen-v2	loopback:nonblocking:mixed:5:rx	w32-p4-m4	3	control_rr_fully_contained_max_ns	20977800	18449200	25951500
network-budget/formal-screen-v2	loopback:nonblocking:mixed:5:rx	w8-p1-m1	3	receiver_bytes	20971520	20971520	20971520
network-budget/formal-screen-v2	loopback:nonblocking:mixed:5:rx	w8-p1-m1	3	elapsed_ns	820779100	817152000	830695100
network-budget/formal-screen-v2	loopback:nonblocking:mixed:5:rx	w8-p1-m1	3	receiver_mbit_s	204.4059845091085	201.96599209505388	205.31328320802004
network-budget/formal-screen-v2	loopback:nonblocking:mixed:5:rx	w8-p1-m1	3	connection_mbit_s_min	40.99114366188373	40.56749267131094	41.11250067848108
network-budget/formal-screen-v2	loopback:nonblocking:mixed:5:rx	w8-p1-m1	3	connection_mbit_s_max	41.4973327108525	40.836190373497736	41.64104870453255
network-budget/formal-screen-v2	loopback:nonblocking:mixed:5:rx	w8-p1-m1	3	jain_completion_rate	0.9999790775154609	0.9999780508446016	0.9999936275012511
network-budget/formal-screen-v2	loopback:nonblocking:mixed:5:rx	w8-p1-m1	3	completion_span_ns	8636100	7741300	9311400
network-budget/formal-screen-v2	loopback:nonblocking:mixed:5:rx	w8-p1-m1	3	slowest_connection_ns	818577600	816161300	827126100
network-budget/formal-screen-v2	loopback:nonblocking:mixed:5:rx	w8-p1-m1	3	rtt_p50_ns_median	1221000	1200900	1277000
network-budget/formal-screen-v2	loopback:nonblocking:mixed:5:rx	w8-p1-m1	3	rtt_max_ns	3079300	2674500	3590500
network-budget/formal-screen-v2	loopback:nonblocking:mixed:5:rx	w8-p1-m1	3	control_completed_requests	1024	1024	1024
network-budget/formal-screen-v2	loopback:nonblocking:mixed:5:rx	w8-p1-m1	3	control_requests_during_bulk	189	186	190
network-budget/formal-screen-v2	loopback:nonblocking:mixed:5:rx	w8-p1-m1	3	control_requests_fully_contained	188	185	189
network-budget/formal-screen-v2	loopback:nonblocking:mixed:5:rx	w8-p1-m1	3	control_received_bytes	65536	65536	65536
network-budget/formal-screen-v2	loopback:nonblocking:mixed:5:rx	w8-p1-m1	3	control_rr_all_p50_ns	237700	224700	240200
network-budget/formal-screen-v2	loopback:nonblocking:mixed:5:rx	w8-p1-m1	3	control_rr_all_p95_ns	4579900	4548200	4605200
network-budget/formal-screen-v2	loopback:nonblocking:mixed:5:rx	w8-p1-m1	3	control_rr_all_p99_ns	5299800	5230900	5501400
network-budget/formal-screen-v2	loopback:nonblocking:mixed:5:rx	w8-p1-m1	3	control_rr_all_max_ns	7445700	7228600	8612100
network-budget/formal-screen-v2	loopback:nonblocking:mixed:5:rx	w8-p1-m1	3	control_rr_during_bulk_p50_ns	4325900	4215800	4349600
network-budget/formal-screen-v2	loopback:nonblocking:mixed:5:rx	w8-p1-m1	3	control_rr_during_bulk_p95_ns	5616600	5359300	5867900
network-budget/formal-screen-v2	loopback:nonblocking:mixed:5:rx	w8-p1-m1	3	control_rr_during_bulk_p99_ns	7122800	6648900	7592900
network-budget/formal-screen-v2	loopback:nonblocking:mixed:5:rx	w8-p1-m1	3	control_rr_during_bulk_max_ns	7445700	7228600	8612100
network-budget/formal-screen-v2	loopback:nonblocking:mixed:5:rx	w8-p1-m1	3	control_rr_fully_contained_p50_ns	4339700	4219200	4349600
network-budget/formal-screen-v2	loopback:nonblocking:mixed:5:rx	w8-p1-m1	3	control_rr_fully_contained_p95_ns	5616600	5359300	5867900
network-budget/formal-screen-v2	loopback:nonblocking:mixed:5:rx	w8-p1-m1	3	control_rr_fully_contained_p99_ns	7122800	6648900	7592900
network-budget/formal-screen-v2	loopback:nonblocking:mixed:5:rx	w8-p1-m1	3	control_rr_fully_contained_max_ns	7445700	7228600	8612100
network-budget/formal-screen-v2	loopback:nonblocking:mixed:5:rx	w8-p1-m2	3	receiver_bytes	20971520	20971520	20971520
network-budget/formal-screen-v2	loopback:nonblocking:mixed:5:rx	w8-p1-m2	3	elapsed_ns	801629000	782864000	804173600
network-budget/formal-screen-v2	loopback:nonblocking:mixed:5:rx	w8-p1-m2	3	receiver_mbit_s	209.28903520206978	208.6267940156205	214.3056265200597
network-budget/formal-screen-v2	loopback:nonblocking:mixed:5:rx	w8-p1-m2	3	connection_mbit_s_min	41.92588707145189	41.827945180343136	42.861125304011935
network-budget/formal-screen-v2	loopback:nonblocking:mixed:5:rx	w8-p1-m2	3	connection_mbit_s_max	43.00213418764063	42.60264611920208	43.88074801104577
network-budget/formal-screen-v2	loopback:nonblocking:mixed:5:rx	w8-p1-m2	3	jain_completion_rate	0.9999376927946564	0.9999210902587241	0.9999585860900242
network-budget/formal-screen-v2	loopback:nonblocking:mixed:5:rx	w8-p1-m2	3	completion_span_ns	16559800	16284900	21332100
network-budget/formal-screen-v2	loopback:nonblocking:mixed:5:rx	w8-p1-m2	3	slowest_connection_ns	800327300	782864000	802201300
network-budget/formal-screen-v2	loopback:nonblocking:mixed:5:rx	w8-p1-m2	3	rtt_p50_ns_median	1224200	1191400	1251400
network-budget/formal-screen-v2	loopback:nonblocking:mixed:5:rx	w8-p1-m2	3	rtt_max_ns	3430300	3257600	4379100
network-budget/formal-screen-v2	loopback:nonblocking:mixed:5:rx	w8-p1-m2	3	control_completed_requests	1024	1024	1024
network-budget/formal-screen-v2	loopback:nonblocking:mixed:5:rx	w8-p1-m2	3	control_requests_during_bulk	190	187	192
network-budget/formal-screen-v2	loopback:nonblocking:mixed:5:rx	w8-p1-m2	3	control_requests_fully_contained	189	186	191
network-budget/formal-screen-v2	loopback:nonblocking:mixed:5:rx	w8-p1-m2	3	control_received_bytes	65536	65536	65536
network-budget/formal-screen-v2	loopback:nonblocking:mixed:5:rx	w8-p1-m2	3	control_rr_all_p50_ns	233100	231300	241600
network-budget/formal-screen-v2	loopback:nonblocking:mixed:5:rx	w8-p1-m2	3	control_rr_all_p95_ns	4500600	4383700	4512800
network-budget/formal-screen-v2	loopback:nonblocking:mixed:5:rx	w8-p1-m2	3	control_rr_all_p99_ns	5104300	4993700	5719400
network-budget/formal-screen-v2	loopback:nonblocking:mixed:5:rx	w8-p1-m2	3	control_rr_all_max_ns	8208100	7259800	9655000
network-budget/formal-screen-v2	loopback:nonblocking:mixed:5:rx	w8-p1-m2	3	control_rr_during_bulk_p50_ns	4159200	4093400	4171600
network-budget/formal-screen-v2	loopback:nonblocking:mixed:5:rx	w8-p1-m2	3	control_rr_during_bulk_p95_ns	5199400	5012600	5749400
network-budget/formal-screen-v2	loopback:nonblocking:mixed:5:rx	w8-p1-m2	3	control_rr_during_bulk_p99_ns	7132700	6460200	7817600
network-budget/formal-screen-v2	loopback:nonblocking:mixed:5:rx	w8-p1-m2	3	control_rr_during_bulk_max_ns	8208100	7259800	9655000
network-budget/formal-screen-v2	loopback:nonblocking:mixed:5:rx	w8-p1-m2	3	control_rr_fully_contained_p50_ns	4159200	4112500	4174800
network-budget/formal-screen-v2	loopback:nonblocking:mixed:5:rx	w8-p1-m2	3	control_rr_fully_contained_p95_ns	5199400	5012600	5749400
network-budget/formal-screen-v2	loopback:nonblocking:mixed:5:rx	w8-p1-m2	3	control_rr_fully_contained_p99_ns	7132700	6460200	7817600
network-budget/formal-screen-v2	loopback:nonblocking:mixed:5:rx	w8-p1-m2	3	control_rr_fully_contained_max_ns	8208100	7259800	9655000
network-budget/formal-screen-v2	loopback:nonblocking:mixed:5:rx	w8-p1-m4	3	receiver_bytes	20971520	20971520	20971520
network-budget/formal-screen-v2	loopback:nonblocking:mixed:5:rx	w8-p1-m4	3	elapsed_ns	777956400	769492100	798938400
network-budget/formal-screen-v2	loopback:nonblocking:mixed:5:rx	w8-p1-m4	3	receiver_mbit_s	215.6575355636897	209.99386185468117	218.02973675753137
network-budget/formal-screen-v2	loopback:nonblocking:mixed:5:rx	w8-p1-m4	3	connection_mbit_s_min	43.23118892871159	42.1541214941166	43.71652089034947
network-budget/formal-screen-v2	loopback:nonblocking:mixed:5:rx	w8-p1-m4	3	connection_mbit_s_max	44.445299235641826	42.80550129209614	44.780362981313644
network-budget/formal-screen-v2	loopback:nonblocking:mixed:5:rx	w8-p1-m4	3	jain_completion_rate	0.9999264968437652	0.9998739303621341	0.9999587598636611
network-budget/formal-screen-v2	loopback:nonblocking:mixed:5:rx	w8-p1-m4	3	completion_span_ns	18250200	12897300	19596900
network-budget/formal-screen-v2	loopback:nonblocking:mixed:5:rx	w8-p1-m4	3	slowest_connection_ns	776162600	767545800	795994100
network-budget/formal-screen-v2	loopback:nonblocking:mixed:5:rx	w8-p1-m4	3	rtt_p50_ns_median	1190500	1182600	1279600
network-budget/formal-screen-v2	loopback:nonblocking:mixed:5:rx	w8-p1-m4	3	rtt_max_ns	3085000	2605100	3363500
network-budget/formal-screen-v2	loopback:nonblocking:mixed:5:rx	w8-p1-m4	3	control_completed_requests	1024	1024	1024
network-budget/formal-screen-v2	loopback:nonblocking:mixed:5:rx	w8-p1-m4	3	control_requests_during_bulk	188	186	190
network-budget/formal-screen-v2	loopback:nonblocking:mixed:5:rx	w8-p1-m4	3	control_requests_fully_contained	187	185	189
network-budget/formal-screen-v2	loopback:nonblocking:mixed:5:rx	w8-p1-m4	3	control_received_bytes	65536	65536	65536
network-budget/formal-screen-v2	loopback:nonblocking:mixed:5:rx	w8-p1-m4	3	control_rr_all_p50_ns	230500	222300	232100
network-budget/formal-screen-v2	loopback:nonblocking:mixed:5:rx	w8-p1-m4	3	control_rr_all_p95_ns	4380000	4285800	4430900
network-budget/formal-screen-v2	loopback:nonblocking:mixed:5:rx	w8-p1-m4	3	control_rr_all_p99_ns	5072100	5022600	5324000
network-budget/formal-screen-v2	loopback:nonblocking:mixed:5:rx	w8-p1-m4	3	control_rr_all_max_ns	7442700	6745300	7466900
network-budget/formal-screen-v2	loopback:nonblocking:mixed:5:rx	w8-p1-m4	3	control_rr_during_bulk_p50_ns	4092200	4000800	4131900
network-budget/formal-screen-v2	loopback:nonblocking:mixed:5:rx	w8-p1-m4	3	control_rr_during_bulk_p95_ns	5107500	5023000	5348300
network-budget/formal-screen-v2	loopback:nonblocking:mixed:5:rx	w8-p1-m4	3	control_rr_during_bulk_p99_ns	6605200	6481500	6664300
network-budget/formal-screen-v2	loopback:nonblocking:mixed:5:rx	w8-p1-m4	3	control_rr_during_bulk_max_ns	7442700	6745300	7466900
network-budget/formal-screen-v2	loopback:nonblocking:mixed:5:rx	w8-p1-m4	3	control_rr_fully_contained_p50_ns	4096300	4004400	4133100
network-budget/formal-screen-v2	loopback:nonblocking:mixed:5:rx	w8-p1-m4	3	control_rr_fully_contained_p95_ns	5107500	5023000	5348300
network-budget/formal-screen-v2	loopback:nonblocking:mixed:5:rx	w8-p1-m4	3	control_rr_fully_contained_p99_ns	6605200	6481500	6664300
network-budget/formal-screen-v2	loopback:nonblocking:mixed:5:rx	w8-p1-m4	3	control_rr_fully_contained_max_ns	7442700	6745300	7466900
network-budget/formal-screen-v2	loopback:nonblocking:mixed:5:rx	w8-p2-m1	3	receiver_bytes	20971520	20971520	20971520
network-budget/formal-screen-v2	loopback:nonblocking:mixed:5:rx	w8-p2-m1	3	elapsed_ns	771022300	760962400	788003100
network-budget/formal-screen-v2	loopback:nonblocking:mixed:5:rx	w8-p2-m1	3	receiver_mbit_s	217.59702670078414	212.9079949050962	220.47365283751208
network-budget/formal-screen-v2	loopback:nonblocking:mixed:5:rx	w8-p2-m1	3	connection_mbit_s_min	43.56619668130453	42.68829220532049	44.2512866785481
network-budget/formal-screen-v2	loopback:nonblocking:mixed:5:rx	w8-p2-m1	3	connection_mbit_s_max	44.547326842983516	43.08111931405942	44.87659496498951
network-budget/formal-screen-v2	loopback:nonblocking:mixed:5:rx	w8-p2-m1	3	jain_completion_rate	0.9999636369440419	0.9999257113318576	0.9999898421051544
network-budget/formal-screen-v2	loopback:nonblocking:mixed:5:rx	w8-p2-m1	3	completion_span_ns	13257900	9136800	15612300
network-budget/formal-screen-v2	loopback:nonblocking:mixed:5:rx	w8-p2-m1	3	slowest_connection_ns	770194200	758270200	786033600
network-budget/formal-screen-v2	loopback:nonblocking:mixed:5:rx	w8-p2-m1	3	rtt_p50_ns_median	1192000	1170700	1205400
network-budget/formal-screen-v2	loopback:nonblocking:mixed:5:rx	w8-p2-m1	3	rtt_max_ns	3025900	2964300	3420400
network-budget/formal-screen-v2	loopback:nonblocking:mixed:5:rx	w8-p2-m1	3	control_completed_requests	1024	1024	1024
network-budget/formal-screen-v2	loopback:nonblocking:mixed:5:rx	w8-p2-m1	3	control_requests_during_bulk	189	188	190
network-budget/formal-screen-v2	loopback:nonblocking:mixed:5:rx	w8-p2-m1	3	control_requests_fully_contained	188	187	189
network-budget/formal-screen-v2	loopback:nonblocking:mixed:5:rx	w8-p2-m1	3	control_received_bytes	65536	65536	65536
network-budget/formal-screen-v2	loopback:nonblocking:mixed:5:rx	w8-p2-m1	3	control_rr_all_p50_ns	225200	223600	228200
network-budget/formal-screen-v2	loopback:nonblocking:mixed:5:rx	w8-p2-m1	3	control_rr_all_p95_ns	4277300	4217800	4397700
network-budget/formal-screen-v2	loopback:nonblocking:mixed:5:rx	w8-p2-m1	3	control_rr_all_p99_ns	4856000	4781600	4984900
network-budget/formal-screen-v2	loopback:nonblocking:mixed:5:rx	w8-p2-m1	3	control_rr_all_max_ns	7672100	7355900	8276900
network-budget/formal-screen-v2	loopback:nonblocking:mixed:5:rx	w8-p2-m1	3	control_rr_during_bulk_p50_ns	4033300	3961600	4107300
network-budget/formal-screen-v2	loopback:nonblocking:mixed:5:rx	w8-p2-m1	3	control_rr_during_bulk_p95_ns	4868600	4818400	5069700
network-budget/formal-screen-v2	loopback:nonblocking:mixed:5:rx	w8-p2-m1	3	control_rr_during_bulk_p99_ns	6678800	6532400	8019400
network-budget/formal-screen-v2	loopback:nonblocking:mixed:5:rx	w8-p2-m1	3	control_rr_during_bulk_max_ns	7672100	7355900	8276900
network-budget/formal-screen-v2	loopback:nonblocking:mixed:5:rx	w8-p2-m1	3	control_rr_fully_contained_p50_ns	4034100	3961700	4107300
network-budget/formal-screen-v2	loopback:nonblocking:mixed:5:rx	w8-p2-m1	3	control_rr_fully_contained_p95_ns	4868600	4818400	5069700
network-budget/formal-screen-v2	loopback:nonblocking:mixed:5:rx	w8-p2-m1	3	control_rr_fully_contained_p99_ns	6678800	6532400	8019400
network-budget/formal-screen-v2	loopback:nonblocking:mixed:5:rx	w8-p2-m1	3	control_rr_fully_contained_max_ns	7672100	7355900	8276900
network-budget/formal-screen-v2	loopback:nonblocking:mixed:5:rx	w8-p2-m2	3	receiver_bytes	20971520	20971520	20971520
network-budget/formal-screen-v2	loopback:nonblocking:mixed:5:rx	w8-p2-m2	3	elapsed_ns	786830000	786726600	801248100
network-budget/formal-screen-v2	loopback:nonblocking:mixed:5:rx	w8-p2-m2	3	receiver_mbit_s	213.225423534944	209.38852772318586	213.2534478940969
network-budget/formal-screen-v2	loopback:nonblocking:mixed:5:rx	w8-p2-m2	3	connection_mbit_s_min	42.66769208193505	42.05334065587277	42.777822469350326
network-budget/formal-screen-v2	loopback:nonblocking:mixed:5:rx	w8-p2-m2	3	connection_mbit_s_max	43.290902241282325	43.082103900822815	44.47213708173548
network-budget/formal-screen-v2	loopback:nonblocking:mixed:5:rx	w8-p2-m2	3	jain_completion_rate	0.9999162133661507	0.9997876542120586	0.9999752263010665
network-budget/formal-screen-v2	loopback:nonblocking:mixed:5:rx	w8-p2-m2	3	completion_span_ns	22399600	10479000	30896900
network-budget/formal-screen-v2	loopback:nonblocking:mixed:5:rx	w8-p2-m2	3	slowest_connection_ns	786413100	784388500	797901700
network-budget/formal-screen-v2	loopback:nonblocking:mixed:5:rx	w8-p2-m2	3	rtt_p50_ns_median	1199300	1185600	1213900
network-budget/formal-screen-v2	loopback:nonblocking:mixed:5:rx	w8-p2-m2	3	rtt_max_ns	3434100	2693700	3440400
network-budget/formal-screen-v2	loopback:nonblocking:mixed:5:rx	w8-p2-m2	3	control_completed_requests	1024	1024	1024
network-budget/formal-screen-v2	loopback:nonblocking:mixed:5:rx	w8-p2-m2	3	control_requests_during_bulk	189	186	191
network-budget/formal-screen-v2	loopback:nonblocking:mixed:5:rx	w8-p2-m2	3	control_requests_fully_contained	188	185	190
network-budget/formal-screen-v2	loopback:nonblocking:mixed:5:rx	w8-p2-m2	3	control_received_bytes	65536	65536	65536
network-budget/formal-screen-v2	loopback:nonblocking:mixed:5:rx	w8-p2-m2	3	control_rr_all_p50_ns	239000	232000	239200
network-budget/formal-screen-v2	loopback:nonblocking:mixed:5:rx	w8-p2-m2	3	control_rr_all_p95_ns	4409700	4332200	4414100
network-budget/formal-screen-v2	loopback:nonblocking:mixed:5:rx	w8-p2-m2	3	control_rr_all_p99_ns	4901700	4826500	5201500
network-budget/formal-screen-v2	loopback:nonblocking:mixed:5:rx	w8-p2-m2	3	control_rr_all_max_ns	7774600	7533400	8514400
network-budget/formal-screen-v2	loopback:nonblocking:mixed:5:rx	w8-p2-m2	3	control_rr_during_bulk_p50_ns	4115700	4080100	4214600
network-budget/formal-screen-v2	loopback:nonblocking:mixed:5:rx	w8-p2-m2	3	control_rr_during_bulk_p95_ns	4913900	4875500	5258900
network-budget/formal-screen-v2	loopback:nonblocking:mixed:5:rx	w8-p2-m2	3	control_rr_during_bulk_p99_ns	6851200	5800800	7316200
network-budget/formal-screen-v2	loopback:nonblocking:mixed:5:rx	w8-p2-m2	3	control_rr_during_bulk_max_ns	7774600	7533400	8514400
network-budget/formal-screen-v2	loopback:nonblocking:mixed:5:rx	w8-p2-m2	3	control_rr_fully_contained_p50_ns	4117600	4080100	4214600
network-budget/formal-screen-v2	loopback:nonblocking:mixed:5:rx	w8-p2-m2	3	control_rr_fully_contained_p95_ns	4913900	4875500	5258900
network-budget/formal-screen-v2	loopback:nonblocking:mixed:5:rx	w8-p2-m2	3	control_rr_fully_contained_p99_ns	6851200	5800800	7316200
network-budget/formal-screen-v2	loopback:nonblocking:mixed:5:rx	w8-p2-m2	3	control_rr_fully_contained_max_ns	7774600	7533400	8514400
network-budget/formal-screen-v2	loopback:nonblocking:mixed:5:rx	w8-p2-m4	3	receiver_bytes	20971520	20971520	20971520
network-budget/formal-screen-v2	loopback:nonblocking:mixed:5:rx	w8-p2-m4	3	elapsed_ns	788813200	777121900	803367900
network-budget/formal-screen-v2	loopback:nonblocking:mixed:5:rx	w8-p2-m4	3	receiver_mbit_s	212.68934140554444	208.83602643321944	215.88911598038865
network-budget/formal-screen-v2	loopback:nonblocking:mixed:5:rx	w8-p2-m4	3	connection_mbit_s_min	42.6427055211769	41.831334649734714	43.17782319607773
network-budget/formal-screen-v2	loopback:nonblocking:mixed:5:rx	w8-p2-m4	3	connection_mbit_s_max	43.40367680833282	42.52068887343168	44.13784975119012
network-budget/formal-screen-v2	loopback:nonblocking:mixed:5:rx	w8-p2-m4	3	jain_completion_rate	0.9999594071688283	0.9999355941319025	0.9999628672563179
network-budget/formal-screen-v2	loopback:nonblocking:mixed:5:rx	w8-p2-m4	3	completion_span_ns	13057300	11423600	14869600
network-budget/formal-screen-v2	loopback:nonblocking:mixed:5:rx	w8-p2-m4	3	slowest_connection_ns	786873900	777121900	802136300
network-budget/formal-screen-v2	loopback:nonblocking:mixed:5:rx	w8-p2-m4	3	rtt_p50_ns_median	1242600	1238500	1312400
network-budget/formal-screen-v2	loopback:nonblocking:mixed:5:rx	w8-p2-m4	3	rtt_max_ns	3039400	2715000	3112300
network-budget/formal-screen-v2	loopback:nonblocking:mixed:5:rx	w8-p2-m4	3	control_completed_requests	1024	1024	1024
network-budget/formal-screen-v2	loopback:nonblocking:mixed:5:rx	w8-p2-m4	3	control_requests_during_bulk	189	188	193
network-budget/formal-screen-v2	loopback:nonblocking:mixed:5:rx	w8-p2-m4	3	control_requests_fully_contained	188	187	192
network-budget/formal-screen-v2	loopback:nonblocking:mixed:5:rx	w8-p2-m4	3	control_received_bytes	65536	65536	65536
network-budget/formal-screen-v2	loopback:nonblocking:mixed:5:rx	w8-p2-m4	3	control_rr_all_p50_ns	237900	223300	238100
network-budget/formal-screen-v2	loopback:nonblocking:mixed:5:rx	w8-p2-m4	3	control_rr_all_p95_ns	4381100	4347600	4421000
network-budget/formal-screen-v2	loopback:nonblocking:mixed:5:rx	w8-p2-m4	3	control_rr_all_p99_ns	5334500	4878600	5373700
network-budget/formal-screen-v2	loopback:nonblocking:mixed:5:rx	w8-p2-m4	3	control_rr_all_max_ns	8019800	7542800	8044300
network-budget/formal-screen-v2	loopback:nonblocking:mixed:5:rx	w8-p2-m4	3	control_rr_during_bulk_p50_ns	4112300	4003800	4149800
network-budget/formal-screen-v2	loopback:nonblocking:mixed:5:rx	w8-p2-m4	3	control_rr_during_bulk_p95_ns	5420400	4898000	5665500
network-budget/formal-screen-v2	loopback:nonblocking:mixed:5:rx	w8-p2-m4	3	control_rr_during_bulk_p99_ns	6700900	5591300	7171300
network-budget/formal-screen-v2	loopback:nonblocking:mixed:5:rx	w8-p2-m4	3	control_rr_during_bulk_max_ns	8019800	7542800	8044300
network-budget/formal-screen-v2	loopback:nonblocking:mixed:5:rx	w8-p2-m4	3	control_rr_fully_contained_p50_ns	4112300	4003800	4152700
network-budget/formal-screen-v2	loopback:nonblocking:mixed:5:rx	w8-p2-m4	3	control_rr_fully_contained_p95_ns	5420400	4898000	5665500
network-budget/formal-screen-v2	loopback:nonblocking:mixed:5:rx	w8-p2-m4	3	control_rr_fully_contained_p99_ns	6700900	5591300	7171300
network-budget/formal-screen-v2	loopback:nonblocking:mixed:5:rx	w8-p2-m4	3	control_rr_fully_contained_max_ns	8019800	7542800	8044300
network-budget/formal-screen-v2	loopback:nonblocking:mixed:5:rx	w8-p4-m1	3	receiver_bytes	20971520	20971520	20971520
network-budget/formal-screen-v2	loopback:nonblocking:mixed:5:rx	w8-p4-m1	3	elapsed_ns	806460600	805139800	819090700
network-budget/formal-screen-v2	loopback:nonblocking:mixed:5:rx	w8-p4-m1	3	receiver_mbit_s	208.03516005617632	204.82732864626593	208.37643350881424
network-budget/formal-screen-v2	loopback:nonblocking:mixed:5:rx	w8-p4-m1	3	connection_mbit_s_min	41.60703201123527	41.10781148622292	41.798724678207904
network-budget/formal-screen-v2	loopback:nonblocking:mixed:5:rx	w8-p4-m1	3	connection_mbit_s_max	42.14677752254398	41.42629870650968	42.17764259251019
network-budget/formal-screen-v2	loopback:nonblocking:mixed:5:rx	w8-p4-m1	3	jain_completion_rate	0.9999907087102043	0.9999778430479612	0.9999917237933759
network-budget/formal-screen-v2	loopback:nonblocking:mixed:5:rx	w8-p4-m1	3	completion_span_ns	7825200	7227400	9111700
network-budget/formal-screen-v2	loopback:nonblocking:mixed:5:rx	w8-p4-m1	3	slowest_connection_ns	806460600	802762100	816254400
network-budget/formal-screen-v2	loopback:nonblocking:mixed:5:rx	w8-p4-m1	3	rtt_p50_ns_median	1188900	1152600	1241700
network-budget/formal-screen-v2	loopback:nonblocking:mixed:5:rx	w8-p4-m1	3	rtt_max_ns	2668300	2631400	2916900
network-budget/formal-screen-v2	loopback:nonblocking:mixed:5:rx	w8-p4-m1	3	control_completed_requests	1024	1024	1024
network-budget/formal-screen-v2	loopback:nonblocking:mixed:5:rx	w8-p4-m1	3	control_requests_during_bulk	187	187	189
network-budget/formal-screen-v2	loopback:nonblocking:mixed:5:rx	w8-p4-m1	3	control_requests_fully_contained	186	186	188
network-budget/formal-screen-v2	loopback:nonblocking:mixed:5:rx	w8-p4-m1	3	control_received_bytes	65536	65536	65536
network-budget/formal-screen-v2	loopback:nonblocking:mixed:5:rx	w8-p4-m1	3	control_rr_all_p50_ns	238500	225500	248700
network-budget/formal-screen-v2	loopback:nonblocking:mixed:5:rx	w8-p4-m1	3	control_rr_all_p95_ns	4529800	4493100	4582300
network-budget/formal-screen-v2	loopback:nonblocking:mixed:5:rx	w8-p4-m1	3	control_rr_all_p99_ns	5203900	5037600	5220000
network-budget/formal-screen-v2	loopback:nonblocking:mixed:5:rx	w8-p4-m1	3	control_rr_all_max_ns	6599600	6548700	8160600
network-budget/formal-screen-v2	loopback:nonblocking:mixed:5:rx	w8-p4-m1	3	control_rr_during_bulk_p50_ns	4214100	4213300	4279200
network-budget/formal-screen-v2	loopback:nonblocking:mixed:5:rx	w8-p4-m1	3	control_rr_during_bulk_p95_ns	5318700	5063100	5343100
network-budget/formal-screen-v2	loopback:nonblocking:mixed:5:rx	w8-p4-m1	3	control_rr_during_bulk_p99_ns	6123200	5872300	6486700
network-budget/formal-screen-v2	loopback:nonblocking:mixed:5:rx	w8-p4-m1	3	control_rr_during_bulk_max_ns	6599600	6548700	8160600
network-budget/formal-screen-v2	loopback:nonblocking:mixed:5:rx	w8-p4-m1	3	control_rr_fully_contained_p50_ns	4214100	4213300	4279200
network-budget/formal-screen-v2	loopback:nonblocking:mixed:5:rx	w8-p4-m1	3	control_rr_fully_contained_p95_ns	5318700	5063100	5343100
network-budget/formal-screen-v2	loopback:nonblocking:mixed:5:rx	w8-p4-m1	3	control_rr_fully_contained_p99_ns	6123200	5872300	6486700
network-budget/formal-screen-v2	loopback:nonblocking:mixed:5:rx	w8-p4-m1	3	control_rr_fully_contained_max_ns	6599600	6548700	8160600
network-budget/formal-screen-v2	loopback:nonblocking:mixed:5:rx	w8-p4-m2	3	receiver_bytes	20971520	20971520	20971520
network-budget/formal-screen-v2	loopback:nonblocking:mixed:5:rx	w8-p4-m2	3	elapsed_ns	808915300	798313300	827813200
network-budget/formal-screen-v2	loopback:nonblocking:mixed:5:rx	w8-p4-m2	3	receiver_mbit_s	207.40386539851576	202.6691045757666	210.15829248992844
network-budget/formal-screen-v2	loopback:nonblocking:mixed:5:rx	w8-p4-m2	3	connection_mbit_s_min	41.67443265363508	40.599112938831446	42.14217759244088
network-budget/formal-screen-v2	loopback:nonblocking:mixed:5:rx	w8-p4-m2	3	connection_mbit_s_max	42.10317944301149	41.38483105255537	42.895809549864424
network-budget/formal-screen-v2	loopback:nonblocking:mixed:5:rx	w8-p4-m2	3	jain_completion_rate	0.9999559415329979	0.9999467695620211	0.9999862401310962
network-budget/formal-screen-v2	loopback:nonblocking:mixed:5:rx	w8-p4-m2	3	completion_span_ns	13326500	11958100	16082300
network-budget/formal-screen-v2	loopback:nonblocking:mixed:5:rx	w8-p4-m2	3	slowest_connection_ns	805156300	796219700	826481900
network-budget/formal-screen-v2	loopback:nonblocking:mixed:5:rx	w8-p4-m2	3	rtt_p50_ns_median	1223800	1218900	1280400
network-budget/formal-screen-v2	loopback:nonblocking:mixed:5:rx	w8-p4-m2	3	rtt_max_ns	2840000	2831300	3050100
network-budget/formal-screen-v2	loopback:nonblocking:mixed:5:rx	w8-p4-m2	3	control_completed_requests	1024	1024	1024
network-budget/formal-screen-v2	loopback:nonblocking:mixed:5:rx	w8-p4-m2	3	control_requests_during_bulk	190	187	191
network-budget/formal-screen-v2	loopback:nonblocking:mixed:5:rx	w8-p4-m2	3	control_requests_fully_contained	189	186	190
network-budget/formal-screen-v2	loopback:nonblocking:mixed:5:rx	w8-p4-m2	3	control_received_bytes	65536	65536	65536
network-budget/formal-screen-v2	loopback:nonblocking:mixed:5:rx	w8-p4-m2	3	control_rr_all_p50_ns	227800	220200	232500
network-budget/formal-screen-v2	loopback:nonblocking:mixed:5:rx	w8-p4-m2	3	control_rr_all_p95_ns	4539000	4445500	4632100
network-budget/formal-screen-v2	loopback:nonblocking:mixed:5:rx	w8-p4-m2	3	control_rr_all_p99_ns	5291400	5176600	5439000
network-budget/formal-screen-v2	loopback:nonblocking:mixed:5:rx	w8-p4-m2	3	control_rr_all_max_ns	7504700	7404900	8126500
network-budget/formal-screen-v2	loopback:nonblocking:mixed:5:rx	w8-p4-m2	3	control_rr_during_bulk_p50_ns	4254900	4198600	4256200
network-budget/formal-screen-v2	loopback:nonblocking:mixed:5:rx	w8-p4-m2	3	control_rr_during_bulk_p95_ns	5442700	5179000	5444100
network-budget/formal-screen-v2	loopback:nonblocking:mixed:5:rx	w8-p4-m2	3	control_rr_during_bulk_p99_ns	7287500	6980600	8086600
network-budget/formal-screen-v2	loopback:nonblocking:mixed:5:rx	w8-p4-m2	3	control_rr_during_bulk_max_ns	7504700	7404900	8126500
network-budget/formal-screen-v2	loopback:nonblocking:mixed:5:rx	w8-p4-m2	3	control_rr_fully_contained_p50_ns	4254900	4198600	4263300
network-budget/formal-screen-v2	loopback:nonblocking:mixed:5:rx	w8-p4-m2	3	control_rr_fully_contained_p95_ns	5442700	5179000	5444100
network-budget/formal-screen-v2	loopback:nonblocking:mixed:5:rx	w8-p4-m2	3	control_rr_fully_contained_p99_ns	7287500	6980600	8086600
network-budget/formal-screen-v2	loopback:nonblocking:mixed:5:rx	w8-p4-m2	3	control_rr_fully_contained_max_ns	7504700	7404900	8126500
network-budget/formal-screen-v2	loopback:nonblocking:mixed:5:rx	w8-p4-m4	3	receiver_bytes	20971520	20971520	20971520
network-budget/formal-screen-v2	loopback:nonblocking:mixed:5:rx	w8-p4-m4	3	elapsed_ns	803962200	802767200	806550300
network-budget/formal-screen-v2	loopback:nonblocking:mixed:5:rx	w8-p4-m4	3	receiver_mbit_s	208.681651948313	208.0120235526538	208.9922956493489
network-budget/formal-screen-v2	loopback:nonblocking:mixed:5:rx	w8-p4-m4	3	connection_mbit_s_min	41.7363303896626	41.67866182835727	41.798459129869784
network-budget/formal-screen-v2	loopback:nonblocking:mixed:5:rx	w8-p4-m4	3	connection_mbit_s_max	42.59270114649992	42.41378530133637	42.77633367405399
network-budget/formal-screen-v2	loopback:nonblocking:mixed:5:rx	w8-p4-m4	3	jain_completion_rate	0.9999405699643898	0.999936322607212	0.9999697949547034
network-budget/formal-screen-v2	loopback:nonblocking:mixed:5:rx	w8-p4-m4	3	completion_span_ns	14608200	9313700	18752600
network-budget/formal-screen-v2	loopback:nonblocking:mixed:5:rx	w8-p4-m4	3	slowest_connection_ns	803962200	802767200	805074600
network-budget/formal-screen-v2	loopback:nonblocking:mixed:5:rx	w8-p4-m4	3	rtt_p50_ns_median	1265400	1250200	1286600
network-budget/formal-screen-v2	loopback:nonblocking:mixed:5:rx	w8-p4-m4	3	rtt_max_ns	3903800	2758800	4798300
network-budget/formal-screen-v2	loopback:nonblocking:mixed:5:rx	w8-p4-m4	3	control_completed_requests	1024	1024	1024
network-budget/formal-screen-v2	loopback:nonblocking:mixed:5:rx	w8-p4-m4	3	control_requests_during_bulk	188	188	189
network-budget/formal-screen-v2	loopback:nonblocking:mixed:5:rx	w8-p4-m4	3	control_requests_fully_contained	187	187	188
network-budget/formal-screen-v2	loopback:nonblocking:mixed:5:rx	w8-p4-m4	3	control_received_bytes	65536	65536	65536
network-budget/formal-screen-v2	loopback:nonblocking:mixed:5:rx	w8-p4-m4	3	control_rr_all_p50_ns	233800	231600	237400
network-budget/formal-screen-v2	loopback:nonblocking:mixed:5:rx	w8-p4-m4	3	control_rr_all_p95_ns	4478400	4438900	4480000
network-budget/formal-screen-v2	loopback:nonblocking:mixed:5:rx	w8-p4-m4	3	control_rr_all_p99_ns	5310400	5104700	5482600
network-budget/formal-screen-v2	loopback:nonblocking:mixed:5:rx	w8-p4-m4	3	control_rr_all_max_ns	7629300	6879400	8082000
network-budget/formal-screen-v2	loopback:nonblocking:mixed:5:rx	w8-p4-m4	3	control_rr_during_bulk_p50_ns	4193600	4141300	4207200
network-budget/formal-screen-v2	loopback:nonblocking:mixed:5:rx	w8-p4-m4	3	control_rr_during_bulk_p95_ns	5428000	5191900	5741700
network-budget/formal-screen-v2	loopback:nonblocking:mixed:5:rx	w8-p4-m4	3	control_rr_during_bulk_p99_ns	7457500	6488800	7508600
network-budget/formal-screen-v2	loopback:nonblocking:mixed:5:rx	w8-p4-m4	3	control_rr_during_bulk_max_ns	7629300	6879400	8082000
network-budget/formal-screen-v2	loopback:nonblocking:mixed:5:rx	w8-p4-m4	3	control_rr_fully_contained_p50_ns	4207200	4156400	4210800
network-budget/formal-screen-v2	loopback:nonblocking:mixed:5:rx	w8-p4-m4	3	control_rr_fully_contained_p95_ns	5428000	5191900	5741700
network-budget/formal-screen-v2	loopback:nonblocking:mixed:5:rx	w8-p4-m4	3	control_rr_fully_contained_p99_ns	7457500	6488800	7508600
network-budget/formal-screen-v2	loopback:nonblocking:mixed:5:rx	w8-p4-m4	3	control_rr_fully_contained_max_ns	7629300	6879400	8082000
network-budget/formal-screen-v2	tap:nonblocking:mixed:5:tx	baseline	3	receiver_bytes	20971520	20971520	20971520
network-budget/formal-screen-v2	tap:nonblocking:mixed:5:tx	baseline	3	elapsed_ns	818779218	783549643	830876521
network-budget/formal-screen-v2	tap:nonblocking:mixed:5:tx	baseline	3	receiver_mbit_s	204.90524956142696	201.92189303661885	214.11809896006807
network-budget/formal-screen-v2	tap:nonblocking:mixed:5:tx	baseline	3	connection_mbit_s_min	41.00333945867566	40.38995485360599	42.8408750141045
network-budget/formal-screen-v2	tap:nonblocking:mixed:5:tx	baseline	3	connection_mbit_s_max	41.51098587569591	40.74961558453538	43.16812294617151
network-budget/formal-screen-v2	tap:nonblocking:mixed:5:tx	baseline	3	jain_completion_rate	0.9999883579878658	0.9999719515856694	0.9999892390350777
network-budget/formal-screen-v2	tap:nonblocking:mixed:5:tx	baseline	3	completion_span_ns	7299341	6042293	10220662
network-budget/formal-screen-v2	tap:nonblocking:mixed:5:tx	baseline	3	slowest_connection_ns	818334127	783234049	830761810
network-budget/formal-screen-v2	tap:nonblocking:mixed:5:tx	baseline	3	rtt_p50_ns_median	778405	761046	841984
network-budget/formal-screen-v2	tap:nonblocking:mixed:5:tx	baseline	3	rtt_max_ns	17433122	16596018	17770285
network-budget/formal-screen-v2	tap:nonblocking:mixed:5:tx	baseline	3	control_completed_requests	1024	1024	1024
network-budget/formal-screen-v2	tap:nonblocking:mixed:5:tx	baseline	3	control_requests_during_bulk	370	369	371
network-budget/formal-screen-v2	tap:nonblocking:mixed:5:tx	baseline	3	control_requests_fully_contained	369	368	370
network-budget/formal-screen-v2	tap:nonblocking:mixed:5:tx	baseline	3	control_received_bytes	65536	65536	65536
network-budget/formal-screen-v2	tap:nonblocking:mixed:5:tx	baseline	3	control_rr_all_p50_ns	141915	139093	152417
network-budget/formal-screen-v2	tap:nonblocking:mixed:5:tx	baseline	3	control_rr_all_p95_ns	2539719	2366923	2585091
network-budget/formal-screen-v2	tap:nonblocking:mixed:5:tx	baseline	3	control_rr_all_p99_ns	3324559	3085565	3617727
network-budget/formal-screen-v2	tap:nonblocking:mixed:5:tx	baseline	3	control_rr_all_max_ns	5351174	4418586	8030451
network-budget/formal-screen-v2	tap:nonblocking:mixed:5:tx	baseline	3	control_rr_during_bulk_p50_ns	2077033	2027976	2147271
network-budget/formal-screen-v2	tap:nonblocking:mixed:5:tx	baseline	3	control_rr_during_bulk_p95_ns	2975671	2934071	3153172
network-budget/formal-screen-v2	tap:nonblocking:mixed:5:tx	baseline	3	control_rr_during_bulk_p99_ns	3887886	3849600	4512351
network-budget/formal-screen-v2	tap:nonblocking:mixed:5:tx	baseline	3	control_rr_during_bulk_max_ns	5351174	4418586	8030451
network-budget/formal-screen-v2	tap:nonblocking:mixed:5:tx	baseline	3	control_rr_fully_contained_p50_ns	2078294	2025259	2147271
network-budget/formal-screen-v2	tap:nonblocking:mixed:5:tx	baseline	3	control_rr_fully_contained_p95_ns	2934071	2913841	3153172
network-budget/formal-screen-v2	tap:nonblocking:mixed:5:tx	baseline	3	control_rr_fully_contained_p99_ns	3849600	3752430	4512351
network-budget/formal-screen-v2	tap:nonblocking:mixed:5:tx	baseline	3	control_rr_fully_contained_max_ns	5351174	4408085	8030451
network-budget/formal-screen-v2	tap:nonblocking:mixed:5:tx	w16-p1-m1	3	receiver_bytes	20971520	20971520	20971520
network-budget/formal-screen-v2	tap:nonblocking:mixed:5:tx	w16-p1-m1	3	elapsed_ns	826318334	765490804	865401998
network-budget/formal-screen-v2	tap:nonblocking:mixed:5:tx	w16-p1-m1	3	receiver_mbit_s	203.03574675374443	193.8661574479055	219.16939971495725
network-budget/formal-screen-v2	tap:nonblocking:mixed:5:tx	w16-p1-m1	3	connection_mbit_s_min	40.61938705214063	38.78823018317939	43.857177808853315
network-budget/formal-screen-v2	tap:nonblocking:mixed:5:tx	w16-p1-m1	3	connection_mbit_s_max	41.13717240833477	39.23434826548412	44.3484361463639
network-budget/formal-screen-v2	tap:nonblocking:mixed:5:tx	w16-p1-m1	3	jain_completion_rate	0.9999779029930054	0.9999727718091724	0.999978308936389
network-budget/formal-screen-v2	tap:nonblocking:mixed:5:tx	w16-p1-m1	3	completion_span_ns	10043455	8881667	10544010
network-budget/formal-screen-v2	tap:nonblocking:mixed:5:tx	w16-p1-m1	3	slowest_connection_ns	826069383	765084159	865067363
network-budget/formal-screen-v2	tap:nonblocking:mixed:5:tx	w16-p1-m1	3	rtt_p50_ns_median	930483	885103	1904207
network-budget/formal-screen-v2	tap:nonblocking:mixed:5:tx	w16-p1-m1	3	rtt_max_ns	17552768	16935585	28798103
network-budget/formal-screen-v2	tap:nonblocking:mixed:5:tx	w16-p1-m1	3	control_completed_requests	1024	1024	1024
network-budget/formal-screen-v2	tap:nonblocking:mixed:5:tx	w16-p1-m1	3	control_requests_during_bulk	184	182	184
network-budget/formal-screen-v2	tap:nonblocking:mixed:5:tx	w16-p1-m1	3	control_requests_fully_contained	183	181	183
network-budget/formal-screen-v2	tap:nonblocking:mixed:5:tx	w16-p1-m1	3	control_received_bytes	65536	65536	65536
network-budget/formal-screen-v2	tap:nonblocking:mixed:5:tx	w16-p1-m1	3	control_rr_all_p50_ns	164746	156738	170639
network-budget/formal-screen-v2	tap:nonblocking:mixed:5:tx	w16-p1-m1	3	control_rr_all_p95_ns	4715387	4393833	4840443
network-budget/formal-screen-v2	tap:nonblocking:mixed:5:tx	w16-p1-m1	3	control_rr_all_p99_ns	5499704	5032752	5805835
network-budget/formal-screen-v2	tap:nonblocking:mixed:5:tx	w16-p1-m1	3	control_rr_all_max_ns	8197492	7452491	12755086
network-budget/formal-screen-v2	tap:nonblocking:mixed:5:tx	w16-p1-m1	3	control_rr_during_bulk_p50_ns	4365626	4050494	4482899
network-budget/formal-screen-v2	tap:nonblocking:mixed:5:tx	w16-p1-m1	3	control_rr_during_bulk_p95_ns	5572396	5042960	5899934
network-budget/formal-screen-v2	tap:nonblocking:mixed:5:tx	w16-p1-m1	3	control_rr_during_bulk_p99_ns	7160766	6728841	11737763
network-budget/formal-screen-v2	tap:nonblocking:mixed:5:tx	w16-p1-m1	3	control_rr_during_bulk_max_ns	8197492	7452491	12755086
network-budget/formal-screen-v2	tap:nonblocking:mixed:5:tx	w16-p1-m1	3	control_rr_fully_contained_p50_ns	4373619	4062418	4482899
network-budget/formal-screen-v2	tap:nonblocking:mixed:5:tx	w16-p1-m1	3	control_rr_fully_contained_p95_ns	5572396	5042960	5899934
network-budget/formal-screen-v2	tap:nonblocking:mixed:5:tx	w16-p1-m1	3	control_rr_fully_contained_p99_ns	7160766	6728841	11737763
network-budget/formal-screen-v2	tap:nonblocking:mixed:5:tx	w16-p1-m1	3	control_rr_fully_contained_max_ns	8197492	7452491	12755086
network-budget/formal-screen-v2	tap:nonblocking:mixed:5:tx	w16-p1-m2	3	receiver_bytes	20971520	20971520	20971520
network-budget/formal-screen-v2	tap:nonblocking:mixed:5:tx	w16-p1-m2	3	elapsed_ns	820648454	768044042	824817312
network-budget/formal-screen-v2	tap:nonblocking:mixed:5:tx	w16-p1-m2	3	receiver_mbit_s	204.43852563451	203.40523599485263	218.4408065494765
network-budget/formal-screen-v2	tap:nonblocking:mixed:5:tx	w16-p1-m2	3	connection_mbit_s_min	40.90418944910924	40.70188994865212	43.70868204227312
network-budget/formal-screen-v2	tap:nonblocking:mixed:5:tx	w16-p1-m2	3	connection_mbit_s_max	41.28190975091757	41.127919642820885	44.2828566380295
network-budget/formal-screen-v2	tap:nonblocking:mixed:5:tx	w16-p1-m2	3	jain_completion_rate	0.9999805697763358	0.9999768945347092	0.9999838824607434
network-budget/formal-screen-v2	tap:nonblocking:mixed:5:tx	w16-p1-m2	3	completion_span_ns	8804980	7836445	10314425
network-budget/formal-screen-v2	tap:nonblocking:mixed:5:tx	w16-p1-m2	3	slowest_connection_ns	820317734	767683454	824394937
network-budget/formal-screen-v2	tap:nonblocking:mixed:5:tx	w16-p1-m2	3	rtt_p50_ns_median	834552	817022	932513
network-budget/formal-screen-v2	tap:nonblocking:mixed:5:tx	w16-p1-m2	3	rtt_max_ns	17438213	15418240	19450273
network-budget/formal-screen-v2	tap:nonblocking:mixed:5:tx	w16-p1-m2	3	control_completed_requests	1024	1024	1024
network-budget/formal-screen-v2	tap:nonblocking:mixed:5:tx	w16-p1-m2	3	control_requests_during_bulk	184	178	184
network-budget/formal-screen-v2	tap:nonblocking:mixed:5:tx	w16-p1-m2	3	control_requests_fully_contained	183	177	183
network-budget/formal-screen-v2	tap:nonblocking:mixed:5:tx	w16-p1-m2	3	control_received_bytes	65536	65536	65536
network-budget/formal-screen-v2	tap:nonblocking:mixed:5:tx	w16-p1-m2	3	control_rr_all_p50_ns	161189	153142	164753
network-budget/formal-screen-v2	tap:nonblocking:mixed:5:tx	w16-p1-m2	3	control_rr_all_p95_ns	4728576	4191869	4754522
network-budget/formal-screen-v2	tap:nonblocking:mixed:5:tx	w16-p1-m2	3	control_rr_all_p99_ns	5574193	5406261	6342838
network-budget/formal-screen-v2	tap:nonblocking:mixed:5:tx	w16-p1-m2	3	control_rr_all_max_ns	8167561	8098940	8289010
network-budget/formal-screen-v2	tap:nonblocking:mixed:5:tx	w16-p1-m2	3	control_rr_during_bulk_p50_ns	4377866	3985620	4394974
network-budget/formal-screen-v2	tap:nonblocking:mixed:5:tx	w16-p1-m2	3	control_rr_during_bulk_p95_ns	5603620	5584097	6449071
network-budget/formal-screen-v2	tap:nonblocking:mixed:5:tx	w16-p1-m2	3	control_rr_during_bulk_p99_ns	7769372	7207183	7919581
network-budget/formal-screen-v2	tap:nonblocking:mixed:5:tx	w16-p1-m2	3	control_rr_during_bulk_max_ns	8167561	8098940	8289010
network-budget/formal-screen-v2	tap:nonblocking:mixed:5:tx	w16-p1-m2	3	control_rr_fully_contained_p50_ns	4402063	3998108	4407689
network-budget/formal-screen-v2	tap:nonblocking:mixed:5:tx	w16-p1-m2	3	control_rr_fully_contained_p95_ns	5603620	5584097	6449071
network-budget/formal-screen-v2	tap:nonblocking:mixed:5:tx	w16-p1-m2	3	control_rr_fully_contained_p99_ns	7769372	7207183	7919581
network-budget/formal-screen-v2	tap:nonblocking:mixed:5:tx	w16-p1-m2	3	control_rr_fully_contained_max_ns	8167561	8098940	8289010
network-budget/formal-screen-v2	tap:nonblocking:mixed:5:tx	w16-p1-m4	3	receiver_bytes	20971520	20971520	20971520
network-budget/formal-screen-v2	tap:nonblocking:mixed:5:tx	w16-p1-m4	3	elapsed_ns	863590937	819629414	865377198
network-budget/formal-screen-v2	tap:nonblocking:mixed:5:tx	w16-p1-m4	3	receiver_mbit_s	194.2727196545371	193.87171326878433	204.69270274382808
network-budget/formal-screen-v2	tap:nonblocking:mixed:5:tx	w16-p1-m4	3	connection_mbit_s_min	38.87110915664749	38.788715699373334	40.95923246438286
network-budget/formal-screen-v2	tap:nonblocking:mixed:5:tx	w16-p1-m4	3	connection_mbit_s_max	39.312035028683454	39.12610309405832	41.383863614414196
network-budget/formal-screen-v2	tap:nonblocking:mixed:5:tx	w16-p1-m4	3	jain_completion_rate	0.9999836593817595	0.9999767721162033	0.9999916452439074
network-budget/formal-screen-v2	tap:nonblocking:mixed:5:tx	w16-p1-m4	3	completion_span_ns	8819860	7659341	10049980
network-budget/formal-screen-v2	tap:nonblocking:mixed:5:tx	w16-p1-m4	3	slowest_connection_ns	863222911	819215351	865056535
network-budget/formal-screen-v2	tap:nonblocking:mixed:5:tx	w16-p1-m4	3	rtt_p50_ns_median	821453	768449	827089
network-budget/formal-screen-v2	tap:nonblocking:mixed:5:tx	w16-p1-m4	3	rtt_max_ns	16588928	15724433	17728293
network-budget/formal-screen-v2	tap:nonblocking:mixed:5:tx	w16-p1-m4	3	control_completed_requests	1024	1024	1024
network-budget/formal-screen-v2	tap:nonblocking:mixed:5:tx	w16-p1-m4	3	control_requests_during_bulk	183	183	184
network-budget/formal-screen-v2	tap:nonblocking:mixed:5:tx	w16-p1-m4	3	control_requests_fully_contained	182	182	183
network-budget/formal-screen-v2	tap:nonblocking:mixed:5:tx	w16-p1-m4	3	control_received_bytes	65536	65536	65536
network-budget/formal-screen-v2	tap:nonblocking:mixed:5:tx	w16-p1-m4	3	control_rr_all_p50_ns	160424	160377	171840
network-budget/formal-screen-v2	tap:nonblocking:mixed:5:tx	w16-p1-m4	3	control_rr_all_p95_ns	4913361	4689091	4943568
network-budget/formal-screen-v2	tap:nonblocking:mixed:5:tx	w16-p1-m4	3	control_rr_all_p99_ns	6159401	5540949	6613538
network-budget/formal-screen-v2	tap:nonblocking:mixed:5:tx	w16-p1-m4	3	control_rr_all_max_ns	7966154	7114292	8185567
network-budget/formal-screen-v2	tap:nonblocking:mixed:5:tx	w16-p1-m4	3	control_rr_during_bulk_p50_ns	4483294	4339311	4608871
network-budget/formal-screen-v2	tap:nonblocking:mixed:5:tx	w16-p1-m4	3	control_rr_during_bulk_p95_ns	6294129	5555006	6827266
network-budget/formal-screen-v2	tap:nonblocking:mixed:5:tx	w16-p1-m4	3	control_rr_during_bulk_p99_ns	7553276	6878957	7967426
network-budget/formal-screen-v2	tap:nonblocking:mixed:5:tx	w16-p1-m4	3	control_rr_during_bulk_max_ns	7966154	7114292	8185567
network-budget/formal-screen-v2	tap:nonblocking:mixed:5:tx	w16-p1-m4	3	control_rr_fully_contained_p50_ns	4483294	4325766	4619297
network-budget/formal-screen-v2	tap:nonblocking:mixed:5:tx	w16-p1-m4	3	control_rr_fully_contained_p95_ns	6294129	5540949	6827266
network-budget/formal-screen-v2	tap:nonblocking:mixed:5:tx	w16-p1-m4	3	control_rr_fully_contained_p99_ns	7553276	6878957	7967426
network-budget/formal-screen-v2	tap:nonblocking:mixed:5:tx	w16-p1-m4	3	control_rr_fully_contained_max_ns	7966154	7114292	8185567
network-budget/formal-screen-v2	tap:nonblocking:mixed:5:tx	w16-p2-m1	3	receiver_bytes	20971520	20971520	20971520
network-budget/formal-screen-v2	tap:nonblocking:mixed:5:tx	w16-p2-m1	3	elapsed_ns	817215861	739468352	831864338
network-budget/formal-screen-v2	tap:nonblocking:mixed:5:tx	w16-p2-m1	3	receiver_mbit_s	205.29723908528007	201.68211610484977	226.88213707352818
network-budget/formal-screen-v2	tap:nonblocking:mixed:5:tx	w16-p2-m1	3	connection_mbit_s_min	41.078851668402066	40.34631904188333	45.380170226949716
network-budget/formal-screen-v2	tap:nonblocking:mixed:5:tx	w16-p2-m1	3	connection_mbit_s_max	41.638107897008126	40.7383527772893	45.481930327058286
network-budget/formal-screen-v2	tap:nonblocking:mixed:5:tx	w16-p2-m1	3	jain_completion_rate	0.9999821304958434	0.9999725050365424	0.9999994646712964
network-budget/formal-screen-v2	tap:nonblocking:mixed:5:tx	w16-p2-m1	3	completion_span_ns	8126769	1548570	11357149
network-budget/formal-screen-v2	tap:nonblocking:mixed:5:tx	w16-p2-m1	3	slowest_connection_ns	816829844	739407363	831660305
network-budget/formal-screen-v2	tap:nonblocking:mixed:5:tx	w16-p2-m1	3	rtt_p50_ns_median	797290	775989	823257
network-budget/formal-screen-v2	tap:nonblocking:mixed:5:tx	w16-p2-m1	3	rtt_max_ns	16017598	15765562	17363436
network-budget/formal-screen-v2	tap:nonblocking:mixed:5:tx	w16-p2-m1	3	control_completed_requests	1024	1024	1024
network-budget/formal-screen-v2	tap:nonblocking:mixed:5:tx	w16-p2-m1	3	control_requests_during_bulk	183	183	184
network-budget/formal-screen-v2	tap:nonblocking:mixed:5:tx	w16-p2-m1	3	control_requests_fully_contained	182	182	183
network-budget/formal-screen-v2	tap:nonblocking:mixed:5:tx	w16-p2-m1	3	control_received_bytes	65536	65536	65536
network-budget/formal-screen-v2	tap:nonblocking:mixed:5:tx	w16-p2-m1	3	control_rr_all_p50_ns	166236	158931	167526
network-budget/formal-screen-v2	tap:nonblocking:mixed:5:tx	w16-p2-m1	3	control_rr_all_p95_ns	4640185	4282280	4746359
network-budget/formal-screen-v2	tap:nonblocking:mixed:5:tx	w16-p2-m1	3	control_rr_all_p99_ns	6004418	4832158	6088282
network-budget/formal-screen-v2	tap:nonblocking:mixed:5:tx	w16-p2-m1	3	control_rr_all_max_ns	8445349	6438436	10218070
network-budget/formal-screen-v2	tap:nonblocking:mixed:5:tx	w16-p2-m1	3	control_rr_during_bulk_p50_ns	4236639	3999475	4274047
network-budget/formal-screen-v2	tap:nonblocking:mixed:5:tx	w16-p2-m1	3	control_rr_during_bulk_p95_ns	6087964	4832158	6163804
network-budget/formal-screen-v2	tap:nonblocking:mixed:5:tx	w16-p2-m1	3	control_rr_during_bulk_p99_ns	7548116	5779272	7552986
network-budget/formal-screen-v2	tap:nonblocking:mixed:5:tx	w16-p2-m1	3	control_rr_during_bulk_max_ns	8445349	6438436	10218070
network-budget/formal-screen-v2	tap:nonblocking:mixed:5:tx	w16-p2-m1	3	control_rr_fully_contained_p50_ns	4236639	3999475	4274047
network-budget/formal-screen-v2	tap:nonblocking:mixed:5:tx	w16-p2-m1	3	control_rr_fully_contained_p95_ns	6087964	4832158	6088282
network-budget/formal-screen-v2	tap:nonblocking:mixed:5:tx	w16-p2-m1	3	control_rr_fully_contained_p99_ns	7548116	5779272	7552986
network-budget/formal-screen-v2	tap:nonblocking:mixed:5:tx	w16-p2-m1	3	control_rr_fully_contained_max_ns	8445349	6438436	10218070
network-budget/formal-screen-v2	tap:nonblocking:mixed:5:tx	w16-p2-m2	3	receiver_bytes	20971520	20971520	20971520
network-budget/formal-screen-v2	tap:nonblocking:mixed:5:tx	w16-p2-m2	3	elapsed_ns	810694991	770092373	863258143
network-budget/formal-screen-v2	tap:nonblocking:mixed:5:tx	w16-p2-m2	3	receiver_mbit_s	206.94855878294183	194.34761358515212	217.85978654277622
network-budget/formal-screen-v2	tap:nonblocking:mixed:5:tx	w16-p2-m2	3	connection_mbit_s_min	41.41358420201283	38.89438461118986	43.5976481890989
network-budget/formal-screen-v2	tap:nonblocking:mixed:5:tx	w16-p2-m2	3	connection_mbit_s_max	41.88930549850079	39.30746669326086	44.17916658380052
network-budget/formal-screen-v2	tap:nonblocking:mixed:5:tx	w16-p2-m2	3	jain_completion_rate	0.9999791238195238	0.9999741492600235	0.9999803560981245
network-budget/formal-screen-v2	tap:nonblocking:mixed:5:tx	w16-p2-m2	3	completion_span_ns	9617987	9303913	10584338
network-budget/formal-screen-v2	tap:nonblocking:mixed:5:tx	w16-p2-m2	3	slowest_connection_ns	810227674	769638579	862706335
network-budget/formal-screen-v2	tap:nonblocking:mixed:5:tx	w16-p2-m2	3	rtt_p50_ns_median	1407430	876417	1431671
network-budget/formal-screen-v2	tap:nonblocking:mixed:5:tx	w16-p2-m2	3	rtt_max_ns	17661725	16140218	17680400
network-budget/formal-screen-v2	tap:nonblocking:mixed:5:tx	w16-p2-m2	3	control_completed_requests	1024	1024	1024
network-budget/formal-screen-v2	tap:nonblocking:mixed:5:tx	w16-p2-m2	3	control_requests_during_bulk	184	181	184
network-budget/formal-screen-v2	tap:nonblocking:mixed:5:tx	w16-p2-m2	3	control_requests_fully_contained	183	180	183
network-budget/formal-screen-v2	tap:nonblocking:mixed:5:tx	w16-p2-m2	3	control_received_bytes	65536	65536	65536
network-budget/formal-screen-v2	tap:nonblocking:mixed:5:tx	w16-p2-m2	3	control_rr_all_p50_ns	168564	165623	176418
network-budget/formal-screen-v2	tap:nonblocking:mixed:5:tx	w16-p2-m2	3	control_rr_all_p95_ns	4660882	4279496	5048192
network-budget/formal-screen-v2	tap:nonblocking:mixed:5:tx	w16-p2-m2	3	control_rr_all_p99_ns	5533239	5079695	6245409
network-budget/formal-screen-v2	tap:nonblocking:mixed:5:tx	w16-p2-m2	3	control_rr_all_max_ns	7538305	5974111	8708934
network-budget/formal-screen-v2	tap:nonblocking:mixed:5:tx	w16-p2-m2	3	control_rr_during_bulk_p50_ns	4266543	4112096	4558328
network-budget/formal-screen-v2	tap:nonblocking:mixed:5:tx	w16-p2-m2	3	control_rr_during_bulk_p95_ns	5752801	5156298	6306434
network-budget/formal-screen-v2	tap:nonblocking:mixed:5:tx	w16-p2-m2	3	control_rr_during_bulk_p99_ns	7266359	5883669	8224529
network-budget/formal-screen-v2	tap:nonblocking:mixed:5:tx	w16-p2-m2	3	control_rr_during_bulk_max_ns	7538305	5974111	8708934
network-budget/formal-screen-v2	tap:nonblocking:mixed:5:tx	w16-p2-m2	3	control_rr_fully_contained_p50_ns	4267813	4113503	4558328
network-budget/formal-screen-v2	tap:nonblocking:mixed:5:tx	w16-p2-m2	3	control_rr_fully_contained_p95_ns	5752801	5156298	6306434
network-budget/formal-screen-v2	tap:nonblocking:mixed:5:tx	w16-p2-m2	3	control_rr_fully_contained_p99_ns	7266359	5883669	8224529
network-budget/formal-screen-v2	tap:nonblocking:mixed:5:tx	w16-p2-m2	3	control_rr_fully_contained_max_ns	7538305	5974111	8708934
network-budget/formal-screen-v2	tap:nonblocking:mixed:5:tx	w16-p2-m4	3	receiver_bytes	20971520	20971520	20971520
network-budget/formal-screen-v2	tap:nonblocking:mixed:5:tx	w16-p2-m4	3	elapsed_ns	808036674	794397528	824838824
network-budget/formal-screen-v2	tap:nonblocking:mixed:5:tx	w16-p2-m4	3	receiver_mbit_s	207.62938787107575	203.39993113612218	211.19421207463776
network-budget/formal-screen-v2	tap:nonblocking:mixed:5:tx	w16-p2-m4	3	connection_mbit_s_min	41.52890308474637	40.69266360547391	42.258577827976154
network-budget/formal-screen-v2	tap:nonblocking:mixed:5:tx	w16-p2-m4	3	connection_mbit_s_max	41.68282863770132	41.161099354132965	42.779586798675574
network-budget/formal-screen-v2	tap:nonblocking:mixed:5:tx	w16-p2-m4	3	jain_completion_rate	0.9999800807837695	0.999970696023713	0.9999983814593111
network-budget/formal-screen-v2	tap:nonblocking:mixed:5:tx	w16-p2-m4	3	completion_span_ns	9641161	2855967	10041378
network-budget/formal-screen-v2	tap:nonblocking:mixed:5:tx	w16-p2-m4	3	slowest_connection_ns	807977806	794026532	824581854
network-budget/formal-screen-v2	tap:nonblocking:mixed:5:tx	w16-p2-m4	3	rtt_p50_ns_median	868497	837977	913768
network-budget/formal-screen-v2	tap:nonblocking:mixed:5:tx	w16-p2-m4	3	rtt_max_ns	17552921	15566425	18398453
network-budget/formal-screen-v2	tap:nonblocking:mixed:5:tx	w16-p2-m4	3	control_completed_requests	1024	1024	1024
network-budget/formal-screen-v2	tap:nonblocking:mixed:5:tx	w16-p2-m4	3	control_requests_during_bulk	182	181	184
network-budget/formal-screen-v2	tap:nonblocking:mixed:5:tx	w16-p2-m4	3	control_requests_fully_contained	181	180	183
network-budget/formal-screen-v2	tap:nonblocking:mixed:5:tx	w16-p2-m4	3	control_received_bytes	65536	65536	65536
network-budget/formal-screen-v2	tap:nonblocking:mixed:5:tx	w16-p2-m4	3	control_rr_all_p50_ns	156988	156473	168747
network-budget/formal-screen-v2	tap:nonblocking:mixed:5:tx	w16-p2-m4	3	control_rr_all_p95_ns	4675108	4542041	4785900
network-budget/formal-screen-v2	tap:nonblocking:mixed:5:tx	w16-p2-m4	3	control_rr_all_p99_ns	5595662	5207093	6440224
network-budget/formal-screen-v2	tap:nonblocking:mixed:5:tx	w16-p2-m4	3	control_rr_all_max_ns	7788500	6671957	8279549
network-budget/formal-screen-v2	tap:nonblocking:mixed:5:tx	w16-p2-m4	3	control_rr_during_bulk_p50_ns	4232230	4199307	4335053
network-budget/formal-screen-v2	tap:nonblocking:mixed:5:tx	w16-p2-m4	3	control_rr_during_bulk_p95_ns	5619379	5247833	6525410
network-budget/formal-screen-v2	tap:nonblocking:mixed:5:tx	w16-p2-m4	3	control_rr_during_bulk_p99_ns	7378295	6197292	7659913
network-budget/formal-screen-v2	tap:nonblocking:mixed:5:tx	w16-p2-m4	3	control_rr_during_bulk_max_ns	7788500	6671957	8279549
network-budget/formal-screen-v2	tap:nonblocking:mixed:5:tx	w16-p2-m4	3	control_rr_fully_contained_p50_ns	4219291	4199307	4338874
network-budget/formal-screen-v2	tap:nonblocking:mixed:5:tx	w16-p2-m4	3	control_rr_fully_contained_p95_ns	5619379	5247833	6525410
network-budget/formal-screen-v2	tap:nonblocking:mixed:5:tx	w16-p2-m4	3	control_rr_fully_contained_p99_ns	7378295	6197292	7659913
network-budget/formal-screen-v2	tap:nonblocking:mixed:5:tx	w16-p2-m4	3	control_rr_fully_contained_max_ns	7788500	6671957	8279549
network-budget/formal-screen-v2	tap:nonblocking:mixed:5:tx	w16-p4-m1	3	receiver_bytes	20971520	20971520	20971520
network-budget/formal-screen-v2	tap:nonblocking:mixed:5:tx	w16-p4-m1	3	elapsed_ns	840997338	797506990	947350368
network-budget/formal-screen-v2	tap:nonblocking:mixed:5:tx	w16-p4-m1	3	receiver_mbit_s	199.49190374250625	177.09621030093905	210.3707705433403
network-budget/formal-screen-v2	tap:nonblocking:mixed:5:tx	w16-p4-m1	3	connection_mbit_s_min	39.916320889574756	35.42986731376141	42.09718415455139
network-budget/formal-screen-v2	tap:nonblocking:mixed:5:tx	w16-p4-m1	3	connection_mbit_s_max	40.3432885181846	35.49331634096207	42.53240806969814
network-budget/formal-screen-v2	tap:nonblocking:mixed:5:tx	w16-p4-m1	3	jain_completion_rate	0.9999835648506694	0.9999814926870289	0.9999996605113854
network-budget/formal-screen-v2	tap:nonblocking:mixed:5:tx	w16-p4-m1	3	completion_span_ns	8592524	1977113	9274560
network-budget/formal-screen-v2	tap:nonblocking:mixed:5:tx	w16-p4-m1	3	slowest_connection_ns	840619357	797070699	947066262
network-budget/formal-screen-v2	tap:nonblocking:mixed:5:tx	w16-p4-m1	3	rtt_p50_ns_median	847495	775688	1213966
network-budget/formal-screen-v2	tap:nonblocking:mixed:5:tx	w16-p4-m1	3	rtt_max_ns	15814717	14647780	16497417
network-budget/formal-screen-v2	tap:nonblocking:mixed:5:tx	w16-p4-m1	3	control_completed_requests	1024	1024	1024
network-budget/formal-screen-v2	tap:nonblocking:mixed:5:tx	w16-p4-m1	3	control_requests_during_bulk	183	183	184
network-budget/formal-screen-v2	tap:nonblocking:mixed:5:tx	w16-p4-m1	3	control_requests_fully_contained	182	182	183
network-budget/formal-screen-v2	tap:nonblocking:mixed:5:tx	w16-p4-m1	3	control_received_bytes	65536	65536	65536
network-budget/formal-screen-v2	tap:nonblocking:mixed:5:tx	w16-p4-m1	3	control_rr_all_p50_ns	166258	156729	170553
network-budget/formal-screen-v2	tap:nonblocking:mixed:5:tx	w16-p4-m1	3	control_rr_all_p95_ns	4666422	4561113	5689793
network-budget/formal-screen-v2	tap:nonblocking:mixed:5:tx	w16-p4-m1	3	control_rr_all_p99_ns	6236512	5233312	8357316
network-budget/formal-screen-v2	tap:nonblocking:mixed:5:tx	w16-p4-m1	3	control_rr_all_max_ns	8098012	6995916	12576193
network-budget/formal-screen-v2	tap:nonblocking:mixed:5:tx	w16-p4-m1	3	control_rr_during_bulk_p50_ns	4393088	4167872	4687706
network-budget/formal-screen-v2	tap:nonblocking:mixed:5:tx	w16-p4-m1	3	control_rr_during_bulk_p95_ns	6272237	5362158	8419387
network-budget/formal-screen-v2	tap:nonblocking:mixed:5:tx	w16-p4-m1	3	control_rr_during_bulk_p99_ns	8070625	6856338	9838073
network-budget/formal-screen-v2	tap:nonblocking:mixed:5:tx	w16-p4-m1	3	control_rr_during_bulk_max_ns	8098012	6995916	12576193
network-budget/formal-screen-v2	tap:nonblocking:mixed:5:tx	w16-p4-m1	3	control_rr_fully_contained_p50_ns	4391530	4168164	4621493
network-budget/formal-screen-v2	tap:nonblocking:mixed:5:tx	w16-p4-m1	3	control_rr_fully_contained_p95_ns	6272237	5362158	8419387
network-budget/formal-screen-v2	tap:nonblocking:mixed:5:tx	w16-p4-m1	3	control_rr_fully_contained_p99_ns	8070625	6856338	9838073
network-budget/formal-screen-v2	tap:nonblocking:mixed:5:tx	w16-p4-m1	3	control_rr_fully_contained_max_ns	8098012	6995916	12576193
network-budget/formal-screen-v2	tap:nonblocking:mixed:5:tx	w16-p4-m2	3	receiver_bytes	20971520	20971520	20971520
network-budget/formal-screen-v2	tap:nonblocking:mixed:5:tx	w16-p4-m2	3	elapsed_ns	805295384	788128253	807643887
network-budget/formal-screen-v2	tap:nonblocking:mixed:5:tx	w16-p4-m2	3	receiver_mbit_s	208.33617494074696	207.73036569767288	212.874185592735
network-budget/formal-screen-v2	tap:nonblocking:mixed:5:tx	w16-p4-m2	3	connection_mbit_s_min	41.687872182062414	41.563374523671236	42.58395141083692
network-budget/formal-screen-v2	tap:nonblocking:mixed:5:tx	w16-p4-m2	3	connection_mbit_s_max	42.189613239300854	42.03424532754082	43.129922026991906
network-budget/formal-screen-v2	tap:nonblocking:mixed:5:tx	w16-p4-m2	3	jain_completion_rate	0.9999756453040527	0.9999749811380941	0.9999773223420634
network-budget/formal-screen-v2	tap:nonblocking:mixed:5:tx	w16-p4-m2	3	completion_span_ns	9970909	9145295	10143262
network-budget/formal-screen-v2	tap:nonblocking:mixed:5:tx	w16-p4-m2	3	slowest_connection_ns	804896730	787959569	807307693
network-budget/formal-screen-v2	tap:nonblocking:mixed:5:tx	w16-p4-m2	3	rtt_p50_ns_median	806840	779446	862482
network-budget/formal-screen-v2	tap:nonblocking:mixed:5:tx	w16-p4-m2	3	rtt_max_ns	15555954	13515172	16862017
network-budget/formal-screen-v2	tap:nonblocking:mixed:5:tx	w16-p4-m2	3	control_completed_requests	1024	1024	1024
network-budget/formal-screen-v2	tap:nonblocking:mixed:5:tx	w16-p4-m2	3	control_requests_during_bulk	183	183	184
network-budget/formal-screen-v2	tap:nonblocking:mixed:5:tx	w16-p4-m2	3	control_requests_fully_contained	182	182	183
network-budget/formal-screen-v2	tap:nonblocking:mixed:5:tx	w16-p4-m2	3	control_received_bytes	65536	65536	65536
network-budget/formal-screen-v2	tap:nonblocking:mixed:5:tx	w16-p4-m2	3	control_rr_all_p50_ns	170231	159147	171472
network-budget/formal-screen-v2	tap:nonblocking:mixed:5:tx	w16-p4-m2	3	control_rr_all_p95_ns	4583247	4545349	4700488
network-budget/formal-screen-v2	tap:nonblocking:mixed:5:tx	w16-p4-m2	3	control_rr_all_p99_ns	5205605	5160359	6102808
network-budget/formal-screen-v2	tap:nonblocking:mixed:5:tx	w16-p4-m2	3	control_rr_all_max_ns	7374708	7021953	7826858
network-budget/formal-screen-v2	tap:nonblocking:mixed:5:tx	w16-p4-m2	3	control_rr_during_bulk_p50_ns	4254171	4231464	4297483
network-budget/formal-screen-v2	tap:nonblocking:mixed:5:tx	w16-p4-m2	3	control_rr_during_bulk_p95_ns	5228806	5181035	6198451
network-budget/formal-screen-v2	tap:nonblocking:mixed:5:tx	w16-p4-m2	3	control_rr_during_bulk_p99_ns	7203671	6045613	7484283
network-budget/formal-screen-v2	tap:nonblocking:mixed:5:tx	w16-p4-m2	3	control_rr_during_bulk_max_ns	7374708	7021953	7826858
network-budget/formal-screen-v2	tap:nonblocking:mixed:5:tx	w16-p4-m2	3	control_rr_fully_contained_p50_ns	4254171	4231787	4296613
network-budget/formal-screen-v2	tap:nonblocking:mixed:5:tx	w16-p4-m2	3	control_rr_fully_contained_p95_ns	5228806	5181035	6198451
network-budget/formal-screen-v2	tap:nonblocking:mixed:5:tx	w16-p4-m2	3	control_rr_fully_contained_p99_ns	7203671	6045613	7484283
network-budget/formal-screen-v2	tap:nonblocking:mixed:5:tx	w16-p4-m2	3	control_rr_fully_contained_max_ns	7374708	7021953	7826858
network-budget/formal-screen-v2	tap:nonblocking:mixed:5:tx	w16-p4-m4	3	receiver_bytes	20971520	20971520	20971520
network-budget/formal-screen-v2	tap:nonblocking:mixed:5:tx	w16-p4-m4	3	elapsed_ns	819358619	813750730	825547542
network-budget/formal-screen-v2	tap:nonblocking:mixed:5:tx	w16-p4-m4	3	receiver_mbit_s	204.7603529267323	203.2253158837459	206.1714402394453
network-budget/formal-screen-v2	tap:nonblocking:mixed:5:tx	w16-p4-m4	3	connection_mbit_s_min	40.96569454158438	40.650984977560974	41.25781550204526
network-budget/formal-screen-v2	tap:nonblocking:mixed:5:tx	w16-p4-m4	3	connection_mbit_s_max	41.49716679249407	41.17961816237192	41.63320196399577
network-budget/formal-screen-v2	tap:nonblocking:mixed:5:tx	w16-p4-m4	3	jain_completion_rate	0.9999740549586639	0.9999716775013765	0.9999855481162679
network-budget/formal-screen-v2	tap:nonblocking:mixed:5:tx	w16-p4-m4	3	completion_span_ns	10429201	7797058	10652634
network-budget/formal-screen-v2	tap:nonblocking:mixed:5:tx	w16-p4-m4	3	slowest_connection_ns	819086125	813286685	825427281
network-budget/formal-screen-v2	tap:nonblocking:mixed:5:tx	w16-p4-m4	3	rtt_p50_ns_median	836647	793642	888299
network-budget/formal-screen-v2	tap:nonblocking:mixed:5:tx	w16-p4-m4	3	rtt_max_ns	17768782	17497458	19302034
network-budget/formal-screen-v2	tap:nonblocking:mixed:5:tx	w16-p4-m4	3	control_completed_requests	1024	1024	1024
network-budget/formal-screen-v2	tap:nonblocking:mixed:5:tx	w16-p4-m4	3	control_requests_during_bulk	183	180	184
network-budget/formal-screen-v2	tap:nonblocking:mixed:5:tx	w16-p4-m4	3	control_requests_fully_contained	182	179	183
network-budget/formal-screen-v2	tap:nonblocking:mixed:5:tx	w16-p4-m4	3	control_received_bytes	65536	65536	65536
network-budget/formal-screen-v2	tap:nonblocking:mixed:5:tx	w16-p4-m4	3	control_rr_all_p50_ns	159356	156522	163382
network-budget/formal-screen-v2	tap:nonblocking:mixed:5:tx	w16-p4-m4	3	control_rr_all_p95_ns	4507696	4502267	4608070
network-budget/formal-screen-v2	tap:nonblocking:mixed:5:tx	w16-p4-m4	3	control_rr_all_p99_ns	6284274	5883373	6590397
network-budget/formal-screen-v2	tap:nonblocking:mixed:5:tx	w16-p4-m4	3	control_rr_all_max_ns	8263464	7886070	11210532
network-budget/formal-screen-v2	tap:nonblocking:mixed:5:tx	w16-p4-m4	3	control_rr_during_bulk_p50_ns	4251979	4244959	4255485
network-budget/formal-screen-v2	tap:nonblocking:mixed:5:tx	w16-p4-m4	3	control_rr_during_bulk_p95_ns	6401991	6312648	6701165
network-budget/formal-screen-v2	tap:nonblocking:mixed:5:tx	w16-p4-m4	3	control_rr_during_bulk_p99_ns	7917905	7641536	9020885
network-budget/formal-screen-v2	tap:nonblocking:mixed:5:tx	w16-p4-m4	3	control_rr_during_bulk_max_ns	8263464	7886070	11210532
network-budget/formal-screen-v2	tap:nonblocking:mixed:5:tx	w16-p4-m4	3	control_rr_fully_contained_p50_ns	4255485	4245785	4258410
network-budget/formal-screen-v2	tap:nonblocking:mixed:5:tx	w16-p4-m4	3	control_rr_fully_contained_p95_ns	6401991	6312648	6956496
network-budget/formal-screen-v2	tap:nonblocking:mixed:5:tx	w16-p4-m4	3	control_rr_fully_contained_p99_ns	7917905	7641536	9020885
network-budget/formal-screen-v2	tap:nonblocking:mixed:5:tx	w16-p4-m4	3	control_rr_fully_contained_max_ns	8263464	7886070	11210532
network-budget/formal-screen-v2	tap:nonblocking:mixed:5:tx	w32-p1-m1	3	receiver_bytes	20971520	20971520	20971520
network-budget/formal-screen-v2	tap:nonblocking:mixed:5:tx	w32-p1-m1	3	elapsed_ns	939288580	913558505	998775952
network-budget/formal-screen-v2	tap:nonblocking:mixed:5:tx	w32-p1-m1	3	receiver_mbit_s	178.61620333976595	167.97777285690995	183.6468699943853
network-budget/formal-screen-v2	tap:nonblocking:mixed:5:tx	w32-p1-m1	3	connection_mbit_s_min	35.730247312751615	33.606873038467924	36.72937399887706
network-budget/formal-screen-v2	tap:nonblocking:mixed:5:tx	w32-p1-m1	3	connection_mbit_s_max	38.78345543734548	35.81378311507255	39.15953529562054
network-budget/formal-screen-v2	tap:nonblocking:mixed:5:tx	w32-p1-m1	3	jain_completion_rate	0.9993958100230929	0.99886636511902	0.9994306998454114
network-budget/formal-screen-v2	tap:nonblocking:mixed:5:tx	w32-p1-m1	3	completion_span_ns	61395450	48225879	82049687
network-budget/formal-screen-v2	tap:nonblocking:mixed:5:tx	w32-p1-m1	3	slowest_connection_ns	939104387	913558505	998439574
network-budget/formal-screen-v2	tap:nonblocking:mixed:5:tx	w32-p1-m1	3	rtt_p50_ns_median	857697	805934	898852
network-budget/formal-screen-v2	tap:nonblocking:mixed:5:tx	w32-p1-m1	3	rtt_max_ns	15189773	15150180	16796946
network-budget/formal-screen-v2	tap:nonblocking:mixed:5:tx	w32-p1-m1	3	control_completed_requests	1024	1024	1024
network-budget/formal-screen-v2	tap:nonblocking:mixed:5:tx	w32-p1-m1	3	control_requests_during_bulk	121	121	122
network-budget/formal-screen-v2	tap:nonblocking:mixed:5:tx	w32-p1-m1	3	control_requests_fully_contained	120	120	121
network-budget/formal-screen-v2	tap:nonblocking:mixed:5:tx	w32-p1-m1	3	control_received_bytes	65536	65536	65536
network-budget/formal-screen-v2	tap:nonblocking:mixed:5:tx	w32-p1-m1	3	control_rr_all_p50_ns	163813	160050	170379
network-budget/formal-screen-v2	tap:nonblocking:mixed:5:tx	w32-p1-m1	3	control_rr_all_p95_ns	7977267	7644457	8379999
network-budget/formal-screen-v2	tap:nonblocking:mixed:5:tx	w32-p1-m1	3	control_rr_all_p99_ns	10468086	9661266	11323590
network-budget/formal-screen-v2	tap:nonblocking:mixed:5:tx	w32-p1-m1	3	control_rr_all_max_ns	13496795	12919065	14028848
network-budget/formal-screen-v2	tap:nonblocking:mixed:5:tx	w32-p1-m1	3	control_rr_during_bulk_p50_ns	7744188	7354632	8064282
network-budget/formal-screen-v2	tap:nonblocking:mixed:5:tx	w32-p1-m1	3	control_rr_during_bulk_p95_ns	11065483	10254058	12132835
network-budget/formal-screen-v2	tap:nonblocking:mixed:5:tx	w32-p1-m1	3	control_rr_during_bulk_p99_ns	12680716	11352908	12827582
network-budget/formal-screen-v2	tap:nonblocking:mixed:5:tx	w32-p1-m1	3	control_rr_during_bulk_max_ns	13496795	12919065	14028848
network-budget/formal-screen-v2	tap:nonblocking:mixed:5:tx	w32-p1-m1	3	control_rr_fully_contained_p50_ns	7746277	7354632	8064282
network-budget/formal-screen-v2	tap:nonblocking:mixed:5:tx	w32-p1-m1	3	control_rr_fully_contained_p95_ns	11065483	10254058	12132835
network-budget/formal-screen-v2	tap:nonblocking:mixed:5:tx	w32-p1-m1	3	control_rr_fully_contained_p99_ns	12680716	11352908	12827582
network-budget/formal-screen-v2	tap:nonblocking:mixed:5:tx	w32-p1-m1	3	control_rr_fully_contained_max_ns	13496795	12919065	14028848
network-budget/formal-screen-v2	tap:nonblocking:mixed:5:tx	w32-p1-m2	3	receiver_bytes	20971520	20971520	20971520
network-budget/formal-screen-v2	tap:nonblocking:mixed:5:tx	w32-p1-m2	3	elapsed_ns	968037558	894514738	1018134890
network-budget/formal-screen-v2	tap:nonblocking:mixed:5:tx	w32-p1-m2	3	receiver_mbit_s	173.3116226880941	164.7838234872788	187.5566191062578
network-budget/formal-screen-v2	tap:nonblocking:mixed:5:tx	w32-p1-m2	3	connection_mbit_s_min	34.664590897988624	32.959277525593265	37.52977406883704
network-budget/formal-screen-v2	tap:nonblocking:mixed:5:tx	w32-p1-m2	3	connection_mbit_s_max	39.19623264128716	36.49532951829176	39.43609897001097
network-budget/formal-screen-v2	tap:nonblocking:mixed:5:tx	w32-p1-m2	3	jain_completion_rate	0.9984935358523714	0.9982441520768726	0.9996250656724436
network-budget/formal-screen-v2	tap:nonblocking:mixed:5:tx	w32-p1-m2	3	completion_span_ns	98717736	43658977	111974877
network-budget/formal-screen-v2	tap:nonblocking:mixed:5:tx	w32-p1-m2	3	slowest_connection_ns	967974268	894074980	1018057267
network-budget/formal-screen-v2	tap:nonblocking:mixed:5:tx	w32-p1-m2	3	rtt_p50_ns_median	798080	787892	810862
network-budget/formal-screen-v2	tap:nonblocking:mixed:5:tx	w32-p1-m2	3	rtt_max_ns	18109301	17328943	19362872
network-budget/formal-screen-v2	tap:nonblocking:mixed:5:tx	w32-p1-m2	3	control_completed_requests	1024	1024	1024
network-budget/formal-screen-v2	tap:nonblocking:mixed:5:tx	w32-p1-m2	3	control_requests_during_bulk	126	121	604
network-budget/formal-screen-v2	tap:nonblocking:mixed:5:tx	w32-p1-m2	3	control_requests_fully_contained	125	120	603
network-budget/formal-screen-v2	tap:nonblocking:mixed:5:tx	w32-p1-m2	3	control_received_bytes	65536	65536	65536
network-budget/formal-screen-v2	tap:nonblocking:mixed:5:tx	w32-p1-m2	3	control_rr_all_p50_ns	167121	162060	180377
network-budget/formal-screen-v2	tap:nonblocking:mixed:5:tx	w32-p1-m2	3	control_rr_all_p95_ns	7622721	7311572	8444870
network-budget/formal-screen-v2	tap:nonblocking:mixed:5:tx	w32-p1-m2	3	control_rr_all_p99_ns	9931066	9757693	10893703
network-budget/formal-screen-v2	tap:nonblocking:mixed:5:tx	w32-p1-m2	3	control_rr_all_max_ns	13594592	13019540	14390494
network-budget/formal-screen-v2	tap:nonblocking:mixed:5:tx	w32-p1-m2	3	control_rr_during_bulk_p50_ns	7242132	162721	8161796
network-budget/formal-screen-v2	tap:nonblocking:mixed:5:tx	w32-p1-m2	3	control_rr_during_bulk_p95_ns	10712202	8092264	11370277
network-budget/formal-screen-v2	tap:nonblocking:mixed:5:tx	w32-p1-m2	3	control_rr_during_bulk_p99_ns	12012510	10600098	13988152
network-budget/formal-screen-v2	tap:nonblocking:mixed:5:tx	w32-p1-m2	3	control_rr_during_bulk_max_ns	13594592	13019540	14390494
network-budget/formal-screen-v2	tap:nonblocking:mixed:5:tx	w32-p1-m2	3	control_rr_fully_contained_p50_ns	7242132	162721	8198396
network-budget/formal-screen-v2	tap:nonblocking:mixed:5:tx	w32-p1-m2	3	control_rr_fully_contained_p95_ns	10712202	8092264	11370277
network-budget/formal-screen-v2	tap:nonblocking:mixed:5:tx	w32-p1-m2	3	control_rr_fully_contained_p99_ns	12012510	10600098	13988152
network-budget/formal-screen-v2	tap:nonblocking:mixed:5:tx	w32-p1-m2	3	control_rr_fully_contained_max_ns	13594592	13019540	14390494
network-budget/formal-screen-v2	tap:nonblocking:mixed:5:tx	w32-p1-m4	3	receiver_bytes	20971520	20971520	20971520
network-budget/formal-screen-v2	tap:nonblocking:mixed:5:tx	w32-p1-m4	3	elapsed_ns	940848268	906923343	956809616
network-budget/formal-screen-v2	tap:nonblocking:mixed:5:tx	w32-p1-m4	3	receiver_mbit_s	178.3201029392765	175.34539494009434	184.9904529362191
network-budget/formal-screen-v2	tap:nonblocking:mixed:5:tx	w32-p1-m4	3	connection_mbit_s_min	35.67174891861796	35.07651797256862	37.00802300094568
network-budget/formal-screen-v2	tap:nonblocking:mixed:5:tx	w32-p1-m4	3	connection_mbit_s_max	37.46221671085934	36.89938647559554	38.4483649701262
network-budget/formal-screen-v2	tap:nonblocking:mixed:5:tx	w32-p1-m4	3	jain_completion_rate	0.9998018451759865	0.9995141761979435	0.9998270908134845
network-budget/formal-screen-v2	tap:nonblocking:mixed:5:tx	w32-p1-m4	3	completion_span_ns	34152549	31402981	60851701
network-budget/formal-screen-v2	tap:nonblocking:mixed:5:tx	w32-p1-m4	3	slowest_connection_ns	940644432	906679938	956606697
network-budget/formal-screen-v2	tap:nonblocking:mixed:5:tx	w32-p1-m4	3	rtt_p50_ns_median	848111	805506	878283
network-budget/formal-screen-v2	tap:nonblocking:mixed:5:tx	w32-p1-m4	3	rtt_max_ns	18498749	17980354	20283352
network-budget/formal-screen-v2	tap:nonblocking:mixed:5:tx	w32-p1-m4	3	control_completed_requests	1024	1024	1024
network-budget/formal-screen-v2	tap:nonblocking:mixed:5:tx	w32-p1-m4	3	control_requests_during_bulk	117	116	125
network-budget/formal-screen-v2	tap:nonblocking:mixed:5:tx	w32-p1-m4	3	control_requests_fully_contained	116	115	124
network-budget/formal-screen-v2	tap:nonblocking:mixed:5:tx	w32-p1-m4	3	control_received_bytes	65536	65536	65536
network-budget/formal-screen-v2	tap:nonblocking:mixed:5:tx	w32-p1-m4	3	control_rr_all_p50_ns	156968	156597	159061
network-budget/formal-screen-v2	tap:nonblocking:mixed:5:tx	w32-p1-m4	3	control_rr_all_p95_ns	8169839	7679587	8170479
network-budget/formal-screen-v2	tap:nonblocking:mixed:5:tx	w32-p1-m4	3	control_rr_all_p99_ns	10387911	10304855	10580430
network-budget/formal-screen-v2	tap:nonblocking:mixed:5:tx	w32-p1-m4	3	control_rr_all_max_ns	15182369	13386572	15474777
network-budget/formal-screen-v2	tap:nonblocking:mixed:5:tx	w32-p1-m4	3	control_rr_during_bulk_p50_ns	7861403	7273149	7925802
network-budget/formal-screen-v2	tap:nonblocking:mixed:5:tx	w32-p1-m4	3	control_rr_during_bulk_p95_ns	10926662	10921808	11472456
network-budget/formal-screen-v2	tap:nonblocking:mixed:5:tx	w32-p1-m4	3	control_rr_during_bulk_p99_ns	13825759	12860296	14835713
network-budget/formal-screen-v2	tap:nonblocking:mixed:5:tx	w32-p1-m4	3	control_rr_during_bulk_max_ns	15182369	13386572	15474777
network-budget/formal-screen-v2	tap:nonblocking:mixed:5:tx	w32-p1-m4	3	control_rr_fully_contained_p50_ns	7861403	7273149	7977870
network-budget/formal-screen-v2	tap:nonblocking:mixed:5:tx	w32-p1-m4	3	control_rr_fully_contained_p95_ns	10926662	10921808	11472456
network-budget/formal-screen-v2	tap:nonblocking:mixed:5:tx	w32-p1-m4	3	control_rr_fully_contained_p99_ns	13825759	12860296	14835713
network-budget/formal-screen-v2	tap:nonblocking:mixed:5:tx	w32-p1-m4	3	control_rr_fully_contained_max_ns	15182369	13386572	15474777
network-budget/formal-screen-v2	tap:nonblocking:mixed:5:tx	w32-p2-m1	3	receiver_bytes	20971520	20971520	20971520
network-budget/formal-screen-v2	tap:nonblocking:mixed:5:tx	w32-p2-m1	3	elapsed_ns	833645413	808749655	835103014
network-budget/formal-screen-v2	tap:nonblocking:mixed:5:tx	w32-p2-m1	3	receiver_mbit_s	201.2512243020043	200.8999574751864	207.44634506211938
network-budget/formal-screen-v2	tap:nonblocking:mixed:5:tx	w32-p2-m1	3	connection_mbit_s_min	40.258931449354144	40.179991495037285	41.51263287112885
network-budget/formal-screen-v2	tap:nonblocking:mixed:5:tx	w32-p2-m1	3	connection_mbit_s_max	40.96352275294729	40.693066350347415	42.24880372888978
network-budget/formal-screen-v2	tap:nonblocking:mixed:5:tx	w32-p2-m1	3	jain_completion_rate	0.9999579141512939	0.9999543544137899	0.9999836717788549
network-budget/formal-screen-v2	tap:nonblocking:mixed:5:tx	w32-p2-m1	3	completion_span_ns	14515862	10434982	14539428
network-budget/formal-screen-v2	tap:nonblocking:mixed:5:tx	w32-p2-m1	3	slowest_connection_ns	833465539	808294480	835103014
network-budget/formal-screen-v2	tap:nonblocking:mixed:5:tx	w32-p2-m1	3	rtt_p50_ns_median	1109676	785744	1427431
network-budget/formal-screen-v2	tap:nonblocking:mixed:5:tx	w32-p2-m1	3	rtt_max_ns	18554842	15609762	18876409
network-budget/formal-screen-v2	tap:nonblocking:mixed:5:tx	w32-p2-m1	3	control_completed_requests	1024	1024	1024
network-budget/formal-screen-v2	tap:nonblocking:mixed:5:tx	w32-p2-m1	3	control_requests_during_bulk	95	95	96
network-budget/formal-screen-v2	tap:nonblocking:mixed:5:tx	w32-p2-m1	3	control_requests_fully_contained	94	94	95
network-budget/formal-screen-v2	tap:nonblocking:mixed:5:tx	w32-p2-m1	3	control_received_bytes	65536	65536	65536
network-budget/formal-screen-v2	tap:nonblocking:mixed:5:tx	w32-p2-m1	3	control_rr_all_p50_ns	158532	157812	162272
network-budget/formal-screen-v2	tap:nonblocking:mixed:5:tx	w32-p2-m1	3	control_rr_all_p95_ns	8509686	8364743	8730224
network-budget/formal-screen-v2	tap:nonblocking:mixed:5:tx	w32-p2-m1	3	control_rr_all_p99_ns	10096505	9988930	10193758
network-budget/formal-screen-v2	tap:nonblocking:mixed:5:tx	w32-p2-m1	3	control_rr_all_max_ns	12885615	12274652	12944690
network-budget/formal-screen-v2	tap:nonblocking:mixed:5:tx	w32-p2-m1	3	control_rr_during_bulk_p50_ns	8547746	8461102	8815449
network-budget/formal-screen-v2	tap:nonblocking:mixed:5:tx	w32-p2-m1	3	control_rr_during_bulk_p95_ns	10896868	10796522	11376082
network-budget/formal-screen-v2	tap:nonblocking:mixed:5:tx	w32-p2-m1	3	control_rr_during_bulk_p99_ns	12885615	12274652	12944690
network-budget/formal-screen-v2	tap:nonblocking:mixed:5:tx	w32-p2-m1	3	control_rr_during_bulk_max_ns	12885615	12274652	12944690
network-budget/formal-screen-v2	tap:nonblocking:mixed:5:tx	w32-p2-m1	3	control_rr_fully_contained_p50_ns	8624256	8461102	8815449
network-budget/formal-screen-v2	tap:nonblocking:mixed:5:tx	w32-p2-m1	3	control_rr_fully_contained_p95_ns	10896868	10796522	11376082
network-budget/formal-screen-v2	tap:nonblocking:mixed:5:tx	w32-p2-m1	3	control_rr_fully_contained_p99_ns	12885615	12274652	12944690
network-budget/formal-screen-v2	tap:nonblocking:mixed:5:tx	w32-p2-m1	3	control_rr_fully_contained_max_ns	12885615	12274652	12944690
network-budget/formal-screen-v2	tap:nonblocking:mixed:5:tx	w32-p2-m2	3	receiver_bytes	20971520	20971520	20971520
network-budget/formal-screen-v2	tap:nonblocking:mixed:5:tx	w32-p2-m2	3	elapsed_ns	762610945	740015512	798534091
network-budget/formal-screen-v2	tap:nonblocking:mixed:5:tx	w32-p2-m2	3	receiver_mbit_s	219.9970523633122	210.10018468954758	226.71438271148025
network-budget/formal-screen-v2	tap:nonblocking:mixed:5:tx	w32-p2-m2	3	connection_mbit_s_min	44.00147838552899	42.03001070472578	45.36649335322774
network-budget/formal-screen-v2	tap:nonblocking:mixed:5:tx	w32-p2-m2	3	connection_mbit_s_max	45.264402863852176	42.85459215520199	45.90724917765734
network-budget/formal-screen-v2	tap:nonblocking:mixed:5:tx	w32-p2-m2	3	jain_completion_rate	0.9999419290186792	0.9999082989141442	0.9999844919910487
network-budget/formal-screen-v2	tap:nonblocking:mixed:5:tx	w32-p2-m2	3	completion_span_ns	15550744	9097572	20765257
network-budget/formal-screen-v2	tap:nonblocking:mixed:5:tx	w32-p2-m2	3	slowest_connection_ns	762575105	739630276	798344598
network-budget/formal-screen-v2	tap:nonblocking:mixed:5:tx	w32-p2-m2	3	rtt_p50_ns_median	832105	826697	865719
network-budget/formal-screen-v2	tap:nonblocking:mixed:5:tx	w32-p2-m2	3	rtt_max_ns	17149847	16645270	18012520
network-budget/formal-screen-v2	tap:nonblocking:mixed:5:tx	w32-p2-m2	3	control_completed_requests	1024	1024	1024
network-budget/formal-screen-v2	tap:nonblocking:mixed:5:tx	w32-p2-m2	3	control_requests_during_bulk	93	93	94
network-budget/formal-screen-v2	tap:nonblocking:mixed:5:tx	w32-p2-m2	3	control_requests_fully_contained	92	92	93
network-budget/formal-screen-v2	tap:nonblocking:mixed:5:tx	w32-p2-m2	3	control_received_bytes	65536	65536	65536
network-budget/formal-screen-v2	tap:nonblocking:mixed:5:tx	w32-p2-m2	3	control_rr_all_p50_ns	157393	156028	161122
network-budget/formal-screen-v2	tap:nonblocking:mixed:5:tx	w32-p2-m2	3	control_rr_all_p95_ns	7958026	7903664	8178681
network-budget/formal-screen-v2	tap:nonblocking:mixed:5:tx	w32-p2-m2	3	control_rr_all_p99_ns	9479279	8834117	10444087
network-budget/formal-screen-v2	tap:nonblocking:mixed:5:tx	w32-p2-m2	3	control_rr_all_max_ns	12102176	10726264	15832439
network-budget/formal-screen-v2	tap:nonblocking:mixed:5:tx	w32-p2-m2	3	control_rr_during_bulk_p50_ns	8016983	7968726	8280310
network-budget/formal-screen-v2	tap:nonblocking:mixed:5:tx	w32-p2-m2	3	control_rr_during_bulk_p95_ns	10015150	9877627	12140805
network-budget/formal-screen-v2	tap:nonblocking:mixed:5:tx	w32-p2-m2	3	control_rr_during_bulk_p99_ns	12102176	10726264	15832439
network-budget/formal-screen-v2	tap:nonblocking:mixed:5:tx	w32-p2-m2	3	control_rr_during_bulk_max_ns	12102176	10726264	15832439
network-budget/formal-screen-v2	tap:nonblocking:mixed:5:tx	w32-p2-m2	3	control_rr_fully_contained_p50_ns	8025814	7968726	8280310
network-budget/formal-screen-v2	tap:nonblocking:mixed:5:tx	w32-p2-m2	3	control_rr_fully_contained_p95_ns	10015150	9877627	12140805
network-budget/formal-screen-v2	tap:nonblocking:mixed:5:tx	w32-p2-m2	3	control_rr_fully_contained_p99_ns	12102176	10726264	15832439
network-budget/formal-screen-v2	tap:nonblocking:mixed:5:tx	w32-p2-m2	3	control_rr_fully_contained_max_ns	12102176	10726264	15832439
network-budget/formal-screen-v2	tap:nonblocking:mixed:5:tx	w32-p2-m4	3	receiver_bytes	20971520	20971520	20971520
network-budget/formal-screen-v2	tap:nonblocking:mixed:5:tx	w32-p2-m4	3	elapsed_ns	765836051	757428960	812202656
network-budget/formal-screen-v2	tap:nonblocking:mixed:5:tx	w32-p2-m4	3	receiver_mbit_s	219.07059582913263	206.5644069994275	221.5021722961319
network-budget/formal-screen-v2	tap:nonblocking:mixed:5:tx	w32-p2-m4	3	connection_mbit_s_min	43.81820886352234	41.328185703147426	44.31714443809273
network-budget/formal-screen-v2	tap:nonblocking:mixed:5:tx	w32-p2-m4	3	connection_mbit_s_max	44.50075930017888	42.06952048832804	45.26637210474324
network-budget/formal-screen-v2	tap:nonblocking:mixed:5:tx	w32-p2-m4	3	jain_completion_rate	0.9999667623822115	0.9999367828687012	0.9999760362814403
network-budget/formal-screen-v2	tap:nonblocking:mixed:5:tx	w32-p2-m4	3	completion_span_ns	14530664	11617757	16136485
network-budget/formal-screen-v2	tap:nonblocking:mixed:5:tx	w32-p2-m4	3	slowest_connection_ns	765764573	757143368	811901888
network-budget/formal-screen-v2	tap:nonblocking:mixed:5:tx	w32-p2-m4	3	rtt_p50_ns_median	854071	826882	877039
network-budget/formal-screen-v2	tap:nonblocking:mixed:5:tx	w32-p2-m4	3	rtt_max_ns	16453802	15698589	16604659
network-budget/formal-screen-v2	tap:nonblocking:mixed:5:tx	w32-p2-m4	3	control_completed_requests	1024	1024	1024
network-budget/formal-screen-v2	tap:nonblocking:mixed:5:tx	w32-p2-m4	3	control_requests_during_bulk	93	93	93
network-budget/formal-screen-v2	tap:nonblocking:mixed:5:tx	w32-p2-m4	3	control_requests_fully_contained	92	92	92
network-budget/formal-screen-v2	tap:nonblocking:mixed:5:tx	w32-p2-m4	3	control_received_bytes	65536	65536	65536
network-budget/formal-screen-v2	tap:nonblocking:mixed:5:tx	w32-p2-m4	3	control_rr_all_p50_ns	158961	157554	165779
network-budget/formal-screen-v2	tap:nonblocking:mixed:5:tx	w32-p2-m4	3	control_rr_all_p95_ns	8209828	7994806	8438063
network-budget/formal-screen-v2	tap:nonblocking:mixed:5:tx	w32-p2-m4	3	control_rr_all_p99_ns	9356494	8665935	10446818
network-budget/formal-screen-v2	tap:nonblocking:mixed:5:tx	w32-p2-m4	3	control_rr_all_max_ns	11923760	11666718	14543126
network-budget/formal-screen-v2	tap:nonblocking:mixed:5:tx	w32-p2-m4	3	control_rr_during_bulk_p50_ns	8218114	8093400	8728594
network-budget/formal-screen-v2	tap:nonblocking:mixed:5:tx	w32-p2-m4	3	control_rr_during_bulk_p95_ns	9934852	9509839	11865316
network-budget/formal-screen-v2	tap:nonblocking:mixed:5:tx	w32-p2-m4	3	control_rr_during_bulk_p99_ns	11923760	11666718	14543126
network-budget/formal-screen-v2	tap:nonblocking:mixed:5:tx	w32-p2-m4	3	control_rr_during_bulk_max_ns	11923760	11666718	14543126
network-budget/formal-screen-v2	tap:nonblocking:mixed:5:tx	w32-p2-m4	3	control_rr_fully_contained_p50_ns	8218114	8093400	8728594
network-budget/formal-screen-v2	tap:nonblocking:mixed:5:tx	w32-p2-m4	3	control_rr_fully_contained_p95_ns	9934852	9509839	11865316
network-budget/formal-screen-v2	tap:nonblocking:mixed:5:tx	w32-p2-m4	3	control_rr_fully_contained_p99_ns	11923760	11666718	14543126
network-budget/formal-screen-v2	tap:nonblocking:mixed:5:tx	w32-p2-m4	3	control_rr_fully_contained_max_ns	11923760	11666718	14543126
network-budget/formal-screen-v2	tap:nonblocking:mixed:5:tx	w32-p4-m1	3	receiver_bytes	20971520	20971520	20971520
network-budget/formal-screen-v2	tap:nonblocking:mixed:5:tx	w32-p4-m1	3	elapsed_ns	818817514	755895259	832355780
network-budget/formal-screen-v2	tap:nonblocking:mixed:5:tx	w32-p4-m1	3	receiver_mbit_s	204.89566616671075	201.56303834401197	221.95159713258633
network-budget/formal-screen-v2	tap:nonblocking:mixed:5:tx	w32-p4-m1	3	connection_mbit_s_min	40.99791746847431	40.332352673830954	44.40956947116541
network-budget/formal-screen-v2	tap:nonblocking:mixed:5:tx	w32-p4-m1	3	connection_mbit_s_max	41.66076488373247	41.00439822294549	45.33483890510772
network-budget/formal-screen-v2	tap:nonblocking:mixed:5:tx	w32-p4-m1	3	jain_completion_rate	0.9999471240506399	0.9999386606005282	0.999948497395178
network-budget/formal-screen-v2	tap:nonblocking:mixed:5:tx	w32-p4-m1	3	completion_span_ns	13963715	13209528	15748546
network-budget/formal-screen-v2	tap:nonblocking:mixed:5:tx	w32-p4-m1	3	slowest_connection_ns	818442352	755567604	831948294
network-budget/formal-screen-v2	tap:nonblocking:mixed:5:tx	w32-p4-m1	3	rtt_p50_ns_median	815214	813326	859044
network-budget/formal-screen-v2	tap:nonblocking:mixed:5:tx	w32-p4-m1	3	rtt_max_ns	16359625	16211346	19136190
network-budget/formal-screen-v2	tap:nonblocking:mixed:5:tx	w32-p4-m1	3	control_completed_requests	1024	1024	1024
network-budget/formal-screen-v2	tap:nonblocking:mixed:5:tx	w32-p4-m1	3	control_requests_during_bulk	95	94	95
network-budget/formal-screen-v2	tap:nonblocking:mixed:5:tx	w32-p4-m1	3	control_requests_fully_contained	94	93	94
network-budget/formal-screen-v2	tap:nonblocking:mixed:5:tx	w32-p4-m1	3	control_received_bytes	65536	65536	65536
network-budget/formal-screen-v2	tap:nonblocking:mixed:5:tx	w32-p4-m1	3	control_rr_all_p50_ns	157419	154990	163910
network-budget/formal-screen-v2	tap:nonblocking:mixed:5:tx	w32-p4-m1	3	control_rr_all_p95_ns	8515909	8124302	8646564
network-budget/formal-screen-v2	tap:nonblocking:mixed:5:tx	w32-p4-m1	3	control_rr_all_p99_ns	10112393	8847720	10173085
network-budget/formal-screen-v2	tap:nonblocking:mixed:5:tx	w32-p4-m1	3	control_rr_all_max_ns	12956919	11220367	13158633
network-budget/formal-screen-v2	tap:nonblocking:mixed:5:tx	w32-p4-m1	3	control_rr_during_bulk_p50_ns	8641971	8151355	8672370
network-budget/formal-screen-v2	tap:nonblocking:mixed:5:tx	w32-p4-m1	3	control_rr_during_bulk_p95_ns	10717418	9625797	10878851
network-budget/formal-screen-v2	tap:nonblocking:mixed:5:tx	w32-p4-m1	3	control_rr_during_bulk_p99_ns	12956919	11220367	13158633
network-budget/formal-screen-v2	tap:nonblocking:mixed:5:tx	w32-p4-m1	3	control_rr_during_bulk_max_ns	12956919	11220367	13158633
network-budget/formal-screen-v2	tap:nonblocking:mixed:5:tx	w32-p4-m1	3	control_rr_fully_contained_p50_ns	8641971	8152341	8672370
network-budget/formal-screen-v2	tap:nonblocking:mixed:5:tx	w32-p4-m1	3	control_rr_fully_contained_p95_ns	10717418	9625797	10878851
network-budget/formal-screen-v2	tap:nonblocking:mixed:5:tx	w32-p4-m1	3	control_rr_fully_contained_p99_ns	12956919	11220367	13158633
network-budget/formal-screen-v2	tap:nonblocking:mixed:5:tx	w32-p4-m1	3	control_rr_fully_contained_max_ns	12956919	11220367	13158633
network-budget/formal-screen-v2	tap:nonblocking:mixed:5:tx	w32-p4-m2	3	receiver_bytes	20971520	20971520	20971520
network-budget/formal-screen-v2	tap:nonblocking:mixed:5:tx	w32-p4-m2	3	elapsed_ns	732682100	707443557	767858314
network-budget/formal-screen-v2	tap:nonblocking:mixed:5:tx	w32-p4-m2	3	receiver_mbit_s	228.98356599676723	218.49364256541736	237.1527146440603
network-budget/formal-screen-v2	tap:nonblocking:mixed:5:tx	w32-p4-m2	3	connection_mbit_s_min	45.819237653897446	43.713109591846724	47.455559471037446
network-budget/formal-screen-v2	tap:nonblocking:mixed:5:tx	w32-p4-m2	3	connection_mbit_s_max	46.846326143439086	44.56671883697498	48.7638460239926
network-budget/formal-screen-v2	tap:nonblocking:mixed:5:tx	w32-p4-m2	3	jain_completion_rate	0.9999354273974301	0.9998821883111529	0.9999440237135674
network-budget/formal-screen-v2	tap:nonblocking:mixed:5:tx	w32-p4-m2	3	completion_span_ns	16416071	14954962	19269789
network-budget/formal-screen-v2	tap:nonblocking:mixed:5:tx	w32-p4-m2	3	slowest_connection_ns	732321918	707070623	767605698
network-budget/formal-screen-v2	tap:nonblocking:mixed:5:tx	w32-p4-m2	3	rtt_p50_ns_median	827298	760155	846372
network-budget/formal-screen-v2	tap:nonblocking:mixed:5:tx	w32-p4-m2	3	rtt_max_ns	18678843	16743865	19688712
network-budget/formal-screen-v2	tap:nonblocking:mixed:5:tx	w32-p4-m2	3	control_completed_requests	1024	1024	1024
network-budget/formal-screen-v2	tap:nonblocking:mixed:5:tx	w32-p4-m2	3	control_requests_during_bulk	93	93	94
network-budget/formal-screen-v2	tap:nonblocking:mixed:5:tx	w32-p4-m2	3	control_requests_fully_contained	92	92	93
network-budget/formal-screen-v2	tap:nonblocking:mixed:5:tx	w32-p4-m2	3	control_received_bytes	65536	65536	65536
network-budget/formal-screen-v2	tap:nonblocking:mixed:5:tx	w32-p4-m2	3	control_rr_all_p50_ns	158470	152596	163879
network-budget/formal-screen-v2	tap:nonblocking:mixed:5:tx	w32-p4-m2	3	control_rr_all_p95_ns	7791654	7477274	8299998
network-budget/formal-screen-v2	tap:nonblocking:mixed:5:tx	w32-p4-m2	3	control_rr_all_p99_ns	8914900	8852026	9287319
network-budget/formal-screen-v2	tap:nonblocking:mixed:5:tx	w32-p4-m2	3	control_rr_all_max_ns	11600259	11539801	12382284
network-budget/formal-screen-v2	tap:nonblocking:mixed:5:tx	w32-p4-m2	3	control_rr_during_bulk_p50_ns	7806229	7496109	8359414
network-budget/formal-screen-v2	tap:nonblocking:mixed:5:tx	w32-p4-m2	3	control_rr_during_bulk_p95_ns	9652137	9193777	10077608
network-budget/formal-screen-v2	tap:nonblocking:mixed:5:tx	w32-p4-m2	3	control_rr_during_bulk_p99_ns	11600259	11539801	12382284
network-budget/formal-screen-v2	tap:nonblocking:mixed:5:tx	w32-p4-m2	3	control_rr_during_bulk_max_ns	11600259	11539801	12382284
network-budget/formal-screen-v2	tap:nonblocking:mixed:5:tx	w32-p4-m2	3	control_rr_fully_contained_p50_ns	7806229	7496453	8359414
network-budget/formal-screen-v2	tap:nonblocking:mixed:5:tx	w32-p4-m2	3	control_rr_fully_contained_p95_ns	9652137	9193777	10077608
network-budget/formal-screen-v2	tap:nonblocking:mixed:5:tx	w32-p4-m2	3	control_rr_fully_contained_p99_ns	11600259	11539801	12382284
network-budget/formal-screen-v2	tap:nonblocking:mixed:5:tx	w32-p4-m2	3	control_rr_fully_contained_max_ns	11600259	11539801	12382284
network-budget/formal-screen-v2	tap:nonblocking:mixed:5:tx	w32-p4-m4	3	receiver_bytes	20971520	20971520	20971520
network-budget/formal-screen-v2	tap:nonblocking:mixed:5:tx	w32-p4-m4	3	elapsed_ns	786276297	761930657	860605226
network-budget/formal-screen-v2	tap:nonblocking:mixed:5:tx	w32-p4-m4	3	receiver_mbit_s	213.37557883930464	194.94671300078767	220.1934762155134
network-budget/formal-screen-v2	tap:nonblocking:mixed:5:tx	w32-p4-m4	3	connection_mbit_s_min	42.69927300021721	39.007923421668586	44.04687703031498
network-budget/formal-screen-v2	tap:nonblocking:mixed:5:tx	w32-p4-m4	3	connection_mbit_s_max	43.48030014264061	39.61687066530319	44.99989544103003
network-budget/formal-screen-v2	tap:nonblocking:mixed:5:tx	w32-p4-m4	3	jain_completion_rate	0.9999546039107432	0.9999278582731465	0.9999707271473249
network-budget/formal-screen-v2	tap:nonblocking:mixed:5:tx	w32-p4-m4	3	completion_span_ns	14560557	13631918	16274880
network-budget/formal-screen-v2	tap:nonblocking:mixed:5:tx	w32-p4-m4	3	slowest_connection_ns	785831459	761789127	860195290
network-budget/formal-screen-v2	tap:nonblocking:mixed:5:tx	w32-p4-m4	3	rtt_p50_ns_median	821736	810493	888032
network-budget/formal-screen-v2	tap:nonblocking:mixed:5:tx	w32-p4-m4	3	rtt_max_ns	17363265	15429471	17793579
network-budget/formal-screen-v2	tap:nonblocking:mixed:5:tx	w32-p4-m4	3	control_completed_requests	1024	1024	1024
network-budget/formal-screen-v2	tap:nonblocking:mixed:5:tx	w32-p4-m4	3	control_requests_during_bulk	94	93	94
network-budget/formal-screen-v2	tap:nonblocking:mixed:5:tx	w32-p4-m4	3	control_requests_fully_contained	93	92	93
network-budget/formal-screen-v2	tap:nonblocking:mixed:5:tx	w32-p4-m4	3	control_received_bytes	65536	65536	65536
network-budget/formal-screen-v2	tap:nonblocking:mixed:5:tx	w32-p4-m4	3	control_rr_all_p50_ns	160174	155574	163750
network-budget/formal-screen-v2	tap:nonblocking:mixed:5:tx	w32-p4-m4	3	control_rr_all_p95_ns	8125015	7895962	8371746
network-budget/formal-screen-v2	tap:nonblocking:mixed:5:tx	w32-p4-m4	3	control_rr_all_p99_ns	10062387	9633488	11206034
network-budget/formal-screen-v2	tap:nonblocking:mixed:5:tx	w32-p4-m4	3	control_rr_all_max_ns	13693967	11847848	22700642
network-budget/formal-screen-v2	tap:nonblocking:mixed:5:tx	w32-p4-m4	3	control_rr_during_bulk_p50_ns	8292701	7982560	8519412
network-budget/formal-screen-v2	tap:nonblocking:mixed:5:tx	w32-p4-m4	3	control_rr_during_bulk_p95_ns	10857311	10729894	15767321
network-budget/formal-screen-v2	tap:nonblocking:mixed:5:tx	w32-p4-m4	3	control_rr_during_bulk_p99_ns	13693967	11847848	22700642
network-budget/formal-screen-v2	tap:nonblocking:mixed:5:tx	w32-p4-m4	3	control_rr_during_bulk_max_ns	13693967	11847848	22700642
network-budget/formal-screen-v2	tap:nonblocking:mixed:5:tx	w32-p4-m4	3	control_rr_fully_contained_p50_ns	8243574	7989281	8666662
network-budget/formal-screen-v2	tap:nonblocking:mixed:5:tx	w32-p4-m4	3	control_rr_fully_contained_p95_ns	10857311	10729894	15767321
network-budget/formal-screen-v2	tap:nonblocking:mixed:5:tx	w32-p4-m4	3	control_rr_fully_contained_p99_ns	13693967	11847848	22700642
network-budget/formal-screen-v2	tap:nonblocking:mixed:5:tx	w32-p4-m4	3	control_rr_fully_contained_max_ns	13693967	11847848	22700642
network-budget/formal-screen-v2	tap:nonblocking:mixed:5:tx	w8-p1-m1	3	receiver_bytes	20971520	20971520	20971520
network-budget/formal-screen-v2	tap:nonblocking:mixed:5:tx	w8-p1-m1	3	elapsed_ns	878019937	877903941	880625297
network-budget/formal-screen-v2	tap:nonblocking:mixed:5:tx	w8-p1-m1	3	receiver_mbit_s	191.0801257807885	190.51480870643215	191.10537288270356
network-budget/formal-screen-v2	tap:nonblocking:mixed:5:tx	w8-p1-m1	3	connection_mbit_s_min	38.23347137230769	38.117446430971896	38.23414572660738
network-budget/formal-screen-v2	tap:nonblocking:mixed:5:tx	w8-p1-m1	3	connection_mbit_s_max	38.650299435866785	38.58911062186786	38.692537436724535
network-budget/formal-screen-v2	tap:nonblocking:mixed:5:tx	w8-p1-m1	3	jain_completion_rate	0.9999806691103353	0.9999802402402769	0.9999807623163995
network-budget/formal-screen-v2	tap:nonblocking:mixed:5:tx	w8-p1-m1	3	completion_span_ns	10602813	9865421	11042575
network-budget/formal-screen-v2	tap:nonblocking:mixed:5:tx	w8-p1-m1	3	slowest_connection_ns	877619290	877603811	880290658
network-budget/formal-screen-v2	tap:nonblocking:mixed:5:tx	w8-p1-m1	3	rtt_p50_ns_median	918298	826589	927231
network-budget/formal-screen-v2	tap:nonblocking:mixed:5:tx	w8-p1-m1	3	rtt_max_ns	17380200	16792999	19117079
network-budget/formal-screen-v2	tap:nonblocking:mixed:5:tx	w8-p1-m1	3	control_completed_requests	1024	1024	1024
network-budget/formal-screen-v2	tap:nonblocking:mixed:5:tx	w8-p1-m1	3	control_requests_during_bulk	371	371	372
network-budget/formal-screen-v2	tap:nonblocking:mixed:5:tx	w8-p1-m1	3	control_requests_fully_contained	370	370	371
network-budget/formal-screen-v2	tap:nonblocking:mixed:5:tx	w8-p1-m1	3	control_received_bytes	65536	65536	65536
network-budget/formal-screen-v2	tap:nonblocking:mixed:5:tx	w8-p1-m1	3	control_rr_all_p50_ns	171943	163588	180066
network-budget/formal-screen-v2	tap:nonblocking:mixed:5:tx	w8-p1-m1	3	control_rr_all_p95_ns	2651873	2625313	2747784
network-budget/formal-screen-v2	tap:nonblocking:mixed:5:tx	w8-p1-m1	3	control_rr_all_p99_ns	3417142	3262070	3790624
network-budget/formal-screen-v2	tap:nonblocking:mixed:5:tx	w8-p1-m1	3	control_rr_all_max_ns	5526171	5399844	6212005
network-budget/formal-screen-v2	tap:nonblocking:mixed:5:tx	w8-p1-m1	3	control_rr_during_bulk_p50_ns	2267201	2199325	2305240
network-budget/formal-screen-v2	tap:nonblocking:mixed:5:tx	w8-p1-m1	3	control_rr_during_bulk_p95_ns	3037729	2908439	3479252
network-budget/formal-screen-v2	tap:nonblocking:mixed:5:tx	w8-p1-m1	3	control_rr_during_bulk_p99_ns	4546228	3934734	4592628
network-budget/formal-screen-v2	tap:nonblocking:mixed:5:tx	w8-p1-m1	3	control_rr_during_bulk_max_ns	5526171	5399844	6212005
network-budget/formal-screen-v2	tap:nonblocking:mixed:5:tx	w8-p1-m1	3	control_rr_fully_contained_p50_ns	2269272	2199325	2305240
network-budget/formal-screen-v2	tap:nonblocking:mixed:5:tx	w8-p1-m1	3	control_rr_fully_contained_p95_ns	3037729	2908439	3479252
network-budget/formal-screen-v2	tap:nonblocking:mixed:5:tx	w8-p1-m1	3	control_rr_fully_contained_p99_ns	4546228	3934734	4592628
network-budget/formal-screen-v2	tap:nonblocking:mixed:5:tx	w8-p1-m1	3	control_rr_fully_contained_max_ns	5526171	5399844	6212005
network-budget/formal-screen-v2	tap:nonblocking:mixed:5:tx	w8-p1-m2	3	receiver_bytes	20971520	20971520	20971520
network-budget/formal-screen-v2	tap:nonblocking:mixed:5:tx	w8-p1-m2	3	elapsed_ns	904692132	877490420	906047573
network-budget/formal-screen-v2	tap:nonblocking:mixed:5:tx	w8-p1-m2	3	receiver_mbit_s	185.4466885095006	185.16926152618257	191.19543208232403
network-budget/formal-screen-v2	tap:nonblocking:mixed:5:tx	w8-p1-m2	3	connection_mbit_s_min	37.10648878435263	37.046694648606504	38.25872035210541
network-budget/formal-screen-v2	tap:nonblocking:mixed:5:tx	w8-p1-m2	3	connection_mbit_s_max	37.586271755255865	37.496256568733465	38.7094486281851
network-budget/formal-screen-v2	tap:nonblocking:mixed:5:tx	w8-p1-m2	3	jain_completion_rate	0.999979172672705	0.9999771366921107	0.9999810746980831
network-budget/formal-screen-v2	tap:nonblocking:mixed:5:tx	w8-p1-m2	3	completion_span_ns	11129395	10489360	11961078
network-budget/formal-screen-v2	tap:nonblocking:mixed:5:tx	w8-p1-m2	3	slowest_connection_ns	904273972	877040102	905733489
network-budget/formal-screen-v2	tap:nonblocking:mixed:5:tx	w8-p1-m2	3	rtt_p50_ns_median	873902	858242	885547
network-budget/formal-screen-v2	tap:nonblocking:mixed:5:tx	w8-p1-m2	3	rtt_max_ns	17583255	17301980	18502633
network-budget/formal-screen-v2	tap:nonblocking:mixed:5:tx	w8-p1-m2	3	control_completed_requests	1024	1024	1024
network-budget/formal-screen-v2	tap:nonblocking:mixed:5:tx	w8-p1-m2	3	control_requests_during_bulk	368	368	373
network-budget/formal-screen-v2	tap:nonblocking:mixed:5:tx	w8-p1-m2	3	control_requests_fully_contained	367	367	372
network-budget/formal-screen-v2	tap:nonblocking:mixed:5:tx	w8-p1-m2	3	control_received_bytes	65536	65536	65536
network-budget/formal-screen-v2	tap:nonblocking:mixed:5:tx	w8-p1-m2	3	control_rr_all_p50_ns	171300	161926	175362
network-budget/formal-screen-v2	tap:nonblocking:mixed:5:tx	w8-p1-m2	3	control_rr_all_p95_ns	2791511	2654490	2834648
network-budget/formal-screen-v2	tap:nonblocking:mixed:5:tx	w8-p1-m2	3	control_rr_all_p99_ns	3535483	3462942	3702367
network-budget/formal-screen-v2	tap:nonblocking:mixed:5:tx	w8-p1-m2	3	control_rr_all_max_ns	6681363	4838021	8909200
network-budget/formal-screen-v2	tap:nonblocking:mixed:5:tx	w8-p1-m2	3	control_rr_during_bulk_p50_ns	2315493	2257862	2325770
network-budget/formal-screen-v2	tap:nonblocking:mixed:5:tx	w8-p1-m2	3	control_rr_during_bulk_p95_ns	3220655	3109955	3560224
network-budget/formal-screen-v2	tap:nonblocking:mixed:5:tx	w8-p1-m2	3	control_rr_during_bulk_p99_ns	4241027	3866083	4571057
network-budget/formal-screen-v2	tap:nonblocking:mixed:5:tx	w8-p1-m2	3	control_rr_during_bulk_max_ns	6681363	4838021	8909200
network-budget/formal-screen-v2	tap:nonblocking:mixed:5:tx	w8-p1-m2	3	control_rr_fully_contained_p50_ns	2315493	2258153	2333071
network-budget/formal-screen-v2	tap:nonblocking:mixed:5:tx	w8-p1-m2	3	control_rr_fully_contained_p95_ns	3220655	3109955	3560224
network-budget/formal-screen-v2	tap:nonblocking:mixed:5:tx	w8-p1-m2	3	control_rr_fully_contained_p99_ns	4241027	3866083	4571057
network-budget/formal-screen-v2	tap:nonblocking:mixed:5:tx	w8-p1-m2	3	control_rr_fully_contained_max_ns	6681363	4838021	8909200
network-budget/formal-screen-v2	tap:nonblocking:mixed:5:tx	w8-p1-m4	3	receiver_bytes	20971520	20971520	20971520
network-budget/formal-screen-v2	tap:nonblocking:mixed:5:tx	w8-p1-m4	3	elapsed_ns	892450517	868537013	905551933
network-budget/formal-screen-v2	tap:nonblocking:mixed:5:tx	w8-p1-m4	3	receiver_mbit_s	187.99043398391578	185.27061108929243	193.1663907108585
network-budget/formal-screen-v2	tap:nonblocking:mixed:5:tx	w8-p1-m4	3	connection_mbit_s_min	37.61309430524503	37.06581625224138	38.633278142171704
network-budget/formal-screen-v2	tap:nonblocking:mixed:5:tx	w8-p1-m4	3	connection_mbit_s_max	37.6968424559935	37.425583118412824	39.043076180773774
network-budget/formal-screen-v2	tap:nonblocking:mixed:5:tx	w8-p1-m4	3	jain_completion_rate	0.9999826026615636	0.9999779859523448	0.9999994619073029
network-budget/formal-screen-v2	tap:nonblocking:mixed:5:tx	w8-p1-m4	3	completion_span_ns	8786200	2168674	8987893
network-budget/formal-screen-v2	tap:nonblocking:mixed:5:tx	w8-p1-m4	3	slowest_connection_ns	892094432	868537013	905266237
network-budget/formal-screen-v2	tap:nonblocking:mixed:5:tx	w8-p1-m4	3	rtt_p50_ns_median	808800	799411	812329
network-budget/formal-screen-v2	tap:nonblocking:mixed:5:tx	w8-p1-m4	3	rtt_max_ns	17614816	17079580	18309866
network-budget/formal-screen-v2	tap:nonblocking:mixed:5:tx	w8-p1-m4	3	control_completed_requests	1024	1024	1024
network-budget/formal-screen-v2	tap:nonblocking:mixed:5:tx	w8-p1-m4	3	control_requests_during_bulk	369	363	371
network-budget/formal-screen-v2	tap:nonblocking:mixed:5:tx	w8-p1-m4	3	control_requests_fully_contained	368	362	370
network-budget/formal-screen-v2	tap:nonblocking:mixed:5:tx	w8-p1-m4	3	control_received_bytes	65536	65536	65536
network-budget/formal-screen-v2	tap:nonblocking:mixed:5:tx	w8-p1-m4	3	control_rr_all_p50_ns	157009	156876	167537
network-budget/formal-screen-v2	tap:nonblocking:mixed:5:tx	w8-p1-m4	3	control_rr_all_p95_ns	2843475	2733446	2924841
network-budget/formal-screen-v2	tap:nonblocking:mixed:5:tx	w8-p1-m4	3	control_rr_all_p99_ns	3686403	3651967	3774400
network-budget/formal-screen-v2	tap:nonblocking:mixed:5:tx	w8-p1-m4	3	control_rr_all_max_ns	5900775	5053622	6357692
network-budget/formal-screen-v2	tap:nonblocking:mixed:5:tx	w8-p1-m4	3	control_rr_during_bulk_p50_ns	2313102	2283498	2323406
network-budget/formal-screen-v2	tap:nonblocking:mixed:5:tx	w8-p1-m4	3	control_rr_during_bulk_p95_ns	3430541	3067111	3476581
network-budget/formal-screen-v2	tap:nonblocking:mixed:5:tx	w8-p1-m4	3	control_rr_during_bulk_p99_ns	4331250	4282162	4455985
network-budget/formal-screen-v2	tap:nonblocking:mixed:5:tx	w8-p1-m4	3	control_rr_during_bulk_max_ns	5900775	5053622	6357692
network-budget/formal-screen-v2	tap:nonblocking:mixed:5:tx	w8-p1-m4	3	control_rr_fully_contained_p50_ns	2313102	2281652	2323406
network-budget/formal-screen-v2	tap:nonblocking:mixed:5:tx	w8-p1-m4	3	control_rr_fully_contained_p95_ns	3430541	3067111	3444039
network-budget/formal-screen-v2	tap:nonblocking:mixed:5:tx	w8-p1-m4	3	control_rr_fully_contained_p99_ns	4282162	4193467	4331250
network-budget/formal-screen-v2	tap:nonblocking:mixed:5:tx	w8-p1-m4	3	control_rr_fully_contained_max_ns	5900775	4924110	6357692
network-budget/formal-screen-v2	tap:nonblocking:mixed:5:tx	w8-p2-m1	3	receiver_bytes	20971520	20971520	20971520
network-budget/formal-screen-v2	tap:nonblocking:mixed:5:tx	w8-p2-m1	3	elapsed_ns	897071317	849383073	905026749
network-budget/formal-screen-v2	tap:nonblocking:mixed:5:tx	w8-p2-m1	3	receiver_mbit_s	187.0220982664637	185.37812300617426	197.5223728057505
network-budget/formal-screen-v2	tap:nonblocking:mixed:5:tx	w8-p2-m1	3	connection_mbit_s_min	37.41368374607811	37.07562460123485	39.5238134170542
network-budget/formal-screen-v2	tap:nonblocking:mixed:5:tx	w8-p2-m1	3	connection_mbit_s_max	37.71060284042709	37.42499809456077	39.95747585680034
network-budget/formal-screen-v2	tap:nonblocking:mixed:5:tx	w8-p2-m1	3	jain_completion_rate	0.9999846841926764	0.9999750516915714	0.999988961064482
network-budget/formal-screen-v2	tap:nonblocking:mixed:5:tx	w8-p2-m1	3	completion_span_ns	8248031	7086532	9629528
network-budget/formal-screen-v2	tap:nonblocking:mixed:5:tx	w8-p2-m1	3	slowest_connection_ns	896849191	848967473	905026749
network-budget/formal-screen-v2	tap:nonblocking:mixed:5:tx	w8-p2-m1	3	rtt_p50_ns_median	801127	774325	897051
network-budget/formal-screen-v2	tap:nonblocking:mixed:5:tx	w8-p2-m1	3	rtt_max_ns	16537829	14085620	16704412
network-budget/formal-screen-v2	tap:nonblocking:mixed:5:tx	w8-p2-m1	3	control_completed_requests	1024	1024	1024
network-budget/formal-screen-v2	tap:nonblocking:mixed:5:tx	w8-p2-m1	3	control_requests_during_bulk	371	371	372
network-budget/formal-screen-v2	tap:nonblocking:mixed:5:tx	w8-p2-m1	3	control_requests_fully_contained	370	370	371
network-budget/formal-screen-v2	tap:nonblocking:mixed:5:tx	w8-p2-m1	3	control_received_bytes	65536	65536	65536
network-budget/formal-screen-v2	tap:nonblocking:mixed:5:tx	w8-p2-m1	3	control_rr_all_p50_ns	162596	156139	163606
network-budget/formal-screen-v2	tap:nonblocking:mixed:5:tx	w8-p2-m1	3	control_rr_all_p95_ns	2813200	2596187	2822585
network-budget/formal-screen-v2	tap:nonblocking:mixed:5:tx	w8-p2-m1	3	control_rr_all_p99_ns	3396392	3358278	3917226
network-budget/formal-screen-v2	tap:nonblocking:mixed:5:tx	w8-p2-m1	3	control_rr_all_max_ns	5180476	4339445	6130460
network-budget/formal-screen-v2	tap:nonblocking:mixed:5:tx	w8-p2-m1	3	control_rr_during_bulk_p50_ns	2322076	2223459	2349290
network-budget/formal-screen-v2	tap:nonblocking:mixed:5:tx	w8-p2-m1	3	control_rr_during_bulk_p95_ns	3128276	2985913	3277955
network-budget/formal-screen-v2	tap:nonblocking:mixed:5:tx	w8-p2-m1	3	control_rr_during_bulk_p99_ns	4198098	3798741	4344222
network-budget/formal-screen-v2	tap:nonblocking:mixed:5:tx	w8-p2-m1	3	control_rr_during_bulk_max_ns	5180476	4339445	6130460
network-budget/formal-screen-v2	tap:nonblocking:mixed:5:tx	w8-p2-m1	3	control_rr_fully_contained_p50_ns	2322076	2223527	2349290
network-budget/formal-screen-v2	tap:nonblocking:mixed:5:tx	w8-p2-m1	3	control_rr_fully_contained_p95_ns	3128276	2985913	3277955
network-budget/formal-screen-v2	tap:nonblocking:mixed:5:tx	w8-p2-m1	3	control_rr_fully_contained_p99_ns	4198098	3798741	4344222
network-budget/formal-screen-v2	tap:nonblocking:mixed:5:tx	w8-p2-m1	3	control_rr_fully_contained_max_ns	5180476	4339445	6130460
network-budget/formal-screen-v2	tap:nonblocking:mixed:5:tx	w8-p2-m2	3	receiver_bytes	20971520	20971520	20971520
network-budget/formal-screen-v2	tap:nonblocking:mixed:5:tx	w8-p2-m2	3	elapsed_ns	881393211	880690073	908475911
network-budget/formal-screen-v2	tap:nonblocking:mixed:5:tx	w8-p2-m2	3	receiver_mbit_s	190.34882264369972	184.67430778139806	190.50079607289953
network-budget/formal-screen-v2	tap:nonblocking:mixed:5:tx	w8-p2-m2	3	connection_mbit_s_min	38.079535240727914	36.93859792236019	38.1158782206713
network-budget/formal-screen-v2	tap:nonblocking:mixed:5:tx	w8-p2-m2	3	connection_mbit_s_max	38.33339165217941	37.2467994114895	38.469207563672946
network-budget/formal-screen-v2	tap:nonblocking:mixed:5:tx	w8-p2-m2	3	jain_completion_rate	0.9999907115622507	0.9999875766900975	0.9999929586492785
network-budget/formal-screen-v2	tap:nonblocking:mixed:5:tx	w8-p2-m2	3	completion_span_ns	7355688	5984093	8362640
network-budget/formal-screen-v2	tap:nonblocking:mixed:5:tx	w8-p2-m2	3	slowest_connection_ns	881167057	880326876	908384018
network-budget/formal-screen-v2	tap:nonblocking:mixed:5:tx	w8-p2-m2	3	rtt_p50_ns_median	791016	789745	932900
network-budget/formal-screen-v2	tap:nonblocking:mixed:5:tx	w8-p2-m2	3	rtt_max_ns	16012022	15766384	17212795
network-budget/formal-screen-v2	tap:nonblocking:mixed:5:tx	w8-p2-m2	3	control_completed_requests	1024	1024	1024
network-budget/formal-screen-v2	tap:nonblocking:mixed:5:tx	w8-p2-m2	3	control_requests_during_bulk	366	365	371
network-budget/formal-screen-v2	tap:nonblocking:mixed:5:tx	w8-p2-m2	3	control_requests_fully_contained	365	364	370
network-budget/formal-screen-v2	tap:nonblocking:mixed:5:tx	w8-p2-m2	3	control_received_bytes	65536	65536	65536
network-budget/formal-screen-v2	tap:nonblocking:mixed:5:tx	w8-p2-m2	3	control_rr_all_p50_ns	168423	160277	168822
network-budget/formal-screen-v2	tap:nonblocking:mixed:5:tx	w8-p2-m2	3	control_rr_all_p95_ns	2823087	2791598	2829037
network-budget/formal-screen-v2	tap:nonblocking:mixed:5:tx	w8-p2-m2	3	control_rr_all_p99_ns	3418780	3374459	3722244
network-budget/formal-screen-v2	tap:nonblocking:mixed:5:tx	w8-p2-m2	3	control_rr_all_max_ns	4948820	4900567	5510854
network-budget/formal-screen-v2	tap:nonblocking:mixed:5:tx	w8-p2-m2	3	control_rr_during_bulk_p50_ns	2303270	2277839	2389361
network-budget/formal-screen-v2	tap:nonblocking:mixed:5:tx	w8-p2-m2	3	control_rr_during_bulk_p95_ns	3225765	3195699	3433597
network-budget/formal-screen-v2	tap:nonblocking:mixed:5:tx	w8-p2-m2	3	control_rr_during_bulk_p99_ns	4273945	3757853	4320322
network-budget/formal-screen-v2	tap:nonblocking:mixed:5:tx	w8-p2-m2	3	control_rr_during_bulk_max_ns	4948820	4900567	5510854
network-budget/formal-screen-v2	tap:nonblocking:mixed:5:tx	w8-p2-m2	3	control_rr_fully_contained_p50_ns	2303270	2277839	2385606
network-budget/formal-screen-v2	tap:nonblocking:mixed:5:tx	w8-p2-m2	3	control_rr_fully_contained_p95_ns	3182630	3168889	3433597
network-budget/formal-screen-v2	tap:nonblocking:mixed:5:tx	w8-p2-m2	3	control_rr_fully_contained_p99_ns	4273945	3647885	4306515
network-budget/formal-screen-v2	tap:nonblocking:mixed:5:tx	w8-p2-m2	3	control_rr_fully_contained_max_ns	4900567	4861755	5510854
network-budget/formal-screen-v2	tap:nonblocking:mixed:5:tx	w8-p2-m4	3	receiver_bytes	20971520	20971520	20971520
network-budget/formal-screen-v2	tap:nonblocking:mixed:5:tx	w8-p2-m4	3	elapsed_ns	900365759	887450129	909910881
network-budget/formal-screen-v2	tap:nonblocking:mixed:5:tx	w8-p2-m4	3	receiver_mbit_s	186.33778364288062	184.3830681699475	189.04967672836972
network-budget/formal-screen-v2	tap:nonblocking:mixed:5:tx	w8-p2-m4	3	connection_mbit_s_min	37.281768562464855	36.880216697687054	37.82842871101
network-budget/formal-screen-v2	tap:nonblocking:mixed:5:tx	w8-p2-m4	3	connection_mbit_s_max	37.580518014798685	37.24048801875864	38.133884419245945
network-budget/formal-screen-v2	tap:nonblocking:mixed:5:tx	w8-p2-m4	3	jain_completion_rate	0.9999878021085941	0.9999839417515188	0.9999893475266667
network-budget/formal-screen-v2	tap:nonblocking:mixed:5:tx	w8-p2-m4	3	completion_span_ns	7538929	7315429	8751211
network-budget/formal-screen-v2	tap:nonblocking:mixed:5:tx	w8-p2-m4	3	slowest_connection_ns	900022539	887016277	909821986
network-budget/formal-screen-v2	tap:nonblocking:mixed:5:tx	w8-p2-m4	3	rtt_p50_ns_median	785247	779782	891938
network-budget/formal-screen-v2	tap:nonblocking:mixed:5:tx	w8-p2-m4	3	rtt_max_ns	15831768	15363832	15992612
network-budget/formal-screen-v2	tap:nonblocking:mixed:5:tx	w8-p2-m4	3	control_completed_requests	1024	1024	1024
network-budget/formal-screen-v2	tap:nonblocking:mixed:5:tx	w8-p2-m4	3	control_requests_during_bulk	369	369	370
network-budget/formal-screen-v2	tap:nonblocking:mixed:5:tx	w8-p2-m4	3	control_requests_fully_contained	368	368	369
network-budget/formal-screen-v2	tap:nonblocking:mixed:5:tx	w8-p2-m4	3	control_received_bytes	65536	65536	65536
network-budget/formal-screen-v2	tap:nonblocking:mixed:5:tx	w8-p2-m4	3	control_rr_all_p50_ns	167868	165767	169233
network-budget/formal-screen-v2	tap:nonblocking:mixed:5:tx	w8-p2-m4	3	control_rr_all_p95_ns	2813871	2722633	2823943
network-budget/formal-screen-v2	tap:nonblocking:mixed:5:tx	w8-p2-m4	3	control_rr_all_p99_ns	3777187	3440294	4056171
network-budget/formal-screen-v2	tap:nonblocking:mixed:5:tx	w8-p2-m4	3	control_rr_all_max_ns	5188403	4711729	6175234
network-budget/formal-screen-v2	tap:nonblocking:mixed:5:tx	w8-p2-m4	3	control_rr_during_bulk_p50_ns	2332955	2294439	2373219
network-budget/formal-screen-v2	tap:nonblocking:mixed:5:tx	w8-p2-m4	3	control_rr_during_bulk_p95_ns	3234186	3062637	3585915
network-budget/formal-screen-v2	tap:nonblocking:mixed:5:tx	w8-p2-m4	3	control_rr_during_bulk_p99_ns	4130999	4085998	4933614
network-budget/formal-screen-v2	tap:nonblocking:mixed:5:tx	w8-p2-m4	3	control_rr_during_bulk_max_ns	5188403	4711729	6175234
network-budget/formal-screen-v2	tap:nonblocking:mixed:5:tx	w8-p2-m4	3	control_rr_fully_contained_p50_ns	2332955	2294439	2373219
network-budget/formal-screen-v2	tap:nonblocking:mixed:5:tx	w8-p2-m4	3	control_rr_fully_contained_p95_ns	3234186	3061149	3585915
network-budget/formal-screen-v2	tap:nonblocking:mixed:5:tx	w8-p2-m4	3	control_rr_fully_contained_p99_ns	4130999	4085998	4933614
network-budget/formal-screen-v2	tap:nonblocking:mixed:5:tx	w8-p2-m4	3	control_rr_fully_contained_max_ns	5188403	4711729	6175234
network-budget/formal-screen-v2	tap:nonblocking:mixed:5:tx	w8-p4-m1	3	receiver_bytes	20971520	20971520	20971520
network-budget/formal-screen-v2	tap:nonblocking:mixed:5:tx	w8-p4-m1	3	elapsed_ns	906586303	897082354	965294888
network-budget/formal-screen-v2	tap:nonblocking:mixed:5:tx	w8-p4-m1	3	receiver_mbit_s	185.05922651249233	173.80404898611667	187.01979729276894
network-budget/formal-screen-v2	tap:nonblocking:mixed:5:tx	w8-p4-m1	3	connection_mbit_s_min	37.02368378995403	34.76907074598174	37.422599875789885
network-budget/formal-screen-v2	tap:nonblocking:mixed:5:tx	w8-p4-m1	3	connection_mbit_s_max	37.33036098156745	35.0539188333982	37.938256922871645
network-budget/formal-screen-v2	tap:nonblocking:mixed:5:tx	w8-p4-m1	3	jain_completion_rate	0.999987440679149	0.9999751073460145	0.9999921578231925
network-budget/formal-screen-v2	tap:nonblocking:mixed:5:tx	w8-p4-m1	3	completion_span_ns	7936381	7735311	12633918
network-budget/formal-screen-v2	tap:nonblocking:mixed:5:tx	w8-p4-m1	3	slowest_connection_ns	906296418	896635512	965065539
network-budget/formal-screen-v2	tap:nonblocking:mixed:5:tx	w8-p4-m1	3	rtt_p50_ns_median	835165	781715	852599
network-budget/formal-screen-v2	tap:nonblocking:mixed:5:tx	w8-p4-m1	3	rtt_max_ns	16150321	15158570	17669720
network-budget/formal-screen-v2	tap:nonblocking:mixed:5:tx	w8-p4-m1	3	control_completed_requests	1024	1024	1024
network-budget/formal-screen-v2	tap:nonblocking:mixed:5:tx	w8-p4-m1	3	control_requests_during_bulk	372	369	372
network-budget/formal-screen-v2	tap:nonblocking:mixed:5:tx	w8-p4-m1	3	control_requests_fully_contained	371	368	371
network-budget/formal-screen-v2	tap:nonblocking:mixed:5:tx	w8-p4-m1	3	control_received_bytes	65536	65536	65536
network-budget/formal-screen-v2	tap:nonblocking:mixed:5:tx	w8-p4-m1	3	control_rr_all_p50_ns	176430	160660	180672
network-budget/formal-screen-v2	tap:nonblocking:mixed:5:tx	w8-p4-m1	3	control_rr_all_p95_ns	2849327	2805345	3156866
network-budget/formal-screen-v2	tap:nonblocking:mixed:5:tx	w8-p4-m1	3	control_rr_all_p99_ns	3939153	3826599	4312690
network-budget/formal-screen-v2	tap:nonblocking:mixed:5:tx	w8-p4-m1	3	control_rr_all_max_ns	6051876	5138455	7149840
network-budget/formal-screen-v2	tap:nonblocking:mixed:5:tx	w8-p4-m1	3	control_rr_during_bulk_p50_ns	2334663	2269292	2439480
network-budget/formal-screen-v2	tap:nonblocking:mixed:5:tx	w8-p4-m1	3	control_rr_during_bulk_p95_ns	3474896	3356560	3972782
network-budget/formal-screen-v2	tap:nonblocking:mixed:5:tx	w8-p4-m1	3	control_rr_during_bulk_p99_ns	4725488	4346445	5009844
network-budget/formal-screen-v2	tap:nonblocking:mixed:5:tx	w8-p4-m1	3	control_rr_during_bulk_max_ns	6051876	5138455	7149840
network-budget/formal-screen-v2	tap:nonblocking:mixed:5:tx	w8-p4-m1	3	control_rr_fully_contained_p50_ns	2334663	2277350	2443011
network-budget/formal-screen-v2	tap:nonblocking:mixed:5:tx	w8-p4-m1	3	control_rr_fully_contained_p95_ns	3474896	3356560	3972782
network-budget/formal-screen-v2	tap:nonblocking:mixed:5:tx	w8-p4-m1	3	control_rr_fully_contained_p99_ns	4725488	4346445	5009844
network-budget/formal-screen-v2	tap:nonblocking:mixed:5:tx	w8-p4-m1	3	control_rr_fully_contained_max_ns	6051876	5138455	7149840
network-budget/formal-screen-v2	tap:nonblocking:mixed:5:tx	w8-p4-m2	3	receiver_bytes	20971520	20971520	20971520
network-budget/formal-screen-v2	tap:nonblocking:mixed:5:tx	w8-p4-m2	3	elapsed_ns	856141071	837857537	872933424
network-budget/formal-screen-v2	tap:nonblocking:mixed:5:tx	w8-p4-m2	3	receiver_mbit_s	195.9632187765934	192.19353433761978	200.23948295639667
network-budget/formal-screen-v2	tap:nonblocking:mixed:5:tx	w8-p4-m2	3	connection_mbit_s_min	39.20935119371189	38.4568402761525	40.05558034754037
network-budget/formal-screen-v2	tap:nonblocking:mixed:5:tx	w8-p4-m2	3	connection_mbit_s_max	39.683222119777604	38.83420756144506	40.49535519706062
network-budget/formal-screen-v2	tap:nonblocking:mixed:5:tx	w8-p4-m2	3	jain_completion_rate	0.9999801119102659	0.9999780874501448	0.9999848248231451
network-budget/formal-screen-v2	tap:nonblocking:mixed:5:tx	w8-p4-m2	3	completion_span_ns	9258014	8611779	10404475
network-budget/formal-screen-v2	tap:nonblocking:mixed:5:tx	w8-p4-m2	3	slowest_connection_ns	855776262	837696813	872521813
network-budget/formal-screen-v2	tap:nonblocking:mixed:5:tx	w8-p4-m2	3	rtt_p50_ns_median	876316	793548	1261682
network-budget/formal-screen-v2	tap:nonblocking:mixed:5:tx	w8-p4-m2	3	rtt_max_ns	14758858	14458822	17404169
network-budget/formal-screen-v2	tap:nonblocking:mixed:5:tx	w8-p4-m2	3	control_completed_requests	1024	1024	1024
network-budget/formal-screen-v2	tap:nonblocking:mixed:5:tx	w8-p4-m2	3	control_requests_during_bulk	371	371	372
network-budget/formal-screen-v2	tap:nonblocking:mixed:5:tx	w8-p4-m2	3	control_requests_fully_contained	370	370	371
network-budget/formal-screen-v2	tap:nonblocking:mixed:5:tx	w8-p4-m2	3	control_received_bytes	65536	65536	65536
network-budget/formal-screen-v2	tap:nonblocking:mixed:5:tx	w8-p4-m2	3	control_rr_all_p50_ns	169743	167543	172003
network-budget/formal-screen-v2	tap:nonblocking:mixed:5:tx	w8-p4-m2	3	control_rr_all_p95_ns	2605891	2586519	2765441
network-budget/formal-screen-v2	tap:nonblocking:mixed:5:tx	w8-p4-m2	3	control_rr_all_p99_ns	3548884	3535920	3644016
network-budget/formal-screen-v2	tap:nonblocking:mixed:5:tx	w8-p4-m2	3	control_rr_all_max_ns	5458523	4616112	5806060
network-budget/formal-screen-v2	tap:nonblocking:mixed:5:tx	w8-p4-m2	3	control_rr_during_bulk_p50_ns	2212922	2108219	2227257
network-budget/formal-screen-v2	tap:nonblocking:mixed:5:tx	w8-p4-m2	3	control_rr_during_bulk_p95_ns	3163226	2878160	3468416
network-budget/formal-screen-v2	tap:nonblocking:mixed:5:tx	w8-p4-m2	3	control_rr_during_bulk_p99_ns	4398578	3996531	4689776
network-budget/formal-screen-v2	tap:nonblocking:mixed:5:tx	w8-p4-m2	3	control_rr_during_bulk_max_ns	5458523	4616112	5806060
network-budget/formal-screen-v2	tap:nonblocking:mixed:5:tx	w8-p4-m2	3	control_rr_fully_contained_p50_ns	2212922	2110017	2227257
network-budget/formal-screen-v2	tap:nonblocking:mixed:5:tx	w8-p4-m2	3	control_rr_fully_contained_p95_ns	3163226	2878160	3468416
network-budget/formal-screen-v2	tap:nonblocking:mixed:5:tx	w8-p4-m2	3	control_rr_fully_contained_p99_ns	4398578	3996531	4689776
network-budget/formal-screen-v2	tap:nonblocking:mixed:5:tx	w8-p4-m2	3	control_rr_fully_contained_max_ns	5458523	4616112	5806060
network-budget/formal-screen-v2	tap:nonblocking:mixed:5:tx	w8-p4-m4	3	receiver_bytes	20971520	20971520	20971520
network-budget/formal-screen-v2	tap:nonblocking:mixed:5:tx	w8-p4-m4	3	elapsed_ns	882881088	862165541	940944280
network-budget/formal-screen-v2	tap:nonblocking:mixed:5:tx	w8-p4-m4	3	receiver_mbit_s	190.02803693536586	178.30190752634152	194.59390571955137
network-budget/formal-screen-v2	tap:nonblocking:mixed:5:tx	w8-p4-m4	3	connection_mbit_s_min	38.02517735676962	35.6731257163876	38.93211296781391
network-budget/formal-screen-v2	tap:nonblocking:mixed:5:tx	w8-p4-m4	3	connection_mbit_s_max	38.368320595073484	36.04073260974684	39.06809593108574
network-budget/formal-screen-v2	tap:nonblocking:mixed:5:tx	w8-p4-m4	3	jain_completion_rate	0.999987496151178	0.9999835598897184	0.9999987054784264
network-budget/formal-screen-v2	tap:nonblocking:mixed:5:tx	w8-p4-m4	3	completion_span_ns	8039866	3220045	9744941
network-budget/formal-screen-v2	tap:nonblocking:mixed:5:tx	w8-p4-m4	3	slowest_connection_ns	882426706	861870303	940608128
network-budget/formal-screen-v2	tap:nonblocking:mixed:5:tx	w8-p4-m4	3	rtt_p50_ns_median	832437	813929	977027
network-budget/formal-screen-v2	tap:nonblocking:mixed:5:tx	w8-p4-m4	3	rtt_max_ns	17347085	15743680	18947574
network-budget/formal-screen-v2	tap:nonblocking:mixed:5:tx	w8-p4-m4	3	control_completed_requests	1024	1024	1024
network-budget/formal-screen-v2	tap:nonblocking:mixed:5:tx	w8-p4-m4	3	control_requests_during_bulk	371	371	372
network-budget/formal-screen-v2	tap:nonblocking:mixed:5:tx	w8-p4-m4	3	control_requests_fully_contained	370	370	371
network-budget/formal-screen-v2	tap:nonblocking:mixed:5:tx	w8-p4-m4	3	control_received_bytes	65536	65536	65536
network-budget/formal-screen-v2	tap:nonblocking:mixed:5:tx	w8-p4-m4	3	control_rr_all_p50_ns	172472	167617	184209
network-budget/formal-screen-v2	tap:nonblocking:mixed:5:tx	w8-p4-m4	3	control_rr_all_p95_ns	2690943	2662056	2871059
network-budget/formal-screen-v2	tap:nonblocking:mixed:5:tx	w8-p4-m4	3	control_rr_all_p99_ns	3558802	3209676	4448041
network-budget/formal-screen-v2	tap:nonblocking:mixed:5:tx	w8-p4-m4	3	control_rr_all_max_ns	5665454	4248286	9042365
network-budget/formal-screen-v2	tap:nonblocking:mixed:5:tx	w8-p4-m4	3	control_rr_during_bulk_p50_ns	2331548	2231246	2402552
network-budget/formal-screen-v2	tap:nonblocking:mixed:5:tx	w8-p4-m4	3	control_rr_during_bulk_p95_ns	3324133	2932400	3914367
network-budget/formal-screen-v2	tap:nonblocking:mixed:5:tx	w8-p4-m4	3	control_rr_during_bulk_p99_ns	4217756	3685632	4998690
network-budget/formal-screen-v2	tap:nonblocking:mixed:5:tx	w8-p4-m4	3	control_rr_during_bulk_max_ns	5665454	4248286	9042365
network-budget/formal-screen-v2	tap:nonblocking:mixed:5:tx	w8-p4-m4	3	control_rr_fully_contained_p50_ns	2329516	2229965	2404353
network-budget/formal-screen-v2	tap:nonblocking:mixed:5:tx	w8-p4-m4	3	control_rr_fully_contained_p95_ns	3242324	2928962	3914367
network-budget/formal-screen-v2	tap:nonblocking:mixed:5:tx	w8-p4-m4	3	control_rr_fully_contained_p99_ns	4043287	3547172	4998690
network-budget/formal-screen-v2	tap:nonblocking:mixed:5:tx	w8-p4-m4	3	control_rr_fully_contained_max_ns	4944575	4248286	9042365
network-budget/formal-near-v2	tap:nonblocking:mixed:near:tx	baseline	3	receiver_bytes	113246208	113246208	113246208
network-budget/formal-near-v2	tap:nonblocking:mixed:near:tx	baseline	3	elapsed_ns	5001692224	4976498370	5087773543
network-budget/formal-near-v2	tap:nonblocking:mixed:near:tx	baseline	3	receiver_mbit_s	181.13262940346806	178.06800093264292	182.04962538749913
network-budget/formal-near-v2	tap:nonblocking:mixed:near:tx	baseline	3	connection_mbit_s_min	6.711534127474029	6.595236836655361	6.744390885590481
network-budget/formal-near-v2	tap:nonblocking:mixed:near:tx	baseline	3	connection_mbit_s_max	9.934667216792349	9.223167501128192	10.299194285993895
network-budget/formal-near-v2	tap:nonblocking:mixed:near:tx	baseline	3	jain_completion_rate	0.9884234063879129	0.9863497033304656	0.9935680364102735
network-budget/formal-near-v2	tap:nonblocking:mixed:near:tx	baseline	3	completion_span_ns	1709357319	1363632740	1718531672
network-budget/formal-near-v2	tap:nonblocking:mixed:near:tx	baseline	3	slowest_connection_ns	4999517452	4975161222	5087676581
network-budget/formal-near-v2	tap:nonblocking:mixed:near:tx	baseline	3	rtt_p50_ns_median	3597758	3535773	3742754
network-budget/formal-near-v2	tap:nonblocking:mixed:near:tx	baseline	3	rtt_max_ns	30627997	30120464	33219544
network-budget/formal-near-v2	tap:nonblocking:mixed:near:tx	baseline	3	control_completed_requests	1024	1024	1024
network-budget/formal-near-v2	tap:nonblocking:mixed:near:tx	baseline	3	control_requests_during_bulk	287	220	300
network-budget/formal-near-v2	tap:nonblocking:mixed:near:tx	baseline	3	control_requests_fully_contained	286	219	299
network-budget/formal-near-v2	tap:nonblocking:mixed:near:tx	baseline	3	control_received_bytes	65536	65536	65536
network-budget/formal-near-v2	tap:nonblocking:mixed:near:tx	baseline	3	control_rr_all_p50_ns	143742	136866	148035
network-budget/formal-near-v2	tap:nonblocking:mixed:near:tx	baseline	3	control_rr_all_p95_ns	7228374	7182577	7541372
network-budget/formal-near-v2	tap:nonblocking:mixed:near:tx	baseline	3	control_rr_all_p99_ns	257399961	257010188	257438182
network-budget/formal-near-v2	tap:nonblocking:mixed:near:tx	baseline	3	control_rr_all_max_ns	511778126	507421603	514850285
network-budget/formal-near-v2	tap:nonblocking:mixed:near:tx	baseline	3	control_rr_during_bulk_p50_ns	5944155	5406402	5971414
network-budget/formal-near-v2	tap:nonblocking:mixed:near:tx	baseline	3	control_rr_during_bulk_p95_ns	10526652	9763728	256990132
network-budget/formal-near-v2	tap:nonblocking:mixed:near:tx	baseline	3	control_rr_during_bulk_p99_ns	258824223	258475140	259021980
network-budget/formal-near-v2	tap:nonblocking:mixed:near:tx	baseline	3	control_rr_during_bulk_max_ns	511778126	507421603	514850285
network-budget/formal-near-v2	tap:nonblocking:mixed:near:tx	baseline	3	control_rr_fully_contained_p50_ns	5944155	5411378	6013550
network-budget/formal-near-v2	tap:nonblocking:mixed:near:tx	baseline	3	control_rr_fully_contained_p95_ns	11175663	9763728	257010188
network-budget/formal-near-v2	tap:nonblocking:mixed:near:tx	baseline	3	control_rr_fully_contained_p99_ns	258986153	258824223	259021980
network-budget/formal-near-v2	tap:nonblocking:mixed:near:tx	baseline	3	control_rr_fully_contained_max_ns	511778126	507421603	514850285
network-budget/formal-near-v2	tap:nonblocking:mixed:near:tx	w16-p1-m1	3	receiver_bytes	113246208	113246208	113246208
network-budget/formal-near-v2	tap:nonblocking:mixed:near:tx	w16-p1-m1	3	elapsed_ns	12699433773	12613727098	13408573034
network-budget/formal-near-v2	tap:nonblocking:mixed:near:tx	w16-p1-m1	3	receiver_mbit_s	71.33937466772441	67.56644884602863	71.82410535452668
network-budget/formal-near-v2	tap:nonblocking:mixed:near:tx	w16-p1-m1	3	connection_mbit_s_min	2.642592276638085	2.5026645992120806	2.6603144577170643
network-budget/formal-near-v2	tap:nonblocking:mixed:near:tx	w16-p1-m1	3	connection_mbit_s_max	2.7879087688786393	2.778357692654987	2.9147390375072546
network-budget/formal-near-v2	tap:nonblocking:mixed:near:tx	w16-p1-m1	3	jain_completion_rate	0.9994984914203303	0.9994370484081271	0.9996787478685984
network-budget/formal-near-v2	tap:nonblocking:mixed:near:tx	w16-p1-m1	3	completion_span_ns	1099958582	662352131	1330751949
network-budget/formal-near-v2	tap:nonblocking:mixed:near:tx	w16-p1-m1	3	slowest_connection_ns	12697544111	12612957052	13407482573
network-budget/formal-near-v2	tap:nonblocking:mixed:near:tx	w16-p1-m1	3	rtt_p50_ns_median	4119913	3812760	7523814
network-budget/formal-near-v2	tap:nonblocking:mixed:near:tx	w16-p1-m1	3	rtt_max_ns	35439468	31414317	38241698
network-budget/formal-near-v2	tap:nonblocking:mixed:near:tx	w16-p1-m1	3	control_completed_requests	1024	1024	1024
network-budget/formal-near-v2	tap:nonblocking:mixed:near:tx	w16-p1-m1	3	control_requests_during_bulk	872	520	1024
network-budget/formal-near-v2	tap:nonblocking:mixed:near:tx	w16-p1-m1	3	control_requests_fully_contained	871	519	1024
network-budget/formal-near-v2	tap:nonblocking:mixed:near:tx	w16-p1-m1	3	control_received_bytes	65536	65536	65536
network-budget/formal-near-v2	tap:nonblocking:mixed:near:tx	w16-p1-m1	3	control_rr_all_p50_ns	2931886	1326819	3541641
network-budget/formal-near-v2	tap:nonblocking:mixed:near:tx	w16-p1-m1	3	control_rr_all_p95_ns	33892307	33684364	35688505
network-budget/formal-near-v2	tap:nonblocking:mixed:near:tx	w16-p1-m1	3	control_rr_all_p99_ns	44464080	43729524	44589370
network-budget/formal-near-v2	tap:nonblocking:mixed:near:tx	w16-p1-m1	3	control_rr_all_max_ns	57116246	56523807	59948993
network-budget/formal-near-v2	tap:nonblocking:mixed:near:tx	w16-p1-m1	3	control_rr_during_bulk_p50_ns	18254538	3541641	23174633
network-budget/formal-near-v2	tap:nonblocking:mixed:near:tx	w16-p1-m1	3	control_rr_during_bulk_p95_ns	35688505	34682173	37941594
network-budget/formal-near-v2	tap:nonblocking:mixed:near:tx	w16-p1-m1	3	control_rr_during_bulk_p99_ns	45378087	44589370	46132320
network-budget/formal-near-v2	tap:nonblocking:mixed:near:tx	w16-p1-m1	3	control_rr_during_bulk_max_ns	57116246	56523807	59948993
network-budget/formal-near-v2	tap:nonblocking:mixed:near:tx	w16-p1-m1	3	control_rr_fully_contained_p50_ns	18297505	3541641	23265871
network-budget/formal-near-v2	tap:nonblocking:mixed:near:tx	w16-p1-m1	3	control_rr_fully_contained_p95_ns	35688505	34682173	38459783
network-budget/formal-near-v2	tap:nonblocking:mixed:near:tx	w16-p1-m1	3	control_rr_fully_contained_p99_ns	45378087	44589370	46132320
network-budget/formal-near-v2	tap:nonblocking:mixed:near:tx	w16-p1-m1	3	control_rr_fully_contained_max_ns	57116246	56523807	59948993
network-budget/formal-near-v2	tap:nonblocking:mixed:near:tx	w16-p1-m2	3	receiver_bytes	113246208	113246208	113246208
network-budget/formal-near-v2	tap:nonblocking:mixed:near:tx	w16-p1-m2	3	elapsed_ns	12992682856	12435727861	13416497015
network-budget/formal-near-v2	tap:nonblocking:mixed:near:tx	w16-p1-m2	3	receiver_mbit_s	69.72922175050434	67.52654310488809	72.85216226395838
network-budget/formal-near-v2	tap:nonblocking:mixed:near:tx	w16-p1-m2	3	connection_mbit_s_min	2.58274534197441	2.501101664486706	2.698654598591809
network-budget/formal-near-v2	tap:nonblocking:mixed:near:tx	w16-p1-m2	3	connection_mbit_s_max	2.7583745833539686	2.6468771187787157	2.8799440951770086
network-budget/formal-near-v2	tap:nonblocking:mixed:near:tx	w16-p1-m2	3	jain_completion_rate	0.9997230444398315	0.9996932972486131	0.9997496093608873
network-budget/formal-near-v2	tap:nonblocking:mixed:near:tx	w16-p1-m2	3	completion_span_ns	784537134	739508060	827439430
network-budget/formal-near-v2	tap:nonblocking:mixed:near:tx	w16-p1-m2	3	slowest_connection_ns	12991769438	12433763112	13415860889
network-budget/formal-near-v2	tap:nonblocking:mixed:near:tx	w16-p1-m2	3	rtt_p50_ns_median	3807670	3748660	3852211
network-budget/formal-near-v2	tap:nonblocking:mixed:near:tx	w16-p1-m2	3	rtt_max_ns	32495305	31065881	34379617
network-budget/formal-near-v2	tap:nonblocking:mixed:near:tx	w16-p1-m2	3	control_completed_requests	1024	1024	1024
network-budget/formal-near-v2	tap:nonblocking:mixed:near:tx	w16-p1-m2	3	control_requests_during_bulk	515	513	1024
network-budget/formal-near-v2	tap:nonblocking:mixed:near:tx	w16-p1-m2	3	control_requests_fully_contained	514	512	1024
network-budget/formal-near-v2	tap:nonblocking:mixed:near:tx	w16-p1-m2	3	control_received_bytes	65536	65536	65536
network-budget/formal-near-v2	tap:nonblocking:mixed:near:tx	w16-p1-m2	3	control_rr_all_p50_ns	1372632	659496	7258943
network-budget/formal-near-v2	tap:nonblocking:mixed:near:tx	w16-p1-m2	3	control_rr_all_p95_ns	35029398	32526366	35557063
network-budget/formal-near-v2	tap:nonblocking:mixed:near:tx	w16-p1-m2	3	control_rr_all_p99_ns	42516673	40728776	42953756
network-budget/formal-near-v2	tap:nonblocking:mixed:near:tx	w16-p1-m2	3	control_rr_all_max_ns	59279368	57380585	73562378
network-budget/formal-near-v2	tap:nonblocking:mixed:near:tx	w16-p1-m2	3	control_rr_during_bulk_p50_ns	23335165	7258943	24115987
network-budget/formal-near-v2	tap:nonblocking:mixed:near:tx	w16-p1-m2	3	control_rr_during_bulk_p95_ns	36718588	35557063	38335301
network-budget/formal-near-v2	tap:nonblocking:mixed:near:tx	w16-p1-m2	3	control_rr_during_bulk_p99_ns	44251978	42953756	48847278
network-budget/formal-near-v2	tap:nonblocking:mixed:near:tx	w16-p1-m2	3	control_rr_during_bulk_max_ns	59279368	57380585	73562378
network-budget/formal-near-v2	tap:nonblocking:mixed:near:tx	w16-p1-m2	3	control_rr_fully_contained_p50_ns	23335165	7258943	24115987
network-budget/formal-near-v2	tap:nonblocking:mixed:near:tx	w16-p1-m2	3	control_rr_fully_contained_p95_ns	36718588	35557063	38335301
network-budget/formal-near-v2	tap:nonblocking:mixed:near:tx	w16-p1-m2	3	control_rr_fully_contained_p99_ns	44251978	42953756	48847278
network-budget/formal-near-v2	tap:nonblocking:mixed:near:tx	w16-p1-m2	3	control_rr_fully_contained_max_ns	59279368	57380585	73562378
network-budget/formal-near-v2	tap:nonblocking:mixed:near:tx	w16-p1-m4	3	receiver_bytes	113246208	113246208	113246208
network-budget/formal-near-v2	tap:nonblocking:mixed:near:tx	w16-p1-m4	3	elapsed_ns	13151524400	12659182068	13184368641
network-budget/formal-near-v2	tap:nonblocking:mixed:near:tx	w16-p1-m4	3	receiver_mbit_s	68.88704582413276	68.7154378543897	71.56620855387796
network-budget/formal-near-v2	tap:nonblocking:mixed:near:tx	w16-p1-m4	3	connection_mbit_s_min	2.5515033620167813	2.545083374728893	2.650647356068276
network-budget/formal-near-v2	tap:nonblocking:mixed:near:tx	w16-p1-m4	3	connection_mbit_s_max	2.772361993375754	2.752207550338497	2.811115722013758
network-budget/formal-near-v2	tap:nonblocking:mixed:near:tx	w16-p1-m4	3	jain_completion_rate	0.9996812435520203	0.999461338731468	0.9998145269635484
network-budget/formal-near-v2	tap:nonblocking:mixed:near:tx	w16-p1-m4	3	completion_span_ns	959260892	553637516	1246948296
network-budget/formal-near-v2	tap:nonblocking:mixed:near:tx	w16-p1-m4	3	slowest_connection_ns	13150847653	12658957414	13184020741
network-budget/formal-near-v2	tap:nonblocking:mixed:near:tx	w16-p1-m4	3	rtt_p50_ns_median	4419550	3886866	4482873
network-budget/formal-near-v2	tap:nonblocking:mixed:near:tx	w16-p1-m4	3	rtt_max_ns	32781252	32497068	37969470
network-budget/formal-near-v2	tap:nonblocking:mixed:near:tx	w16-p1-m4	3	control_completed_requests	1024	1024	1024
network-budget/formal-near-v2	tap:nonblocking:mixed:near:tx	w16-p1-m4	3	control_requests_during_bulk	914	528	1024
network-budget/formal-near-v2	tap:nonblocking:mixed:near:tx	w16-p1-m4	3	control_requests_fully_contained	913	527	1024
network-budget/formal-near-v2	tap:nonblocking:mixed:near:tx	w16-p1-m4	3	control_received_bytes	65536	65536	65536
network-budget/formal-near-v2	tap:nonblocking:mixed:near:tx	w16-p1-m4	3	control_rr_all_p50_ns	10881667	1934491	11407185
network-budget/formal-near-v2	tap:nonblocking:mixed:near:tx	w16-p1-m4	3	control_rr_all_p95_ns	34058868	33581325	34570450
network-budget/formal-near-v2	tap:nonblocking:mixed:near:tx	w16-p1-m4	3	control_rr_all_p99_ns	42658169	41876017	43695688
network-budget/formal-near-v2	tap:nonblocking:mixed:near:tx	w16-p1-m4	3	control_rr_all_max_ns	57899319	56218995	58767160
network-budget/formal-near-v2	tap:nonblocking:mixed:near:tx	w16-p1-m4	3	control_rr_during_bulk_p50_ns	17712365	10881667	23788525
network-budget/formal-near-v2	tap:nonblocking:mixed:near:tx	w16-p1-m4	3	control_rr_during_bulk_p95_ns	34353908	34058868	37954425
network-budget/formal-near-v2	tap:nonblocking:mixed:near:tx	w16-p1-m4	3	control_rr_during_bulk_p99_ns	42945468	42658169	48952775
network-budget/formal-near-v2	tap:nonblocking:mixed:near:tx	w16-p1-m4	3	control_rr_during_bulk_max_ns	57899319	56218995	58767160
network-budget/formal-near-v2	tap:nonblocking:mixed:near:tx	w16-p1-m4	3	control_rr_fully_contained_p50_ns	17721615	10881667	23854877
network-budget/formal-near-v2	tap:nonblocking:mixed:near:tx	w16-p1-m4	3	control_rr_fully_contained_p95_ns	34353908	34058868	37954425
network-budget/formal-near-v2	tap:nonblocking:mixed:near:tx	w16-p1-m4	3	control_rr_fully_contained_p99_ns	42945468	42658169	48952775
network-budget/formal-near-v2	tap:nonblocking:mixed:near:tx	w16-p1-m4	3	control_rr_fully_contained_max_ns	57899319	56218995	58767160
network-budget/formal-near-v2	tap:nonblocking:mixed:near:tx	w16-p2-m1	3	receiver_bytes	113246208	113246208	113246208
network-budget/formal-near-v2	tap:nonblocking:mixed:near:tx	w16-p2-m1	3	elapsed_ns	12012220793	11882897320	12074174192
network-budget/formal-near-v2	tap:nonblocking:mixed:near:tx	w16-p2-m1	3	receiver_mbit_s	75.42066364014427	75.03367514776036	76.24147879113374
network-budget/formal-near-v2	tap:nonblocking:mixed:near:tx	w16-p2-m1	3	connection_mbit_s_min	2.793622454386014	2.779386359849629	2.824214900811379
network-budget/formal-near-v2	tap:nonblocking:mixed:near:tx	w16-p2-m1	3	connection_mbit_s_max	2.992298619081999	2.9071448538542644	3.012175076452757
network-budget/formal-near-v2	tap:nonblocking:mixed:near:tx	w16-p2-m1	3	jain_completion_rate	0.9997804457621571	0.9996264129290722	0.9997967160220355
network-budget/formal-near-v2	tap:nonblocking:mixed:near:tx	w16-p2-m1	3	completion_span_ns	743067949	532000298	797854302
network-budget/formal-near-v2	tap:nonblocking:mixed:near:tx	w16-p2-m1	3	slowest_connection_ns	12011083297	11880976901	12072604401
network-budget/formal-near-v2	tap:nonblocking:mixed:near:tx	w16-p2-m1	3	rtt_p50_ns_median	3971174	3709280	4191137
network-budget/formal-near-v2	tap:nonblocking:mixed:near:tx	w16-p2-m1	3	rtt_max_ns	31040675	31003062	33494860
network-budget/formal-near-v2	tap:nonblocking:mixed:near:tx	w16-p2-m1	3	control_completed_requests	1024	1024	1024
network-budget/formal-near-v2	tap:nonblocking:mixed:near:tx	w16-p2-m1	3	control_requests_during_bulk	484	481	487
network-budget/formal-near-v2	tap:nonblocking:mixed:near:tx	w16-p2-m1	3	control_requests_fully_contained	483	480	486
network-budget/formal-near-v2	tap:nonblocking:mixed:near:tx	w16-p2-m1	3	control_received_bytes	65536	65536	65536
network-budget/formal-near-v2	tap:nonblocking:mixed:near:tx	w16-p2-m1	3	control_rr_all_p50_ns	202544	178885	216453
network-budget/formal-near-v2	tap:nonblocking:mixed:near:tx	w16-p2-m1	3	control_rr_all_p95_ns	31588553	31541572	32413513
network-budget/formal-near-v2	tap:nonblocking:mixed:near:tx	w16-p2-m1	3	control_rr_all_p99_ns	38466174	37940061	39182393
network-budget/formal-near-v2	tap:nonblocking:mixed:near:tx	w16-p2-m1	3	control_rr_all_max_ns	47957165	45095003	50514743
network-budget/formal-near-v2	tap:nonblocking:mixed:near:tx	w16-p2-m1	3	control_rr_during_bulk_p50_ns	24266622	23822676	24279160
network-budget/formal-near-v2	tap:nonblocking:mixed:near:tx	w16-p2-m1	3	control_rr_during_bulk_p95_ns	36107152	36059944	36218414
network-budget/formal-near-v2	tap:nonblocking:mixed:near:tx	w16-p2-m1	3	control_rr_during_bulk_p99_ns	40646070	39572567	41422719
network-budget/formal-near-v2	tap:nonblocking:mixed:near:tx	w16-p2-m1	3	control_rr_during_bulk_max_ns	47957165	45095003	50514743
network-budget/formal-near-v2	tap:nonblocking:mixed:near:tx	w16-p2-m1	3	control_rr_fully_contained_p50_ns	24277714	23822676	24279160
network-budget/formal-near-v2	tap:nonblocking:mixed:near:tx	w16-p2-m1	3	control_rr_fully_contained_p95_ns	36107152	36059944	36218414
network-budget/formal-near-v2	tap:nonblocking:mixed:near:tx	w16-p2-m1	3	control_rr_fully_contained_p99_ns	40646070	39572567	41422719
network-budget/formal-near-v2	tap:nonblocking:mixed:near:tx	w16-p2-m1	3	control_rr_fully_contained_max_ns	47957165	45095003	50514743
network-budget/formal-near-v2	tap:nonblocking:mixed:near:tx	w16-p2-m2	3	receiver_bytes	113246208	113246208	113246208
network-budget/formal-near-v2	tap:nonblocking:mixed:near:tx	w16-p2-m2	3	elapsed_ns	11916375853	11220845669	12556771514
network-budget/formal-near-v2	tap:nonblocking:mixed:near:tx	w16-p2-m2	3	receiver_mbit_s	76.02728171518005	72.14988844783085	80.7398738673446
network-budget/formal-near-v2	tap:nonblocking:mixed:near:tx	w16-p2-m2	3	connection_mbit_s_min	2.8159661990170526	2.672484008615604	2.9906093625793524
network-budget/formal-near-v2	tap:nonblocking:mixed:near:tx	w16-p2-m2	3	connection_mbit_s_max	2.925381534787917	2.8039035963056307	3.1127492325576798
network-budget/formal-near-v2	tap:nonblocking:mixed:near:tx	w16-p2-m2	3	jain_completion_rate	0.999913846851341	0.9998595378085694	0.9999157756528004
network-budget/formal-near-v2	tap:nonblocking:mixed:near:tx	w16-p2-m2	3	completion_span_ns	444124341	440867773	588103480
network-budget/formal-near-v2	tap:nonblocking:mixed:near:tx	w16-p2-m2	3	slowest_connection_ns	11915779391	11219931436	12555522088
network-budget/formal-near-v2	tap:nonblocking:mixed:near:tx	w16-p2-m2	3	rtt_p50_ns_median	4002342	3840631	4373511
network-budget/formal-near-v2	tap:nonblocking:mixed:near:tx	w16-p2-m2	3	rtt_max_ns	34231032	30577940	34946018
network-budget/formal-near-v2	tap:nonblocking:mixed:near:tx	w16-p2-m2	3	control_completed_requests	1024	1024	1024
network-budget/formal-near-v2	tap:nonblocking:mixed:near:tx	w16-p2-m2	3	control_requests_during_bulk	284	284	549
network-budget/formal-near-v2	tap:nonblocking:mixed:near:tx	w16-p2-m2	3	control_requests_fully_contained	283	283	548
network-budget/formal-near-v2	tap:nonblocking:mixed:near:tx	w16-p2-m2	3	control_received_bytes	65536	65536	65536
network-budget/formal-near-v2	tap:nonblocking:mixed:near:tx	w16-p2-m2	3	control_rr_all_p50_ns	172934	171836	182756
network-budget/formal-near-v2	tap:nonblocking:mixed:near:tx	w16-p2-m2	3	control_rr_all_p95_ns	50113242	47709677	53337631
network-budget/formal-near-v2	tap:nonblocking:mixed:near:tx	w16-p2-m2	3	control_rr_all_p99_ns	63494466	61386283	66473615
network-budget/formal-near-v2	tap:nonblocking:mixed:near:tx	w16-p2-m2	3	control_rr_all_max_ns	87048626	72591941	90363616
network-budget/formal-near-v2	tap:nonblocking:mixed:near:tx	w16-p2-m2	3	control_rr_during_bulk_p50_ns	37596459	13494864	43631279
network-budget/formal-near-v2	tap:nonblocking:mixed:near:tx	w16-p2-m2	3	control_rr_during_bulk_p95_ns	57788981	57616251	62151180
network-budget/formal-near-v2	tap:nonblocking:mixed:near:tx	w16-p2-m2	3	control_rr_during_bulk_p99_ns	78309269	67071554	79355967
network-budget/formal-near-v2	tap:nonblocking:mixed:near:tx	w16-p2-m2	3	control_rr_during_bulk_max_ns	87048626	72591941	90363616
network-budget/formal-near-v2	tap:nonblocking:mixed:near:tx	w16-p2-m2	3	control_rr_fully_contained_p50_ns	37942649	13494864	43640529
network-budget/formal-near-v2	tap:nonblocking:mixed:near:tx	w16-p2-m2	3	control_rr_fully_contained_p95_ns	57788981	57616251	62151180
network-budget/formal-near-v2	tap:nonblocking:mixed:near:tx	w16-p2-m2	3	control_rr_fully_contained_p99_ns	78309269	67071554	79355967
network-budget/formal-near-v2	tap:nonblocking:mixed:near:tx	w16-p2-m2	3	control_rr_fully_contained_max_ns	87048626	72591941	90363616
network-budget/formal-near-v2	tap:nonblocking:mixed:near:tx	w16-p2-m4	3	receiver_bytes	113246208	113246208	113246208
network-budget/formal-near-v2	tap:nonblocking:mixed:near:tx	w16-p2-m4	3	elapsed_ns	12420742140	11913866822	12632878153
network-budget/formal-near-v2	tap:nonblocking:mixed:near:tx	w16-p2-m4	3	receiver_mbit_s	72.940058958506	71.71522221837107	76.04329287339753
network-budget/formal-near-v2	tap:nonblocking:mixed:near:tx	w16-p2-m4	3	connection_mbit_s_min	2.702084753435914	2.656328687499342	2.8166730244766387
network-budget/formal-near-v2	tap:nonblocking:mixed:near:tx	w16-p2-m4	3	connection_mbit_s_max	2.794561339749553	2.752981282426945	2.9414574229826536
network-budget/formal-near-v2	tap:nonblocking:mixed:near:tx	w16-p2-m4	3	jain_completion_rate	0.9999156469346405	0.9999099549352344	0.9999158739729848
network-budget/formal-near-v2	tap:nonblocking:mixed:near:tx	w16-p2-m4	3	completion_span_ns	444051017	413529656	506449622
network-budget/formal-near-v2	tap:nonblocking:mixed:near:tx	w16-p2-m4	3	slowest_connection_ns	12417979102	11912789205	12631882552
network-budget/formal-near-v2	tap:nonblocking:mixed:near:tx	w16-p2-m4	3	rtt_p50_ns_median	4018411	3816785	6055899
network-budget/formal-near-v2	tap:nonblocking:mixed:near:tx	w16-p2-m4	3	rtt_max_ns	31859553	17282262	38223479
network-budget/formal-near-v2	tap:nonblocking:mixed:near:tx	w16-p2-m4	3	control_completed_requests	1024	1024	1024
network-budget/formal-near-v2	tap:nonblocking:mixed:near:tx	w16-p2-m4	3	control_requests_during_bulk	587	287	1024
network-budget/formal-near-v2	tap:nonblocking:mixed:near:tx	w16-p2-m4	3	control_requests_fully_contained	586	286	1024
network-budget/formal-near-v2	tap:nonblocking:mixed:near:tx	w16-p2-m4	3	control_received_bytes	65536	65536	65536
network-budget/formal-near-v2	tap:nonblocking:mixed:near:tx	w16-p2-m4	3	control_rr_all_p50_ns	170046	159138	173883
network-budget/formal-near-v2	tap:nonblocking:mixed:near:tx	w16-p2-m4	3	control_rr_all_p95_ns	53687951	50262515	54039073
network-budget/formal-near-v2	tap:nonblocking:mixed:near:tx	w16-p2-m4	3	control_rr_all_p99_ns	64113339	62619692	67812945
network-budget/formal-near-v2	tap:nonblocking:mixed:near:tx	w16-p2-m4	3	control_rr_all_max_ns	91152422	85088569	91791520
network-budget/formal-near-v2	tap:nonblocking:mixed:near:tx	w16-p2-m4	3	control_rr_during_bulk_p50_ns	345965	159138	41955737
network-budget/formal-near-v2	tap:nonblocking:mixed:near:tx	w16-p2-m4	3	control_rr_during_bulk_p95_ns	58310280	50262515	61995613
network-budget/formal-near-v2	tap:nonblocking:mixed:near:tx	w16-p2-m4	3	control_rr_during_bulk_p99_ns	70355817	64113339	83213597
network-budget/formal-near-v2	tap:nonblocking:mixed:near:tx	w16-p2-m4	3	control_rr_during_bulk_max_ns	91152422	85088569	91791520
network-budget/formal-near-v2	tap:nonblocking:mixed:near:tx	w16-p2-m4	3	control_rr_fully_contained_p50_ns	306156	159138	41955737
network-budget/formal-near-v2	tap:nonblocking:mixed:near:tx	w16-p2-m4	3	control_rr_fully_contained_p95_ns	58310280	50262515	61995613
network-budget/formal-near-v2	tap:nonblocking:mixed:near:tx	w16-p2-m4	3	control_rr_fully_contained_p99_ns	70355817	64113339	83213597
network-budget/formal-near-v2	tap:nonblocking:mixed:near:tx	w16-p2-m4	3	control_rr_fully_contained_max_ns	91152422	85088569	91791520
network-budget/formal-near-v2	tap:nonblocking:mixed:near:tx	w16-p4-m1	3	receiver_bytes	113246208	113246208	113246208
network-budget/formal-near-v2	tap:nonblocking:mixed:near:tx	w16-p4-m1	3	elapsed_ns	12111220106	12075882273	12663294317
network-budget/formal-near-v2	tap:nonblocking:mixed:near:tx	w16-p4-m1	3	receiver_mbit_s	74.80416143631764	71.54296830831528	75.02306196091548
network-budget/formal-near-v2	tap:nonblocking:mixed:near:tx	w16-p4-m1	3	connection_mbit_s_min	2.7707462496273214	2.6500722137276393	2.779081884913191
network-budget/formal-near-v2	tap:nonblocking:mixed:near:tx	w16-p4-m1	3	connection_mbit_s_max	2.952863859613043	2.837125193060992	3.0883797069742633
network-budget/formal-near-v2	tap:nonblocking:mixed:near:tx	w16-p4-m1	3	jain_completion_rate	0.9996735827441144	0.9994904331533413	0.9997792572178115
network-budget/formal-near-v2	tap:nonblocking:mixed:near:tx	w16-p4-m1	3	completion_span_ns	836222931	710361987	1244309518
network-budget/formal-near-v2	tap:nonblocking:mixed:near:tx	w16-p4-m1	3	slowest_connection_ns	12110250805	12073927070	12661704774
network-budget/formal-near-v2	tap:nonblocking:mixed:near:tx	w16-p4-m1	3	rtt_p50_ns_median	4016818	3838694	4236099
network-budget/formal-near-v2	tap:nonblocking:mixed:near:tx	w16-p4-m1	3	rtt_max_ns	33396634	33199067	35300116
network-budget/formal-near-v2	tap:nonblocking:mixed:near:tx	w16-p4-m1	3	control_completed_requests	1024	1024	1024
network-budget/formal-near-v2	tap:nonblocking:mixed:near:tx	w16-p4-m1	3	control_requests_during_bulk	484	482	485
network-budget/formal-near-v2	tap:nonblocking:mixed:near:tx	w16-p4-m1	3	control_requests_fully_contained	483	481	484
network-budget/formal-near-v2	tap:nonblocking:mixed:near:tx	w16-p4-m1	3	control_received_bytes	65536	65536	65536
network-budget/formal-near-v2	tap:nonblocking:mixed:near:tx	w16-p4-m1	3	control_rr_all_p50_ns	305975	194593	379396
network-budget/formal-near-v2	tap:nonblocking:mixed:near:tx	w16-p4-m1	3	control_rr_all_p95_ns	32130698	31418221	35643028
network-budget/formal-near-v2	tap:nonblocking:mixed:near:tx	w16-p4-m1	3	control_rr_all_p99_ns	38230102	37112691	41795360
network-budget/formal-near-v2	tap:nonblocking:mixed:near:tx	w16-p4-m1	3	control_rr_all_max_ns	47228874	46042374	49060520
network-budget/formal-near-v2	tap:nonblocking:mixed:near:tx	w16-p4-m1	3	control_rr_during_bulk_p50_ns	24682401	24502947	25152188
network-budget/formal-near-v2	tap:nonblocking:mixed:near:tx	w16-p4-m1	3	control_rr_during_bulk_p95_ns	35606101	35224792	39226147
network-budget/formal-near-v2	tap:nonblocking:mixed:near:tx	w16-p4-m1	3	control_rr_during_bulk_p99_ns	40665897	38051750	45248432
network-budget/formal-near-v2	tap:nonblocking:mixed:near:tx	w16-p4-m1	3	control_rr_during_bulk_max_ns	47228874	46042374	49060520
network-budget/formal-near-v2	tap:nonblocking:mixed:near:tx	w16-p4-m1	3	control_rr_fully_contained_p50_ns	24695177	24502947	25166403
network-budget/formal-near-v2	tap:nonblocking:mixed:near:tx	w16-p4-m1	3	control_rr_fully_contained_p95_ns	35606101	35224792	39226147
network-budget/formal-near-v2	tap:nonblocking:mixed:near:tx	w16-p4-m1	3	control_rr_fully_contained_p99_ns	40665897	38051750	45248432
network-budget/formal-near-v2	tap:nonblocking:mixed:near:tx	w16-p4-m1	3	control_rr_fully_contained_max_ns	47228874	46042374	49060520
network-budget/formal-near-v2	tap:nonblocking:mixed:near:tx	w16-p4-m2	3	receiver_bytes	113246208	113246208	113246208
network-budget/formal-near-v2	tap:nonblocking:mixed:near:tx	w16-p4-m2	3	elapsed_ns	12145272250	11970822254	13090354095
network-budget/formal-near-v2	tap:nonblocking:mixed:near:tx	w16-p4-m2	3	receiver_mbit_s	74.59443027306367	69.20895014948792	75.68148994086634
network-budget/formal-near-v2	tap:nonblocking:mixed:near:tx	w16-p4-m2	3	connection_mbit_s_min	2.7632674042889844	2.5635002398243008	2.8034487432030515
network-budget/formal-near-v2	tap:nonblocking:mixed:near:tx	w16-p4-m2	3	connection_mbit_s_max	2.8764833341462577	2.625262425983338	2.885629913479808
network-budget/formal-near-v2	tap:nonblocking:mixed:near:tx	w16-p4-m2	3	jain_completion_rate	0.999944314843514	0.9999196072019402	0.9999613356192812
network-budget/formal-near-v2	tap:nonblocking:mixed:near:tx	w16-p4-m2	3	completion_span_ns	341291946	307669898	479258774
network-budget/formal-near-v2	tap:nonblocking:mixed:near:tx	w16-p4-m2	3	slowest_connection_ns	12143027471	11968983589	13089303242
network-budget/formal-near-v2	tap:nonblocking:mixed:near:tx	w16-p4-m2	3	rtt_p50_ns_median	3812754	3755013	6456809
network-budget/formal-near-v2	tap:nonblocking:mixed:near:tx	w16-p4-m2	3	rtt_max_ns	34217588	32284553	37566084
network-budget/formal-near-v2	tap:nonblocking:mixed:near:tx	w16-p4-m2	3	control_completed_requests	1024	1024	1024
network-budget/formal-near-v2	tap:nonblocking:mixed:near:tx	w16-p4-m2	3	control_requests_during_bulk	253	252	254
network-budget/formal-near-v2	tap:nonblocking:mixed:near:tx	w16-p4-m2	3	control_requests_fully_contained	252	251	253
network-budget/formal-near-v2	tap:nonblocking:mixed:near:tx	w16-p4-m2	3	control_received_bytes	65536	65536	65536
network-budget/formal-near-v2	tap:nonblocking:mixed:near:tx	w16-p4-m2	3	control_rr_all_p50_ns	168620	167367	179949
network-budget/formal-near-v2	tap:nonblocking:mixed:near:tx	w16-p4-m2	3	control_rr_all_p95_ns	53610359	51922559	56489749
network-budget/formal-near-v2	tap:nonblocking:mixed:near:tx	w16-p4-m2	3	control_rr_all_p99_ns	72421480	68005394	78453125
network-budget/formal-near-v2	tap:nonblocking:mixed:near:tx	w16-p4-m2	3	control_rr_all_max_ns	85145531	82395971	107859949
network-budget/formal-near-v2	tap:nonblocking:mixed:near:tx	w16-p4-m2	3	control_rr_during_bulk_p50_ns	48150377	46292072	49942070
network-budget/formal-near-v2	tap:nonblocking:mixed:near:tx	w16-p4-m2	3	control_rr_during_bulk_p95_ns	71884298	64149799	77190622
network-budget/formal-near-v2	tap:nonblocking:mixed:near:tx	w16-p4-m2	3	control_rr_during_bulk_p99_ns	81249069	70183335	96344677
network-budget/formal-near-v2	tap:nonblocking:mixed:near:tx	w16-p4-m2	3	control_rr_during_bulk_max_ns	85145531	82395971	107859949
network-budget/formal-near-v2	tap:nonblocking:mixed:near:tx	w16-p4-m2	3	control_rr_fully_contained_p50_ns	48165788	46294163	49942070
network-budget/formal-near-v2	tap:nonblocking:mixed:near:tx	w16-p4-m2	3	control_rr_fully_contained_p95_ns	71884298	64149799	77190622
network-budget/formal-near-v2	tap:nonblocking:mixed:near:tx	w16-p4-m2	3	control_rr_fully_contained_p99_ns	81249069	70183335	96344677
network-budget/formal-near-v2	tap:nonblocking:mixed:near:tx	w16-p4-m2	3	control_rr_fully_contained_max_ns	85145531	82395971	107859949
network-budget/formal-near-v2	tap:nonblocking:mixed:near:tx	w16-p4-m4	3	receiver_bytes	113246208	113246208	113246208
network-budget/formal-near-v2	tap:nonblocking:mixed:near:tx	w16-p4-m4	3	elapsed_ns	11145213033	11054862296	11848450569
network-budget/formal-near-v2	tap:nonblocking:mixed:near:tx	w16-p4-m4	3	receiver_mbit_s	81.28778349211478	76.46313403799456	81.95214374834941
network-budget/formal-near-v2	tap:nonblocking:mixed:near:tx	w16-p4-m4	3	connection_mbit_s_min	3.010761797906399	2.8324725288552424	3.0356958060063253
network-budget/formal-near-v2	tap:nonblocking:mixed:near:tx	w16-p4-m4	3	connection_mbit_s_max	3.0626187992474785	2.852630121383943	3.0716301629986575
network-budget/formal-near-v2	tap:nonblocking:mixed:near:tx	w16-p4-m4	3	jain_completion_rate	0.999993003900899	0.9999911286904803	0.9999972938627402
network-budget/formal-near-v2	tap:nonblocking:mixed:near:tx	w16-p4-m4	3	completion_span_ns	129914364	85820795	188050103
network-budget/formal-near-v2	tap:nonblocking:mixed:near:tx	w16-p4-m4	3	slowest_connection_ns	11144831193	11053291945	11846339782
network-budget/formal-near-v2	tap:nonblocking:mixed:near:tx	w16-p4-m4	3	rtt_p50_ns_median	4514469	4377324	4660352
network-budget/formal-near-v2	tap:nonblocking:mixed:near:tx	w16-p4-m4	3	rtt_max_ns	35017644	33248294	38969028
network-budget/formal-near-v2	tap:nonblocking:mixed:near:tx	w16-p4-m4	3	control_completed_requests	1024	1024	1024
network-budget/formal-near-v2	tap:nonblocking:mixed:near:tx	w16-p4-m4	3	control_requests_during_bulk	188	187	550
network-budget/formal-near-v2	tap:nonblocking:mixed:near:tx	w16-p4-m4	3	control_requests_fully_contained	187	186	549
network-budget/formal-near-v2	tap:nonblocking:mixed:near:tx	w16-p4-m4	3	control_received_bytes	65536	65536	65536
network-budget/formal-near-v2	tap:nonblocking:mixed:near:tx	w16-p4-m4	3	control_rr_all_p50_ns	165801	165145	170871
network-budget/formal-near-v2	tap:nonblocking:mixed:near:tx	w16-p4-m4	3	control_rr_all_p95_ns	66140679	64152178	66799193
network-budget/formal-near-v2	tap:nonblocking:mixed:near:tx	w16-p4-m4	3	control_rr_all_p99_ns	72742474	71604169	85221127
network-budget/formal-near-v2	tap:nonblocking:mixed:near:tx	w16-p4-m4	3	control_rr_all_max_ns	93538270	87390798	124937478
network-budget/formal-near-v2	tap:nonblocking:mixed:near:tx	w16-p4-m4	3	control_rr_during_bulk_p50_ns	60535732	175420	62552356
network-budget/formal-near-v2	tap:nonblocking:mixed:near:tx	w16-p4-m4	3	control_rr_during_bulk_p95_ns	71806312	70094115	85253183
network-budget/formal-near-v2	tap:nonblocking:mixed:near:tx	w16-p4-m4	3	control_rr_during_bulk_p99_ns	83871258	74533913	116354602
network-budget/formal-near-v2	tap:nonblocking:mixed:near:tx	w16-p4-m4	3	control_rr_during_bulk_max_ns	93538270	87390798	124937478
network-budget/formal-near-v2	tap:nonblocking:mixed:near:tx	w16-p4-m4	3	control_rr_fully_contained_p50_ns	60620058	175420	62552356
network-budget/formal-near-v2	tap:nonblocking:mixed:near:tx	w16-p4-m4	3	control_rr_fully_contained_p95_ns	71806312	70094115	85253183
network-budget/formal-near-v2	tap:nonblocking:mixed:near:tx	w16-p4-m4	3	control_rr_fully_contained_p99_ns	83871258	74533913	116354602
network-budget/formal-near-v2	tap:nonblocking:mixed:near:tx	w16-p4-m4	3	control_rr_fully_contained_max_ns	93538270	87390798	124937478
network-budget/formal-near-v2	tap:nonblocking:mixed:near:tx	w32-p1-m1	3	receiver_bytes	113246208	113246208	113246208
network-budget/formal-near-v2	tap:nonblocking:mixed:near:tx	w32-p1-m1	3	elapsed_ns	13400259390	12910422447	13918587908
network-budget/formal-near-v2	tap:nonblocking:mixed:near:tx	w32-p1-m1	3	receiver_mbit_s	67.60836769145556	65.09063060048462	70.17351041139018
network-budget/formal-near-v2	tap:nonblocking:mixed:near:tx	w32-p1-m1	3	connection_mbit_s_min	2.504090715794059	2.4108046788460356	2.5991165534234115
network-budget/formal-near-v2	tap:nonblocking:mixed:near:tx	w32-p1-m1	3	connection_mbit_s_max	2.9352090068456476	2.668886117957834	2.991259341079241
network-budget/formal-near-v2	tap:nonblocking:mixed:near:tx	w32-p1-m1	3	jain_completion_rate	0.9992636233113914	0.9987790495434288	0.9993067112888893
network-budget/formal-near-v2	tap:nonblocking:mixed:near:tx	w32-p1-m1	3	completion_span_ns	1477459127	1345306392	2182457745
network-budget/formal-near-v2	tap:nonblocking:mixed:near:tx	w32-p1-m1	3	slowest_connection_ns	13399846814	12909937400	13918353608
network-budget/formal-near-v2	tap:nonblocking:mixed:near:tx	w32-p1-m1	3	rtt_p50_ns_median	4173183	3986490	4950320
network-budget/formal-near-v2	tap:nonblocking:mixed:near:tx	w32-p1-m1	3	rtt_max_ns	32136811	30586448	37315054
network-budget/formal-near-v2	tap:nonblocking:mixed:near:tx	w32-p1-m1	3	control_completed_requests	1024	1024	1024
network-budget/formal-near-v2	tap:nonblocking:mixed:near:tx	w32-p1-m1	3	control_requests_during_bulk	1024	1024	1024
network-budget/formal-near-v2	tap:nonblocking:mixed:near:tx	w32-p1-m1	3	control_requests_fully_contained	1024	1024	1024
network-budget/formal-near-v2	tap:nonblocking:mixed:near:tx	w32-p1-m1	3	control_received_bytes	65536	65536	65536
network-budget/formal-near-v2	tap:nonblocking:mixed:near:tx	w32-p1-m1	3	control_rr_all_p50_ns	17707127	17169681	18534464
network-budget/formal-near-v2	tap:nonblocking:mixed:near:tx	w32-p1-m1	3	control_rr_all_p95_ns	31054892	29769849	31935828
network-budget/formal-near-v2	tap:nonblocking:mixed:near:tx	w32-p1-m1	3	control_rr_all_p99_ns	38064193	35571747	42883790
network-budget/formal-near-v2	tap:nonblocking:mixed:near:tx	w32-p1-m1	3	control_rr_all_max_ns	50291310	47537532	57551535
network-budget/formal-near-v2	tap:nonblocking:mixed:near:tx	w32-p1-m1	3	control_rr_during_bulk_p50_ns	17707127	17169681	18534464
network-budget/formal-near-v2	tap:nonblocking:mixed:near:tx	w32-p1-m1	3	control_rr_during_bulk_p95_ns	31054892	29769849	31935828
network-budget/formal-near-v2	tap:nonblocking:mixed:near:tx	w32-p1-m1	3	control_rr_during_bulk_p99_ns	38064193	35571747	42883790
network-budget/formal-near-v2	tap:nonblocking:mixed:near:tx	w32-p1-m1	3	control_rr_during_bulk_max_ns	50291310	47537532	57551535
network-budget/formal-near-v2	tap:nonblocking:mixed:near:tx	w32-p1-m1	3	control_rr_fully_contained_p50_ns	17707127	17169681	18534464
network-budget/formal-near-v2	tap:nonblocking:mixed:near:tx	w32-p1-m1	3	control_rr_fully_contained_p95_ns	31054892	29769849	31935828
network-budget/formal-near-v2	tap:nonblocking:mixed:near:tx	w32-p1-m1	3	control_rr_fully_contained_p99_ns	38064193	35571747	42883790
network-budget/formal-near-v2	tap:nonblocking:mixed:near:tx	w32-p1-m1	3	control_rr_fully_contained_max_ns	50291310	47537532	57551535
network-budget/formal-near-v2	tap:nonblocking:mixed:near:tx	w32-p1-m2	3	receiver_bytes	113246208	113246208	113246208
network-budget/formal-near-v2	tap:nonblocking:mixed:near:tx	w32-p1-m2	3	elapsed_ns	12915078271	12610987564	13655430414
network-budget/formal-near-v2	tap:nonblocking:mixed:near:tx	w32-p1-m2	3	receiver_mbit_s	70.14821319622183	66.34500975312868	71.83970798498204
network-budget/formal-near-v2	tap:nonblocking:mixed:near:tx	w32-p1-m2	3	connection_mbit_s_min	2.598273934735853	2.45724158467876	2.660919887511611
network-budget/formal-near-v2	tap:nonblocking:mixed:near:tx	w32-p1-m2	3	connection_mbit_s_max	2.8284918440041635	2.7187439313248745	2.911104462702844
network-budget/formal-near-v2	tap:nonblocking:mixed:near:tx	w32-p1-m2	3	jain_completion_rate	0.999504063935513	0.9994732404139621	0.9995732143725018
network-budget/formal-near-v2	tap:nonblocking:mixed:near:tx	w32-p1-m2	3	completion_span_ns	1083531050	1051042143	1312921511
network-budget/formal-near-v2	tap:nonblocking:mixed:near:tx	w32-p1-m2	3	slowest_connection_ns	12914124085	12610087270	13655324820
network-budget/formal-near-v2	tap:nonblocking:mixed:near:tx	w32-p1-m2	3	rtt_p50_ns_median	4218127	3858400	4456186
network-budget/formal-near-v2	tap:nonblocking:mixed:near:tx	w32-p1-m2	3	rtt_max_ns	33829930	32828550	34809921
network-budget/formal-near-v2	tap:nonblocking:mixed:near:tx	w32-p1-m2	3	control_completed_requests	1024	1024	1024
network-budget/formal-near-v2	tap:nonblocking:mixed:near:tx	w32-p1-m2	3	control_requests_during_bulk	1024	571	1024
network-budget/formal-near-v2	tap:nonblocking:mixed:near:tx	w32-p1-m2	3	control_requests_fully_contained	1024	570	1024
network-budget/formal-near-v2	tap:nonblocking:mixed:near:tx	w32-p1-m2	3	control_received_bytes	65536	65536	65536
network-budget/formal-near-v2	tap:nonblocking:mixed:near:tx	w32-p1-m2	3	control_rr_all_p50_ns	17256347	17100738	18345893
network-budget/formal-near-v2	tap:nonblocking:mixed:near:tx	w32-p1-m2	3	control_rr_all_p95_ns	29791367	29463682	31425896
network-budget/formal-near-v2	tap:nonblocking:mixed:near:tx	w32-p1-m2	3	control_rr_all_p99_ns	36448375	34094575	38801199
network-budget/formal-near-v2	tap:nonblocking:mixed:near:tx	w32-p1-m2	3	control_rr_all_max_ns	47322819	43892588	49819604
network-budget/formal-near-v2	tap:nonblocking:mixed:near:tx	w32-p1-m2	3	control_rr_during_bulk_p50_ns	18345893	17100738	20996297
network-budget/formal-near-v2	tap:nonblocking:mixed:near:tx	w32-p1-m2	3	control_rr_during_bulk_p95_ns	31068900	29791367	31425896
network-budget/formal-near-v2	tap:nonblocking:mixed:near:tx	w32-p1-m2	3	control_rr_during_bulk_p99_ns	38463334	36448375	38801199
network-budget/formal-near-v2	tap:nonblocking:mixed:near:tx	w32-p1-m2	3	control_rr_during_bulk_max_ns	47322819	43892588	49819604
network-budget/formal-near-v2	tap:nonblocking:mixed:near:tx	w32-p1-m2	3	control_rr_fully_contained_p50_ns	18345893	17100738	20996297
network-budget/formal-near-v2	tap:nonblocking:mixed:near:tx	w32-p1-m2	3	control_rr_fully_contained_p95_ns	31068900	29791367	31425896
network-budget/formal-near-v2	tap:nonblocking:mixed:near:tx	w32-p1-m2	3	control_rr_fully_contained_p99_ns	38463334	36448375	38801199
network-budget/formal-near-v2	tap:nonblocking:mixed:near:tx	w32-p1-m2	3	control_rr_fully_contained_max_ns	47322819	43892588	49819604
network-budget/formal-near-v2	tap:nonblocking:mixed:near:tx	w32-p1-m4	3	receiver_bytes	113246208	113246208	113246208
network-budget/formal-near-v2	tap:nonblocking:mixed:near:tx	w32-p1-m4	3	elapsed_ns	12663907745	12650437145	13418866574
network-budget/formal-near-v2	tap:nonblocking:mixed:near:tx	w32-p1-m4	3	receiver_mbit_s	71.53950283297803	67.51461898841592	71.61568043979243
network-budget/formal-near-v2	tap:nonblocking:mixed:near:tx	w32-p1-m4	3	connection_mbit_s_min	2.6497178196223907	2.500762480705336	2.6526001364936747
network-budget/formal-near-v2	tap:nonblocking:mixed:near:tx	w32-p1-m4	3	connection_mbit_s_max	2.917880902820907	2.7026346913347825	2.9981542127231973
network-budget/formal-near-v2	tap:nonblocking:mixed:near:tx	w32-p1-m4	3	jain_completion_rate	0.9994818036884966	0.9993501815089414	0.9996052062129319
network-budget/formal-near-v2	tap:nonblocking:mixed:near:tx	w32-p1-m4	3	completion_span_ns	1149969229	1003319261	1471377196
network-budget/formal-near-v2	tap:nonblocking:mixed:near:tx	w32-p1-m4	3	slowest_connection_ns	12663398250	12649638194	13417680511
network-budget/formal-near-v2	tap:nonblocking:mixed:near:tx	w32-p1-m4	3	rtt_p50_ns_median	4089871	3903944	4268364
network-budget/formal-near-v2	tap:nonblocking:mixed:near:tx	w32-p1-m4	3	rtt_max_ns	33569302	31804275	33708898
network-budget/formal-near-v2	tap:nonblocking:mixed:near:tx	w32-p1-m4	3	control_completed_requests	1024	1024	1024
network-budget/formal-near-v2	tap:nonblocking:mixed:near:tx	w32-p1-m4	3	control_requests_during_bulk	1024	574	1024
network-budget/formal-near-v2	tap:nonblocking:mixed:near:tx	w32-p1-m4	3	control_requests_fully_contained	1024	573	1024
network-budget/formal-near-v2	tap:nonblocking:mixed:near:tx	w32-p1-m4	3	control_received_bytes	65536	65536	65536
network-budget/formal-near-v2	tap:nonblocking:mixed:near:tx	w32-p1-m4	3	control_rr_all_p50_ns	17329968	17161417	17612941
network-budget/formal-near-v2	tap:nonblocking:mixed:near:tx	w32-p1-m4	3	control_rr_all_p95_ns	28495174	27618628	30744719
network-budget/formal-near-v2	tap:nonblocking:mixed:near:tx	w32-p1-m4	3	control_rr_all_p99_ns	36924094	33552070	38534716
network-budget/formal-near-v2	tap:nonblocking:mixed:near:tx	w32-p1-m4	3	control_rr_all_max_ns	53736083	40079298	57009342
network-budget/formal-near-v2	tap:nonblocking:mixed:near:tx	w32-p1-m4	3	control_rr_during_bulk_p50_ns	17612941	17329968	21110561
network-budget/formal-near-v2	tap:nonblocking:mixed:near:tx	w32-p1-m4	3	control_rr_during_bulk_p95_ns	30677446	27618628	30744719
network-budget/formal-near-v2	tap:nonblocking:mixed:near:tx	w32-p1-m4	3	control_rr_during_bulk_p99_ns	36924094	33552070	45712542
network-budget/formal-near-v2	tap:nonblocking:mixed:near:tx	w32-p1-m4	3	control_rr_during_bulk_max_ns	53736083	40079298	57009342
network-budget/formal-near-v2	tap:nonblocking:mixed:near:tx	w32-p1-m4	3	control_rr_fully_contained_p50_ns	17612941	17329968	21134031
network-budget/formal-near-v2	tap:nonblocking:mixed:near:tx	w32-p1-m4	3	control_rr_fully_contained_p95_ns	30677446	27618628	30744719
network-budget/formal-near-v2	tap:nonblocking:mixed:near:tx	w32-p1-m4	3	control_rr_fully_contained_p99_ns	36924094	33552070	45712542
network-budget/formal-near-v2	tap:nonblocking:mixed:near:tx	w32-p1-m4	3	control_rr_fully_contained_max_ns	53736083	40079298	57009342
network-budget/formal-near-v2	tap:nonblocking:mixed:near:tx	w32-p2-m1	3	receiver_bytes	113246208	113246208	113246208
network-budget/formal-near-v2	tap:nonblocking:mixed:near:tx	w32-p2-m1	3	elapsed_ns	12194963001	11725118220	12248786706
network-budget/formal-near-v2	tap:nonblocking:mixed:near:tx	w32-p2-m1	3	receiver_mbit_s	74.2904807440342	73.9640329891789	77.26742255397063
network-budget/formal-near-v2	tap:nonblocking:mixed:near:tx	w32-p2-m1	3	connection_mbit_s_min	2.7517478989107893	2.7397897677093583	2.862243394555056
network-budget/formal-near-v2	tap:nonblocking:mixed:near:tx	w32-p2-m1	3	connection_mbit_s_max	3.158697030286743	2.9279783279534324	3.177837738169324
network-budget/formal-near-v2	tap:nonblocking:mixed:near:tx	w32-p2-m1	3	jain_completion_rate	0.9992037256986388	0.9991623861639934	0.9995590571665166
network-budget/formal-near-v2	tap:nonblocking:mixed:near:tx	w32-p2-m1	3	completion_span_ns	1165793681	787779990	1571246448
network-budget/formal-near-v2	tap:nonblocking:mixed:near:tx	w32-p2-m1	3	slowest_connection_ns	12193861223	11723123220	12247082749
network-budget/formal-near-v2	tap:nonblocking:mixed:near:tx	w32-p2-m1	3	rtt_p50_ns_median	3961049	3871862	4326024
network-budget/formal-near-v2	tap:nonblocking:mixed:near:tx	w32-p2-m1	3	rtt_max_ns	35556969	33177949	36533184
network-budget/formal-near-v2	tap:nonblocking:mixed:near:tx	w32-p2-m1	3	control_completed_requests	1024	1024	1024
network-budget/formal-near-v2	tap:nonblocking:mixed:near:tx	w32-p2-m1	3	control_requests_during_bulk	475	474	476
network-budget/formal-near-v2	tap:nonblocking:mixed:near:tx	w32-p2-m1	3	control_requests_fully_contained	474	473	475
network-budget/formal-near-v2	tap:nonblocking:mixed:near:tx	w32-p2-m1	3	control_received_bytes	65536	65536	65536
network-budget/formal-near-v2	tap:nonblocking:mixed:near:tx	w32-p2-m1	3	control_rr_all_p50_ns	205969	185750	209506
network-budget/formal-near-v2	tap:nonblocking:mixed:near:tx	w32-p2-m1	3	control_rr_all_p95_ns	32096455	30718627	33462307
network-budget/formal-near-v2	tap:nonblocking:mixed:near:tx	w32-p2-m1	3	control_rr_all_p99_ns	37198411	36595843	37259504
network-budget/formal-near-v2	tap:nonblocking:mixed:near:tx	w32-p2-m1	3	control_rr_all_max_ns	40438031	39068229	41619050
network-budget/formal-near-v2	tap:nonblocking:mixed:near:tx	w32-p2-m1	3	control_rr_during_bulk_p50_ns	25168194	23978170	25283159
network-budget/formal-near-v2	tap:nonblocking:mixed:near:tx	w32-p2-m1	3	control_rr_during_bulk_p95_ns	35221092	35179311	36203521
network-budget/formal-near-v2	tap:nonblocking:mixed:near:tx	w32-p2-m1	3	control_rr_during_bulk_p99_ns	38237866	36841762	38568794
network-budget/formal-near-v2	tap:nonblocking:mixed:near:tx	w32-p2-m1	3	control_rr_during_bulk_max_ns	40438031	39068229	41619050
network-budget/formal-near-v2	tap:nonblocking:mixed:near:tx	w32-p2-m1	3	control_rr_fully_contained_p50_ns	25183383	23981371	25283159
network-budget/formal-near-v2	tap:nonblocking:mixed:near:tx	w32-p2-m1	3	control_rr_fully_contained_p95_ns	35221092	35179311	36203521
network-budget/formal-near-v2	tap:nonblocking:mixed:near:tx	w32-p2-m1	3	control_rr_fully_contained_p99_ns	38237866	36841762	38568794
network-budget/formal-near-v2	tap:nonblocking:mixed:near:tx	w32-p2-m1	3	control_rr_fully_contained_max_ns	40438031	39068229	41619050
network-budget/formal-near-v2	tap:nonblocking:mixed:near:tx	w32-p2-m2	3	receiver_bytes	113246208	113246208	113246208
network-budget/formal-near-v2	tap:nonblocking:mixed:near:tx	w32-p2-m2	3	elapsed_ns	12660912945	12408469477	13416138395
network-budget/formal-near-v2	tap:nonblocking:mixed:near:tx	w32-p2-m2	3	receiver_mbit_s	71.55642471720668	67.52834812270882	73.0122007133338
network-budget/formal-near-v2	tap:nonblocking:mixed:near:tx	w32-p2-m2	3	connection_mbit_s_min	2.650624859497224	2.5013425390367967	2.704412722489243
network-budget/formal-near-v2	tap:nonblocking:mixed:near:tx	w32-p2-m2	3	connection_mbit_s_max	2.868711234311778	2.7294565096574828	3.0989419635822926
network-budget/formal-near-v2	tap:nonblocking:mixed:near:tx	w32-p2-m2	3	jain_completion_rate	0.9995074348027793	0.9990963743931393	0.999597373237754
network-budget/formal-near-v2	tap:nonblocking:mixed:near:tx	w32-p2-m2	3	completion_span_ns	1122433119	963450307	1578565167
network-budget/formal-near-v2	tap:nonblocking:mixed:near:tx	w32-p2-m2	3	slowest_connection_ns	12659064854	12407289657	13414568967
network-budget/formal-near-v2	tap:nonblocking:mixed:near:tx	w32-p2-m2	3	rtt_p50_ns_median	3953026	3944625	4459615
network-budget/formal-near-v2	tap:nonblocking:mixed:near:tx	w32-p2-m2	3	rtt_max_ns	32770089	30830753	33799039
network-budget/formal-near-v2	tap:nonblocking:mixed:near:tx	w32-p2-m2	3	control_completed_requests	1024	1024	1024
network-budget/formal-near-v2	tap:nonblocking:mixed:near:tx	w32-p2-m2	3	control_requests_during_bulk	973	638	1024
network-budget/formal-near-v2	tap:nonblocking:mixed:near:tx	w32-p2-m2	3	control_requests_fully_contained	972	637	1024
network-budget/formal-near-v2	tap:nonblocking:mixed:near:tx	w32-p2-m2	3	control_received_bytes	65536	65536	65536
network-budget/formal-near-v2	tap:nonblocking:mixed:near:tx	w32-p2-m2	3	control_rr_all_p50_ns	164449	161151	170195
network-budget/formal-near-v2	tap:nonblocking:mixed:near:tx	w32-p2-m2	3	control_rr_all_p95_ns	49305251	47962514	52178872
network-budget/formal-near-v2	tap:nonblocking:mixed:near:tx	w32-p2-m2	3	control_rr_all_p99_ns	63341602	58635953	63695552
network-budget/formal-near-v2	tap:nonblocking:mixed:near:tx	w32-p2-m2	3	control_rr_all_max_ns	70411960	68126887	72731483
network-budget/formal-near-v2	tap:nonblocking:mixed:near:tx	w32-p2-m2	3	control_rr_during_bulk_p50_ns	170195	160044	197689
network-budget/formal-near-v2	tap:nonblocking:mixed:near:tx	w32-p2-m2	3	control_rr_during_bulk_p95_ns	49628355	47962514	55748686
network-budget/formal-near-v2	tap:nonblocking:mixed:near:tx	w32-p2-m2	3	control_rr_during_bulk_p99_ns	63341602	59136199	64703719
network-budget/formal-near-v2	tap:nonblocking:mixed:near:tx	w32-p2-m2	3	control_rr_during_bulk_max_ns	70411960	68126887	72731483
network-budget/formal-near-v2	tap:nonblocking:mixed:near:tx	w32-p2-m2	3	control_rr_fully_contained_p50_ns	170195	159988	197689
network-budget/formal-near-v2	tap:nonblocking:mixed:near:tx	w32-p2-m2	3	control_rr_fully_contained_p95_ns	49628355	47962514	55748686
network-budget/formal-near-v2	tap:nonblocking:mixed:near:tx	w32-p2-m2	3	control_rr_fully_contained_p99_ns	63341602	59136199	64703719
network-budget/formal-near-v2	tap:nonblocking:mixed:near:tx	w32-p2-m2	3	control_rr_fully_contained_max_ns	70411960	68126887	72731483
network-budget/formal-near-v2	tap:nonblocking:mixed:near:tx	w32-p2-m4	3	receiver_bytes	113246208	113246208	113246208
network-budget/formal-near-v2	tap:nonblocking:mixed:near:tx	w32-p2-m4	3	elapsed_ns	12666412011	12659308631	12673037419
network-budget/formal-near-v2	tap:nonblocking:mixed:near:tx	w32-p2-m4	3	receiver_mbit_s	71.5253588161526	71.48796567441114	71.56549306187777
network-budget/formal-near-v2	tap:nonblocking:mixed:near:tx	w32-p2-m4	3	connection_mbit_s_min	2.6491052056434716	2.648151293017874	2.650610172650172
network-budget/formal-near-v2	tap:nonblocking:mixed:near:tx	w32-p2-m4	3	connection_mbit_s_max	2.875252602982545	2.871218780331417	2.99617840409231
network-budget/formal-near-v2	tap:nonblocking:mixed:near:tx	w32-p2-m4	3	jain_completion_rate	0.9995497539898959	0.9992883822868609	0.9996031557376405
network-budget/formal-near-v2	tap:nonblocking:mixed:near:tx	w32-p2-m4	3	completion_span_ns	1000564395	970593425	1466096586
network-budget/formal-near-v2	tap:nonblocking:mixed:near:tx	w32-p2-m4	3	slowest_connection_ns	12666326701	12659134997	12670889344
network-budget/formal-near-v2	tap:nonblocking:mixed:near:tx	w32-p2-m4	3	rtt_p50_ns_median	4226040	3695094	4412399
network-budget/formal-near-v2	tap:nonblocking:mixed:near:tx	w32-p2-m4	3	rtt_max_ns	33343988	31458064	34334234
network-budget/formal-near-v2	tap:nonblocking:mixed:near:tx	w32-p2-m4	3	control_completed_requests	1024	1024	1024
network-budget/formal-near-v2	tap:nonblocking:mixed:near:tx	w32-p2-m4	3	control_requests_during_bulk	1024	685	1024
network-budget/formal-near-v2	tap:nonblocking:mixed:near:tx	w32-p2-m4	3	control_requests_fully_contained	1024	684	1024
network-budget/formal-near-v2	tap:nonblocking:mixed:near:tx	w32-p2-m4	3	control_received_bytes	65536	65536	65536
network-budget/formal-near-v2	tap:nonblocking:mixed:near:tx	w32-p2-m4	3	control_rr_all_p50_ns	170780	170257	176826
network-budget/formal-near-v2	tap:nonblocking:mixed:near:tx	w32-p2-m4	3	control_rr_all_p95_ns	49165417	49050892	49234680
network-budget/formal-near-v2	tap:nonblocking:mixed:near:tx	w32-p2-m4	3	control_rr_all_p99_ns	60632937	58999306	62037709
network-budget/formal-near-v2	tap:nonblocking:mixed:near:tx	w32-p2-m4	3	control_rr_all_max_ns	70950992	70094858	72863568
network-budget/formal-near-v2	tap:nonblocking:mixed:near:tx	w32-p2-m4	3	control_rr_during_bulk_p50_ns	170780	170257	182543
network-budget/formal-near-v2	tap:nonblocking:mixed:near:tx	w32-p2-m4	3	control_rr_during_bulk_p95_ns	49234680	49050892	53703280
network-budget/formal-near-v2	tap:nonblocking:mixed:near:tx	w32-p2-m4	3	control_rr_during_bulk_p99_ns	62037709	58999306	62964484
network-budget/formal-near-v2	tap:nonblocking:mixed:near:tx	w32-p2-m4	3	control_rr_during_bulk_max_ns	70950992	70094858	72863568
network-budget/formal-near-v2	tap:nonblocking:mixed:near:tx	w32-p2-m4	3	control_rr_fully_contained_p50_ns	170780	170257	182435
network-budget/formal-near-v2	tap:nonblocking:mixed:near:tx	w32-p2-m4	3	control_rr_fully_contained_p95_ns	49234680	49050892	53703280
network-budget/formal-near-v2	tap:nonblocking:mixed:near:tx	w32-p2-m4	3	control_rr_fully_contained_p99_ns	62037709	58999306	62964484
network-budget/formal-near-v2	tap:nonblocking:mixed:near:tx	w32-p2-m4	3	control_rr_fully_contained_max_ns	70950992	70094858	72863568
network-budget/formal-near-v2	tap:nonblocking:mixed:near:tx	w32-p4-m1	3	receiver_bytes	113246208	113246208	113246208
network-budget/formal-near-v2	tap:nonblocking:mixed:near:tx	w32-p4-m1	3	elapsed_ns	11810295355	11595977599	11988851901
network-budget/formal-near-v2	tap:nonblocking:mixed:near:tx	w32-p4-m1	3	receiver_mbit_s	76.71016149621094	75.56767499350228	78.12792464156949
network-budget/formal-near-v2	tap:nonblocking:mixed:near:tx	w32-p4-m1	3	connection_mbit_s_min	2.8413560671363776	2.79912415476712	2.8936977021162287
network-budget/formal-near-v2	tap:nonblocking:mixed:near:tx	w32-p4-m1	3	connection_mbit_s_max	3.213026567247902	3.107676056639878	3.3334177094862656
network-budget/formal-near-v2	tap:nonblocking:mixed:near:tx	w32-p4-m1	3	jain_completion_rate	0.9988377326555287	0.9988193039513429	0.9994225227543928
network-budget/formal-near-v2	tap:nonblocking:mixed:near:tx	w32-p4-m1	3	completion_span_ns	1529826014	1011390004	1545604297
network-budget/formal-near-v2	tap:nonblocking:mixed:near:tx	w32-p4-m1	3	slowest_connection_ns	11809302040	11595693626	11987475419
network-budget/formal-near-v2	tap:nonblocking:mixed:near:tx	w32-p4-m1	3	rtt_p50_ns_median	4487820	3923819	4657694
network-budget/formal-near-v2	tap:nonblocking:mixed:near:tx	w32-p4-m1	3	rtt_max_ns	32688867	32620201	35544351
network-budget/formal-near-v2	tap:nonblocking:mixed:near:tx	w32-p4-m1	3	control_completed_requests	1024	1024	1024
network-budget/formal-near-v2	tap:nonblocking:mixed:near:tx	w32-p4-m1	3	control_requests_during_bulk	474	473	476
network-budget/formal-near-v2	tap:nonblocking:mixed:near:tx	w32-p4-m1	3	control_requests_fully_contained	473	472	475
network-budget/formal-near-v2	tap:nonblocking:mixed:near:tx	w32-p4-m1	3	control_received_bytes	65536	65536	65536
network-budget/formal-near-v2	tap:nonblocking:mixed:near:tx	w32-p4-m1	3	control_rr_all_p50_ns	213754	180211	311749
network-budget/formal-near-v2	tap:nonblocking:mixed:near:tx	w32-p4-m1	3	control_rr_all_p95_ns	31098907	31060835	32339476
network-budget/formal-near-v2	tap:nonblocking:mixed:near:tx	w32-p4-m1	3	control_rr_all_p99_ns	37687827	36036350	38473295
network-budget/formal-near-v2	tap:nonblocking:mixed:near:tx	w32-p4-m1	3	control_rr_all_max_ns	43826807	43620267	55819003
network-budget/formal-near-v2	tap:nonblocking:mixed:near:tx	w32-p4-m1	3	control_rr_during_bulk_p50_ns	24311481	23778307	24705614
network-budget/formal-near-v2	tap:nonblocking:mixed:near:tx	w32-p4-m1	3	control_rr_during_bulk_p95_ns	36470030	35075556	36560946
network-budget/formal-near-v2	tap:nonblocking:mixed:near:tx	w32-p4-m1	3	control_rr_during_bulk_p99_ns	39338958	37404269	42481787
network-budget/formal-near-v2	tap:nonblocking:mixed:near:tx	w32-p4-m1	3	control_rr_during_bulk_max_ns	43826807	43620267	55819003
network-budget/formal-near-v2	tap:nonblocking:mixed:near:tx	w32-p4-m1	3	control_rr_fully_contained_p50_ns	24334608	23778307	24708574
network-budget/formal-near-v2	tap:nonblocking:mixed:near:tx	w32-p4-m1	3	control_rr_fully_contained_p95_ns	36470030	35075556	36560946
network-budget/formal-near-v2	tap:nonblocking:mixed:near:tx	w32-p4-m1	3	control_rr_fully_contained_p99_ns	39338958	37404269	42481787
network-budget/formal-near-v2	tap:nonblocking:mixed:near:tx	w32-p4-m1	3	control_rr_fully_contained_max_ns	43826807	43620267	55819003
network-budget/formal-near-v2	tap:nonblocking:mixed:near:tx	w32-p4-m2	3	receiver_bytes	113246208	113246208	113246208
network-budget/formal-near-v2	tap:nonblocking:mixed:near:tx	w32-p4-m2	3	elapsed_ns	13272033787	12742396546	13277423421
network-budget/formal-near-v2	tap:nonblocking:mixed:near:tx	w32-p4-m2	3	receiver_mbit_s	68.26155497640461	68.23384592579079	71.09884398350445
network-budget/formal-near-v2	tap:nonblocking:mixed:near:tx	w32-p4-m2	3	connection_mbit_s_min	2.5286015566436566	2.5274688061471955	2.6334399327627915
network-budget/formal-near-v2	tap:nonblocking:mixed:near:tx	w32-p4-m2	3	connection_mbit_s_max	2.7243573963681875	2.6600886067151257	2.810560261288565
network-budget/formal-near-v2	tap:nonblocking:mixed:near:tx	w32-p4-m2	3	jain_completion_rate	0.9997390463055827	0.9995064382766095	0.999765396215567
network-budget/formal-near-v2	tap:nonblocking:mixed:near:tx	w32-p4-m2	3	completion_span_ns	803047789	661438409	955217331
network-budget/formal-near-v2	tap:nonblocking:mixed:near:tx	w32-p4-m2	3	slowest_connection_ns	13269956238	12741673574	13275903512
network-budget/formal-near-v2	tap:nonblocking:mixed:near:tx	w32-p4-m2	3	rtt_p50_ns_median	4014058	3730622	4376526
network-budget/formal-near-v2	tap:nonblocking:mixed:near:tx	w32-p4-m2	3	rtt_max_ns	29734235	29399227	32234972
network-budget/formal-near-v2	tap:nonblocking:mixed:near:tx	w32-p4-m2	3	control_completed_requests	1024	1024	1024
network-budget/formal-near-v2	tap:nonblocking:mixed:near:tx	w32-p4-m2	3	control_requests_during_bulk	247	246	251
network-budget/formal-near-v2	tap:nonblocking:mixed:near:tx	w32-p4-m2	3	control_requests_fully_contained	246	245	250
network-budget/formal-near-v2	tap:nonblocking:mixed:near:tx	w32-p4-m2	3	control_received_bytes	65536	65536	65536
network-budget/formal-near-v2	tap:nonblocking:mixed:near:tx	w32-p4-m2	3	control_rr_all_p50_ns	170837	169938	170871
network-budget/formal-near-v2	tap:nonblocking:mixed:near:tx	w32-p4-m2	3	control_rr_all_p95_ns	58697707	55998220	60548198
network-budget/formal-near-v2	tap:nonblocking:mixed:near:tx	w32-p4-m2	3	control_rr_all_p99_ns	79479702	79011198	84930416
network-budget/formal-near-v2	tap:nonblocking:mixed:near:tx	w32-p4-m2	3	control_rr_all_max_ns	90799113	87686619	95178535
network-budget/formal-near-v2	tap:nonblocking:mixed:near:tx	w32-p4-m2	3	control_rr_during_bulk_p50_ns	51983619	51327575	53283119
network-budget/formal-near-v2	tap:nonblocking:mixed:near:tx	w32-p4-m2	3	control_rr_during_bulk_p95_ns	78410028	77922220	84398784
network-budget/formal-near-v2	tap:nonblocking:mixed:near:tx	w32-p4-m2	3	control_rr_during_bulk_p99_ns	87129426	85741119	89614917
network-budget/formal-near-v2	tap:nonblocking:mixed:near:tx	w32-p4-m2	3	control_rr_during_bulk_max_ns	90799113	87686619	95178535
network-budget/formal-near-v2	tap:nonblocking:mixed:near:tx	w32-p4-m2	3	control_rr_fully_contained_p50_ns	51983619	51331950	53283119
network-budget/formal-near-v2	tap:nonblocking:mixed:near:tx	w32-p4-m2	3	control_rr_fully_contained_p95_ns	78410028	77922220	84398784
network-budget/formal-near-v2	tap:nonblocking:mixed:near:tx	w32-p4-m2	3	control_rr_fully_contained_p99_ns	87129426	85741119	89614917
network-budget/formal-near-v2	tap:nonblocking:mixed:near:tx	w32-p4-m2	3	control_rr_fully_contained_max_ns	90799113	87686619	95178535
network-budget/formal-near-v2	tap:nonblocking:mixed:near:tx	w32-p4-m4	3	receiver_bytes	113246208	113246208	113246208
network-budget/formal-near-v2	tap:nonblocking:mixed:near:tx	w32-p4-m4	3	elapsed_ns	14370129794	13923091437	14619030018
network-budget/formal-near-v2	tap:nonblocking:mixed:near:tx	w32-p4-m4	3	receiver_mbit_s	63.0453361930156	61.97194088010662	65.06957654479132
network-budget/formal-near-v2	tap:nonblocking:mixed:near:tx	w32-p4-m4	3	connection_mbit_s_min	2.3353382039531065	2.295538320157167	2.410303148511723
network-budget/formal-near-v2	tap:nonblocking:mixed:near:tx	w32-p4-m4	3	connection_mbit_s_max	2.433614178638236	2.422046523512871	2.5533270778360904
network-budget/formal-near-v2	tap:nonblocking:mixed:near:tx	w32-p4-m4	3	jain_completion_rate	0.9998302486268237	0.9998013095151211	0.9998714614734671
network-budget/formal-near-v2	tap:nonblocking:mixed:near:tx	w32-p4-m4	3	completion_span_ns	781086849	514919307	830659406
network-budget/formal-near-v2	tap:nonblocking:mixed:near:tx	w32-p4-m4	3	slowest_connection_ns	14368125329	13921249707	14617238887
network-budget/formal-near-v2	tap:nonblocking:mixed:near:tx	w32-p4-m4	3	rtt_p50_ns_median	4008173	3788777	4403125
network-budget/formal-near-v2	tap:nonblocking:mixed:near:tx	w32-p4-m4	3	rtt_max_ns	31583120	31280840	31951116
network-budget/formal-near-v2	tap:nonblocking:mixed:near:tx	w32-p4-m4	3	control_completed_requests	1024	1024	1024
network-budget/formal-near-v2	tap:nonblocking:mixed:near:tx	w32-p4-m4	3	control_requests_during_bulk	166	165	489
network-budget/formal-near-v2	tap:nonblocking:mixed:near:tx	w32-p4-m4	3	control_requests_fully_contained	165	164	488
network-budget/formal-near-v2	tap:nonblocking:mixed:near:tx	w32-p4-m4	3	control_received_bytes	65536	65536	65536
network-budget/formal-near-v2	tap:nonblocking:mixed:near:tx	w32-p4-m4	3	control_rr_all_p50_ns	164038	157850	167427
network-budget/formal-near-v2	tap:nonblocking:mixed:near:tx	w32-p4-m4	3	control_rr_all_p95_ns	90292198	87552394	93057832
network-budget/formal-near-v2	tap:nonblocking:mixed:near:tx	w32-p4-m4	3	control_rr_all_p99_ns	136641913	134818250	137567498
network-budget/formal-near-v2	tap:nonblocking:mixed:near:tx	w32-p4-m4	3	control_rr_all_max_ns	157913497	145539419	188064555
network-budget/formal-near-v2	tap:nonblocking:mixed:near:tx	w32-p4-m4	3	control_rr_during_bulk_p50_ns	84887797	165374	86999607
network-budget/formal-near-v2	tap:nonblocking:mixed:near:tx	w32-p4-m4	3	control_rr_during_bulk_p95_ns	137128710	95397841	137884678
network-budget/formal-near-v2	tap:nonblocking:mixed:near:tx	w32-p4-m4	3	control_rr_during_bulk_p99_ns	144944537	143448642	168128435
network-budget/formal-near-v2	tap:nonblocking:mixed:near:tx	w32-p4-m4	3	control_rr_during_bulk_max_ns	157913497	145539419	188064555
network-budget/formal-near-v2	tap:nonblocking:mixed:near:tx	w32-p4-m4	3	control_rr_fully_contained_p50_ns	84887797	165320	87006840
network-budget/formal-near-v2	tap:nonblocking:mixed:near:tx	w32-p4-m4	3	control_rr_fully_contained_p95_ns	137128710	95397841	137884678
network-budget/formal-near-v2	tap:nonblocking:mixed:near:tx	w32-p4-m4	3	control_rr_fully_contained_p99_ns	144944537	143448642	168128435
network-budget/formal-near-v2	tap:nonblocking:mixed:near:tx	w32-p4-m4	3	control_rr_fully_contained_max_ns	157913497	145539419	188064555
network-budget/formal-near-v2	tap:nonblocking:mixed:near:tx	w8-p1-m1	3	receiver_bytes	113246208	113246208	113246208
network-budget/formal-near-v2	tap:nonblocking:mixed:near:tx	w8-p1-m1	3	elapsed_ns	11900222995	11899122329	12048553486
network-budget/formal-near-v2	tap:nonblocking:mixed:near:tx	w8-p1-m1	3	receiver_mbit_s	76.13047792303156	75.19323087644548	76.13751997422632
network-budget/formal-near-v2	tap:nonblocking:mixed:near:tx	w8-p1-m1	3	connection_mbit_s_min	2.819674235357421	2.7852083692686183	2.820124948321134
network-budget/formal-near-v2	tap:nonblocking:mixed:near:tx	w8-p1-m1	3	connection_mbit_s_max	2.957084553086659	2.855921473322917	2.9612666257015405
network-budget/formal-near-v2	tap:nonblocking:mixed:near:tx	w8-p1-m1	3	jain_completion_rate	0.9999107298961816	0.9998441539862182	0.9999479215868345
network-budget/formal-near-v2	tap:nonblocking:mixed:near:tx	w8-p1-m1	3	completion_span_ns	552475142	298685778	567819497
network-budget/formal-near-v2	tap:nonblocking:mixed:near:tx	w8-p1-m1	3	slowest_connection_ns	11900109445	11898207567	12047368653
network-budget/formal-near-v2	tap:nonblocking:mixed:near:tx	w8-p1-m1	3	rtt_p50_ns_median	3969661	3833255	4028308
network-budget/formal-near-v2	tap:nonblocking:mixed:near:tx	w8-p1-m1	3	rtt_max_ns	33314546	31870332	34335428
network-budget/formal-near-v2	tap:nonblocking:mixed:near:tx	w8-p1-m1	3	control_completed_requests	1024	1024	1024
network-budget/formal-near-v2	tap:nonblocking:mixed:near:tx	w8-p1-m1	3	control_requests_during_bulk	688	525	1024
network-budget/formal-near-v2	tap:nonblocking:mixed:near:tx	w8-p1-m1	3	control_requests_fully_contained	687	524	1024
network-budget/formal-near-v2	tap:nonblocking:mixed:near:tx	w8-p1-m1	3	control_received_bytes	65536	65536	65536
network-budget/formal-near-v2	tap:nonblocking:mixed:near:tx	w8-p1-m1	3	control_rr_all_p50_ns	12093251	11460978	12316105
network-budget/formal-near-v2	tap:nonblocking:mixed:near:tx	w8-p1-m1	3	control_rr_all_p95_ns	30530651	29530332	30928945
network-budget/formal-near-v2	tap:nonblocking:mixed:near:tx	w8-p1-m1	3	control_rr_all_p99_ns	39175714	36292484	39365998
network-budget/formal-near-v2	tap:nonblocking:mixed:near:tx	w8-p1-m1	3	control_rr_all_max_ns	59911690	57207723	63507840
network-budget/formal-near-v2	tap:nonblocking:mixed:near:tx	w8-p1-m1	3	control_rr_during_bulk_p50_ns	19735892	11460978	22178271
network-budget/formal-near-v2	tap:nonblocking:mixed:near:tx	w8-p1-m1	3	control_rr_during_bulk_p95_ns	32203666	30530651	34756620
network-budget/formal-near-v2	tap:nonblocking:mixed:near:tx	w8-p1-m1	3	control_rr_during_bulk_p99_ns	42755347	36292484	43547963
network-budget/formal-near-v2	tap:nonblocking:mixed:near:tx	w8-p1-m1	3	control_rr_during_bulk_max_ns	59911690	57207723	63507840
network-budget/formal-near-v2	tap:nonblocking:mixed:near:tx	w8-p1-m1	3	control_rr_fully_contained_p50_ns	19741633	11460978	22178271
network-budget/formal-near-v2	tap:nonblocking:mixed:near:tx	w8-p1-m1	3	control_rr_fully_contained_p95_ns	32203666	30530651	34756620
network-budget/formal-near-v2	tap:nonblocking:mixed:near:tx	w8-p1-m1	3	control_rr_fully_contained_p99_ns	42755347	36292484	43547963
network-budget/formal-near-v2	tap:nonblocking:mixed:near:tx	w8-p1-m1	3	control_rr_fully_contained_max_ns	59911690	57207723	63507840
network-budget/formal-near-v2	tap:nonblocking:mixed:near:tx	w8-p1-m2	3	receiver_bytes	113246208	113246208	113246208
network-budget/formal-near-v2	tap:nonblocking:mixed:near:tx	w8-p1-m2	3	elapsed_ns	12147011080	11637782957	12155294947
network-budget/formal-near-v2	tap:nonblocking:mixed:near:tx	w8-p1-m2	3	receiver_mbit_s	74.58375217024994	74.5329231376322	77.84727274494057
network-budget/formal-near-v2	tap:nonblocking:mixed:near:tx	w8-p1-m2	3	connection_mbit_s_min	2.7628356013416013	2.76060011862495	2.8833890753521363
network-budget/formal-near-v2	tap:nonblocking:mixed:near:tx	w8-p1-m2	3	connection_mbit_s_max	2.8689897470386407	2.8186583495429294	2.994449056243264
network-budget/formal-near-v2	tap:nonblocking:mixed:near:tx	w8-p1-m2	3	jain_completion_rate	0.9999114919551851	0.9999026240601656	0.9999659323943986
network-budget/formal-near-v2	tap:nonblocking:mixed:near:tx	w8-p1-m2	3	completion_span_ns	431432336	249358656	451454470
network-budget/formal-near-v2	tap:nonblocking:mixed:near:tx	w8-p1-m2	3	slowest_connection_ns	12144925302	11637150285	12154760037
network-budget/formal-near-v2	tap:nonblocking:mixed:near:tx	w8-p1-m2	3	rtt_p50_ns_median	4520157	3941888	4722691
network-budget/formal-near-v2	tap:nonblocking:mixed:near:tx	w8-p1-m2	3	rtt_max_ns	32442921	32343610	37593906
network-budget/formal-near-v2	tap:nonblocking:mixed:near:tx	w8-p1-m2	3	control_completed_requests	1024	1024	1024
network-budget/formal-near-v2	tap:nonblocking:mixed:near:tx	w8-p1-m2	3	control_requests_during_bulk	807	547	1024
network-budget/formal-near-v2	tap:nonblocking:mixed:near:tx	w8-p1-m2	3	control_requests_fully_contained	806	546	1024
network-budget/formal-near-v2	tap:nonblocking:mixed:near:tx	w8-p1-m2	3	control_received_bytes	65536	65536	65536
network-budget/formal-near-v2	tap:nonblocking:mixed:near:tx	w8-p1-m2	3	control_rr_all_p50_ns	7991852	7005258	10808419
network-budget/formal-near-v2	tap:nonblocking:mixed:near:tx	w8-p1-m2	3	control_rr_all_p95_ns	31084082	29874236	31779343
network-budget/formal-near-v2	tap:nonblocking:mixed:near:tx	w8-p1-m2	3	control_rr_all_p99_ns	38324488	38087502	38565667
network-budget/formal-near-v2	tap:nonblocking:mixed:near:tx	w8-p1-m2	3	control_rr_all_max_ns	49161932	47242606	52239402
network-budget/formal-near-v2	tap:nonblocking:mixed:near:tx	w8-p1-m2	3	control_rr_during_bulk_p50_ns	18089493	7005258	22117238
network-budget/formal-near-v2	tap:nonblocking:mixed:near:tx	w8-p1-m2	3	control_rr_during_bulk_p95_ns	31084082	30808059	34416262
network-budget/formal-near-v2	tap:nonblocking:mixed:near:tx	w8-p1-m2	3	control_rr_during_bulk_p99_ns	39446899	38565667	40220777
network-budget/formal-near-v2	tap:nonblocking:mixed:near:tx	w8-p1-m2	3	control_rr_during_bulk_max_ns	49161932	47242606	52239402
network-budget/formal-near-v2	tap:nonblocking:mixed:near:tx	w8-p1-m2	3	control_rr_fully_contained_p50_ns	18089493	7005258	22117238
network-budget/formal-near-v2	tap:nonblocking:mixed:near:tx	w8-p1-m2	3	control_rr_fully_contained_p95_ns	31084082	30808059	34416262
network-budget/formal-near-v2	tap:nonblocking:mixed:near:tx	w8-p1-m2	3	control_rr_fully_contained_p99_ns	39446899	38565667	40220777
network-budget/formal-near-v2	tap:nonblocking:mixed:near:tx	w8-p1-m2	3	control_rr_fully_contained_max_ns	49161932	47242606	52239402
network-budget/formal-near-v2	tap:nonblocking:mixed:near:tx	w8-p1-m4	3	receiver_bytes	113246208	113246208	113246208
network-budget/formal-near-v2	tap:nonblocking:mixed:near:tx	w8-p1-m4	3	elapsed_ns	11902788810	11729853136	12093090682
network-budget/formal-near-v2	tap:nonblocking:mixed:near:tx	w8-p1-m4	3	receiver_mbit_s	76.1140669184065	74.91630451002021	77.2362324997485
network-budget/formal-near-v2	tap:nonblocking:mixed:near:tx	w8-p1-m4	3	connection_mbit_s_min	2.8193694697698874	2.7749649706016264	2.8607775719862993
network-budget/formal-near-v2	tap:nonblocking:mixed:near:tx	w8-p1-m4	3	connection_mbit_s_max	2.9099171246300517	2.8554479932434447	2.9111545887732455
network-budget/formal-near-v2	tap:nonblocking:mixed:near:tx	w8-p1-m4	3	jain_completion_rate	0.999934000680926	0.999918782430243	0.999969882884949
network-budget/formal-near-v2	tap:nonblocking:mixed:near:tx	w8-p1-m4	3	completion_span_ns	341684603	202919955	371090217
network-budget/formal-near-v2	tap:nonblocking:mixed:near:tx	w8-p1-m4	3	slowest_connection_ns	11901395812	11729129985	12091839845
network-budget/formal-near-v2	tap:nonblocking:mixed:near:tx	w8-p1-m4	3	rtt_p50_ns_median	3951662	3790218	4193343
network-budget/formal-near-v2	tap:nonblocking:mixed:near:tx	w8-p1-m4	3	rtt_max_ns	31814208	31361050	32617101
network-budget/formal-near-v2	tap:nonblocking:mixed:near:tx	w8-p1-m4	3	control_completed_requests	1024	1024	1024
network-budget/formal-near-v2	tap:nonblocking:mixed:near:tx	w8-p1-m4	3	control_requests_during_bulk	535	519	559
network-budget/formal-near-v2	tap:nonblocking:mixed:near:tx	w8-p1-m4	3	control_requests_fully_contained	534	518	558
network-budget/formal-near-v2	tap:nonblocking:mixed:near:tx	w8-p1-m4	3	control_received_bytes	65536	65536	65536
network-budget/formal-near-v2	tap:nonblocking:mixed:near:tx	w8-p1-m4	3	control_rr_all_p50_ns	7834281	677404	13749236
network-budget/formal-near-v2	tap:nonblocking:mixed:near:tx	w8-p1-m4	3	control_rr_all_p95_ns	30526507	29816375	30888934
network-budget/formal-near-v2	tap:nonblocking:mixed:near:tx	w8-p1-m4	3	control_rr_all_p99_ns	37222784	35713257	39795151
network-budget/formal-near-v2	tap:nonblocking:mixed:near:tx	w8-p1-m4	3	control_rr_all_max_ns	63241373	52301902	77085404
network-budget/formal-near-v2	tap:nonblocking:mixed:near:tx	w8-p1-m4	3	control_rr_during_bulk_p50_ns	21379304	21353315	23166535
network-budget/formal-near-v2	tap:nonblocking:mixed:near:tx	w8-p1-m4	3	control_rr_during_bulk_p95_ns	34297821	32691684	34464041
network-budget/formal-near-v2	tap:nonblocking:mixed:near:tx	w8-p1-m4	3	control_rr_during_bulk_p99_ns	44980212	37576023	49471625
network-budget/formal-near-v2	tap:nonblocking:mixed:near:tx	w8-p1-m4	3	control_rr_during_bulk_max_ns	63241373	52301902	77085404
network-budget/formal-near-v2	tap:nonblocking:mixed:near:tx	w8-p1-m4	3	control_rr_fully_contained_p50_ns	21379304	21353315	23166535
network-budget/formal-near-v2	tap:nonblocking:mixed:near:tx	w8-p1-m4	3	control_rr_fully_contained_p95_ns	34297821	32691684	34464041
network-budget/formal-near-v2	tap:nonblocking:mixed:near:tx	w8-p1-m4	3	control_rr_fully_contained_p99_ns	44980212	37576023	49471625
network-budget/formal-near-v2	tap:nonblocking:mixed:near:tx	w8-p1-m4	3	control_rr_fully_contained_max_ns	63241373	52301902	77085404
network-budget/formal-near-v2	tap:nonblocking:mixed:near:tx	w8-p2-m1	3	receiver_bytes	113246208	113246208	113246208
network-budget/formal-near-v2	tap:nonblocking:mixed:near:tx	w8-p2-m1	3	elapsed_ns	9887756562	9705805094	11029242977
network-budget/formal-near-v2	tap:nonblocking:mixed:near:tx	w8-p2-m1	3	receiver_mbit_s	91.62540140619615	82.14250659716879	93.34307203016661
network-budget/formal-near-v2	tap:nonblocking:mixed:near:tx	w8-p2-m1	3	connection_mbit_s_min	3.394203153567222	3.0428235700119814	3.4575519602174367
network-budget/formal-near-v2	tap:nonblocking:mixed:near:tx	w8-p2-m1	3	connection_mbit_s_max	3.50276174833421	3.1008470706214237	3.590632593175167
network-budget/formal-near-v2	tap:nonblocking:mixed:near:tx	w8-p2-m1	3	jain_completion_rate	0.9999396365236637	0.9999127253001849	0.9999745302721342
network-budget/formal-near-v2	tap:nonblocking:mixed:near:tx	w8-p2-m1	3	completion_span_ns	307772658	206728096	359464249
network-budget/formal-near-v2	tap:nonblocking:mixed:near:tx	w8-p2-m1	3	slowest_connection_ns	9885805440	9704679029	11027399791
network-budget/formal-near-v2	tap:nonblocking:mixed:near:tx	w8-p2-m1	3	rtt_p50_ns_median	4280573	3764494	5857575
network-budget/formal-near-v2	tap:nonblocking:mixed:near:tx	w8-p2-m1	3	rtt_max_ns	32782110	23417695	33084238
network-budget/formal-near-v2	tap:nonblocking:mixed:near:tx	w8-p2-m1	3	control_completed_requests	1024	1024	1024
network-budget/formal-near-v2	tap:nonblocking:mixed:near:tx	w8-p2-m1	3	control_requests_during_bulk	517	514	520
network-budget/formal-near-v2	tap:nonblocking:mixed:near:tx	w8-p2-m1	3	control_requests_fully_contained	516	513	519
network-budget/formal-near-v2	tap:nonblocking:mixed:near:tx	w8-p2-m1	3	control_received_bytes	65536	65536	65536
network-budget/formal-near-v2	tap:nonblocking:mixed:near:tx	w8-p2-m1	3	control_rr_all_p50_ns	3664896	773616	8376823
network-budget/formal-near-v2	tap:nonblocking:mixed:near:tx	w8-p2-m1	3	control_rr_all_p95_ns	22066706	21686257	25036957
network-budget/formal-near-v2	tap:nonblocking:mixed:near:tx	w8-p2-m1	3	control_rr_all_p99_ns	26260193	24875026	27815248
network-budget/formal-near-v2	tap:nonblocking:mixed:near:tx	w8-p2-m1	3	control_rr_all_max_ns	30438929	29087352	33575806
network-budget/formal-near-v2	tap:nonblocking:mixed:near:tx	w8-p2-m1	3	control_rr_during_bulk_p50_ns	19023701	18695227	21752197
network-budget/formal-near-v2	tap:nonblocking:mixed:near:tx	w8-p2-m1	3	control_rr_during_bulk_p95_ns	24569291	22850962	26075465
network-budget/formal-near-v2	tap:nonblocking:mixed:near:tx	w8-p2-m1	3	control_rr_during_bulk_p99_ns	27831066	26282758	28261143
network-budget/formal-near-v2	tap:nonblocking:mixed:near:tx	w8-p2-m1	3	control_rr_during_bulk_max_ns	30438929	29087352	33575806
network-budget/formal-near-v2	tap:nonblocking:mixed:near:tx	w8-p2-m1	3	control_rr_fully_contained_p50_ns	19023701	18696605	21754928
network-budget/formal-near-v2	tap:nonblocking:mixed:near:tx	w8-p2-m1	3	control_rr_fully_contained_p95_ns	24569291	22931086	26075465
network-budget/formal-near-v2	tap:nonblocking:mixed:near:tx	w8-p2-m1	3	control_rr_fully_contained_p99_ns	27831066	26282758	28261143
network-budget/formal-near-v2	tap:nonblocking:mixed:near:tx	w8-p2-m1	3	control_rr_fully_contained_max_ns	30438929	29087352	33575806
network-budget/formal-near-v2	tap:nonblocking:mixed:near:tx	w8-p2-m2	3	receiver_bytes	113246208	113246208	113246208
network-budget/formal-near-v2	tap:nonblocking:mixed:near:tx	w8-p2-m2	3	elapsed_ns	8404314735	8053596204	8900384248
network-budget/formal-near-v2	tap:nonblocking:mixed:near:tx	w8-p2-m2	3	receiver_mbit_s	107.79815994123405	101.78994959724126	112.49256121756262
network-budget/formal-near-v2	tap:nonblocking:mixed:near:tx	w8-p2-m2	3	connection_mbit_s_min	3.992995470283066	3.77053855474708	4.166712716937715
network-budget/formal-near-v2	tap:nonblocking:mixed:near:tx	w8-p2-m2	3	connection_mbit_s_max	4.061732541415049	3.8205666281785646	4.257166407409978
network-budget/formal-near-v2	tap:nonblocking:mixed:near:tx	w8-p2-m2	3	jain_completion_rate	0.999985596404958	0.9999754996730723	0.9999908868524081
network-budget/formal-near-v2	tap:nonblocking:mixed:near:tx	w8-p2-m2	3	completion_span_ns	143201612	117293085	171236156
network-budget/formal-near-v2	tap:nonblocking:mixed:near:tx	w8-p2-m2	3	slowest_connection_ns	8403323332	8052974678	8899108579
network-budget/formal-near-v2	tap:nonblocking:mixed:near:tx	w8-p2-m2	3	rtt_p50_ns_median	4042147	3954501	4672770
network-budget/formal-near-v2	tap:nonblocking:mixed:near:tx	w8-p2-m2	3	rtt_max_ns	31974709	31672772	38190558
network-budget/formal-near-v2	tap:nonblocking:mixed:near:tx	w8-p2-m2	3	control_completed_requests	1024	1024	1024
network-budget/formal-near-v2	tap:nonblocking:mixed:near:tx	w8-p2-m2	3	control_requests_during_bulk	388	386	404
network-budget/formal-near-v2	tap:nonblocking:mixed:near:tx	w8-p2-m2	3	control_requests_fully_contained	387	385	403
network-budget/formal-near-v2	tap:nonblocking:mixed:near:tx	w8-p2-m2	3	control_received_bytes	65536	65536	65536
network-budget/formal-near-v2	tap:nonblocking:mixed:near:tx	w8-p2-m2	3	control_rr_all_p50_ns	176661	162856	181338
network-budget/formal-near-v2	tap:nonblocking:mixed:near:tx	w8-p2-m2	3	control_rr_all_p95_ns	25829054	24994847	27721544
network-budget/formal-near-v2	tap:nonblocking:mixed:near:tx	w8-p2-m2	3	control_rr_all_p99_ns	31781301	28105110	34617296
network-budget/formal-near-v2	tap:nonblocking:mixed:near:tx	w8-p2-m2	3	control_rr_all_max_ns	41442697	34733935	51378544
network-budget/formal-near-v2	tap:nonblocking:mixed:near:tx	w8-p2-m2	3	control_rr_during_bulk_p50_ns	21317686	20600057	22359916
network-budget/formal-near-v2	tap:nonblocking:mixed:near:tx	w8-p2-m2	3	control_rr_during_bulk_p95_ns	29516072	27133175	31702475
network-budget/formal-near-v2	tap:nonblocking:mixed:near:tx	w8-p2-m2	3	control_rr_during_bulk_p99_ns	34567217	30082160	39069502
network-budget/formal-near-v2	tap:nonblocking:mixed:near:tx	w8-p2-m2	3	control_rr_during_bulk_max_ns	41442697	34733935	51378544
network-budget/formal-near-v2	tap:nonblocking:mixed:near:tx	w8-p2-m2	3	control_rr_fully_contained_p50_ns	21357050	20612996	22363103
network-budget/formal-near-v2	tap:nonblocking:mixed:near:tx	w8-p2-m2	3	control_rr_fully_contained_p95_ns	29516072	27133175	31702475
network-budget/formal-near-v2	tap:nonblocking:mixed:near:tx	w8-p2-m2	3	control_rr_fully_contained_p99_ns	34567217	30082160	39069502
network-budget/formal-near-v2	tap:nonblocking:mixed:near:tx	w8-p2-m2	3	control_rr_fully_contained_max_ns	41442697	34733935	51378544
network-budget/formal-near-v2	tap:nonblocking:mixed:near:tx	w8-p2-m4	3	receiver_bytes	113246208	113246208	113246208
network-budget/formal-near-v2	tap:nonblocking:mixed:near:tx	w8-p2-m4	3	elapsed_ns	8252519726	7856458739	9171162366
network-budget/formal-near-v2	tap:nonblocking:mixed:near:tx	w8-p2-m4	3	receiver_mbit_s	109.78097527542947	98.7846063393967	115.31527041600873
network-budget/formal-near-v2	tap:nonblocking:mixed:near:tx	w8-p2-m4	3	connection_mbit_s_min	4.066308233736316	3.6587302745923878	4.271146081302271
network-budget/formal-near-v2	tap:nonblocking:mixed:near:tx	w8-p2-m4	3	connection_mbit_s_max	4.156424969171994	3.708300641723608	4.335320634152982
network-budget/formal-near-v2	tap:nonblocking:mixed:near:tx	w8-p2-m4	3	jain_completion_rate	0.9999886229569336	0.9999679368720987	0.9999896015575914
network-budget/formal-near-v2	tap:nonblocking:mixed:near:tx	w8-p2-m4	3	completion_span_ns	121357748	116677802	179291995
network-budget/formal-near-v2	tap:nonblocking:mixed:near:tx	w8-p2-m4	3	slowest_connection_ns	8251817145	7856072202	9171059215
network-budget/formal-near-v2	tap:nonblocking:mixed:near:tx	w8-p2-m4	3	rtt_p50_ns_median	3897450	3883398	3905520
network-budget/formal-near-v2	tap:nonblocking:mixed:near:tx	w8-p2-m4	3	rtt_max_ns	32788235	32447268	33148635
network-budget/formal-near-v2	tap:nonblocking:mixed:near:tx	w8-p2-m4	3	control_completed_requests	1024	1024	1024
network-budget/formal-near-v2	tap:nonblocking:mixed:near:tx	w8-p2-m4	3	control_requests_during_bulk	387	386	387
network-budget/formal-near-v2	tap:nonblocking:mixed:near:tx	w8-p2-m4	3	control_requests_fully_contained	386	385	386
network-budget/formal-near-v2	tap:nonblocking:mixed:near:tx	w8-p2-m4	3	control_received_bytes	65536	65536	65536
network-budget/formal-near-v2	tap:nonblocking:mixed:near:tx	w8-p2-m4	3	control_rr_all_p50_ns	173165	169744	174061
network-budget/formal-near-v2	tap:nonblocking:mixed:near:tx	w8-p2-m4	3	control_rr_all_p95_ns	25860901	24443799	29161568
network-budget/formal-near-v2	tap:nonblocking:mixed:near:tx	w8-p2-m4	3	control_rr_all_p99_ns	29624434	27608238	40123482
network-budget/formal-near-v2	tap:nonblocking:mixed:near:tx	w8-p2-m4	3	control_rr_all_max_ns	35158926	31137812	53714338
network-budget/formal-near-v2	tap:nonblocking:mixed:near:tx	w8-p2-m4	3	control_rr_during_bulk_p50_ns	21078220	19780359	23091001
network-budget/formal-near-v2	tap:nonblocking:mixed:near:tx	w8-p2-m4	3	control_rr_during_bulk_p95_ns	28103767	26273047	33599269
network-budget/formal-near-v2	tap:nonblocking:mixed:near:tx	w8-p2-m4	3	control_rr_during_bulk_p99_ns	33024289	28209992	49311179
network-budget/formal-near-v2	tap:nonblocking:mixed:near:tx	w8-p2-m4	3	control_rr_during_bulk_max_ns	35158926	31137812	53714338
network-budget/formal-near-v2	tap:nonblocking:mixed:near:tx	w8-p2-m4	3	control_rr_fully_contained_p50_ns	21078220	19780359	23096307
network-budget/formal-near-v2	tap:nonblocking:mixed:near:tx	w8-p2-m4	3	control_rr_fully_contained_p95_ns	28103767	26273047	33599269
network-budget/formal-near-v2	tap:nonblocking:mixed:near:tx	w8-p2-m4	3	control_rr_fully_contained_p99_ns	33024289	28209992	49311179
network-budget/formal-near-v2	tap:nonblocking:mixed:near:tx	w8-p2-m4	3	control_rr_fully_contained_max_ns	35158926	31137812	53714338
network-budget/formal-near-v2	tap:nonblocking:mixed:near:tx	w8-p4-m1	3	receiver_bytes	113246208	113246208	113246208
network-budget/formal-near-v2	tap:nonblocking:mixed:near:tx	w8-p4-m1	3	elapsed_ns	10380401488	10292122226	10493339935
network-budget/formal-near-v2	tap:nonblocking:mixed:near:tx	w8-p4-m1	3	receiver_mbit_s	87.27693866632454	86.33758837624086	88.0255445967534
network-budget/formal-near-v2	tap:nonblocking:mixed:near:tx	w8-p4-m1	3	connection_mbit_s_min	3.2328774273415464	3.198115764067167	3.260419332960479
network-budget/formal-near-v2	tap:nonblocking:mixed:near:tx	w8-p4-m1	3	connection_mbit_s_max	3.3190897119000144	3.263539676735133	3.3198871800822776
network-budget/formal-near-v2	tap:nonblocking:mixed:near:tx	w8-p4-m1	3	jain_completion_rate	0.9999636948866664	0.9999477458734682	0.9999800495110414
network-budget/formal-near-v2	tap:nonblocking:mixed:near:tx	w8-p4-m1	3	completion_span_ns	210871421	182506046	272336928
network-budget/formal-near-v2	tap:nonblocking:mixed:near:tx	w8-p4-m1	3	slowest_connection_ns	10379122857	10291446766	10491937902
network-budget/formal-near-v2	tap:nonblocking:mixed:near:tx	w8-p4-m1	3	rtt_p50_ns_median	4465238	3981968	4564606
network-budget/formal-near-v2	tap:nonblocking:mixed:near:tx	w8-p4-m1	3	rtt_max_ns	32728160	31107122	34035754
network-budget/formal-near-v2	tap:nonblocking:mixed:near:tx	w8-p4-m1	3	control_completed_requests	1024	1024	1024
network-budget/formal-near-v2	tap:nonblocking:mixed:near:tx	w8-p4-m1	3	control_requests_during_bulk	515	515	519
network-budget/formal-near-v2	tap:nonblocking:mixed:near:tx	w8-p4-m1	3	control_requests_fully_contained	514	514	518
network-budget/formal-near-v2	tap:nonblocking:mixed:near:tx	w8-p4-m1	3	control_received_bytes	65536	65536	65536
network-budget/formal-near-v2	tap:nonblocking:mixed:near:tx	w8-p4-m1	3	control_rr_all_p50_ns	2766980	1980317	5568917
network-budget/formal-near-v2	tap:nonblocking:mixed:near:tx	w8-p4-m1	3	control_rr_all_p95_ns	23360713	23277828	23479177
network-budget/formal-near-v2	tap:nonblocking:mixed:near:tx	w8-p4-m1	3	control_rr_all_p99_ns	25845192	25366445	26436602
network-budget/formal-near-v2	tap:nonblocking:mixed:near:tx	w8-p4-m1	3	control_rr_all_max_ns	31125371	29978465	34304326
network-budget/formal-near-v2	tap:nonblocking:mixed:near:tx	w8-p4-m1	3	control_rr_during_bulk_p50_ns	20199018	20094535	20375697
network-budget/formal-near-v2	tap:nonblocking:mixed:near:tx	w8-p4-m1	3	control_rr_during_bulk_p95_ns	24406678	24392428	24649867
network-budget/formal-near-v2	tap:nonblocking:mixed:near:tx	w8-p4-m1	3	control_rr_during_bulk_p99_ns	27084415	26454345	27680735
network-budget/formal-near-v2	tap:nonblocking:mixed:near:tx	w8-p4-m1	3	control_rr_during_bulk_max_ns	31125371	29978465	34304326
network-budget/formal-near-v2	tap:nonblocking:mixed:near:tx	w8-p4-m1	3	control_rr_fully_contained_p50_ns	20199018	20094535	20375697
network-budget/formal-near-v2	tap:nonblocking:mixed:near:tx	w8-p4-m1	3	control_rr_fully_contained_p95_ns	24406678	24392428	24649867
network-budget/formal-near-v2	tap:nonblocking:mixed:near:tx	w8-p4-m1	3	control_rr_fully_contained_p99_ns	27084415	26454345	27680735
network-budget/formal-near-v2	tap:nonblocking:mixed:near:tx	w8-p4-m1	3	control_rr_fully_contained_max_ns	31125371	29978465	34304326
network-budget/formal-near-v2	tap:nonblocking:mixed:near:tx	w8-p4-m2	3	receiver_bytes	113246208	113246208	113246208
network-budget/formal-near-v2	tap:nonblocking:mixed:near:tx	w8-p4-m2	3	elapsed_ns	5110808312	5059113745	5143664631
network-budget/formal-near-v2	tap:nonblocking:mixed:near:tx	w8-p4-m2	3	receiver_mbit_s	177.26543605104789	176.13311306104086	179.0767532940693
network-budget/formal-near-v2	tap:nonblocking:mixed:near:tx	w8-p4-m2	3	connection_mbit_s_min	6.567944071717841	6.52456578040057	6.632854673353154
network-budget/formal-near-v2	tap:nonblocking:mixed:near:tx	w8-p4-m2	3	connection_mbit_s_max	6.675001681738994	6.598026487884844	6.682794653845774
network-budget/formal-near-v2	tap:nonblocking:mixed:near:tx	w8-p4-m2	3	jain_completion_rate	0.9999953000200377	0.999987727333386	0.9999964087436569
network-budget/formal-near-v2	tap:nonblocking:mixed:near:tx	w8-p4-m2	3	completion_span_ns	57782541	36651638	82133280
network-budget/formal-near-v2	tap:nonblocking:mixed:near:tx	w8-p4-m2	3	slowest_connection_ns	5108818168	5058822129	5142783923
network-budget/formal-near-v2	tap:nonblocking:mixed:near:tx	w8-p4-m2	3	rtt_p50_ns_median	3922761	3749696	4245206
network-budget/formal-near-v2	tap:nonblocking:mixed:near:tx	w8-p4-m2	3	rtt_max_ns	31204291	30831848	31604847
network-budget/formal-near-v2	tap:nonblocking:mixed:near:tx	w8-p4-m2	3	control_completed_requests	1024	1024	1024
network-budget/formal-near-v2	tap:nonblocking:mixed:near:tx	w8-p4-m2	3	control_requests_during_bulk	373	373	373
network-budget/formal-near-v2	tap:nonblocking:mixed:near:tx	w8-p4-m2	3	control_requests_fully_contained	372	372	372
network-budget/formal-near-v2	tap:nonblocking:mixed:near:tx	w8-p4-m2	3	control_received_bytes	65536	65536	65536
network-budget/formal-near-v2	tap:nonblocking:mixed:near:tx	w8-p4-m2	3	control_rr_all_p50_ns	163116	154888	181486
network-budget/formal-near-v2	tap:nonblocking:mixed:near:tx	w8-p4-m2	3	control_rr_all_p95_ns	15736652	14964786	15918927
network-budget/formal-near-v2	tap:nonblocking:mixed:near:tx	w8-p4-m2	3	control_rr_all_p99_ns	18417752	16435982	18523140
network-budget/formal-near-v2	tap:nonblocking:mixed:near:tx	w8-p4-m2	3	control_rr_all_max_ns	20793214	18318403	21284881
network-budget/formal-near-v2	tap:nonblocking:mixed:near:tx	w8-p4-m2	3	control_rr_during_bulk_p50_ns	13379322	13356423	13428218
network-budget/formal-near-v2	tap:nonblocking:mixed:near:tx	w8-p4-m2	3	control_rr_during_bulk_p95_ns	17248126	15636111	17502838
network-budget/formal-near-v2	tap:nonblocking:mixed:near:tx	w8-p4-m2	3	control_rr_during_bulk_p99_ns	19934911	17082818	20081374
network-budget/formal-near-v2	tap:nonblocking:mixed:near:tx	w8-p4-m2	3	control_rr_during_bulk_max_ns	20793214	18318403	21284881
network-budget/formal-near-v2	tap:nonblocking:mixed:near:tx	w8-p4-m2	3	control_rr_fully_contained_p50_ns	13379322	13356423	13428218
network-budget/formal-near-v2	tap:nonblocking:mixed:near:tx	w8-p4-m2	3	control_rr_fully_contained_p95_ns	17248126	15636111	17502838
network-budget/formal-near-v2	tap:nonblocking:mixed:near:tx	w8-p4-m2	3	control_rr_fully_contained_p99_ns	19934911	17082818	20081374
network-budget/formal-near-v2	tap:nonblocking:mixed:near:tx	w8-p4-m2	3	control_rr_fully_contained_max_ns	20793214	18318403	21284881
network-budget/formal-near-v2	tap:nonblocking:mixed:near:tx	w8-p4-m4	3	receiver_bytes	113246208	113246208	113246208
network-budget/formal-near-v2	tap:nonblocking:mixed:near:tx	w8-p4-m4	3	elapsed_ns	5482119402	5132174553	5678313735
network-budget/formal-near-v2	tap:nonblocking:mixed:near:tx	w8-p4-m4	3	receiver_mbit_s	165.25901710011678	159.5490679593455	176.52744555822204
network-budget/formal-near-v2	tap:nonblocking:mixed:near:tx	w8-p4-m4	3	connection_mbit_s_min	6.1229919931695225	5.9115123545805845	6.539203705485364
network-budget/formal-near-v2	tap:nonblocking:mixed:near:tx	w8-p4-m4	3	connection_mbit_s_max	6.198107910590937	5.953006081190815	6.599301461860862
network-budget/formal-near-v2	tap:nonblocking:mixed:near:tx	w8-p4-m4	3	jain_completion_rate	0.9999941018320618	0.999991810204824	0.9999967167690554
network-budget/formal-near-v2	tap:nonblocking:mixed:near:tx	w8-p4-m4	3	completion_span_ns	46457968	40564520	68153218
network-budget/formal-near-v2	tap:nonblocking:mixed:near:tx	w8-p4-m4	3	slowest_connection_ns	5480071187	5131271866	5676116362
network-budget/formal-near-v2	tap:nonblocking:mixed:near:tx	w8-p4-m4	3	rtt_p50_ns_median	3976660	3905164	5022099
network-budget/formal-near-v2	tap:nonblocking:mixed:near:tx	w8-p4-m4	3	rtt_max_ns	33995810	33432914	34083677
network-budget/formal-near-v2	tap:nonblocking:mixed:near:tx	w8-p4-m4	3	control_completed_requests	1024	1024	1024
network-budget/formal-near-v2	tap:nonblocking:mixed:near:tx	w8-p4-m4	3	control_requests_during_bulk	373	372	373
network-budget/formal-near-v2	tap:nonblocking:mixed:near:tx	w8-p4-m4	3	control_requests_fully_contained	372	371	372
network-budget/formal-near-v2	tap:nonblocking:mixed:near:tx	w8-p4-m4	3	control_received_bytes	65536	65536	65536
network-budget/formal-near-v2	tap:nonblocking:mixed:near:tx	w8-p4-m4	3	control_rr_all_p50_ns	170825	165926	172088
network-budget/formal-near-v2	tap:nonblocking:mixed:near:tx	w8-p4-m4	3	control_rr_all_p95_ns	17013733	15337091	17810139
network-budget/formal-near-v2	tap:nonblocking:mixed:near:tx	w8-p4-m4	3	control_rr_all_p99_ns	19959306	19892483	22419182
network-budget/formal-near-v2	tap:nonblocking:mixed:near:tx	w8-p4-m4	3	control_rr_all_max_ns	25687345	24154039	37003685
network-budget/formal-near-v2	tap:nonblocking:mixed:near:tx	w8-p4-m4	3	control_rr_during_bulk_p50_ns	14390852	13408591	14570338
network-budget/formal-near-v2	tap:nonblocking:mixed:near:tx	w8-p4-m4	3	control_rr_during_bulk_p95_ns	18678393	17984265	21004964
network-budget/formal-near-v2	tap:nonblocking:mixed:near:tx	w8-p4-m4	3	control_rr_during_bulk_p99_ns	22081430	20498436	26545936
network-budget/formal-near-v2	tap:nonblocking:mixed:near:tx	w8-p4-m4	3	control_rr_during_bulk_max_ns	25687345	24154039	37003685
network-budget/formal-near-v2	tap:nonblocking:mixed:near:tx	w8-p4-m4	3	control_rr_fully_contained_p50_ns	14390852	13414541	14570338
network-budget/formal-near-v2	tap:nonblocking:mixed:near:tx	w8-p4-m4	3	control_rr_fully_contained_p95_ns	18678393	17984265	21004964
network-budget/formal-near-v2	tap:nonblocking:mixed:near:tx	w8-p4-m4	3	control_rr_fully_contained_p99_ns	22081430	20498436	26545936
network-budget/formal-near-v2	tap:nonblocking:mixed:near:tx	w8-p4-m4	3	control_rr_fully_contained_max_ns	25687345	24154039	37003685
network-budget/formal-expanded-v2	loopback:blocking:rr:1:rx	baseline	3	receiver_bytes	65536	65536	65536
network-budget/formal-expanded-v2	loopback:blocking:rr:1:rx	baseline	3	elapsed_ns	124615000	122203200	129331700
network-budget/formal-expanded-v2	loopback:blocking:rr:1:rx	baseline	3	receiver_mbit_s	4.207262368093729	4.0538243910812275	4.290296817104625
network-budget/formal-expanded-v2	loopback:blocking:rr:1:rx	baseline	3	transactions_s	8217.309312683064	7917.625763830522	8379.485970907472
network-budget/formal-expanded-v2	loopback:blocking:rr:1:rx	baseline	3	connection_mbit_s_min	4.207262368093729	4.0538243910812275	4.290296817104625
network-budget/formal-expanded-v2	loopback:blocking:rr:1:rx	baseline	3	connection_mbit_s_max	4.207262368093729	4.0538243910812275	4.290296817104625
network-budget/formal-expanded-v2	loopback:blocking:rr:1:rx	baseline	3	jain_completion_rate	1.0	1.0	1.0
network-budget/formal-expanded-v2	loopback:blocking:rr:1:rx	baseline	3	completion_span_ns	0	0	0
network-budget/formal-expanded-v2	loopback:blocking:rr:1:rx	baseline	3	slowest_connection_ns	124615000	122203200	129331700
network-budget/formal-expanded-v2	loopback:blocking:rr:1:rx	baseline	3	rtt_p50_ns_median	125100	119900	125600
network-budget/formal-expanded-v2	loopback:blocking:rr:1:rx	baseline	3	rtt_max_ns	1361200	910600	1427500
network-budget/formal-expanded-v2	loopback:blocking:rr:1:rx	linux	3	receiver_bytes	65536	65536	65536
network-budget/formal-expanded-v2	loopback:blocking:rr:1:rx	linux	3	elapsed_ns	156121300	152346300	174004800
network-budget/formal-expanded-v2	loopback:blocking:rr:1:rx	linux	3	receiver_mbit_s	3.3582092898278453	3.01306630621684	3.4414226010083606
network-budget/formal-expanded-v2	loopback:blocking:rr:1:rx	linux	3	transactions_s	6559.002519195011	5884.895129329766	6721.528517594455
network-budget/formal-expanded-v2	loopback:blocking:rr:1:rx	linux	3	connection_mbit_s_min	3.3582092898278453	3.01306630621684	3.4414226010083606
network-budget/formal-expanded-v2	loopback:blocking:rr:1:rx	linux	3	connection_mbit_s_max	3.3582092898278453	3.01306630621684	3.4414226010083606
network-budget/formal-expanded-v2	loopback:blocking:rr:1:rx	linux	3	jain_completion_rate	1.0	1.0	1.0
network-budget/formal-expanded-v2	loopback:blocking:rr:1:rx	linux	3	completion_span_ns	0	0	0
network-budget/formal-expanded-v2	loopback:blocking:rr:1:rx	linux	3	slowest_connection_ns	156121300	152346300	174004800
network-budget/formal-expanded-v2	loopback:blocking:rr:1:rx	linux	3	rtt_p50_ns_median	152000	151800	156600
network-budget/formal-expanded-v2	loopback:blocking:rr:1:rx	linux	3	rtt_max_ns	729100	650700	795000
network-budget/formal-expanded-v2	loopback:blocking:rr:1:rx	w16-p2-m2	3	receiver_bytes	65536	65536	65536
network-budget/formal-expanded-v2	loopback:blocking:rr:1:rx	w16-p2-m2	3	elapsed_ns	214540800	207499200	217552400
network-budget/formal-expanded-v2	loopback:blocking:rr:1:rx	w16-p2-m2	3	receiver_mbit_s	2.443768271582841	2.4099389388487555	2.5266988981162335
network-budget/formal-expanded-v2	loopback:blocking:rr:1:rx	w16-p2-m2	3	transactions_s	4772.984905435236	4706.911989938975	4934.958785383269
network-budget/formal-expanded-v2	loopback:blocking:rr:1:rx	w16-p2-m2	3	connection_mbit_s_min	2.443768271582841	2.4099389388487555	2.5266988981162335
network-budget/formal-expanded-v2	loopback:blocking:rr:1:rx	w16-p2-m2	3	connection_mbit_s_max	2.443768271582841	2.4099389388487555	2.5266988981162335
network-budget/formal-expanded-v2	loopback:blocking:rr:1:rx	w16-p2-m2	3	jain_completion_rate	1.0	1.0	1.0
network-budget/formal-expanded-v2	loopback:blocking:rr:1:rx	w16-p2-m2	3	completion_span_ns	0	0	0
network-budget/formal-expanded-v2	loopback:blocking:rr:1:rx	w16-p2-m2	3	slowest_connection_ns	214540800	207499200	217552400
network-budget/formal-expanded-v2	loopback:blocking:rr:1:rx	w16-p2-m2	3	rtt_p50_ns_median	206600	196000	221700
network-budget/formal-expanded-v2	loopback:blocking:rr:1:rx	w16-p2-m2	3	rtt_max_ns	1175400	1002600	1236300
network-budget/formal-expanded-v2	loopback:blocking:rr:1:rx	w8-p1-m1	3	receiver_bytes	65536	65536	65536
network-budget/formal-expanded-v2	loopback:blocking:rr:1:rx	w8-p1-m1	3	elapsed_ns	217974700	205961900	228221500
network-budget/formal-expanded-v2	loopback:blocking:rr:1:rx	w8-p1-m1	3	receiver_mbit_s	2.405269969404706	2.2972769874880323	2.545558183333908
network-budget/formal-expanded-v2	loopback:blocking:rr:1:rx	w8-p1-m1	3	transactions_s	4697.792908993567	4486.869116187563	4971.793326824039
network-budget/formal-expanded-v2	loopback:blocking:rr:1:rx	w8-p1-m1	3	connection_mbit_s_min	2.405269969404706	2.2972769874880323	2.545558183333908
network-budget/formal-expanded-v2	loopback:blocking:rr:1:rx	w8-p1-m1	3	connection_mbit_s_max	2.405269969404706	2.2972769874880323	2.545558183333908
network-budget/formal-expanded-v2	loopback:blocking:rr:1:rx	w8-p1-m1	3	jain_completion_rate	1.0	1.0	1.0
network-budget/formal-expanded-v2	loopback:blocking:rr:1:rx	w8-p1-m1	3	completion_span_ns	0	0	0
network-budget/formal-expanded-v2	loopback:blocking:rr:1:rx	w8-p1-m1	3	slowest_connection_ns	217974700	205961900	228221500
network-budget/formal-expanded-v2	loopback:blocking:rr:1:rx	w8-p1-m1	3	rtt_p50_ns_median	210800	195900	213700
network-budget/formal-expanded-v2	loopback:blocking:rr:1:rx	w8-p1-m1	3	rtt_max_ns	1465800	1086600	1536600
network-budget/formal-expanded-v2	loopback:blocking:rr:1:rx	w8-p4-m2	3	receiver_bytes	65536	65536	65536
network-budget/formal-expanded-v2	loopback:blocking:rr:1:rx	w8-p4-m2	3	elapsed_ns	203910600	200507400	208478300
network-budget/formal-expanded-v2	loopback:blocking:rr:1:rx	w8-p4-m2	3	receiver_mbit_s	2.5711659913707283	2.514832478967835	2.614806236577802
network-budget/formal-expanded-v2	loopback:blocking:rr:1:rx	w8-p4-m2	3	transactions_s	5021.808576895954	4911.782185484053	5107.04343081602
network-budget/formal-expanded-v2	loopback:blocking:rr:1:rx	w8-p4-m2	3	connection_mbit_s_min	2.5711659913707283	2.514832478967835	2.614806236577802
network-budget/formal-expanded-v2	loopback:blocking:rr:1:rx	w8-p4-m2	3	connection_mbit_s_max	2.5711659913707283	2.514832478967835	2.614806236577802
network-budget/formal-expanded-v2	loopback:blocking:rr:1:rx	w8-p4-m2	3	jain_completion_rate	1.0	1.0	1.0
network-budget/formal-expanded-v2	loopback:blocking:rr:1:rx	w8-p4-m2	3	completion_span_ns	0	0	0
network-budget/formal-expanded-v2	loopback:blocking:rr:1:rx	w8-p4-m2	3	slowest_connection_ns	203910600	200507400	208478300
network-budget/formal-expanded-v2	loopback:blocking:rr:1:rx	w8-p4-m2	3	rtt_p50_ns_median	214400	204200	217100
network-budget/formal-expanded-v2	loopback:blocking:rr:1:rx	w8-p4-m2	3	rtt_max_ns	1060300	1041300	1119000
network-budget/formal-expanded-v2	loopback:blocking:bulk:1:rx	baseline	3	receiver_bytes	4194304	4194304	4194304
network-budget/formal-expanded-v2	loopback:blocking:bulk:1:rx	baseline	3	elapsed_ns	116945400	111381600	116994600
network-budget/formal-expanded-v2	loopback:blocking:bulk:1:rx	baseline	3	receiver_mbit_s	286.9239149209802	286.80325416728635	301.25650915411524
network-budget/formal-expanded-v2	loopback:blocking:bulk:1:rx	baseline	3	connection_mbit_s_min	286.9239149209802	286.80325416728635	301.25650915411524
network-budget/formal-expanded-v2	loopback:blocking:bulk:1:rx	baseline	3	connection_mbit_s_max	286.9239149209802	286.80325416728635	301.25650915411524
network-budget/formal-expanded-v2	loopback:blocking:bulk:1:rx	baseline	3	jain_completion_rate	1.0	1.0	1.0
network-budget/formal-expanded-v2	loopback:blocking:bulk:1:rx	baseline	3	completion_span_ns	0	0	0
network-budget/formal-expanded-v2	loopback:blocking:bulk:1:rx	baseline	3	slowest_connection_ns	116945400	111381600	116994600
network-budget/formal-expanded-v2	loopback:blocking:bulk:1:rx	baseline	3	rtt_p50_ns_median	127100	123400	128600
network-budget/formal-expanded-v2	loopback:blocking:bulk:1:rx	baseline	3	rtt_max_ns	951700	919700	1063600
network-budget/formal-expanded-v2	loopback:blocking:bulk:1:rx	linux	3	receiver_bytes	4194304	4194304	4194304
network-budget/formal-expanded-v2	loopback:blocking:bulk:1:rx	linux	3	elapsed_ns	29288200	26772700	29797300
network-budget/formal-expanded-v2	loopback:blocking:bulk:1:rx	linux	3	receiver_mbit_s	1145.6638509706981	1126.0896792662422	1253.3077351182362
network-budget/formal-expanded-v2	loopback:blocking:bulk:1:rx	linux	3	connection_mbit_s_min	1145.6638509706981	1126.0896792662422	1253.3077351182362
network-budget/formal-expanded-v2	loopback:blocking:bulk:1:rx	linux	3	connection_mbit_s_max	1145.6638509706981	1126.0896792662422	1253.3077351182362
network-budget/formal-expanded-v2	loopback:blocking:bulk:1:rx	linux	3	jain_completion_rate	1.0	1.0	1.0
network-budget/formal-expanded-v2	loopback:blocking:bulk:1:rx	linux	3	completion_span_ns	0	0	0
network-budget/formal-expanded-v2	loopback:blocking:bulk:1:rx	linux	3	slowest_connection_ns	29288200	26772700	29797300
network-budget/formal-expanded-v2	loopback:blocking:bulk:1:rx	linux	3	rtt_p50_ns_median	155500	148900	162000
network-budget/formal-expanded-v2	loopback:blocking:bulk:1:rx	linux	3	rtt_max_ns	611100	568400	673400
network-budget/formal-expanded-v2	loopback:blocking:bulk:1:rx	w16-p2-m2	3	receiver_bytes	4194304	4194304	4194304
network-budget/formal-expanded-v2	loopback:blocking:bulk:1:rx	w16-p2-m2	3	elapsed_ns	128321500	122140500	136926400
network-budget/formal-expanded-v2	loopback:blocking:bulk:1:rx	w16-p2-m2	3	receiver_mbit_s	261.4872176525368	245.0545110365861	274.71994956627816
network-budget/formal-expanded-v2	loopback:blocking:bulk:1:rx	w16-p2-m2	3	connection_mbit_s_min	261.4872176525368	245.0545110365861	274.71994956627816
network-budget/formal-expanded-v2	loopback:blocking:bulk:1:rx	w16-p2-m2	3	connection_mbit_s_max	261.4872176525368	245.0545110365861	274.71994956627816
network-budget/formal-expanded-v2	loopback:blocking:bulk:1:rx	w16-p2-m2	3	jain_completion_rate	1.0	1.0	1.0
network-budget/formal-expanded-v2	loopback:blocking:bulk:1:rx	w16-p2-m2	3	completion_span_ns	0	0	0
network-budget/formal-expanded-v2	loopback:blocking:bulk:1:rx	w16-p2-m2	3	slowest_connection_ns	128321500	122140500	136926400
network-budget/formal-expanded-v2	loopback:blocking:bulk:1:rx	w16-p2-m2	3	rtt_p50_ns_median	196700	194900	213500
network-budget/formal-expanded-v2	loopback:blocking:bulk:1:rx	w16-p2-m2	3	rtt_max_ns	1091100	997500	1575100
network-budget/formal-expanded-v2	loopback:blocking:bulk:1:rx	w8-p1-m1	3	receiver_bytes	4194304	4194304	4194304
network-budget/formal-expanded-v2	loopback:blocking:bulk:1:rx	w8-p1-m1	3	elapsed_ns	146541300	144876000	154387200
network-budget/formal-expanded-v2	loopback:blocking:bulk:1:rx	w8-p1-m1	3	receiver_mbit_s	228.97594057101992	217.33946855697883	231.60794058367156
network-budget/formal-expanded-v2	loopback:blocking:bulk:1:rx	w8-p1-m1	3	connection_mbit_s_min	228.97594057101992	217.33946855697883	231.60794058367156
network-budget/formal-expanded-v2	loopback:blocking:bulk:1:rx	w8-p1-m1	3	connection_mbit_s_max	228.97594057101992	217.33946855697883	231.60794058367156
network-budget/formal-expanded-v2	loopback:blocking:bulk:1:rx	w8-p1-m1	3	jain_completion_rate	1.0	1.0	1.0
network-budget/formal-expanded-v2	loopback:blocking:bulk:1:rx	w8-p1-m1	3	completion_span_ns	0	0	0
network-budget/formal-expanded-v2	loopback:blocking:bulk:1:rx	w8-p1-m1	3	slowest_connection_ns	146541300	144876000	154387200
network-budget/formal-expanded-v2	loopback:blocking:bulk:1:rx	w8-p1-m1	3	rtt_p50_ns_median	217200	208400	222400
network-budget/formal-expanded-v2	loopback:blocking:bulk:1:rx	w8-p1-m1	3	rtt_max_ns	1078000	1049800	1518100
network-budget/formal-expanded-v2	loopback:blocking:bulk:1:rx	w8-p4-m2	3	receiver_bytes	4194304	4194304	4194304
network-budget/formal-expanded-v2	loopback:blocking:bulk:1:rx	w8-p4-m2	3	elapsed_ns	150408400	147906300	153923000
network-budget/formal-expanded-v2	loopback:blocking:bulk:1:rx	w8-p4-m2	3	receiver_mbit_s	223.0888168479952	217.99491953769092	226.8627637903186
network-budget/formal-expanded-v2	loopback:blocking:bulk:1:rx	w8-p4-m2	3	connection_mbit_s_min	223.0888168479952	217.99491953769092	226.8627637903186
network-budget/formal-expanded-v2	loopback:blocking:bulk:1:rx	w8-p4-m2	3	connection_mbit_s_max	223.0888168479952	217.99491953769092	226.8627637903186
network-budget/formal-expanded-v2	loopback:blocking:bulk:1:rx	w8-p4-m2	3	jain_completion_rate	1.0	1.0	1.0
network-budget/formal-expanded-v2	loopback:blocking:bulk:1:rx	w8-p4-m2	3	completion_span_ns	0	0	0
network-budget/formal-expanded-v2	loopback:blocking:bulk:1:rx	w8-p4-m2	3	slowest_connection_ns	150408400	147906300	153923000
network-budget/formal-expanded-v2	loopback:blocking:bulk:1:rx	w8-p4-m2	3	rtt_p50_ns_median	219900	197500	222800
network-budget/formal-expanded-v2	loopback:blocking:bulk:1:rx	w8-p4-m2	3	rtt_max_ns	1223100	1097300	1637000
network-budget/formal-expanded-v2	loopback:blocking:bulk:1:tx	baseline	3	receiver_bytes	4194304	4194304	4194304
network-budget/formal-expanded-v2	loopback:blocking:bulk:1:tx	baseline	3	elapsed_ns	119385600	110193600	122391400
network-budget/formal-expanded-v2	loopback:blocking:bulk:1:tx	baseline	3	receiver_mbit_s	281.0592902326579	274.15677898937344	304.5043632298065
network-budget/formal-expanded-v2	loopback:blocking:bulk:1:tx	baseline	3	connection_mbit_s_min	281.0592902326579	274.15677898937344	304.5043632298065
network-budget/formal-expanded-v2	loopback:blocking:bulk:1:tx	baseline	3	connection_mbit_s_max	281.0592902326579	274.15677898937344	304.5043632298065
network-budget/formal-expanded-v2	loopback:blocking:bulk:1:tx	baseline	3	jain_completion_rate	1.0	1.0	1.0
network-budget/formal-expanded-v2	loopback:blocking:bulk:1:tx	baseline	3	completion_span_ns	0	0	0
network-budget/formal-expanded-v2	loopback:blocking:bulk:1:tx	baseline	3	slowest_connection_ns	119385600	110193600	122391400
network-budget/formal-expanded-v2	loopback:blocking:bulk:1:tx	baseline	3	rtt_p50_ns_median	124000	122200	125000
network-budget/formal-expanded-v2	loopback:blocking:bulk:1:tx	baseline	3	rtt_max_ns	892200	885100	896600
network-budget/formal-expanded-v2	loopback:blocking:bulk:1:tx	linux	3	receiver_bytes	4194304	4194304	4194304
network-budget/formal-expanded-v2	loopback:blocking:bulk:1:tx	linux	3	elapsed_ns	30340400	26736600	32779600
network-budget/formal-expanded-v2	loopback:blocking:bulk:1:tx	linux	3	receiver_mbit_s	1105.932420139484	1023.637628281004	1254.9999625980865
network-budget/formal-expanded-v2	loopback:blocking:bulk:1:tx	linux	3	connection_mbit_s_min	1105.932420139484	1023.637628281004	1254.9999625980865
network-budget/formal-expanded-v2	loopback:blocking:bulk:1:tx	linux	3	connection_mbit_s_max	1105.932420139484	1023.637628281004	1254.9999625980865
network-budget/formal-expanded-v2	loopback:blocking:bulk:1:tx	linux	3	jain_completion_rate	1.0	1.0	1.0
network-budget/formal-expanded-v2	loopback:blocking:bulk:1:tx	linux	3	completion_span_ns	0	0	0
network-budget/formal-expanded-v2	loopback:blocking:bulk:1:tx	linux	3	slowest_connection_ns	30340400	26736600	32779600
network-budget/formal-expanded-v2	loopback:blocking:bulk:1:tx	linux	3	rtt_p50_ns_median	151200	150300	176800
network-budget/formal-expanded-v2	loopback:blocking:bulk:1:tx	linux	3	rtt_max_ns	660100	554900	831500
network-budget/formal-expanded-v2	loopback:blocking:bulk:1:tx	w16-p2-m2	3	receiver_bytes	4194304	4194304	4194304
network-budget/formal-expanded-v2	loopback:blocking:bulk:1:tx	w16-p2-m2	3	elapsed_ns	122298800	121644000	127266700
network-budget/formal-expanded-v2	loopback:blocking:bulk:1:tx	w16-p2-m2	3	receiver_mbit_s	274.36436007548724	263.65445163581677	275.84124165597973
network-budget/formal-expanded-v2	loopback:blocking:bulk:1:tx	w16-p2-m2	3	connection_mbit_s_min	274.36436007548724	263.65445163581677	275.84124165597973
network-budget/formal-expanded-v2	loopback:blocking:bulk:1:tx	w16-p2-m2	3	connection_mbit_s_max	274.36436007548724	263.65445163581677	275.84124165597973
network-budget/formal-expanded-v2	loopback:blocking:bulk:1:tx	w16-p2-m2	3	jain_completion_rate	1.0	1.0	1.0
network-budget/formal-expanded-v2	loopback:blocking:bulk:1:tx	w16-p2-m2	3	completion_span_ns	0	0	0
network-budget/formal-expanded-v2	loopback:blocking:bulk:1:tx	w16-p2-m2	3	slowest_connection_ns	122298800	121644000	127266700
network-budget/formal-expanded-v2	loopback:blocking:bulk:1:tx	w16-p2-m2	3	rtt_p50_ns_median	196900	195200	228300
network-budget/formal-expanded-v2	loopback:blocking:bulk:1:tx	w16-p2-m2	3	rtt_max_ns	1029900	1022000	1750400
network-budget/formal-expanded-v2	loopback:blocking:bulk:1:tx	w8-p1-m1	3	receiver_bytes	4194304	4194304	4194304
network-budget/formal-expanded-v2	loopback:blocking:bulk:1:tx	w8-p1-m1	3	elapsed_ns	154792800	150365400	165600500
network-budget/formal-expanded-v2	loopback:blocking:bulk:1:tx	w8-p1-m1	3	receiver_mbit_s	216.7699789654299	202.62276985878665	223.1526135666849
network-budget/formal-expanded-v2	loopback:blocking:bulk:1:tx	w8-p1-m1	3	connection_mbit_s_min	216.7699789654299	202.62276985878665	223.1526135666849
network-budget/formal-expanded-v2	loopback:blocking:bulk:1:tx	w8-p1-m1	3	connection_mbit_s_max	216.7699789654299	202.62276985878665	223.1526135666849
network-budget/formal-expanded-v2	loopback:blocking:bulk:1:tx	w8-p1-m1	3	jain_completion_rate	1.0	1.0	1.0
network-budget/formal-expanded-v2	loopback:blocking:bulk:1:tx	w8-p1-m1	3	completion_span_ns	0	0	0
network-budget/formal-expanded-v2	loopback:blocking:bulk:1:tx	w8-p1-m1	3	slowest_connection_ns	154792800	150365400	165600500
network-budget/formal-expanded-v2	loopback:blocking:bulk:1:tx	w8-p1-m1	3	rtt_p50_ns_median	220100	204000	243300
network-budget/formal-expanded-v2	loopback:blocking:bulk:1:tx	w8-p1-m1	3	rtt_max_ns	1321700	1225600	1569400
network-budget/formal-expanded-v2	loopback:blocking:bulk:1:tx	w8-p4-m2	3	receiver_bytes	4194304	4194304	4194304
network-budget/formal-expanded-v2	loopback:blocking:bulk:1:tx	w8-p4-m2	3	elapsed_ns	147206900	145249800	151770700
network-budget/formal-expanded-v2	loopback:blocking:bulk:1:tx	w8-p4-m2	3	receiver_mbit_s	227.94061963128087	221.08636251924779	231.01189812309553
network-budget/formal-expanded-v2	loopback:blocking:bulk:1:tx	w8-p4-m2	3	connection_mbit_s_min	227.94061963128087	221.08636251924779	231.01189812309553
network-budget/formal-expanded-v2	loopback:blocking:bulk:1:tx	w8-p4-m2	3	connection_mbit_s_max	227.94061963128087	221.08636251924779	231.01189812309553
network-budget/formal-expanded-v2	loopback:blocking:bulk:1:tx	w8-p4-m2	3	jain_completion_rate	1.0	1.0	1.0
network-budget/formal-expanded-v2	loopback:blocking:bulk:1:tx	w8-p4-m2	3	completion_span_ns	0	0	0
network-budget/formal-expanded-v2	loopback:blocking:bulk:1:tx	w8-p4-m2	3	slowest_connection_ns	147206900	145249800	151770700
network-budget/formal-expanded-v2	loopback:blocking:bulk:1:tx	w8-p4-m2	3	rtt_p50_ns_median	200400	199500	217200
network-budget/formal-expanded-v2	loopback:blocking:bulk:1:tx	w8-p4-m2	3	rtt_max_ns	1002700	494800	1090800
network-budget/formal-expanded-v2	loopback:blocking:rr:5:rx	baseline	3	receiver_bytes	327680	327680	327680
network-budget/formal-expanded-v2	loopback:blocking:rr:5:rx	baseline	3	elapsed_ns	608456800	607428700	628395500
network-budget/formal-expanded-v2	loopback:blocking:rr:5:rx	baseline	3	receiver_mbit_s	4.308342021980854	4.171640312510195	4.315634081827217
network-budget/formal-expanded-v2	loopback:blocking:rr:5:rx	baseline	3	transactions_s	8414.730511681355	8147.734985371474	8428.972816068783
network-budget/formal-expanded-v2	loopback:blocking:rr:5:rx	baseline	3	connection_mbit_s_min	0.8624638836010657	0.8348457928254803	0.8639528949511072
network-budget/formal-expanded-v2	loopback:blocking:rr:5:rx	baseline	3	connection_mbit_s_max	0.8692189317994852	0.8422011719763395	0.8725662906762419
network-budget/formal-expanded-v2	loopback:blocking:rr:5:rx	baseline	3	jain_completion_rate	0.9999878922449057	0.9999873559332114	0.9999921165640708
network-budget/formal-expanded-v2	loopback:blocking:rr:5:rx	baseline	3	completion_span_ns	5874400	5285400	6397800
network-budget/formal-expanded-v2	loopback:blocking:rr:5:rx	baseline	3	slowest_connection_ns	607895600	606847900	628005800
network-budget/formal-expanded-v2	loopback:blocking:rr:5:rx	baseline	3	rtt_p50_ns_median	623900	618400	658200
network-budget/formal-expanded-v2	loopback:blocking:rr:5:rx	baseline	3	rtt_max_ns	2017300	1850700	2122000
network-budget/formal-expanded-v2	loopback:blocking:rr:5:rx	linux	3	receiver_bytes	327680	327680	327680
network-budget/formal-expanded-v2	loopback:blocking:rr:5:rx	linux	3	elapsed_ns	828864800	814887400	914605000
network-budget/formal-expanded-v2	loopback:blocking:rr:5:rx	linux	3	receiver_mbit_s	3.162687087206502	2.8661990695436828	3.216935247740976
network-budget/formal-expanded-v2	loopback:blocking:rr:5:rx	linux	3	transactions_s	6177.123217200199	5598.045057702506	6283.076655744094
network-budget/formal-expanded-v2	loopback:blocking:rr:5:rx	linux	3	connection_mbit_s_min	0.6328927045465382	0.5754981883411695	0.6443305905745169
network-budget/formal-expanded-v2	loopback:blocking:rr:5:rx	linux	3	connection_mbit_s_max	0.655903744203945	0.5977092948145737	0.6705512548599452
network-budget/formal-expanded-v2	loopback:blocking:rr:5:rx	linux	3	jain_completion_rate	0.999803821806637	0.9997837006479052	0.9998174228870903
network-budget/formal-expanded-v2	loopback:blocking:rr:5:rx	linux	3	completion_span_ns	33011300	29528000	37442800
network-budget/formal-expanded-v2	loopback:blocking:rr:5:rx	linux	3	slowest_connection_ns	828399500	813694100	911015900
network-budget/formal-expanded-v2	loopback:blocking:rr:5:rx	linux	3	rtt_p50_ns_median	424100	154000	677400
network-budget/formal-expanded-v2	loopback:blocking:rr:5:rx	linux	3	rtt_max_ns	2843900	2683500	4043400
network-budget/formal-expanded-v2	loopback:blocking:rr:5:rx	w16-p2-m2	3	receiver_bytes	327680	327680	327680
network-budget/formal-expanded-v2	loopback:blocking:rr:5:rx	w16-p2-m2	3	elapsed_ns	831108700	811459400	838413300
network-budget/formal-expanded-v2	loopback:blocking:rr:5:rx	w16-p2-m2	3	receiver_mbit_s	3.1541481878363204	3.126667957199629	3.2305251501184165
network-budget/formal-expanded-v2	loopback:blocking:rr:5:rx	w16-p2-m2	3	transactions_s	6160.445679367813	6106.773353905526	6309.619433825032
network-budget/formal-expanded-v2	loopback:blocking:rr:5:rx	w16-p2-m2	3	connection_mbit_s_min	0.6309872498664402	0.6258446948092735	0.64642296016708
network-budget/formal-expanded-v2	loopback:blocking:rr:5:rx	w16-p2-m2	3	connection_mbit_s_max	0.635863626385488	0.6297917915698223	0.651779530620975
network-budget/formal-expanded-v2	loopback:blocking:rr:5:rx	w16-p2-m2	3	jain_completion_rate	0.9999927844834671	0.9999924600749613	0.999994631622627
network-budget/formal-expanded-v2	loopback:blocking:rr:5:rx	w16-p2-m2	3	completion_span_ns	5870600	5501700	6881700
network-budget/formal-expanded-v2	loopback:blocking:rr:5:rx	w16-p2-m2	3	slowest_connection_ns	830901100	811060300	837728600
network-budget/formal-expanded-v2	loopback:blocking:rr:5:rx	w16-p2-m2	3	rtt_p50_ns_median	857800	809400	880500
network-budget/formal-expanded-v2	loopback:blocking:rr:5:rx	w16-p2-m2	3	rtt_max_ns	2208800	2182800	2368300
network-budget/formal-expanded-v2	loopback:blocking:rr:5:rx	w8-p1-m1	3	receiver_bytes	327680	327680	327680
network-budget/formal-expanded-v2	loopback:blocking:rr:5:rx	w8-p1-m1	3	elapsed_ns	832305400	806925700	855903600
network-budget/formal-expanded-v2	loopback:blocking:rr:5:rx	w8-p1-m1	3	receiver_mbit_s	3.14961311076439	3.062774826510836	3.2486758074504256
network-budget/formal-expanded-v2	loopback:blocking:rr:5:rx	w8-p1-m1	3	transactions_s	6151.588106961699	5981.982083028976	6345.069936426613
network-budget/formal-expanded-v2	loopback:blocking:rr:5:rx	w8-p1-m1	3	connection_mbit_s_min	0.6304304929963858	0.6128909475700299	0.6500747299270109
network-budget/formal-expanded-v2	loopback:blocking:rr:5:rx	w8-p1-m1	3	connection_mbit_s_max	0.6364408413301978	0.618763320740234	0.6553086401853255
network-budget/formal-expanded-v2	loopback:blocking:rr:5:rx	w8-p1-m1	3	jain_completion_rate	0.9999898889356459	0.9999877079285099	0.9999912716041772
network-budget/formal-expanded-v2	loopback:blocking:rr:5:rx	w8-p1-m1	3	completion_span_ns	8246600	6550300	8330800
network-budget/formal-expanded-v2	loopback:blocking:rr:5:rx	w8-p1-m1	3	slowest_connection_ns	831634900	806504200	855434400
network-budget/formal-expanded-v2	loopback:blocking:rr:5:rx	w8-p1-m1	3	rtt_p50_ns_median	856700	805700	901100
network-budget/formal-expanded-v2	loopback:blocking:rr:5:rx	w8-p1-m1	3	rtt_max_ns	2145100	2031800	3525600
network-budget/formal-expanded-v2	loopback:blocking:rr:5:rx	w8-p4-m2	3	receiver_bytes	327680	327680	327680
network-budget/formal-expanded-v2	loopback:blocking:rr:5:rx	w8-p4-m2	3	elapsed_ns	812765500	811345000	838160800
network-budget/formal-expanded-v2	loopback:blocking:rr:5:rx	w8-p4-m2	3	receiver_mbit_s	3.225333752478421	3.127609881063395	3.230980655578083
network-budget/formal-expanded-v2	loopback:blocking:rr:5:rx	w8-p4-m2	3	transactions_s	6299.4799853094155	6108.613048951944	6310.509092925944
network-budget/formal-expanded-v2	loopback:blocking:rr:5:rx	w8-p4-m2	3	connection_mbit_s_min	0.6450667504956842	0.625662909977899	0.646650347303463
network-budget/formal-expanded-v2	loopback:blocking:rr:5:rx	w8-p4-m2	3	connection_mbit_s_max	0.6485831171546306	0.6311295177713432	0.6524587605638079
network-budget/formal-expanded-v2	loopback:blocking:rr:5:rx	w8-p4-m2	3	jain_completion_rate	0.9999912161369471	0.9999899753190564	0.9999962635765867
network-budget/formal-expanded-v2	loopback:blocking:rr:5:rx	w8-p4-m2	3	completion_span_ns	6803100	4068300	7605500
network-budget/formal-expanded-v2	loopback:blocking:rr:5:rx	w8-p4-m2	3	slowest_connection_ns	812765500	810775100	837972000
network-budget/formal-expanded-v2	loopback:blocking:rr:5:rx	w8-p4-m2	3	rtt_p50_ns_median	826300	818400	849600
network-budget/formal-expanded-v2	loopback:blocking:rr:5:rx	w8-p4-m2	3	rtt_max_ns	2159700	2145100	2589600
network-budget/formal-expanded-v2	loopback:blocking:bulk:5:rx	baseline	3	receiver_bytes	20971520	20971520	20971520
network-budget/formal-expanded-v2	loopback:blocking:bulk:5:rx	baseline	3	elapsed_ns	564447900	558138500	626244000
network-budget/formal-expanded-v2	loopback:blocking:bulk:5:rx	baseline	3	receiver_mbit_s	297.2323220619653	267.90222341451573	300.5923440149712
network-budget/formal-expanded-v2	loopback:blocking:bulk:5:rx	baseline	3	connection_mbit_s_min	59.7186563849054	53.8223359658149	60.358284784759846
network-budget/formal-expanded-v2	loopback:blocking:bulk:5:rx	baseline	3	connection_mbit_s_max	60.19753665823833	54.57922132000833	61.99267086609227
network-budget/formal-expanded-v2	loopback:blocking:bulk:5:rx	baseline	3	jain_completion_rate	0.9999759380613763	0.9998946399078178	0.9999887636547375
network-budget/formal-expanded-v2	loopback:blocking:bulk:5:rx	baseline	3	completion_span_ns	11460000	6776400	13866900
network-budget/formal-expanded-v2	loopback:blocking:bulk:5:rx	baseline	3	slowest_connection_ns	561875200	555920900	623429500
network-budget/formal-expanded-v2	loopback:blocking:bulk:5:rx	baseline	3	rtt_p50_ns_median	662600	621500	707000
network-budget/formal-expanded-v2	loopback:blocking:bulk:5:rx	baseline	3	rtt_max_ns	2057600	1779900	2095200
network-budget/formal-expanded-v2	loopback:blocking:bulk:5:rx	linux	3	receiver_bytes	20971520	20971520	20971520
network-budget/formal-expanded-v2	loopback:blocking:bulk:5:rx	linux	3	elapsed_ns	127447200	127381800	128242800
network-budget/formal-expanded-v2	loopback:blocking:bulk:5:rx	linux	3	receiver_mbit_s	1316.4052250657528	1308.2384352181955	1317.0810900772324
network-budget/formal-expanded-v2	loopback:blocking:bulk:5:rx	linux	3	connection_mbit_s_min	263.28104501315056	262.9725690397949	274.1982252606582
network-budget/formal-expanded-v2	loopback:blocking:bulk:5:rx	linux	3	connection_mbit_s_max	332.3056689504093	300.41472348037536	337.191500479844
network-budget/formal-expanded-v2	loopback:blocking:bulk:5:rx	linux	3	jain_completion_rate	0.9954482907473189	0.9935669723840574	0.9977350296085132
network-budget/formal-expanded-v2	loopback:blocking:bulk:5:rx	linux	3	completion_span_ns	10973100	9988900	13540200
network-budget/formal-expanded-v2	loopback:blocking:bulk:5:rx	linux	3	slowest_connection_ns	127447200	122372900	127596700
network-budget/formal-expanded-v2	loopback:blocking:bulk:5:rx	linux	3	rtt_p50_ns_median	580800	463600	603700
network-budget/formal-expanded-v2	loopback:blocking:bulk:5:rx	linux	3	rtt_max_ns	2907900	1579500	4710200
network-budget/formal-expanded-v2	loopback:blocking:bulk:5:rx	w16-p2-m2	3	receiver_bytes	20971520	20971520	20971520
network-budget/formal-expanded-v2	loopback:blocking:bulk:5:rx	w16-p2-m2	3	elapsed_ns	606190200	593681800	626584100
network-budget/formal-expanded-v2	loopback:blocking:bulk:5:rx	w16-p2-m2	3	receiver_mbit_s	276.76488336499006	267.75681029888887	282.596097774936
network-budget/formal-expanded-v2	loopback:blocking:bulk:5:rx	w16-p2-m2	3	connection_mbit_s_min	55.78291326561911	53.81143435759879	56.859477019519964
network-budget/formal-expanded-v2	loopback:blocking:bulk:5:rx	w16-p2-m2	3	connection_mbit_s_max	56.77491052999105	54.452766800760195	58.77244004951997
network-budget/formal-expanded-v2	loopback:blocking:bulk:5:rx	w16-p2-m2	3	jain_completion_rate	0.9999651002059647	0.9998577586844634	0.9999849357437383
network-budget/formal-expanded-v2	loopback:blocking:bulk:5:rx	w16-p2-m2	3	completion_span_ns	11638300	8708500	21220000
network-budget/formal-expanded-v2	loopback:blocking:bulk:5:rx	w16-p2-m2	3	slowest_connection_ns	601518100	590129100	623555800
network-budget/formal-expanded-v2	loopback:blocking:bulk:5:rx	w16-p2-m2	3	rtt_p50_ns_median	835300	821300	876000
network-budget/formal-expanded-v2	loopback:blocking:bulk:5:rx	w16-p2-m2	3	rtt_max_ns	2745300	2222500	3686100
network-budget/formal-expanded-v2	loopback:blocking:bulk:5:rx	w8-p1-m1	3	receiver_bytes	20971520	20971520	20971520
network-budget/formal-expanded-v2	loopback:blocking:bulk:5:rx	w8-p1-m1	3	elapsed_ns	690933000	679953700	706310300
network-budget/formal-expanded-v2	loopback:blocking:bulk:5:rx	w8-p1-m1	3	receiver_mbit_s	242.81972347535867	237.5332201724936	246.7405648355175
network-budget/formal-expanded-v2	loopback:blocking:bulk:5:rx	w8-p1-m1	3	connection_mbit_s_min	48.75966563570427	47.65418566487271	49.553475093179244
network-budget/formal-expanded-v2	loopback:blocking:bulk:5:rx	w8-p1-m1	3	connection_mbit_s_max	49.82307645592235	48.496625413124384	50.076346267641
network-budget/formal-expanded-v2	loopback:blocking:bulk:5:rx	w8-p1-m1	3	jain_completion_rate	0.9999480016673225	0.99994327876101	0.9999854473194391
network-budget/formal-expanded-v2	loopback:blocking:bulk:5:rx	w8-p1-m1	3	completion_span_ns	11449700	8582200	15444200
network-budget/formal-expanded-v2	loopback:blocking:bulk:5:rx	w8-p1-m1	3	slowest_connection_ns	688159600	677135800	704123500
network-budget/formal-expanded-v2	loopback:blocking:bulk:5:rx	w8-p1-m1	3	rtt_p50_ns_median	825400	814900	906700
network-budget/formal-expanded-v2	loopback:blocking:bulk:5:rx	w8-p1-m1	3	rtt_max_ns	2261600	2258100	2645400
network-budget/formal-expanded-v2	loopback:blocking:bulk:5:rx	w8-p4-m2	3	receiver_bytes	20971520	20971520	20971520
network-budget/formal-expanded-v2	loopback:blocking:bulk:5:rx	w8-p4-m2	3	elapsed_ns	693910000	686794200	696867500
network-budget/formal-expanded-v2	loopback:blocking:bulk:5:rx	w8-p4-m2	3	receiver_mbit_s	241.77798273551326	240.75187894398863	244.2830181151792
network-budget/formal-expanded-v2	loopback:blocking:bulk:5:rx	w8-p4-m2	3	connection_mbit_s_min	48.366232922344324	48.240610497380544	49.022896001180484
network-budget/formal-expanded-v2	loopback:blocking:bulk:5:rx	w8-p4-m2	3	connection_mbit_s_max	49.2386292132721	48.84909269153958	50.19151329488069
network-budget/formal-expanded-v2	loopback:blocking:bulk:5:rx	w8-p4-m2	3	jain_completion_rate	0.9999598364712947	0.9999265591880532	0.9999758490645393
network-budget/formal-expanded-v2	loopback:blocking:bulk:5:rx	w8-p4-m2	3	completion_span_ns	11146900	7060000	16878500
network-budget/formal-expanded-v2	loopback:blocking:bulk:5:rx	w8-p4-m2	3	slowest_connection_ns	693757400	684464500	695564000
network-budget/formal-expanded-v2	loopback:blocking:bulk:5:rx	w8-p4-m2	3	rtt_p50_ns_median	827900	807000	855700
network-budget/formal-expanded-v2	loopback:blocking:bulk:5:rx	w8-p4-m2	3	rtt_max_ns	2482400	2120300	2633800
network-budget/formal-expanded-v2	loopback:blocking:bulk:5:tx	baseline	3	receiver_bytes	20971520	20971520	20971520
network-budget/formal-expanded-v2	loopback:blocking:bulk:5:tx	baseline	3	elapsed_ns	565161600	563100500	569850500
network-budget/formal-expanded-v2	loopback:blocking:bulk:5:tx	baseline	3	receiver_mbit_s	296.85696975873805	294.41434200724575	297.943546489481
network-budget/formal-expanded-v2	loopback:blocking:bulk:5:tx	baseline	3	connection_mbit_s_min	59.44274692320338	59.15274836201143	59.64770019603814
network-budget/formal-expanded-v2	loopback:blocking:bulk:5:tx	baseline	3	connection_mbit_s_max	60.719925574985176	60.51657556412756	61.05947025577354
network-budget/formal-expanded-v2	loopback:blocking:bulk:5:tx	baseline	3	jain_completion_rate	0.9999381651876683	0.9998991449712983	0.9999536111757554
network-budget/formal-expanded-v2	loopback:blocking:bulk:5:tx	baseline	3	completion_span_ns	13114200	9764100	16499300
network-budget/formal-expanded-v2	loopback:blocking:bulk:5:tx	baseline	3	slowest_connection_ns	564483200	562543600	567250600
network-budget/formal-expanded-v2	loopback:blocking:bulk:5:tx	baseline	3	rtt_p50_ns_median	662000	653100	678900
network-budget/formal-expanded-v2	loopback:blocking:bulk:5:tx	baseline	3	rtt_max_ns	1856300	1792700	2012900
network-budget/formal-expanded-v2	loopback:blocking:bulk:5:tx	linux	3	receiver_bytes	20971520	20971520	20971520
network-budget/formal-expanded-v2	loopback:blocking:bulk:5:tx	linux	3	elapsed_ns	123740300	123491800	123771700
network-budget/formal-expanded-v2	loopback:blocking:bulk:5:tx	linux	3	receiver_mbit_s	1355.8409022767846	1355.4969350828985	1358.5692329369238
network-budget/formal-expanded-v2	loopback:blocking:bulk:5:tx	linux	3	connection_mbit_s_min	271.8058485216687	271.51662667955964	273.054222789326
network-budget/formal-expanded-v2	loopback:blocking:bulk:5:tx	linux	3	connection_mbit_s_max	296.84966881968523	290.68167327363955	336.4179975396104
network-budget/formal-expanded-v2	loopback:blocking:bulk:5:tx	linux	3	jain_completion_rate	0.9990609078526738	0.9940315861190415	0.9994671270484651
network-budget/formal-expanded-v2	loopback:blocking:bulk:5:tx	linux	3	completion_span_ns	6763900	6357200	10226500
network-budget/formal-expanded-v2	loopback:blocking:bulk:5:tx	linux	3	slowest_connection_ns	123450000	122885600	123581500
network-budget/formal-expanded-v2	loopback:blocking:bulk:5:tx	linux	3	rtt_p50_ns_median	593700	483700	619600
network-budget/formal-expanded-v2	loopback:blocking:bulk:5:tx	linux	3	rtt_max_ns	2083900	1535900	2654300
network-budget/formal-expanded-v2	loopback:blocking:bulk:5:tx	w16-p2-m2	3	receiver_bytes	20971520	20971520	20971520
network-budget/formal-expanded-v2	loopback:blocking:bulk:5:tx	w16-p2-m2	3	elapsed_ns	614056600	586049700	614392300
network-budget/formal-expanded-v2	loopback:blocking:bulk:5:tx	w16-p2-m2	3	receiver_mbit_s	273.21937424009445	273.0700889317786	286.2763345839099
network-budget/formal-expanded-v2	loopback:blocking:bulk:5:tx	w16-p2-m2	3	connection_mbit_s_min	54.68464410295457	54.68266568451862	57.25526691678197
network-budget/formal-expanded-v2	loopback:blocking:bulk:5:tx	w16-p2-m2	3	connection_mbit_s_max	56.932121950652565	55.9979706545974	59.25333006526541
network-budget/formal-expanded-v2	loopback:blocking:bulk:5:tx	w16-p2-m2	3	jain_completion_rate	0.9998488467884553	0.9997888579933321	0.9999342183431488
network-budget/formal-expanded-v2	loopback:blocking:bulk:5:tx	w16-p2-m2	3	completion_span_ns	18876200	14000300	24488500
network-budget/formal-expanded-v2	loopback:blocking:bulk:5:tx	w16-p2-m2	3	slowest_connection_ns	613598800	586049700	613621000
network-budget/formal-expanded-v2	loopback:blocking:bulk:5:tx	w16-p2-m2	3	rtt_p50_ns_median	811800	801200	811800
network-budget/formal-expanded-v2	loopback:blocking:bulk:5:tx	w16-p2-m2	3	rtt_max_ns	2133900	2113800	2199100
network-budget/formal-expanded-v2	loopback:blocking:bulk:5:tx	w8-p1-m1	3	receiver_bytes	20971520	20971520	20971520
network-budget/formal-expanded-v2	loopback:blocking:bulk:5:tx	w8-p1-m1	3	elapsed_ns	684764000	681971300	699430500
network-budget/formal-expanded-v2	loopback:blocking:bulk:5:tx	w8-p1-m1	3	receiver_mbit_s	245.00727257858182	239.86966539205827	246.01058724905286
network-budget/formal-expanded-v2	loopback:blocking:bulk:5:tx	w8-p1-m1	3	connection_mbit_s_min	49.04637785893114	48.0392853614783	49.27013766504784
network-budget/formal-expanded-v2	loopback:blocking:bulk:5:tx	w8-p1-m1	3	connection_mbit_s_max	49.95777896952576	49.37332412212067	50.023774180616684
network-budget/formal-expanded-v2	loopback:blocking:bulk:5:tx	w8-p1-m1	3	jain_completion_rate	0.9999610779119728	0.9998931605508603	0.9999709051011235
network-budget/formal-expanded-v2	loopback:blocking:bulk:5:tx	w8-p1-m1	3	completion_span_ns	13108200	10449200	19380900
network-budget/formal-expanded-v2	loopback:blocking:bulk:5:tx	w8-p1-m1	3	slowest_connection_ns	684136800	681029800	698479000
network-budget/formal-expanded-v2	loopback:blocking:bulk:5:tx	w8-p1-m1	3	rtt_p50_ns_median	820600	818900	855200
network-budget/formal-expanded-v2	loopback:blocking:bulk:5:tx	w8-p1-m1	3	rtt_max_ns	2303900	2275500	2310300
network-budget/formal-expanded-v2	loopback:blocking:bulk:5:tx	w8-p4-m2	3	receiver_bytes	20971520	20971520	20971520
network-budget/formal-expanded-v2	loopback:blocking:bulk:5:tx	w8-p4-m2	3	elapsed_ns	700706700	685940100	703154500
network-budget/formal-expanded-v2	loopback:blocking:bulk:5:tx	w8-p4-m2	3	receiver_mbit_s	239.43278978208716	238.59928365672124	244.5871877150789
network-budget/formal-expanded-v2	loopback:blocking:bulk:5:tx	w8-p4-m2	3	connection_mbit_s_min	47.91809729587695	47.71985673134425	48.950485574278936
network-budget/formal-expanded-v2	loopback:blocking:bulk:5:tx	w8-p4-m2	3	connection_mbit_s_max	49.704209397876376	48.68693516830541	50.045007711580766
network-budget/formal-expanded-v2	loopback:blocking:bulk:5:tx	w8-p4-m2	3	jain_completion_rate	0.9999220429588733	0.9998259617346651	0.999941680408632
network-budget/formal-expanded-v2	loopback:blocking:bulk:5:tx	w8-p4-m2	3	completion_span_ns	14595200	11921100	24918300
network-budget/formal-expanded-v2	loopback:blocking:bulk:5:tx	w8-p4-m2	3	slowest_connection_ns	700245500	685477000	703154500
network-budget/formal-expanded-v2	loopback:blocking:bulk:5:tx	w8-p4-m2	3	rtt_p50_ns_median	839900	818000	860900
network-budget/formal-expanded-v2	loopback:blocking:bulk:5:tx	w8-p4-m2	3	rtt_max_ns	2144900	2064500	2249600
network-budget/formal-expanded-v2	loopback:blocking:mixed:near:rx	baseline	3	receiver_bytes	54525952	54525952	54525952
network-budget/formal-expanded-v2	loopback:blocking:mixed:near:rx	baseline	3	elapsed_ns	1588293000	1567418600	1618553600
network-budget/formal-expanded-v2	loopback:blocking:mixed:near:rx	baseline	3	receiver_mbit_s	274.63926114388215	269.5045848342619	278.296822559079
network-budget/formal-expanded-v2	loopback:blocking:mixed:near:rx	baseline	3	connection_mbit_s_min	21.190030267744085	20.78189559365569	21.546800725931742
network-budget/formal-expanded-v2	loopback:blocking:mixed:near:rx	baseline	3	connection_mbit_s_max	23.26934772740165	22.83451376599804	23.5849888265498
network-budget/formal-expanded-v2	loopback:blocking:mixed:near:rx	baseline	3	jain_completion_rate	0.9992339013016335	0.9974241979505338	0.9993186324708325
network-budget/formal-expanded-v2	loopback:blocking:mixed:near:rx	baseline	3	completion_span_ns	125417200	118488300	194762400
network-budget/formal-expanded-v2	loopback:blocking:mixed:near:rx	baseline	3	slowest_connection_ns	1583500900	1557281400	1614599200
network-budget/formal-expanded-v2	loopback:blocking:mixed:near:rx	baseline	3	rtt_p50_ns_median	1909100	1883100	1915300
network-budget/formal-expanded-v2	loopback:blocking:mixed:near:rx	baseline	3	rtt_max_ns	3704900	3474000	3934400
network-budget/formal-expanded-v2	loopback:blocking:mixed:near:rx	baseline	3	control_completed_requests	1024	1024	1024
network-budget/formal-expanded-v2	loopback:blocking:mixed:near:rx	baseline	3	control_requests_during_bulk	230	221	263
network-budget/formal-expanded-v2	loopback:blocking:mixed:near:rx	baseline	3	control_requests_fully_contained	229	220	262
network-budget/formal-expanded-v2	loopback:blocking:mixed:near:rx	baseline	3	control_received_bytes	65536	65536	65536
network-budget/formal-expanded-v2	loopback:blocking:mixed:near:rx	baseline	3	control_rr_all_p50_ns	119400	118400	120800
network-budget/formal-expanded-v2	loopback:blocking:mixed:near:rx	baseline	3	control_rr_all_p95_ns	8200400	8026900	8594000
network-budget/formal-expanded-v2	loopback:blocking:mixed:near:rx	baseline	3	control_rr_all_p99_ns	10094500	9149400	10310900
network-budget/formal-expanded-v2	loopback:blocking:mixed:near:rx	baseline	3	control_rr_all_max_ns	16005000	14660000	16750200
network-budget/formal-expanded-v2	loopback:blocking:mixed:near:rx	baseline	3	control_rr_during_bulk_p50_ns	7504000	7257200	7714800
network-budget/formal-expanded-v2	loopback:blocking:mixed:near:rx	baseline	3	control_rr_during_bulk_p95_ns	9135200	9063200	10228400
network-budget/formal-expanded-v2	loopback:blocking:mixed:near:rx	baseline	3	control_rr_during_bulk_p99_ns	13046500	12214500	14500000
network-budget/formal-expanded-v2	loopback:blocking:mixed:near:rx	baseline	3	control_rr_during_bulk_max_ns	16005000	14660000	16750200
network-budget/formal-expanded-v2	loopback:blocking:mixed:near:rx	baseline	3	control_rr_fully_contained_p50_ns	7504000	7257200	7724500
network-budget/formal-expanded-v2	loopback:blocking:mixed:near:rx	baseline	3	control_rr_fully_contained_p95_ns	9135200	9063200	10228400
network-budget/formal-expanded-v2	loopback:blocking:mixed:near:rx	baseline	3	control_rr_fully_contained_p99_ns	13046500	12214500	14500000
network-budget/formal-expanded-v2	loopback:blocking:mixed:near:rx	baseline	3	control_rr_fully_contained_max_ns	16005000	14660000	16750200
network-budget/formal-expanded-v2	loopback:blocking:mixed:near:rx	linux	3	receiver_bytes	54525952	54525952	54525952
network-budget/formal-expanded-v2	loopback:blocking:mixed:near:rx	linux	3	elapsed_ns	330859900	327688400	333709900
network-budget/formal-expanded-v2	loopback:blocking:mixed:near:rx	linux	3	receiver_mbit_s	1318.4058146665704	1307.146164977425	1331.165875874764
network-budget/formal-expanded-v2	loopback:blocking:mixed:near:rx	linux	3	connection_mbit_s_min	102.39737506728953	100.54970499826346	104.48309341205118
network-budget/formal-expanded-v2	loopback:blocking:mixed:near:rx	linux	3	connection_mbit_s_max	120.0631473787111	118.8085869381636	123.15731443139667
network-budget/formal-expanded-v2	loopback:blocking:mixed:near:rx	linux	3	jain_completion_rate	0.9978456801320728	0.9975275508386395	0.9984060510398448
network-budget/formal-expanded-v2	loopback:blocking:mixed:near:rx	linux	3	completion_span_ns	27179900	25226500	27680200
network-budget/formal-expanded-v2	loopback:blocking:mixed:near:rx	linux	3	slowest_connection_ns	327688400	321147000	333709900
network-budget/formal-expanded-v2	loopback:blocking:mixed:near:rx	linux	3	rtt_p50_ns_median	2180200	1759800	2248400
network-budget/formal-expanded-v2	loopback:blocking:mixed:near:rx	linux	3	rtt_max_ns	7819700	5388100	9107200
network-budget/formal-expanded-v2	loopback:blocking:mixed:near:rx	linux	3	control_completed_requests	1024	1024	1024
network-budget/formal-expanded-v2	loopback:blocking:mixed:near:rx	linux	3	control_requests_during_bulk	79	73	80
network-budget/formal-expanded-v2	loopback:blocking:mixed:near:rx	linux	3	control_requests_fully_contained	78	72	79
network-budget/formal-expanded-v2	loopback:blocking:mixed:near:rx	linux	3	control_received_bytes	65536	65536	65536
network-budget/formal-expanded-v2	loopback:blocking:mixed:near:rx	linux	3	control_rr_all_p50_ns	141000	140000	142000
network-budget/formal-expanded-v2	loopback:blocking:mixed:near:rx	linux	3	control_rr_all_p95_ns	215700	207300	218600
network-budget/formal-expanded-v2	loopback:blocking:mixed:near:rx	linux	3	control_rr_all_p99_ns	6519500	5897500	7074900
network-budget/formal-expanded-v2	loopback:blocking:mixed:near:rx	linux	3	control_rr_all_max_ns	48192200	47855200	56076800
network-budget/formal-expanded-v2	loopback:blocking:mixed:near:rx	linux	3	control_rr_during_bulk_p50_ns	305200	229000	380800
network-budget/formal-expanded-v2	loopback:blocking:mixed:near:rx	linux	3	control_rr_during_bulk_p95_ns	16161900	15981100	23991900
network-budget/formal-expanded-v2	loopback:blocking:mixed:near:rx	linux	3	control_rr_during_bulk_p99_ns	48192200	47855200	56076800
network-budget/formal-expanded-v2	loopback:blocking:mixed:near:rx	linux	3	control_rr_during_bulk_max_ns	48192200	47855200	56076800
network-budget/formal-expanded-v2	loopback:blocking:mixed:near:rx	linux	3	control_rr_fully_contained_p50_ns	233100	228400	596300
network-budget/formal-expanded-v2	loopback:blocking:mixed:near:rx	linux	3	control_rr_fully_contained_p95_ns	16197700	15981100	23991900
network-budget/formal-expanded-v2	loopback:blocking:mixed:near:rx	linux	3	control_rr_fully_contained_p99_ns	48192200	47855200	56076800
network-budget/formal-expanded-v2	loopback:blocking:mixed:near:rx	linux	3	control_rr_fully_contained_max_ns	48192200	47855200	56076800
network-budget/formal-expanded-v2	loopback:blocking:mixed:near:rx	w16-p2-m2	3	receiver_bytes	54525952	54525952	54525952
network-budget/formal-expanded-v2	loopback:blocking:mixed:near:rx	w16-p2-m2	3	elapsed_ns	1612630700	1603377200	1614496100
network-budget/formal-expanded-v2	loopback:blocking:mixed:near:rx	w16-p2-m2	3	receiver_mbit_s	270.49442628123103	270.18189514363024	272.05551881366404
network-budget/formal-expanded-v2	loopback:blocking:mixed:near:rx	w16-p2-m2	3	connection_mbit_s_min	20.914799064935895	20.824801464382872	20.946975381596616
network-budget/formal-expanded-v2	loopback:blocking:mixed:near:rx	w16-p2-m2	3	connection_mbit_s_max	21.563870076817004	21.363036361834013	22.068884234098427
network-budget/formal-expanded-v2	loopback:blocking:mixed:near:rx	w16-p2-m2	3	jain_completion_rate	0.9999211896425876	0.9998186933265726	0.9999594261093769
network-budget/formal-expanded-v2	loopback:blocking:mixed:near:rx	w16-p2-m2	3	completion_span_ns	53041800	31932600	78495500
network-budget/formal-expanded-v2	loopback:blocking:mixed:near:rx	w16-p2-m2	3	slowest_connection_ns	1604339200	1601874800	1611272600
network-budget/formal-expanded-v2	loopback:blocking:mixed:near:rx	w16-p2-m2	3	rtt_p50_ns_median	2345600	2297400	2423400
network-budget/formal-expanded-v2	loopback:blocking:mixed:near:rx	w16-p2-m2	3	rtt_max_ns	4053000	3965400	5254800
network-budget/formal-expanded-v2	loopback:blocking:mixed:near:rx	w16-p2-m2	3	control_completed_requests	1024	1024	1024
network-budget/formal-expanded-v2	loopback:blocking:mixed:near:rx	w16-p2-m2	3	control_requests_during_bulk	91	90	94
network-budget/formal-expanded-v2	loopback:blocking:mixed:near:rx	w16-p2-m2	3	control_requests_fully_contained	90	89	93
network-budget/formal-expanded-v2	loopback:blocking:mixed:near:rx	w16-p2-m2	3	control_received_bytes	65536	65536	65536
network-budget/formal-expanded-v2	loopback:blocking:mixed:near:rx	w16-p2-m2	3	control_rr_all_p50_ns	200500	196000	204500
network-budget/formal-expanded-v2	loopback:blocking:mixed:near:rx	w16-p2-m2	3	control_rr_all_p95_ns	17320200	17283700	17337600
network-budget/formal-expanded-v2	loopback:blocking:mixed:near:rx	w16-p2-m2	3	control_rr_all_p99_ns	19051600	18794400	19873400
network-budget/formal-expanded-v2	loopback:blocking:mixed:near:rx	w16-p2-m2	3	control_rr_all_max_ns	26704100	26372400	27889400
network-budget/formal-expanded-v2	loopback:blocking:mixed:near:rx	w16-p2-m2	3	control_rr_during_bulk_p50_ns	17478500	17406000	17498100
network-budget/formal-expanded-v2	loopback:blocking:mixed:near:rx	w16-p2-m2	3	control_rr_during_bulk_p95_ns	25489700	24418500	25548400
network-budget/formal-expanded-v2	loopback:blocking:mixed:near:rx	w16-p2-m2	3	control_rr_during_bulk_p99_ns	26598900	26372400	26704100
network-budget/formal-expanded-v2	loopback:blocking:mixed:near:rx	w16-p2-m2	3	control_rr_during_bulk_max_ns	26598900	26372400	26704100
network-budget/formal-expanded-v2	loopback:blocking:mixed:near:rx	w16-p2-m2	3	control_rr_fully_contained_p50_ns	17485500	17418100	17498100
network-budget/formal-expanded-v2	loopback:blocking:mixed:near:rx	w16-p2-m2	3	control_rr_fully_contained_p95_ns	25489700	24418500	25548400
network-budget/formal-expanded-v2	loopback:blocking:mixed:near:rx	w16-p2-m2	3	control_rr_fully_contained_p99_ns	26598900	26372400	26704100
network-budget/formal-expanded-v2	loopback:blocking:mixed:near:rx	w16-p2-m2	3	control_rr_fully_contained_max_ns	26598900	26372400	26704100
network-budget/formal-expanded-v2	loopback:blocking:mixed:near:rx	w8-p1-m1	3	receiver_bytes	54525952	54525952	54525952
network-budget/formal-expanded-v2	loopback:blocking:mixed:near:rx	w8-p1-m1	3	elapsed_ns	1864321400	1848028100	1868422500
network-budget/formal-expanded-v2	loopback:blocking:mixed:near:rx	w8-p1-m1	3	receiver_mbit_s	233.97661798014013	233.4630502469329	236.039493122426
network-budget/formal-expanded-v2	loopback:blocking:mixed:near:rx	w8-p1-m1	3	connection_mbit_s_min	18.041363516804374	17.97828114007003	18.200094866651064
network-budget/formal-expanded-v2	loopback:blocking:mixed:near:rx	w8-p1-m1	3	connection_mbit_s_max	18.512633796801605	18.395143358730994	18.5581035824632
network-budget/formal-expanded-v2	loopback:blocking:mixed:near:rx	w8-p1-m1	3	jain_completion_rate	0.9999588667382739	0.9999377790748601	0.9999736191072267
network-budget/formal-expanded-v2	loopback:blocking:mixed:near:rx	w8-p1-m1	3	completion_span_ns	31154300	29924900	53259600
network-budget/formal-expanded-v2	loopback:blocking:mixed:near:rx	w8-p1-m1	3	slowest_connection_ns	1859861200	1843640500	1866387100
network-budget/formal-expanded-v2	loopback:blocking:mixed:near:rx	w8-p1-m1	3	rtt_p50_ns_median	2266900	2233700	2277700
network-budget/formal-expanded-v2	loopback:blocking:mixed:near:rx	w8-p1-m1	3	rtt_max_ns	3945100	3911000	4325900
network-budget/formal-expanded-v2	loopback:blocking:mixed:near:rx	w8-p1-m1	3	control_completed_requests	1024	1024	1024
network-budget/formal-expanded-v2	loopback:blocking:mixed:near:rx	w8-p1-m1	3	control_requests_during_bulk	191	189	191
network-budget/formal-expanded-v2	loopback:blocking:mixed:near:rx	w8-p1-m1	3	control_requests_fully_contained	190	188	190
network-budget/formal-expanded-v2	loopback:blocking:mixed:near:rx	w8-p1-m1	3	control_received_bytes	65536	65536	65536
network-budget/formal-expanded-v2	loopback:blocking:mixed:near:rx	w8-p1-m1	3	control_rr_all_p50_ns	196800	193800	206800
network-budget/formal-expanded-v2	loopback:blocking:mixed:near:rx	w8-p1-m1	3	control_rr_all_p95_ns	10027600	10021000	10028100
network-budget/formal-expanded-v2	loopback:blocking:mixed:near:rx	w8-p1-m1	3	control_rr_all_p99_ns	12779400	12448500	13797700
network-budget/formal-expanded-v2	loopback:blocking:mixed:near:rx	w8-p1-m1	3	control_rr_all_max_ns	16704800	15059500	21337800
network-budget/formal-expanded-v2	loopback:blocking:mixed:near:rx	w8-p1-m1	3	control_rr_during_bulk_p50_ns	9637300	9539700	9695200
network-budget/formal-expanded-v2	loopback:blocking:mixed:near:rx	w8-p1-m1	3	control_rr_during_bulk_p95_ns	13377600	12761100	13802200
network-budget/formal-expanded-v2	loopback:blocking:mixed:near:rx	w8-p1-m1	3	control_rr_during_bulk_p99_ns	15592700	14766700	16269400
network-budget/formal-expanded-v2	loopback:blocking:mixed:near:rx	w8-p1-m1	3	control_rr_during_bulk_max_ns	16704800	15059500	21337800
network-budget/formal-expanded-v2	loopback:blocking:mixed:near:rx	w8-p1-m1	3	control_rr_fully_contained_p50_ns	9637300	9539700	9695200
network-budget/formal-expanded-v2	loopback:blocking:mixed:near:rx	w8-p1-m1	3	control_rr_fully_contained_p95_ns	13377600	12761100	13802200
network-budget/formal-expanded-v2	loopback:blocking:mixed:near:rx	w8-p1-m1	3	control_rr_fully_contained_p99_ns	15592700	14766700	16269400
network-budget/formal-expanded-v2	loopback:blocking:mixed:near:rx	w8-p1-m1	3	control_rr_fully_contained_max_ns	16704800	15059500	21337800
network-budget/formal-expanded-v2	loopback:blocking:mixed:near:rx	w8-p4-m2	3	receiver_bytes	54525952	54525952	54525952
network-budget/formal-expanded-v2	loopback:blocking:mixed:near:rx	w8-p4-m2	3	elapsed_ns	1879801800	1857019700	1888366700
network-budget/formal-expanded-v2	loopback:blocking:mixed:near:rx	w8-p4-m2	3	receiver_mbit_s	232.04979163228805	230.9973036487034	234.8966012584573
network-budget/formal-expanded-v2	loopback:blocking:mixed:near:rx	w8-p4-m2	3	connection_mbit_s_min	17.856679032535308	17.81882428286714	18.1007784032885
network-budget/formal-expanded-v2	loopback:blocking:mixed:near:rx	w8-p4-m2	3	connection_mbit_s_max	18.40205891566466	18.26202848826704	18.438463478228424
network-budget/formal-expanded-v2	loopback:blocking:mixed:near:rx	w8-p4-m2	3	jain_completion_rate	0.9999590454293804	0.9999473395663939	0.9999763102745075
network-budget/formal-expanded-v2	loopback:blocking:mixed:near:rx	w8-p4-m2	3	completion_span_ns	46348800	33243200	50978700
network-budget/formal-expanded-v2	loopback:blocking:mixed:near:rx	w8-p4-m2	3	slowest_connection_ns	1879097000	1853756300	1883089000
network-budget/formal-expanded-v2	loopback:blocking:mixed:near:rx	w8-p4-m2	3	rtt_p50_ns_median	2316400	2266100	2460400
network-budget/formal-expanded-v2	loopback:blocking:mixed:near:rx	w8-p4-m2	3	rtt_max_ns	3952200	3861800	4245600
network-budget/formal-expanded-v2	loopback:blocking:mixed:near:rx	w8-p4-m2	3	control_completed_requests	1024	1024	1024
network-budget/formal-expanded-v2	loopback:blocking:mixed:near:rx	w8-p4-m2	3	control_requests_during_bulk	185	183	186
network-budget/formal-expanded-v2	loopback:blocking:mixed:near:rx	w8-p4-m2	3	control_requests_fully_contained	184	182	185
network-budget/formal-expanded-v2	loopback:blocking:mixed:near:rx	w8-p4-m2	3	control_received_bytes	65536	65536	65536
network-budget/formal-expanded-v2	loopback:blocking:mixed:near:rx	w8-p4-m2	3	control_rr_all_p50_ns	193300	192700	198900
network-budget/formal-expanded-v2	loopback:blocking:mixed:near:rx	w8-p4-m2	3	control_rr_all_p95_ns	10218600	10141100	10535400
network-budget/formal-expanded-v2	loopback:blocking:mixed:near:rx	w8-p4-m2	3	control_rr_all_p99_ns	14239700	13199500	14352100
network-budget/formal-expanded-v2	loopback:blocking:mixed:near:rx	w8-p4-m2	3	control_rr_all_max_ns	18872800	15013300	19526000
network-budget/formal-expanded-v2	loopback:blocking:mixed:near:rx	w8-p4-m2	3	control_rr_during_bulk_p50_ns	9870600	9762100	9967500
network-budget/formal-expanded-v2	loopback:blocking:mixed:near:rx	w8-p4-m2	3	control_rr_during_bulk_p95_ns	14273900	13582900	14384800
network-budget/formal-expanded-v2	loopback:blocking:mixed:near:rx	w8-p4-m2	3	control_rr_during_bulk_p99_ns	16383500	14862900	19461800
network-budget/formal-expanded-v2	loopback:blocking:mixed:near:rx	w8-p4-m2	3	control_rr_during_bulk_max_ns	18872800	15013300	19526000
network-budget/formal-expanded-v2	loopback:blocking:mixed:near:rx	w8-p4-m2	3	control_rr_fully_contained_p50_ns	9873100	9762100	9967500
network-budget/formal-expanded-v2	loopback:blocking:mixed:near:rx	w8-p4-m2	3	control_rr_fully_contained_p95_ns	14273900	13582900	14384800
network-budget/formal-expanded-v2	loopback:blocking:mixed:near:rx	w8-p4-m2	3	control_rr_fully_contained_p99_ns	16383500	14862900	19461800
network-budget/formal-expanded-v2	loopback:blocking:mixed:near:rx	w8-p4-m2	3	control_rr_fully_contained_max_ns	18872800	15013300	19526000
network-budget/formal-expanded-v2	loopback:nonblocking:rr:1:rx	baseline	3	receiver_bytes	65536	65536	65536
network-budget/formal-expanded-v2	loopback:nonblocking:rr:1:rx	baseline	3	elapsed_ns	160134000	155865100	161980000
network-budget/formal-expanded-v2	loopback:nonblocking:rr:1:rx	baseline	3	receiver_mbit_s	3.2740579764447277	3.2367452771947156	3.363729276149696
network-budget/formal-expanded-v2	loopback:nonblocking:rr:1:rx	baseline	3	transactions_s	6394.644485243609	6321.768119520929	6569.783742479875
network-budget/formal-expanded-v2	loopback:nonblocking:rr:1:rx	baseline	3	connection_mbit_s_min	3.2740579764447277	3.2367452771947156	3.363729276149696
network-budget/formal-expanded-v2	loopback:nonblocking:rr:1:rx	baseline	3	connection_mbit_s_max	3.2740579764447277	3.2367452771947156	3.363729276149696
network-budget/formal-expanded-v2	loopback:nonblocking:rr:1:rx	baseline	3	jain_completion_rate	1.0	1.0	1.0
network-budget/formal-expanded-v2	loopback:nonblocking:rr:1:rx	baseline	3	completion_span_ns	0	0	0
network-budget/formal-expanded-v2	loopback:nonblocking:rr:1:rx	baseline	3	slowest_connection_ns	160134000	155865100	161980000
network-budget/formal-expanded-v2	loopback:nonblocking:rr:1:rx	baseline	3	rtt_p50_ns_median	158000	154000	163600
network-budget/formal-expanded-v2	loopback:nonblocking:rr:1:rx	baseline	3	rtt_max_ns	1371600	1338400	2100700
network-budget/formal-expanded-v2	loopback:nonblocking:rr:1:rx	linux	3	receiver_bytes	65536	65536	65536
network-budget/formal-expanded-v2	loopback:nonblocking:rr:1:rx	linux	3	elapsed_ns	180567000	179986600	181000000
network-budget/formal-expanded-v2	loopback:nonblocking:rr:1:rx	linux	3	receiver_mbit_s	2.90356488173365	2.8966187845303866	2.91292796241498
network-budget/formal-expanded-v2	loopback:nonblocking:rr:1:rx	linux	3	transactions_s	5671.025159636036	5657.458563535912	5689.312426591758
network-budget/formal-expanded-v2	loopback:nonblocking:rr:1:rx	linux	3	connection_mbit_s_min	2.90356488173365	2.8966187845303866	2.91292796241498
network-budget/formal-expanded-v2	loopback:nonblocking:rr:1:rx	linux	3	connection_mbit_s_max	2.90356488173365	2.8966187845303866	2.91292796241498
network-budget/formal-expanded-v2	loopback:nonblocking:rr:1:rx	linux	3	jain_completion_rate	1.0	1.0	1.0
network-budget/formal-expanded-v2	loopback:nonblocking:rr:1:rx	linux	3	completion_span_ns	0	0	0
network-budget/formal-expanded-v2	loopback:nonblocking:rr:1:rx	linux	3	slowest_connection_ns	180567000	179986600	181000000
network-budget/formal-expanded-v2	loopback:nonblocking:rr:1:rx	linux	3	rtt_p50_ns_median	192700	180300	199000
network-budget/formal-expanded-v2	loopback:nonblocking:rr:1:rx	linux	3	rtt_max_ns	554400	551700	617700
network-budget/formal-expanded-v2	loopback:nonblocking:rr:1:rx	w16-p2-m2	3	receiver_bytes	65536	65536	65536
network-budget/formal-expanded-v2	loopback:nonblocking:rr:1:rx	w16-p2-m2	3	elapsed_ns	257242500	240135600	272479700
network-budget/formal-expanded-v2	loopback:nonblocking:rr:1:rx	w16-p2-m2	3	receiver_mbit_s	2.038108010923545	1.924135999856136	2.183299768963869
network-budget/formal-expanded-v2	loopback:nonblocking:rr:1:rx	w16-p2-m2	3	transactions_s	3980.6797088350486	3758.0781247190157	4264.257361257556
network-budget/formal-expanded-v2	loopback:nonblocking:rr:1:rx	w16-p2-m2	3	connection_mbit_s_min	2.038108010923545	1.924135999856136	2.183299768963869
network-budget/formal-expanded-v2	loopback:nonblocking:rr:1:rx	w16-p2-m2	3	connection_mbit_s_max	2.038108010923545	1.924135999856136	2.183299768963869
network-budget/formal-expanded-v2	loopback:nonblocking:rr:1:rx	w16-p2-m2	3	jain_completion_rate	1.0	1.0	1.0
network-budget/formal-expanded-v2	loopback:nonblocking:rr:1:rx	w16-p2-m2	3	completion_span_ns	0	0	0
network-budget/formal-expanded-v2	loopback:nonblocking:rr:1:rx	w16-p2-m2	3	slowest_connection_ns	257242500	240135600	272479700
network-budget/formal-expanded-v2	loopback:nonblocking:rr:1:rx	w16-p2-m2	3	rtt_p50_ns_median	253800	232000	259400
network-budget/formal-expanded-v2	loopback:nonblocking:rr:1:rx	w16-p2-m2	3	rtt_max_ns	1367200	1280300	2190000
network-budget/formal-expanded-v2	loopback:nonblocking:rr:1:rx	w8-p1-m1	3	receiver_bytes	65536	65536	65536
network-budget/formal-expanded-v2	loopback:nonblocking:rr:1:rx	w8-p1-m1	3	elapsed_ns	246172300	245174700	252194000
network-budget/formal-expanded-v2	loopback:nonblocking:rr:1:rx	w8-p1-m1	3	receiver_mbit_s	2.1297603345299208	2.0789075077123167	2.138426191609493
network-budget/formal-expanded-v2	loopback:nonblocking:rr:1:rx	w8-p1-m1	3	transactions_s	4159.688153378751	4060.3662260006186	4176.613655487291
network-budget/formal-expanded-v2	loopback:nonblocking:rr:1:rx	w8-p1-m1	3	connection_mbit_s_min	2.1297603345299208	2.0789075077123167	2.138426191609493
network-budget/formal-expanded-v2	loopback:nonblocking:rr:1:rx	w8-p1-m1	3	connection_mbit_s_max	2.1297603345299208	2.0789075077123167	2.138426191609493
network-budget/formal-expanded-v2	loopback:nonblocking:rr:1:rx	w8-p1-m1	3	jain_completion_rate	1.0	1.0	1.0
network-budget/formal-expanded-v2	loopback:nonblocking:rr:1:rx	w8-p1-m1	3	completion_span_ns	0	0	0
network-budget/formal-expanded-v2	loopback:nonblocking:rr:1:rx	w8-p1-m1	3	slowest_connection_ns	246172300	245174700	252194000
network-budget/formal-expanded-v2	loopback:nonblocking:rr:1:rx	w8-p1-m1	3	rtt_p50_ns_median	246400	235900	256900
network-budget/formal-expanded-v2	loopback:nonblocking:rr:1:rx	w8-p1-m1	3	rtt_max_ns	1393200	1326400	1447100
network-budget/formal-expanded-v2	loopback:nonblocking:rr:1:rx	w8-p4-m2	3	receiver_bytes	65536	65536	65536
network-budget/formal-expanded-v2	loopback:nonblocking:rr:1:rx	w8-p4-m2	3	elapsed_ns	249228600	238073300	256826800
network-budget/formal-expanded-v2	loopback:nonblocking:rr:1:rx	w8-p4-m2	3	receiver_mbit_s	2.1036430008434026	2.04140689367309	2.202212511860843
network-budget/formal-expanded-v2	loopback:nonblocking:rr:1:rx	w8-p4-m2	3	transactions_s	4108.67773602227	3987.1228392052544	4301.196312228209
network-budget/formal-expanded-v2	loopback:nonblocking:rr:1:rx	w8-p4-m2	3	connection_mbit_s_min	2.1036430008434026	2.04140689367309	2.202212511860843
network-budget/formal-expanded-v2	loopback:nonblocking:rr:1:rx	w8-p4-m2	3	connection_mbit_s_max	2.1036430008434026	2.04140689367309	2.202212511860843
network-budget/formal-expanded-v2	loopback:nonblocking:rr:1:rx	w8-p4-m2	3	jain_completion_rate	1.0	1.0	1.0
network-budget/formal-expanded-v2	loopback:nonblocking:rr:1:rx	w8-p4-m2	3	completion_span_ns	0	0	0
network-budget/formal-expanded-v2	loopback:nonblocking:rr:1:rx	w8-p4-m2	3	slowest_connection_ns	249228600	238073300	256826800
network-budget/formal-expanded-v2	loopback:nonblocking:rr:1:rx	w8-p4-m2	3	rtt_p50_ns_median	262400	239300	267200
network-budget/formal-expanded-v2	loopback:nonblocking:rr:1:rx	w8-p4-m2	3	rtt_max_ns	1368000	1336200	1453200
network-budget/formal-expanded-v2	loopback:nonblocking:bulk:1:rx	baseline	3	receiver_bytes	4194304	4194304	4194304
network-budget/formal-expanded-v2	loopback:nonblocking:bulk:1:rx	baseline	3	elapsed_ns	127100600	122529400	132998300
network-budget/formal-expanded-v2	loopback:nonblocking:bulk:1:rx	baseline	3	receiver_mbit_s	263.9990055121691	252.29218719337015	273.84800709054315
network-budget/formal-expanded-v2	loopback:nonblocking:bulk:1:rx	baseline	3	connection_mbit_s_min	263.9990055121691	252.29218719337015	273.84800709054315
network-budget/formal-expanded-v2	loopback:nonblocking:bulk:1:rx	baseline	3	connection_mbit_s_max	263.9990055121691	252.29218719337015	273.84800709054315
network-budget/formal-expanded-v2	loopback:nonblocking:bulk:1:rx	baseline	3	jain_completion_rate	1.0	1.0	1.0
network-budget/formal-expanded-v2	loopback:nonblocking:bulk:1:rx	baseline	3	completion_span_ns	0	0	0
network-budget/formal-expanded-v2	loopback:nonblocking:bulk:1:rx	baseline	3	slowest_connection_ns	127100600	122529400	132998300
network-budget/formal-expanded-v2	loopback:nonblocking:bulk:1:rx	baseline	3	rtt_p50_ns_median	159200	152000	164100
network-budget/formal-expanded-v2	loopback:nonblocking:bulk:1:rx	baseline	3	rtt_max_ns	1240900	1199600	1414500
network-budget/formal-expanded-v2	loopback:nonblocking:bulk:1:rx	linux	3	receiver_bytes	4194304	4194304	4194304
network-budget/formal-expanded-v2	loopback:nonblocking:bulk:1:rx	linux	3	elapsed_ns	27814300	27525600	28141000
network-budget/formal-expanded-v2	loopback:nonblocking:bulk:1:rx	linux	3	receiver_mbit_s	1206.37341223759	1192.3681461213177	1219.0263609149301
network-budget/formal-expanded-v2	loopback:nonblocking:bulk:1:rx	linux	3	connection_mbit_s_min	1206.37341223759	1192.3681461213177	1219.0263609149301
network-budget/formal-expanded-v2	loopback:nonblocking:bulk:1:rx	linux	3	connection_mbit_s_max	1206.37341223759	1192.3681461213177	1219.0263609149301
network-budget/formal-expanded-v2	loopback:nonblocking:bulk:1:rx	linux	3	jain_completion_rate	1.0	1.0	1.0
network-budget/formal-expanded-v2	loopback:nonblocking:bulk:1:rx	linux	3	completion_span_ns	0	0	0
network-budget/formal-expanded-v2	loopback:nonblocking:bulk:1:rx	linux	3	slowest_connection_ns	27814300	27525600	28141000
network-budget/formal-expanded-v2	loopback:nonblocking:bulk:1:rx	linux	3	rtt_p50_ns_median	191200	186100	194000
network-budget/formal-expanded-v2	loopback:nonblocking:bulk:1:rx	linux	3	rtt_max_ns	629100	554100	2511100
network-budget/formal-expanded-v2	loopback:nonblocking:bulk:1:rx	w16-p2-m2	3	receiver_bytes	4194304	4194304	4194304
network-budget/formal-expanded-v2	loopback:nonblocking:bulk:1:rx	w16-p2-m2	3	elapsed_ns	133546400	130242700	137233600
network-budget/formal-expanded-v2	loopback:nonblocking:bulk:1:rx	w16-p2-m2	3	receiver_mbit_s	251.2567317426752	244.5059518951627	257.63003991778425
network-budget/formal-expanded-v2	loopback:nonblocking:bulk:1:rx	w16-p2-m2	3	connection_mbit_s_min	251.2567317426752	244.5059518951627	257.63003991778425
network-budget/formal-expanded-v2	loopback:nonblocking:bulk:1:rx	w16-p2-m2	3	connection_mbit_s_max	251.2567317426752	244.5059518951627	257.63003991778425
network-budget/formal-expanded-v2	loopback:nonblocking:bulk:1:rx	w16-p2-m2	3	jain_completion_rate	1.0	1.0	1.0
network-budget/formal-expanded-v2	loopback:nonblocking:bulk:1:rx	w16-p2-m2	3	completion_span_ns	0	0	0
network-budget/formal-expanded-v2	loopback:nonblocking:bulk:1:rx	w16-p2-m2	3	slowest_connection_ns	133546400	130242700	137233600
network-budget/formal-expanded-v2	loopback:nonblocking:bulk:1:rx	w16-p2-m2	3	rtt_p50_ns_median	234400	230100	248000
network-budget/formal-expanded-v2	loopback:nonblocking:bulk:1:rx	w16-p2-m2	3	rtt_max_ns	1861900	1330700	2267500
network-budget/formal-expanded-v2	loopback:nonblocking:bulk:1:rx	w8-p1-m1	3	receiver_bytes	4194304	4194304	4194304
network-budget/formal-expanded-v2	loopback:nonblocking:bulk:1:rx	w8-p1-m1	3	elapsed_ns	165885000	155930000	178913100
network-budget/formal-expanded-v2	loopback:nonblocking:bulk:1:rx	w8-p1-m1	3	receiver_mbit_s	202.2752629833921	187.5459762309188	215.18907201949594
network-budget/formal-expanded-v2	loopback:nonblocking:bulk:1:rx	w8-p1-m1	3	connection_mbit_s_min	202.2752629833921	187.5459762309188	215.18907201949594
network-budget/formal-expanded-v2	loopback:nonblocking:bulk:1:rx	w8-p1-m1	3	connection_mbit_s_max	202.2752629833921	187.5459762309188	215.18907201949594
network-budget/formal-expanded-v2	loopback:nonblocking:bulk:1:rx	w8-p1-m1	3	jain_completion_rate	1.0	1.0	1.0
network-budget/formal-expanded-v2	loopback:nonblocking:bulk:1:rx	w8-p1-m1	3	completion_span_ns	0	0	0
network-budget/formal-expanded-v2	loopback:nonblocking:bulk:1:rx	w8-p1-m1	3	slowest_connection_ns	165885000	155930000	178913100
network-budget/formal-expanded-v2	loopback:nonblocking:bulk:1:rx	w8-p1-m1	3	rtt_p50_ns_median	260700	240800	272400
network-budget/formal-expanded-v2	loopback:nonblocking:bulk:1:rx	w8-p1-m1	3	rtt_max_ns	1382200	931400	1423700
network-budget/formal-expanded-v2	loopback:nonblocking:bulk:1:rx	w8-p4-m2	3	receiver_bytes	4194304	4194304	4194304
network-budget/formal-expanded-v2	loopback:nonblocking:bulk:1:rx	w8-p4-m2	3	elapsed_ns	161502700	153144000	174542500
network-budget/formal-expanded-v2	loopback:nonblocking:bulk:1:rx	w8-p4-m2	3	receiver_mbit_s	207.7639073526325	192.2421874328602	219.10379773285274
network-budget/formal-expanded-v2	loopback:nonblocking:bulk:1:rx	w8-p4-m2	3	connection_mbit_s_min	207.7639073526325	192.2421874328602	219.10379773285274
network-budget/formal-expanded-v2	loopback:nonblocking:bulk:1:rx	w8-p4-m2	3	connection_mbit_s_max	207.7639073526325	192.2421874328602	219.10379773285274
network-budget/formal-expanded-v2	loopback:nonblocking:bulk:1:rx	w8-p4-m2	3	jain_completion_rate	1.0	1.0	1.0
network-budget/formal-expanded-v2	loopback:nonblocking:bulk:1:rx	w8-p4-m2	3	completion_span_ns	0	0	0
network-budget/formal-expanded-v2	loopback:nonblocking:bulk:1:rx	w8-p4-m2	3	slowest_connection_ns	161502700	153144000	174542500
network-budget/formal-expanded-v2	loopback:nonblocking:bulk:1:rx	w8-p4-m2	3	rtt_p50_ns_median	250200	241800	263700
network-budget/formal-expanded-v2	loopback:nonblocking:bulk:1:rx	w8-p4-m2	3	rtt_max_ns	1299900	906700	1308600
network-budget/formal-expanded-v2	loopback:nonblocking:bulk:1:tx	baseline	3	receiver_bytes	4194304	4194304	4194304
network-budget/formal-expanded-v2	loopback:nonblocking:bulk:1:tx	baseline	3	elapsed_ns	126540200	125389100	133957600
network-budget/formal-expanded-v2	loopback:nonblocking:bulk:1:tx	baseline	3	receiver_mbit_s	265.1681599997471	250.48546704330326	267.6024630530086
network-budget/formal-expanded-v2	loopback:nonblocking:bulk:1:tx	baseline	3	connection_mbit_s_min	265.1681599997471	250.48546704330326	267.6024630530086
network-budget/formal-expanded-v2	loopback:nonblocking:bulk:1:tx	baseline	3	connection_mbit_s_max	265.1681599997471	250.48546704330326	267.6024630530086
network-budget/formal-expanded-v2	loopback:nonblocking:bulk:1:tx	baseline	3	jain_completion_rate	1.0	1.0	1.0
network-budget/formal-expanded-v2	loopback:nonblocking:bulk:1:tx	baseline	3	completion_span_ns	0	0	0
network-budget/formal-expanded-v2	loopback:nonblocking:bulk:1:tx	baseline	3	slowest_connection_ns	126540200	125389100	133957600
network-budget/formal-expanded-v2	loopback:nonblocking:bulk:1:tx	baseline	3	rtt_p50_ns_median	155900	147800	161600
network-budget/formal-expanded-v2	loopback:nonblocking:bulk:1:tx	baseline	3	rtt_max_ns	2166600	1811100	2360200
network-budget/formal-expanded-v2	loopback:nonblocking:bulk:1:tx	linux	3	receiver_bytes	4194304	4194304	4194304
network-budget/formal-expanded-v2	loopback:nonblocking:bulk:1:tx	linux	3	elapsed_ns	28895400	28167600	29367300
network-budget/formal-expanded-v2	loopback:nonblocking:bulk:1:tx	linux	3	receiver_mbit_s	1161.23784408591	1142.5780374770577	1191.242136355245
network-budget/formal-expanded-v2	loopback:nonblocking:bulk:1:tx	linux	3	connection_mbit_s_min	1161.23784408591	1142.5780374770577	1191.242136355245
network-budget/formal-expanded-v2	loopback:nonblocking:bulk:1:tx	linux	3	connection_mbit_s_max	1161.23784408591	1142.5780374770577	1191.242136355245
network-budget/formal-expanded-v2	loopback:nonblocking:bulk:1:tx	linux	3	jain_completion_rate	1.0	1.0	1.0
network-budget/formal-expanded-v2	loopback:nonblocking:bulk:1:tx	linux	3	completion_span_ns	0	0	0
network-budget/formal-expanded-v2	loopback:nonblocking:bulk:1:tx	linux	3	slowest_connection_ns	28895400	28167600	29367300
network-budget/formal-expanded-v2	loopback:nonblocking:bulk:1:tx	linux	3	rtt_p50_ns_median	190700	186300	203500
network-budget/formal-expanded-v2	loopback:nonblocking:bulk:1:tx	linux	3	rtt_max_ns	549200	536800	626100
network-budget/formal-expanded-v2	loopback:nonblocking:bulk:1:tx	w16-p2-m2	3	receiver_bytes	4194304	4194304	4194304
network-budget/formal-expanded-v2	loopback:nonblocking:bulk:1:tx	w16-p2-m2	3	elapsed_ns	130112100	128559900	134543100
network-budget/formal-expanded-v2	loopback:nonblocking:bulk:1:tx	w16-p2-m2	3	receiver_mbit_s	257.88863603000794	249.39541306837734	261.00231876347135
network-budget/formal-expanded-v2	loopback:nonblocking:bulk:1:tx	w16-p2-m2	3	connection_mbit_s_min	257.88863603000794	249.39541306837734	261.00231876347135
network-budget/formal-expanded-v2	loopback:nonblocking:bulk:1:tx	w16-p2-m2	3	connection_mbit_s_max	257.88863603000794	249.39541306837734	261.00231876347135
network-budget/formal-expanded-v2	loopback:nonblocking:bulk:1:tx	w16-p2-m2	3	jain_completion_rate	1.0	1.0	1.0
network-budget/formal-expanded-v2	loopback:nonblocking:bulk:1:tx	w16-p2-m2	3	completion_span_ns	0	0	0
network-budget/formal-expanded-v2	loopback:nonblocking:bulk:1:tx	w16-p2-m2	3	slowest_connection_ns	130112100	128559900	134543100
network-budget/formal-expanded-v2	loopback:nonblocking:bulk:1:tx	w16-p2-m2	3	rtt_p50_ns_median	234800	230000	261000
network-budget/formal-expanded-v2	loopback:nonblocking:bulk:1:tx	w16-p2-m2	3	rtt_max_ns	582100	580000	1882400
network-budget/formal-expanded-v2	loopback:nonblocking:bulk:1:tx	w8-p1-m1	3	receiver_bytes	4194304	4194304	4194304
network-budget/formal-expanded-v2	loopback:nonblocking:bulk:1:tx	w8-p1-m1	3	elapsed_ns	163741000	155525600	165325900
network-budget/formal-expanded-v2	loopback:nonblocking:bulk:1:tx	w8-p1-m1	3	receiver_mbit_s	204.9238248209062	202.95931853387762	215.74860987515882
network-budget/formal-expanded-v2	loopback:nonblocking:bulk:1:tx	w8-p1-m1	3	connection_mbit_s_min	204.9238248209062	202.95931853387762	215.74860987515882
network-budget/formal-expanded-v2	loopback:nonblocking:bulk:1:tx	w8-p1-m1	3	connection_mbit_s_max	204.9238248209062	202.95931853387762	215.74860987515882
network-budget/formal-expanded-v2	loopback:nonblocking:bulk:1:tx	w8-p1-m1	3	jain_completion_rate	1.0	1.0	1.0
network-budget/formal-expanded-v2	loopback:nonblocking:bulk:1:tx	w8-p1-m1	3	completion_span_ns	0	0	0
network-budget/formal-expanded-v2	loopback:nonblocking:bulk:1:tx	w8-p1-m1	3	slowest_connection_ns	163741000	155525600	165325900
network-budget/formal-expanded-v2	loopback:nonblocking:bulk:1:tx	w8-p1-m1	3	rtt_p50_ns_median	264400	258200	275400
network-budget/formal-expanded-v2	loopback:nonblocking:bulk:1:tx	w8-p1-m1	3	rtt_max_ns	1396000	592800	1483100
network-budget/formal-expanded-v2	loopback:nonblocking:bulk:1:tx	w8-p4-m2	3	receiver_bytes	4194304	4194304	4194304
network-budget/formal-expanded-v2	loopback:nonblocking:bulk:1:tx	w8-p4-m2	3	elapsed_ns	157475900	152850000	162171600
network-budget/formal-expanded-v2	loopback:nonblocking:bulk:1:tx	w8-p4-m2	3	receiver_mbit_s	213.07661680295206	206.90695534853205	219.52523388943408
network-budget/formal-expanded-v2	loopback:nonblocking:bulk:1:tx	w8-p4-m2	3	connection_mbit_s_min	213.07661680295206	206.90695534853205	219.52523388943408
network-budget/formal-expanded-v2	loopback:nonblocking:bulk:1:tx	w8-p4-m2	3	connection_mbit_s_max	213.07661680295206	206.90695534853205	219.52523388943408
network-budget/formal-expanded-v2	loopback:nonblocking:bulk:1:tx	w8-p4-m2	3	jain_completion_rate	1.0	1.0	1.0
network-budget/formal-expanded-v2	loopback:nonblocking:bulk:1:tx	w8-p4-m2	3	completion_span_ns	0	0	0
network-budget/formal-expanded-v2	loopback:nonblocking:bulk:1:tx	w8-p4-m2	3	slowest_connection_ns	157475900	152850000	162171600
network-budget/formal-expanded-v2	loopback:nonblocking:bulk:1:tx	w8-p4-m2	3	rtt_p50_ns_median	248500	232500	254400
network-budget/formal-expanded-v2	loopback:nonblocking:bulk:1:tx	w8-p4-m2	3	rtt_max_ns	1478000	1356300	2016200
network-budget/formal-expanded-v2	loopback:nonblocking:rr:5:rx	baseline	3	receiver_bytes	327680	327680	327680
network-budget/formal-expanded-v2	loopback:nonblocking:rr:5:rx	baseline	3	elapsed_ns	794022700	793389900	818464200
network-budget/formal-expanded-v2	loopback:nonblocking:rr:5:rx	baseline	3	receiver_mbit_s	3.3014673258081917	3.202876802675059	3.3041005437553466
network-budget/formal-expanded-v2	loopback:nonblocking:rr:5:rx	baseline	3	transactions_s	6448.178370719124	6255.618755224725	6453.321374522161
network-budget/formal-expanded-v2	loopback:nonblocking:rr:5:rx	baseline	3	connection_mbit_s_min	0.6609636498232011	0.6408200337419088	0.661714861385675
network-budget/formal-expanded-v2	loopback:nonblocking:rr:5:rx	baseline	3	connection_mbit_s_max	0.66770154496913	0.6458473148988547	0.6684856318200834
network-budget/formal-expanded-v2	loopback:nonblocking:rr:5:rx	baseline	3	jain_completion_rate	0.999987618747543	0.9999875350388345	0.9999924632687253
network-budget/formal-expanded-v2	loopback:nonblocking:rr:5:rx	baseline	3	completion_span_ns	7905900	6681000	9418500
network-budget/formal-expanded-v2	loopback:nonblocking:rr:5:rx	baseline	3	slowest_connection_ns	793217600	792317100	818151700
network-budget/formal-expanded-v2	loopback:nonblocking:rr:5:rx	baseline	3	rtt_p50_ns_median	777800	772900	839900
network-budget/formal-expanded-v2	loopback:nonblocking:rr:5:rx	baseline	3	rtt_max_ns	2355300	2334900	2375000
network-budget/formal-expanded-v2	loopback:nonblocking:rr:5:rx	linux	3	receiver_bytes	327680	327680	327680
network-budget/formal-expanded-v2	loopback:nonblocking:rr:5:rx	linux	3	elapsed_ns	1012048000	1011298600	1035689700
network-budget/formal-expanded-v2	loopback:nonblocking:rr:5:rx	linux	3	receiver_mbit_s	2.5902328743300713	2.5311056004515637	2.5921523079335818
network-budget/formal-expanded-v2	loopback:nonblocking:rr:5:rx	linux	3	transactions_s	5059.04858267592	4943.565625881961	5062.797476432776
network-budget/formal-expanded-v2	loopback:nonblocking:rr:5:rx	linux	3	connection_mbit_s_min	0.5183269805600689	0.5062211200903127	0.5188803329461024
network-budget/formal-expanded-v2	loopback:nonblocking:rr:5:rx	linux	3	connection_mbit_s_max	0.5303720033245364	0.5128769494636874	0.5314418449634216
network-budget/formal-expanded-v2	loopback:nonblocking:rr:5:rx	linux	3	jain_completion_rate	0.9999409091698005	0.9999198949007803	0.9999805993513678
network-budget/formal-expanded-v2	loopback:nonblocking:rr:5:rx	linux	3	completion_span_ns	22069200	13130800	25214800
network-budget/formal-expanded-v2	loopback:nonblocking:rr:5:rx	linux	3	slowest_connection_ns	1011500500	1010421800	1035689700
network-budget/formal-expanded-v2	loopback:nonblocking:rr:5:rx	linux	3	rtt_p50_ns_median	624900	549300	683300
network-budget/formal-expanded-v2	loopback:nonblocking:rr:5:rx	linux	3	rtt_max_ns	3537300	2722800	3674800
network-budget/formal-expanded-v2	loopback:nonblocking:rr:5:rx	w16-p2-m2	3	receiver_bytes	327680	327680	327680
network-budget/formal-expanded-v2	loopback:nonblocking:rr:5:rx	w16-p2-m2	3	elapsed_ns	1073319000	1038915600	1076919300
network-budget/formal-expanded-v2	loopback:nonblocking:rr:5:rx	w16-p2-m2	3	receiver_mbit_s	2.4423680192002566	2.4342028228113284	2.5232463541793
network-budget/formal-expanded-v2	loopback:nonblocking:rr:5:rx	w16-p2-m2	3	transactions_s	4770.250037500501	4754.302388303377	4928.215535506445
network-budget/formal-expanded-v2	loopback:nonblocking:rr:5:rx	w16-p2-m2	3	connection_mbit_s_min	0.4887769835682152	0.48693841170112945	0.5050265402674688
network-budget/formal-expanded-v2	loopback:nonblocking:rr:5:rx	w16-p2-m2	3	connection_mbit_s_max	0.49151436294464995	0.49133573374560374	0.5085542469956007
network-budget/formal-expanded-v2	loopback:nonblocking:rr:5:rx	w16-p2-m2	3	jain_completion_rate	0.9999940029282824	0.9999895541706739	0.9999958160661144
network-budget/formal-expanded-v2	loopback:nonblocking:rr:5:rx	w16-p2-m2	3	completion_span_ns	7977400	6640100	9109400
network-budget/formal-expanded-v2	loopback:nonblocking:rr:5:rx	w16-p2-m2	3	slowest_connection_ns	1072652800	1038139500	1076702900
network-budget/formal-expanded-v2	loopback:nonblocking:rr:5:rx	w16-p2-m2	3	rtt_p50_ns_median	1042300	1011000	1123000
network-budget/formal-expanded-v2	loopback:nonblocking:rr:5:rx	w16-p2-m2	3	rtt_max_ns	2905600	2721200	3067900
network-budget/formal-expanded-v2	loopback:nonblocking:rr:5:rx	w8-p1-m1	3	receiver_bytes	327680	327680	327680
network-budget/formal-expanded-v2	loopback:nonblocking:rr:5:rx	w8-p1-m1	3	elapsed_ns	1042706000	1026114700	1044115400
network-budget/formal-expanded-v2	loopback:nonblocking:rr:5:rx	w8-p1-m1	3	receiver_mbit_s	2.514073957568097	2.5106803328444345	2.5547241453611376
network-budget/formal-expanded-v2	loopback:nonblocking:rr:5:rx	w8-p1-m1	3	transactions_s	4910.300698375189	4903.672525086787	4989.695596408472
network-budget/formal-expanded-v2	loopback:nonblocking:rr:5:rx	w8-p1-m1	3	connection_mbit_s_min	0.5030329947497428	0.5022922217747081	0.5110531044384268
network-budget/formal-expanded-v2	loopback:nonblocking:rr:5:rx	w8-p1-m1	3	connection_mbit_s_max	0.5064778580645186	0.5059655211781285	0.5151888884095766
network-budget/formal-expanded-v2	loopback:nonblocking:rr:5:rx	w8-p1-m1	3	jain_completion_rate	0.9999919605370099	0.9999906973102876	0.9999945006961743
network-budget/formal-expanded-v2	loopback:nonblocking:rr:5:rx	w8-p1-m1	3	completion_span_ns	7708200	5771100	8749900
network-budget/formal-expanded-v2	loopback:nonblocking:rr:5:rx	w8-p1-m1	3	slowest_connection_ns	1042253700	1025897300	1043790800
network-budget/formal-expanded-v2	loopback:nonblocking:rr:5:rx	w8-p1-m1	3	rtt_p50_ns_median	1082000	1037600	1104700
network-budget/formal-expanded-v2	loopback:nonblocking:rr:5:rx	w8-p1-m1	3	rtt_max_ns	2731500	2626300	2757800
network-budget/formal-expanded-v2	loopback:nonblocking:rr:5:rx	w8-p4-m2	3	receiver_bytes	327680	327680	327680
network-budget/formal-expanded-v2	loopback:nonblocking:rr:5:rx	w8-p4-m2	3	elapsed_ns	1036884900	1009588400	1071982400
network-budget/formal-expanded-v2	loopback:nonblocking:rr:5:rx	w8-p4-m2	3	receiver_mbit_s	2.5281880370714243	2.445413282904645	2.5965433041821795
network-budget/formal-expanded-v2	loopback:nonblocking:rr:5:rx	w8-p4-m2	3	transactions_s	4937.867259905125	4776.197818173134	5071.37364098082
network-budget/formal-expanded-v2	loopback:nonblocking:rr:5:rx	w8-p4-m2	3	connection_mbit_s_min	0.505971185328565	0.48949955997249106	0.5195482136021291
network-budget/formal-expanded-v2	loopback:nonblocking:rr:5:rx	w8-p4-m2	3	connection_mbit_s_max	0.5095333411341113	0.49255731030308236	0.5232459556792648
network-budget/formal-expanded-v2	loopback:nonblocking:rr:5:rx	w8-p4-m2	3	jain_completion_rate	0.9999935264354334	0.9999933957116834	0.9999947861868402
network-budget/formal-expanded-v2	loopback:nonblocking:rr:5:rx	w8-p4-m2	3	completion_span_ns	7562100	7384800	7927700
network-budget/formal-expanded-v2	loopback:nonblocking:rr:5:rx	w8-p4-m2	3	slowest_connection_ns	1036201300	1009122900	1071069400
network-budget/formal-expanded-v2	loopback:nonblocking:rr:5:rx	w8-p4-m2	3	rtt_p50_ns_median	1078400	993000	1142900
network-budget/formal-expanded-v2	loopback:nonblocking:rr:5:rx	w8-p4-m2	3	rtt_max_ns	2491800	2367500	3560300
network-budget/formal-expanded-v2	loopback:nonblocking:bulk:5:rx	baseline	3	receiver_bytes	20971520	20971520	20971520
network-budget/formal-expanded-v2	loopback:nonblocking:bulk:5:rx	baseline	3	elapsed_ns	639321700	636186400	649454500
network-budget/formal-expanded-v2	loopback:nonblocking:bulk:5:rx	baseline	3	receiver_mbit_s	262.4221264505804	258.3278120330216	263.7154142245103
network-budget/formal-expanded-v2	loopback:nonblocking:bulk:5:rx	baseline	3	connection_mbit_s_min	52.72747643801679	51.766240650523905	52.91234442001459
network-budget/formal-expanded-v2	loopback:nonblocking:bulk:5:rx	baseline	3	connection_mbit_s_max	53.549456245579364	52.37391377504856	53.725128591042456
network-budget/formal-expanded-v2	loopback:nonblocking:bulk:5:rx	baseline	3	jain_completion_rate	0.9999805056632813	0.9999517244944418	0.9999819934829158
network-budget/formal-expanded-v2	loopback:nonblocking:bulk:5:rx	baseline	3	completion_span_ns	8783800	8263200	11005900
network-budget/formal-expanded-v2	loopback:nonblocking:bulk:5:rx	baseline	3	slowest_connection_ns	636374700	634151300	648191400
network-budget/formal-expanded-v2	loopback:nonblocking:bulk:5:rx	baseline	3	rtt_p50_ns_median	771200	770400	833800
network-budget/formal-expanded-v2	loopback:nonblocking:bulk:5:rx	baseline	3	rtt_max_ns	2441900	2332500	3427000
network-budget/formal-expanded-v2	loopback:nonblocking:bulk:5:rx	linux	3	receiver_bytes	20971520	20971520	20971520
network-budget/formal-expanded-v2	loopback:nonblocking:bulk:5:rx	linux	3	elapsed_ns	128469100	127036500	132629800
network-budget/formal-expanded-v2	loopback:nonblocking:bulk:5:rx	linux	3	receiver_mbit_s	1305.9339561030629	1264.9657920014959	1320.6610698500037
network-budget/formal-expanded-v2	loopback:nonblocking:bulk:5:rx	linux	3	connection_mbit_s_min	261.1867912206126	252.99315840029917	264.13221397000075
network-budget/formal-expanded-v2	loopback:nonblocking:bulk:5:rx	linux	3	connection_mbit_s_max	302.7400172146545	292.329536890948	308.40413896297986
network-budget/formal-expanded-v2	loopback:nonblocking:bulk:5:rx	linux	3	jain_completion_rate	0.9970535495952387	0.9969459708380511	0.9975118029958263
network-budget/formal-expanded-v2	loopback:nonblocking:bulk:5:rx	linux	3	completion_span_ns	11656200	8799900	12456400
network-budget/formal-expanded-v2	loopback:nonblocking:bulk:5:rx	linux	3	slowest_connection_ns	128469100	127036500	132629800
network-budget/formal-expanded-v2	loopback:nonblocking:bulk:5:rx	linux	3	rtt_p50_ns_median	558300	487100	655800
network-budget/formal-expanded-v2	loopback:nonblocking:bulk:5:rx	linux	3	rtt_max_ns	2572900	2036300	2766400
network-budget/formal-expanded-v2	loopback:nonblocking:bulk:5:rx	w16-p2-m2	3	receiver_bytes	20971520	20971520	20971520
network-budget/formal-expanded-v2	loopback:nonblocking:bulk:5:rx	w16-p2-m2	3	elapsed_ns	635239500	622565300	677965800
network-budget/formal-expanded-v2	loopback:nonblocking:bulk:5:rx	w16-p2-m2	3	receiver_mbit_s	264.1085134032125	247.46404612150053	269.48524114659136
network-budget/formal-expanded-v2	loopback:nonblocking:bulk:5:rx	w16-p2-m2	3	connection_mbit_s_min	53.11036363685287	49.762730606073006	54.063241609824516
network-budget/formal-expanded-v2	loopback:nonblocking:bulk:5:rx	w16-p2-m2	3	connection_mbit_s_max	54.35965494359655	50.652496106084776	55.47834951968378
network-budget/formal-expanded-v2	loopback:nonblocking:bulk:5:rx	w16-p2-m2	3	jain_completion_rate	0.9999296765044458	0.9999097207214503	0.999963634532688
network-budget/formal-expanded-v2	loopback:nonblocking:bulk:5:rx	w16-p2-m2	3	completion_span_ns	17745000	15522000	17972300
network-budget/formal-expanded-v2	loopback:nonblocking:bulk:5:rx	w16-p2-m2	3	slowest_connection_ns	631786900	620651500	674288400
network-budget/formal-expanded-v2	loopback:nonblocking:bulk:5:rx	w16-p2-m2	3	rtt_p50_ns_median	986000	984100	1053200
network-budget/formal-expanded-v2	loopback:nonblocking:bulk:5:rx	w16-p2-m2	3	rtt_max_ns	3411000	2555900	3623100
network-budget/formal-expanded-v2	loopback:nonblocking:bulk:5:rx	w8-p1-m1	3	receiver_bytes	20971520	20971520	20971520
network-budget/formal-expanded-v2	loopback:nonblocking:bulk:5:rx	w8-p1-m1	3	elapsed_ns	764996000	755281700	795329600
network-budget/formal-expanded-v2	loopback:nonblocking:bulk:5:rx	w8-p1-m1	3	receiver_mbit_s	219.31115979691398	210.9467068747347	222.13190124956026
network-budget/formal-expanded-v2	loopback:nonblocking:bulk:5:rx	w8-p1-m1	3	connection_mbit_s_min	43.93844401979863	42.29777025020333	44.68251969732823
network-budget/formal-expanded-v2	loopback:nonblocking:bulk:5:rx	w8-p1-m1	3	connection_mbit_s_max	45.21689586785635	43.10238090252814	45.69316983467113
network-budget/formal-expanded-v2	loopback:nonblocking:bulk:5:rx	w8-p1-m1	3	jain_completion_rate	0.9999383884403976	0.999909111712787	0.9999512900963706
network-budget/formal-expanded-v2	loopback:nonblocking:bulk:5:rx	w8-p1-m1	3	completion_span_ns	17042900	16847500	20939300
network-budget/formal-expanded-v2	loopback:nonblocking:bulk:5:rx	w8-p1-m1	3	slowest_connection_ns	763669100	750952100	793290800
network-budget/formal-expanded-v2	loopback:nonblocking:bulk:5:rx	w8-p1-m1	3	rtt_p50_ns_median	1085000	1029900	1119000
network-budget/formal-expanded-v2	loopback:nonblocking:bulk:5:rx	w8-p1-m1	3	rtt_max_ns	2763300	2696300	3220100
network-budget/formal-expanded-v2	loopback:nonblocking:bulk:5:rx	w8-p4-m2	3	receiver_bytes	20971520	20971520	20971520
network-budget/formal-expanded-v2	loopback:nonblocking:bulk:5:rx	w8-p4-m2	3	elapsed_ns	756907000	756367700	757130000
network-budget/formal-expanded-v2	loopback:nonblocking:bulk:5:rx	w8-p4-m2	3	receiver_mbit_s	221.65491929655823	221.5896345409639	221.81296213468661
network-budget/formal-expanded-v2	loopback:nonblocking:bulk:5:rx	w8-p4-m2	3	connection_mbit_s_min	44.40152467002645	44.330983859311644	44.554803601677165
network-budget/formal-expanded-v2	loopback:nonblocking:bulk:5:rx	w8-p4-m2	3	connection_mbit_s_max	45.254345731521134	45.145024202205775	45.26398502749137
network-budget/formal-expanded-v2	loopback:nonblocking:bulk:5:rx	w8-p4-m2	3	jain_completion_rate	0.9999561507973279	0.9999493306601034	0.9999794944801782
network-budget/formal-expanded-v2	loopback:nonblocking:bulk:5:rx	w8-p4-m2	3	completion_span_ns	14175800	11746100	15666800
network-budget/formal-expanded-v2	loopback:nonblocking:bulk:5:rx	w8-p4-m2	3	slowest_connection_ns	755704500	753104700	756907000
network-budget/formal-expanded-v2	loopback:nonblocking:bulk:5:rx	w8-p4-m2	3	rtt_p50_ns_median	1046100	1026100	1071400
network-budget/formal-expanded-v2	loopback:nonblocking:bulk:5:rx	w8-p4-m2	3	rtt_max_ns	2842000	2567400	2899300
network-budget/formal-expanded-v2	loopback:nonblocking:bulk:5:tx	baseline	3	receiver_bytes	20971520	20971520	20971520
network-budget/formal-expanded-v2	loopback:nonblocking:bulk:5:tx	baseline	3	elapsed_ns	627390600	617756200	666283700
network-budget/formal-expanded-v2	loopback:nonblocking:bulk:5:tx	baseline	3	receiver_mbit_s	267.4126134500581	251.80288816910874	271.58312615883096
network-budget/formal-expanded-v2	loopback:nonblocking:bulk:5:tx	baseline	3	connection_mbit_s_min	53.546696046701236	50.39562776923443	54.409377867567066
network-budget/formal-expanded-v2	loopback:nonblocking:bulk:5:tx	baseline	3	connection_mbit_s_max	54.35381685912072	51.07961186449295	55.212647571482705
network-budget/formal-expanded-v2	loopback:nonblocking:bulk:5:tx	baseline	3	jain_completion_rate	0.9999711568514674	0.9999660828429496	0.9999742282678091
network-budget/formal-expanded-v2	loopback:nonblocking:bulk:5:tx	baseline	3	completion_span_ns	9406200	8450200	10057100
network-budget/formal-expanded-v2	loopback:nonblocking:bulk:5:tx	baseline	3	slowest_connection_ns	626638700	616703100	665820300
network-budget/formal-expanded-v2	loopback:nonblocking:bulk:5:tx	baseline	3	rtt_p50_ns_median	828400	810400	1500300
network-budget/formal-expanded-v2	loopback:nonblocking:bulk:5:tx	baseline	3	rtt_max_ns	2566200	2330300	2746000
network-budget/formal-expanded-v2	loopback:nonblocking:bulk:5:tx	linux	3	receiver_bytes	20971520	20971520	20971520
network-budget/formal-expanded-v2	loopback:nonblocking:bulk:5:tx	linux	3	elapsed_ns	123650300	121957300	126904400
network-budget/formal-expanded-v2	loopback:nonblocking:bulk:5:tx	linux	3	receiver_mbit_s	1356.8277634587218	1322.0358001771413	1375.663121436765
network-budget/formal-expanded-v2	loopback:nonblocking:bulk:5:tx	linux	3	connection_mbit_s_min	272.4210854485464	268.7975800999106	275.13262428735305
network-budget/formal-expanded-v2	loopback:nonblocking:bulk:5:tx	linux	3	connection_mbit_s_max	294.6092487183337	293.3536162095151	299.51425294230535
network-budget/formal-expanded-v2	loopback:nonblocking:bulk:5:tx	linux	3	jain_completion_rate	0.999107455951024	0.9983495972778583	0.9994982399606008
network-budget/formal-expanded-v2	loopback:nonblocking:bulk:5:tx	linux	3	completion_span_ns	6092400	4993400	7085000
network-budget/formal-expanded-v2	loopback:nonblocking:bulk:5:tx	linux	3	slowest_connection_ns	123171200	121957300	124831600
network-budget/formal-expanded-v2	loopback:nonblocking:bulk:5:tx	linux	3	rtt_p50_ns_median	728700	514000	741300
network-budget/formal-expanded-v2	loopback:nonblocking:bulk:5:tx	linux	3	rtt_max_ns	3198500	2266300	4233600
network-budget/formal-expanded-v2	loopback:nonblocking:bulk:5:tx	w16-p2-m2	3	receiver_bytes	20971520	20971520	20971520
network-budget/formal-expanded-v2	loopback:nonblocking:bulk:5:tx	w16-p2-m2	3	elapsed_ns	629218100	615416500	630427700
network-budget/formal-expanded-v2	loopback:nonblocking:bulk:5:tx	w16-p2-m2	3	receiver_mbit_s	266.63594070164226	266.12434701076745	272.61563510240626
network-budget/formal-expanded-v2	loopback:nonblocking:bulk:5:tx	w16-p2-m2	3	connection_mbit_s_min	53.37947171007146	53.30687246915163	54.60374390630291
network-budget/formal-expanded-v2	loopback:nonblocking:bulk:5:tx	w16-p2-m2	3	connection_mbit_s_max	55.36004519290799	54.93966276905827	56.855160826325935
network-budget/formal-expanded-v2	loopback:nonblocking:bulk:5:tx	w16-p2-m2	3	jain_completion_rate	0.9998203531115116	0.9997799626676144	0.99988338056512
network-budget/formal-expanded-v2	loopback:nonblocking:bulk:5:tx	w16-p2-m2	3	completion_span_ns	22147200	19202700	25242600
network-budget/formal-expanded-v2	loopback:nonblocking:bulk:5:tx	w16-p2-m2	3	slowest_connection_ns	628601800	614507900	629457900
network-budget/formal-expanded-v2	loopback:nonblocking:bulk:5:tx	w16-p2-m2	3	rtt_p50_ns_median	1053800	994800	1057600
network-budget/formal-expanded-v2	loopback:nonblocking:bulk:5:tx	w16-p2-m2	3	rtt_max_ns	3407000	2951800	3473800
network-budget/formal-expanded-v2	loopback:nonblocking:bulk:5:tx	w8-p1-m1	3	receiver_bytes	20971520	20971520	20971520
network-budget/formal-expanded-v2	loopback:nonblocking:bulk:5:tx	w8-p1-m1	3	elapsed_ns	748540900	738602600	783766100
network-budget/formal-expanded-v2	loopback:nonblocking:bulk:5:tx	w8-p1-m1	3	receiver_mbit_s	224.13225516468106	214.05896478553998	227.14807665177457
network-budget/formal-expanded-v2	loopback:nonblocking:bulk:5:tx	w8-p1-m1	3	connection_mbit_s_min	44.82645103293621	42.837328125955494	45.47486222801188
network-budget/formal-expanded-v2	loopback:nonblocking:bulk:5:tx	w8-p1-m1	3	connection_mbit_s_max	45.88389912126504	43.68110573714269	46.472686256760156
network-budget/formal-expanded-v2	loopback:nonblocking:bulk:5:tx	w8-p1-m1	3	jain_completion_rate	0.9999409074022501	0.9999224682426456	0.9999504226946823
network-budget/formal-expanded-v2	loopback:nonblocking:bulk:5:tx	w8-p1-m1	3	completion_span_ns	16111000	14978000	16499400
network-budget/formal-expanded-v2	loopback:nonblocking:bulk:5:tx	w8-p1-m1	3	slowest_connection_ns	748540900	737867700	783298900
network-budget/formal-expanded-v2	loopback:nonblocking:bulk:5:tx	w8-p1-m1	3	rtt_p50_ns_median	1055900	1015200	1106500
network-budget/formal-expanded-v2	loopback:nonblocking:bulk:5:tx	w8-p1-m1	3	rtt_max_ns	2667000	2548500	3017400
network-budget/formal-expanded-v2	loopback:nonblocking:bulk:5:tx	w8-p4-m2	3	receiver_bytes	20971520	20971520	20971520
network-budget/formal-expanded-v2	loopback:nonblocking:bulk:5:tx	w8-p4-m2	3	elapsed_ns	763252200	736824300	788154300
network-budget/formal-expanded-v2	loopback:nonblocking:bulk:5:tx	w8-p4-m2	3	receiver_mbit_s	219.81221934244016	212.8671505059352	227.69629068965287
network-budget/formal-expanded-v2	loopback:nonblocking:bulk:5:tx	w8-p4-m2	3	connection_mbit_s_min	44.01671705947874	42.61414892433489	45.68841025196928
network-budget/formal-expanded-v2	loopback:nonblocking:bulk:5:tx	w8-p4-m2	3	connection_mbit_s_max	45.59056439370316	43.31241617798729	46.48566574197116
network-budget/formal-expanded-v2	loopback:nonblocking:bulk:5:tx	w8-p4-m2	3	jain_completion_rate	0.9999524543496796	0.9998405619592008	0.9999581455388855
network-budget/formal-expanded-v2	loopback:nonblocking:bulk:5:tx	w8-p4-m2	3	completion_span_ns	14264200	12832500	26510200
network-budget/formal-expanded-v2	loopback:nonblocking:bulk:5:tx	w8-p4-m2	3	slowest_connection_ns	762311100	734418900	787401200
network-budget/formal-expanded-v2	loopback:nonblocking:bulk:5:tx	w8-p4-m2	3	rtt_p50_ns_median	1076500	1030900	1084500
network-budget/formal-expanded-v2	loopback:nonblocking:bulk:5:tx	w8-p4-m2	3	rtt_max_ns	2669800	2553500	2860700
network-budget/formal-expanded-v2	loopback:nonblocking:mixed:near:tx	baseline	3	receiver_bytes	54525952	54525952	54525952
network-budget/formal-expanded-v2	loopback:nonblocking:mixed:near:tx	baseline	3	elapsed_ns	1789095600	1738869700	1827749600
network-budget/formal-expanded-v2	loopback:nonblocking:mixed:near:tx	baseline	3	receiver_mbit_s	243.8145932503551	238.6583019906009	250.85698830682944
network-budget/formal-expanded-v2	loopback:nonblocking:mixed:near:tx	baseline	3	connection_mbit_s_min	18.77147602578161	18.36990916882843	19.296691408217647
network-budget/formal-expanded-v2	loopback:nonblocking:mixed:near:tx	baseline	3	connection_mbit_s_max	21.359027491198283	21.043306610086987	22.015090318838755
network-budget/formal-expanded-v2	loopback:nonblocking:mixed:near:tx	baseline	3	jain_completion_rate	0.9979231795279144	0.9974332028724012	0.9979723872327176
network-budget/formal-expanded-v2	loopback:nonblocking:mixed:near:tx	baseline	3	completion_span_ns	217266300	213862600	232895600
network-budget/formal-expanded-v2	loopback:nonblocking:mixed:near:tx	baseline	3	slowest_connection_ns	1787522300	1738869700	1826597600
network-budget/formal-expanded-v2	loopback:nonblocking:mixed:near:tx	baseline	3	rtt_p50_ns_median	2438400	2326100	2492700
network-budget/formal-expanded-v2	loopback:nonblocking:mixed:near:tx	baseline	3	rtt_max_ns	4151200	4049900	4574800
network-budget/formal-expanded-v2	loopback:nonblocking:mixed:near:tx	baseline	3	control_completed_requests	1024	1024	1024
network-budget/formal-expanded-v2	loopback:nonblocking:mixed:near:tx	baseline	3	control_requests_during_bulk	261	220	293
network-budget/formal-expanded-v2	loopback:nonblocking:mixed:near:tx	baseline	3	control_requests_fully_contained	260	219	292
network-budget/formal-expanded-v2	loopback:nonblocking:mixed:near:tx	baseline	3	control_received_bytes	65536	65536	65536
network-budget/formal-expanded-v2	loopback:nonblocking:mixed:near:tx	baseline	3	control_rr_all_p50_ns	154200	154000	158800
network-budget/formal-expanded-v2	loopback:nonblocking:mixed:near:tx	baseline	3	control_rr_all_p95_ns	9131900	8673100	9293400
network-budget/formal-expanded-v2	loopback:nonblocking:mixed:near:tx	baseline	3	control_rr_all_p99_ns	10222100	9759700	12167700
network-budget/formal-expanded-v2	loopback:nonblocking:mixed:near:tx	baseline	3	control_rr_all_max_ns	14940300	14563800	17618800
network-budget/formal-expanded-v2	loopback:nonblocking:mixed:near:tx	baseline	3	control_rr_during_bulk_p50_ns	7883400	7499800	8396100
network-budget/formal-expanded-v2	loopback:nonblocking:mixed:near:tx	baseline	3	control_rr_during_bulk_p95_ns	10045300	9636700	11905300
network-budget/formal-expanded-v2	loopback:nonblocking:mixed:near:tx	baseline	3	control_rr_during_bulk_p99_ns	11895900	11690400	13742300
network-budget/formal-expanded-v2	loopback:nonblocking:mixed:near:tx	baseline	3	control_rr_during_bulk_max_ns	14940300	14563800	17618800
network-budget/formal-expanded-v2	loopback:nonblocking:mixed:near:tx	baseline	3	control_rr_fully_contained_p50_ns	7883400	7499800	8408300
network-budget/formal-expanded-v2	loopback:nonblocking:mixed:near:tx	baseline	3	control_rr_fully_contained_p95_ns	10045300	9636700	12167700
network-budget/formal-expanded-v2	loopback:nonblocking:mixed:near:tx	baseline	3	control_rr_fully_contained_p99_ns	11895900	11690400	13742300
network-budget/formal-expanded-v2	loopback:nonblocking:mixed:near:tx	baseline	3	control_rr_fully_contained_max_ns	14940300	14563800	17618800
network-budget/formal-expanded-v2	loopback:nonblocking:mixed:near:tx	linux	3	receiver_bytes	54525952	54525952	54525952
network-budget/formal-expanded-v2	loopback:nonblocking:mixed:near:tx	linux	3	elapsed_ns	323319600	317949600	350636100
network-budget/formal-expanded-v2	loopback:nonblocking:mixed:near:tx	linux	3	receiver_mbit_s	1349.153023819156	1244.0465086167683	1371.9395023613806
network-budget/formal-expanded-v2	loopback:nonblocking:mixed:near:tx	linux	3	connection_mbit_s_min	103.84948116162354	96.15524944048188	105.53380787395236
network-budget/formal-expanded-v2	loopback:nonblocking:mixed:near:tx	linux	3	connection_mbit_s_max	112.87439832100064	107.87205074814094	117.06821750809165
network-budget/formal-expanded-v2	loopback:nonblocking:mixed:near:tx	linux	3	jain_completion_rate	0.9990747714871152	0.9990221796510754	0.9995178727071747
network-budget/formal-expanded-v2	loopback:nonblocking:mixed:near:tx	linux	3	completion_span_ns	30736100	24709300	39281700
network-budget/formal-expanded-v2	loopback:nonblocking:mixed:near:tx	linux	3	slowest_connection_ns	323106400	317949600	348961000
network-budget/formal-expanded-v2	loopback:nonblocking:mixed:near:tx	linux	3	rtt_p50_ns_median	2855500	2812200	2935800
network-budget/formal-expanded-v2	loopback:nonblocking:mixed:near:tx	linux	3	rtt_max_ns	5565200	5463900	9906900
network-budget/formal-expanded-v2	loopback:nonblocking:mixed:near:tx	linux	3	control_completed_requests	1024	1024	1024
network-budget/formal-expanded-v2	loopback:nonblocking:mixed:near:tx	linux	3	control_requests_during_bulk	61	61	69
network-budget/formal-expanded-v2	loopback:nonblocking:mixed:near:tx	linux	3	control_requests_fully_contained	60	60	68
network-budget/formal-expanded-v2	loopback:nonblocking:mixed:near:tx	linux	3	control_received_bytes	65536	65536	65536
network-budget/formal-expanded-v2	loopback:nonblocking:mixed:near:tx	linux	3	control_rr_all_p50_ns	175200	169400	181500
network-budget/formal-expanded-v2	loopback:nonblocking:mixed:near:tx	linux	3	control_rr_all_p95_ns	316800	242100	361800
network-budget/formal-expanded-v2	loopback:nonblocking:mixed:near:tx	linux	3	control_rr_all_p99_ns	7896800	7773200	7960400
network-budget/formal-expanded-v2	loopback:nonblocking:mixed:near:tx	linux	3	control_rr_all_max_ns	60857400	36006100	94602100
network-budget/formal-expanded-v2	loopback:nonblocking:mixed:near:tx	linux	3	control_rr_during_bulk_p50_ns	1568700	1002500	2315300
network-budget/formal-expanded-v2	loopback:nonblocking:mixed:near:tx	linux	3	control_rr_during_bulk_p95_ns	16070000	15997100	28024200
network-budget/formal-expanded-v2	loopback:nonblocking:mixed:near:tx	linux	3	control_rr_during_bulk_p99_ns	60857400	36006100	94602100
network-budget/formal-expanded-v2	loopback:nonblocking:mixed:near:tx	linux	3	control_rr_during_bulk_max_ns	60857400	36006100	94602100
network-budget/formal-expanded-v2	loopback:nonblocking:mixed:near:tx	linux	3	control_rr_fully_contained_p50_ns	1568700	791400	2315300
network-budget/formal-expanded-v2	loopback:nonblocking:mixed:near:tx	linux	3	control_rr_fully_contained_p95_ns	16070000	15997100	28024200
network-budget/formal-expanded-v2	loopback:nonblocking:mixed:near:tx	linux	3	control_rr_fully_contained_p99_ns	60857400	36006100	94602100
network-budget/formal-expanded-v2	loopback:nonblocking:mixed:near:tx	linux	3	control_rr_fully_contained_max_ns	60857400	36006100	94602100
network-budget/formal-expanded-v2	loopback:nonblocking:mixed:near:tx	w16-p2-m2	3	receiver_bytes	54525952	54525952	54525952
network-budget/formal-expanded-v2	loopback:nonblocking:mixed:near:tx	w16-p2-m2	3	elapsed_ns	1686331500	1679141500	1707908600
network-budget/formal-expanded-v2	loopback:nonblocking:mixed:near:tx	w16-p2-m2	3	receiver_mbit_s	258.67251842238613	255.40454331104135	259.7801412209751
network-budget/formal-expanded-v2	loopback:nonblocking:mixed:near:tx	w16-p2-m2	3	connection_mbit_s_min	19.903010699406185	19.66247937543572	19.988308830585805
network-budget/formal-expanded-v2	loopback:nonblocking:mixed:near:tx	w16-p2-m2	3	connection_mbit_s_max	20.655412154316853	20.35424939985643	20.910196926850087
network-budget/formal-expanded-v2	loopback:nonblocking:mixed:near:tx	w16-p2-m2	3	jain_completion_rate	0.999861287449058	0.9998596802745109	0.9998805099968883
network-budget/formal-expanded-v2	loopback:nonblocking:mixed:near:tx	w16-p2-m2	3	completion_span_ns	61014600	58601000	73879000
network-budget/formal-expanded-v2	loopback:nonblocking:mixed:near:tx	w16-p2-m2	3	slowest_connection_ns	1685897300	1678702900	1706520900
network-budget/formal-expanded-v2	loopback:nonblocking:mixed:near:tx	w16-p2-m2	3	rtt_p50_ns_median	2780900	2777200	2913100
network-budget/formal-expanded-v2	loopback:nonblocking:mixed:near:tx	w16-p2-m2	3	rtt_max_ns	4466100	4403100	4547300
network-budget/formal-expanded-v2	loopback:nonblocking:mixed:near:tx	w16-p2-m2	3	control_completed_requests	1024	1024	1024
network-budget/formal-expanded-v2	loopback:nonblocking:mixed:near:tx	w16-p2-m2	3	control_requests_during_bulk	93	93	94
network-budget/formal-expanded-v2	loopback:nonblocking:mixed:near:tx	w16-p2-m2	3	control_requests_fully_contained	92	92	93
network-budget/formal-expanded-v2	loopback:nonblocking:mixed:near:tx	w16-p2-m2	3	control_received_bytes	65536	65536	65536
network-budget/formal-expanded-v2	loopback:nonblocking:mixed:near:tx	w16-p2-m2	3	control_rr_all_p50_ns	240100	236200	251200
network-budget/formal-expanded-v2	loopback:nonblocking:mixed:near:tx	w16-p2-m2	3	control_rr_all_p95_ns	18279600	17976700	18440600
network-budget/formal-expanded-v2	loopback:nonblocking:mixed:near:tx	w16-p2-m2	3	control_rr_all_p99_ns	19661400	19595100	20132800
network-budget/formal-expanded-v2	loopback:nonblocking:mixed:near:tx	w16-p2-m2	3	control_rr_all_max_ns	27799200	26855800	48284400
network-budget/formal-expanded-v2	loopback:nonblocking:mixed:near:tx	w16-p2-m2	3	control_rr_during_bulk_p50_ns	18411300	18086900	18586100
network-budget/formal-expanded-v2	loopback:nonblocking:mixed:near:tx	w16-p2-m2	3	control_rr_during_bulk_p95_ns	21600600	20259900	23322000
network-budget/formal-expanded-v2	loopback:nonblocking:mixed:near:tx	w16-p2-m2	3	control_rr_during_bulk_p99_ns	27799200	26855800	48284400
network-budget/formal-expanded-v2	loopback:nonblocking:mixed:near:tx	w16-p2-m2	3	control_rr_during_bulk_max_ns	27799200	26855800	48284400
network-budget/formal-expanded-v2	loopback:nonblocking:mixed:near:tx	w16-p2-m2	3	control_rr_fully_contained_p50_ns	18419300	18086900	18586100
network-budget/formal-expanded-v2	loopback:nonblocking:mixed:near:tx	w16-p2-m2	3	control_rr_fully_contained_p95_ns	21600600	20259900	23322000
network-budget/formal-expanded-v2	loopback:nonblocking:mixed:near:tx	w16-p2-m2	3	control_rr_fully_contained_p99_ns	27799200	26855800	48284400
network-budget/formal-expanded-v2	loopback:nonblocking:mixed:near:tx	w16-p2-m2	3	control_rr_fully_contained_max_ns	27799200	26855800	48284400
network-budget/formal-expanded-v2	loopback:nonblocking:mixed:near:tx	w8-p1-m1	3	receiver_bytes	54525952	54525952	54525952
network-budget/formal-expanded-v2	loopback:nonblocking:mixed:near:tx	w8-p1-m1	3	elapsed_ns	2087972000	2012337300	2128410100
network-budget/formal-expanded-v2	loopback:nonblocking:mixed:near:tx	w8-p1-m1	3	receiver_mbit_s	208.9144950219639	204.94528568531035	216.7666504019977
network-budget/formal-expanded-v2	loopback:nonblocking:mixed:near:tx	w8-p1-m1	3	connection_mbit_s_min	16.07518378862014	15.777948059930791	16.68763427606096
network-budget/formal-expanded-v2	loopback:nonblocking:mixed:near:tx	w8-p1-m1	3	connection_mbit_s_max	16.48646968813832	16.052058633032246	17.302632942728785
network-budget/formal-expanded-v2	loopback:nonblocking:mixed:near:tx	w8-p1-m1	3	jain_completion_rate	0.9999306384992984	0.9998925925458484	0.999970375354439
network-budget/formal-expanded-v2	loopback:nonblocking:mixed:near:tx	w8-p1-m1	3	completion_span_ns	51131200	37111200	71879400
network-budget/formal-expanded-v2	loopback:nonblocking:mixed:near:tx	w8-p1-m1	3	slowest_connection_ns	2087343600	2010736300	2126666400
network-budget/formal-expanded-v2	loopback:nonblocking:mixed:near:tx	w8-p1-m1	3	rtt_p50_ns_median	2862600	2812500	3141000
network-budget/formal-expanded-v2	loopback:nonblocking:mixed:near:tx	w8-p1-m1	3	rtt_max_ns	6149400	5272100	6271500
network-budget/formal-expanded-v2	loopback:nonblocking:mixed:near:tx	w8-p1-m1	3	control_completed_requests	1024	1024	1024
network-budget/formal-expanded-v2	loopback:nonblocking:mixed:near:tx	w8-p1-m1	3	control_requests_during_bulk	191	190	194
network-budget/formal-expanded-v2	loopback:nonblocking:mixed:near:tx	w8-p1-m1	3	control_requests_fully_contained	190	189	193
network-budget/formal-expanded-v2	loopback:nonblocking:mixed:near:tx	w8-p1-m1	3	control_received_bytes	65536	65536	65536
network-budget/formal-expanded-v2	loopback:nonblocking:mixed:near:tx	w8-p1-m1	3	control_rr_all_p50_ns	237100	229100	241900
network-budget/formal-expanded-v2	loopback:nonblocking:mixed:near:tx	w8-p1-m1	3	control_rr_all_p95_ns	11267700	10871100	11655600
network-budget/formal-expanded-v2	loopback:nonblocking:mixed:near:tx	w8-p1-m1	3	control_rr_all_p99_ns	12274700	12269800	14146200
network-budget/formal-expanded-v2	loopback:nonblocking:mixed:near:tx	w8-p1-m1	3	control_rr_all_max_ns	17850700	17778400	20271100
network-budget/formal-expanded-v2	loopback:nonblocking:mixed:near:tx	w8-p1-m1	3	control_rr_during_bulk_p50_ns	10813400	10449200	11035500
network-budget/formal-expanded-v2	loopback:nonblocking:mixed:near:tx	w8-p1-m1	3	control_rr_during_bulk_p95_ns	12472300	12435500	14414600
network-budget/formal-expanded-v2	loopback:nonblocking:mixed:near:tx	w8-p1-m1	3	control_rr_during_bulk_p99_ns	16627300	16051400	17146600
network-budget/formal-expanded-v2	loopback:nonblocking:mixed:near:tx	w8-p1-m1	3	control_rr_during_bulk_max_ns	17850700	17778400	20271100
network-budget/formal-expanded-v2	loopback:nonblocking:mixed:near:tx	w8-p1-m1	3	control_rr_fully_contained_p50_ns	10816200	10449200	11035700
network-budget/formal-expanded-v2	loopback:nonblocking:mixed:near:tx	w8-p1-m1	3	control_rr_fully_contained_p95_ns	12472300	12435500	14414600
network-budget/formal-expanded-v2	loopback:nonblocking:mixed:near:tx	w8-p1-m1	3	control_rr_fully_contained_p99_ns	16627300	16051400	17146600
network-budget/formal-expanded-v2	loopback:nonblocking:mixed:near:tx	w8-p1-m1	3	control_rr_fully_contained_max_ns	17850700	17778400	20271100
network-budget/formal-expanded-v2	loopback:nonblocking:mixed:near:tx	w8-p4-m2	3	receiver_bytes	54525952	54525952	54525952
network-budget/formal-expanded-v2	loopback:nonblocking:mixed:near:tx	w8-p4-m2	3	elapsed_ns	2033175400	2004576300	2108795800
network-budget/formal-expanded-v2	loopback:nonblocking:mixed:near:tx	w8-p4-m2	3	receiver_mbit_s	214.5449999050746	206.85151971565952	217.6058930757587
network-budget/formal-expanded-v2	loopback:nonblocking:mixed:near:tx	w8-p4-m2	3	connection_mbit_s_min	16.51774371923761	15.921595054338137	16.74371266813669
network-budget/formal-expanded-v2	loopback:nonblocking:mixed:near:tx	w8-p4-m2	3	connection_mbit_s_max	16.956342805396204	16.25235198109377	17.129624623868068
network-budget/formal-expanded-v2	loopback:nonblocking:mixed:near:tx	w8-p4-m2	3	jain_completion_rate	0.9999628487654156	0.9999468074748743	0.9999683014401549
network-budget/formal-expanded-v2	loopback:nonblocking:mixed:near:tx	w8-p4-m2	3	completion_span_ns	45281800	43907100	52683300
network-budget/formal-expanded-v2	loopback:nonblocking:mixed:near:tx	w8-p4-m2	3	slowest_connection_ns	2031417400	2004001900	2107479300
network-budget/formal-expanded-v2	loopback:nonblocking:mixed:near:tx	w8-p4-m2	3	rtt_p50_ns_median	2918900	2842600	3115200
network-budget/formal-expanded-v2	loopback:nonblocking:mixed:near:tx	w8-p4-m2	3	rtt_max_ns	5693300	5062000	8380300
network-budget/formal-expanded-v2	loopback:nonblocking:mixed:near:tx	w8-p4-m2	3	control_completed_requests	1024	1024	1024
network-budget/formal-expanded-v2	loopback:nonblocking:mixed:near:tx	w8-p4-m2	3	control_requests_during_bulk	192	191	193
network-budget/formal-expanded-v2	loopback:nonblocking:mixed:near:tx	w8-p4-m2	3	control_requests_fully_contained	191	190	192
network-budget/formal-expanded-v2	loopback:nonblocking:mixed:near:tx	w8-p4-m2	3	control_received_bytes	65536	65536	65536
network-budget/formal-expanded-v2	loopback:nonblocking:mixed:near:tx	w8-p4-m2	3	control_rr_all_p50_ns	237600	236700	242800
network-budget/formal-expanded-v2	loopback:nonblocking:mixed:near:tx	w8-p4-m2	3	control_rr_all_p95_ns	11253600	10878500	11451600
network-budget/formal-expanded-v2	loopback:nonblocking:mixed:near:tx	w8-p4-m2	3	control_rr_all_p99_ns	12250800	12038600	12637300
network-budget/formal-expanded-v2	loopback:nonblocking:mixed:near:tx	w8-p4-m2	3	control_rr_all_max_ns	20510200	19223700	20924000
network-budget/formal-expanded-v2	loopback:nonblocking:mixed:near:tx	w8-p4-m2	3	control_rr_during_bulk_p50_ns	10656900	10515000	11118500
network-budget/formal-expanded-v2	loopback:nonblocking:mixed:near:tx	w8-p4-m2	3	control_rr_during_bulk_p95_ns	12336100	12041200	13373300
network-budget/formal-expanded-v2	loopback:nonblocking:mixed:near:tx	w8-p4-m2	3	control_rr_during_bulk_p99_ns	17565200	17384300	19504300
network-budget/formal-expanded-v2	loopback:nonblocking:mixed:near:tx	w8-p4-m2	3	control_rr_during_bulk_max_ns	20510200	19223700	20924000
network-budget/formal-expanded-v2	loopback:nonblocking:mixed:near:tx	w8-p4-m2	3	control_rr_fully_contained_p50_ns	10658900	10515000	11118500
network-budget/formal-expanded-v2	loopback:nonblocking:mixed:near:tx	w8-p4-m2	3	control_rr_fully_contained_p95_ns	12336100	12041200	13373300
network-budget/formal-expanded-v2	loopback:nonblocking:mixed:near:tx	w8-p4-m2	3	control_rr_fully_contained_p99_ns	17565200	17384300	19504300
network-budget/formal-expanded-v2	loopback:nonblocking:mixed:near:tx	w8-p4-m2	3	control_rr_fully_contained_max_ns	20510200	19223700	20924000
network-budget/formal-expanded-v2	tap:blocking:rr:1:rx	baseline	3	receiver_bytes	65536	65536	65536
network-budget/formal-expanded-v2	tap:blocking:rr:1:rx	baseline	3	elapsed_ns	144639667	136090162	146316059
network-budget/formal-expanded-v2	tap:blocking:rr:1:rx	baseline	3	receiver_mbit_s	3.6247871062922177	3.583256708684315	3.852504782821847
network-budget/formal-expanded-v2	tap:blocking:rr:1:rx	baseline	3	transactions_s	7079.662316976988	6998.548259149052	7524.42340394892
network-budget/formal-expanded-v2	tap:blocking:rr:1:rx	baseline	3	connection_mbit_s_min	3.6247871062922177	3.583256708684315	3.852504782821847
network-budget/formal-expanded-v2	tap:blocking:rr:1:rx	baseline	3	connection_mbit_s_max	3.6247871062922177	3.583256708684315	3.852504782821847
network-budget/formal-expanded-v2	tap:blocking:rr:1:rx	baseline	3	jain_completion_rate	1.0	1.0	1.0
network-budget/formal-expanded-v2	tap:blocking:rr:1:rx	baseline	3	completion_span_ns	0	0	0
network-budget/formal-expanded-v2	tap:blocking:rr:1:rx	baseline	3	slowest_connection_ns	144639667	136090162	146316059
network-budget/formal-expanded-v2	tap:blocking:rr:1:rx	baseline	3	rtt_p50_ns_median	186861	153998	259898
network-budget/formal-expanded-v2	tap:blocking:rr:1:rx	baseline	3	rtt_max_ns	11001827	8565532	12451789
network-budget/formal-expanded-v2	tap:blocking:rr:1:rx	linux	3	receiver_bytes	65536	65536	65536
network-budget/formal-expanded-v2	tap:blocking:rr:1:rx	linux	3	elapsed_ns	59354178	56687873	74815086
network-budget/formal-expanded-v2	tap:blocking:rr:1:rx	linux	3	receiver_mbit_s	8.833211370562658	7.007784499505888	9.248680048376483
network-budget/formal-expanded-v2	tap:blocking:rr:1:rx	linux	3	transactions_s	17252.36595813019	13687.079100597439	18063.82821948532
network-budget/formal-expanded-v2	tap:blocking:rr:1:rx	linux	3	connection_mbit_s_min	8.833211370562658	7.007784499505888	9.248680048376483
network-budget/formal-expanded-v2	tap:blocking:rr:1:rx	linux	3	connection_mbit_s_max	8.833211370562658	7.007784499505888	9.248680048376483
network-budget/formal-expanded-v2	tap:blocking:rr:1:rx	linux	3	jain_completion_rate	1.0	1.0	1.0
network-budget/formal-expanded-v2	tap:blocking:rr:1:rx	linux	3	completion_span_ns	0	0	0
network-budget/formal-expanded-v2	tap:blocking:rr:1:rx	linux	3	slowest_connection_ns	59354178	56687873	74815086
network-budget/formal-expanded-v2	tap:blocking:rr:1:rx	linux	3	rtt_p50_ns_median	90859	70257	102754
network-budget/formal-expanded-v2	tap:blocking:rr:1:rx	linux	3	rtt_max_ns	10543348	9225526	11919432
network-budget/formal-expanded-v2	tap:blocking:rr:1:rx	w16-p2-m2	3	receiver_bytes	65536	65536	65536
network-budget/formal-expanded-v2	tap:blocking:rr:1:rx	w16-p2-m2	3	elapsed_ns	167870617	166984244	169502166
network-budget/formal-expanded-v2	tap:blocking:rr:1:rx	w16-p2-m2	3	receiver_mbit_s	3.123167171060079	3.0931050167229133	3.1397453283077414
network-budget/formal-expanded-v2	tap:blocking:rr:1:rx	w16-p2-m2	3	transactions_s	6099.935880976716	6041.22073578694	6132.315094351057
network-budget/formal-expanded-v2	tap:blocking:rr:1:rx	w16-p2-m2	3	connection_mbit_s_min	3.123167171060079	3.0931050167229133	3.1397453283077414
network-budget/formal-expanded-v2	tap:blocking:rr:1:rx	w16-p2-m2	3	connection_mbit_s_max	3.123167171060079	3.0931050167229133	3.1397453283077414
network-budget/formal-expanded-v2	tap:blocking:rr:1:rx	w16-p2-m2	3	jain_completion_rate	1.0	1.0	1.0
network-budget/formal-expanded-v2	tap:blocking:rr:1:rx	w16-p2-m2	3	completion_span_ns	0	0	0
network-budget/formal-expanded-v2	tap:blocking:rr:1:rx	w16-p2-m2	3	slowest_connection_ns	167870617	166984244	169502166
network-budget/formal-expanded-v2	tap:blocking:rr:1:rx	w16-p2-m2	3	rtt_p50_ns_median	201647	180284	207619
network-budget/formal-expanded-v2	tap:blocking:rr:1:rx	w16-p2-m2	3	rtt_max_ns	11473757	11344379	14827285
network-budget/formal-expanded-v2	tap:blocking:rr:1:rx	w8-p1-m1	3	receiver_bytes	65536	65536	65536
network-budget/formal-expanded-v2	tap:blocking:rr:1:rx	w8-p1-m1	3	elapsed_ns	165864033	164458214	183882621
network-budget/formal-expanded-v2	tap:blocking:rr:1:rx	w8-p1-m1	3	receiver_mbit_s	3.160950511796611	2.851210174995276	3.187970896972042
network-budget/formal-expanded-v2	tap:blocking:rr:1:rx	w8-p1-m1	3	transactions_s	6173.731468352757	5568.769873037649	6226.505658148519
network-budget/formal-expanded-v2	tap:blocking:rr:1:rx	w8-p1-m1	3	connection_mbit_s_min	3.160950511796611	2.851210174995276	3.187970896972042
network-budget/formal-expanded-v2	tap:blocking:rr:1:rx	w8-p1-m1	3	connection_mbit_s_max	3.160950511796611	2.851210174995276	3.187970896972042
network-budget/formal-expanded-v2	tap:blocking:rr:1:rx	w8-p1-m1	3	jain_completion_rate	1.0	1.0	1.0
network-budget/formal-expanded-v2	tap:blocking:rr:1:rx	w8-p1-m1	3	completion_span_ns	0	0	0
network-budget/formal-expanded-v2	tap:blocking:rr:1:rx	w8-p1-m1	3	slowest_connection_ns	165864033	164458214	183882621
network-budget/formal-expanded-v2	tap:blocking:rr:1:rx	w8-p1-m1	3	rtt_p50_ns_median	254477	159007	276686
network-budget/formal-expanded-v2	tap:blocking:rr:1:rx	w8-p1-m1	3	rtt_max_ns	11116728	10851907	11424731
network-budget/formal-expanded-v2	tap:blocking:rr:1:rx	w8-p4-m2	3	receiver_bytes	65536	65536	65536
network-budget/formal-expanded-v2	tap:blocking:rr:1:rx	w8-p4-m2	3	elapsed_ns	170928139	158214353	176358445
network-budget/formal-expanded-v2	tap:blocking:rr:1:rx	w8-p4-m2	3	receiver_mbit_s	3.067300697634109	2.972854517967654	3.3137827893528726
network-budget/formal-expanded-v2	tap:blocking:rr:1:rx	w8-p4-m2	3	transactions_s	5990.82167506662	5806.356480405574	6472.232010454829
network-budget/formal-expanded-v2	tap:blocking:rr:1:rx	w8-p4-m2	3	connection_mbit_s_min	3.067300697634109	2.972854517967654	3.3137827893528726
network-budget/formal-expanded-v2	tap:blocking:rr:1:rx	w8-p4-m2	3	connection_mbit_s_max	3.067300697634109	2.972854517967654	3.3137827893528726
network-budget/formal-expanded-v2	tap:blocking:rr:1:rx	w8-p4-m2	3	jain_completion_rate	1.0	1.0	1.0
network-budget/formal-expanded-v2	tap:blocking:rr:1:rx	w8-p4-m2	3	completion_span_ns	0	0	0
network-budget/formal-expanded-v2	tap:blocking:rr:1:rx	w8-p4-m2	3	slowest_connection_ns	170928139	158214353	176358445
network-budget/formal-expanded-v2	tap:blocking:rr:1:rx	w8-p4-m2	3	rtt_p50_ns_median	191110	142974	200543
network-budget/formal-expanded-v2	tap:blocking:rr:1:rx	w8-p4-m2	3	rtt_max_ns	11415063	10551902	11751061
network-budget/formal-expanded-v2	tap:blocking:bulk:1:rx	baseline	3	receiver_bytes	4194304	4194304	4194304
network-budget/formal-expanded-v2	tap:blocking:bulk:1:rx	baseline	3	elapsed_ns	137478807	135555862	147356855
network-budget/formal-expanded-v2	tap:blocking:bulk:1:rx	baseline	3	receiver_mbit_s	244.06985143535613	227.70866004163838	247.53213549702483
network-budget/formal-expanded-v2	tap:blocking:bulk:1:rx	baseline	3	connection_mbit_s_min	244.06985143535613	227.70866004163838	247.53213549702483
network-budget/formal-expanded-v2	tap:blocking:bulk:1:rx	baseline	3	connection_mbit_s_max	244.06985143535613	227.70866004163838	247.53213549702483
network-budget/formal-expanded-v2	tap:blocking:bulk:1:rx	baseline	3	jain_completion_rate	1.0	1.0	1.0
network-budget/formal-expanded-v2	tap:blocking:bulk:1:rx	baseline	3	completion_span_ns	0	0	0
network-budget/formal-expanded-v2	tap:blocking:bulk:1:rx	baseline	3	slowest_connection_ns	137478807	135555862	147356855
network-budget/formal-expanded-v2	tap:blocking:bulk:1:rx	baseline	3	rtt_p50_ns_median	189230	145197	255409
network-budget/formal-expanded-v2	tap:blocking:bulk:1:rx	baseline	3	rtt_max_ns	10925316	10778832	11418356
network-budget/formal-expanded-v2	tap:blocking:bulk:1:rx	linux	3	receiver_bytes	4194304	4194304	4194304
network-budget/formal-expanded-v2	tap:blocking:bulk:1:rx	linux	3	elapsed_ns	34592981	30770998	36555825
network-budget/formal-expanded-v2	tap:blocking:bulk:1:rx	linux	3	receiver_mbit_s	969.9780426555318	917.8956294927006	1090.4564096361125
network-budget/formal-expanded-v2	tap:blocking:bulk:1:rx	linux	3	connection_mbit_s_min	969.9780426555318	917.8956294927006	1090.4564096361125
network-budget/formal-expanded-v2	tap:blocking:bulk:1:rx	linux	3	connection_mbit_s_max	969.9780426555318	917.8956294927006	1090.4564096361125
network-budget/formal-expanded-v2	tap:blocking:bulk:1:rx	linux	3	jain_completion_rate	1.0	1.0	1.0
network-budget/formal-expanded-v2	tap:blocking:bulk:1:rx	linux	3	completion_span_ns	0	0	0
network-budget/formal-expanded-v2	tap:blocking:bulk:1:rx	linux	3	slowest_connection_ns	34592981	30770998	36555825
network-budget/formal-expanded-v2	tap:blocking:bulk:1:rx	linux	3	rtt_p50_ns_median	86637	70773	171147
network-budget/formal-expanded-v2	tap:blocking:bulk:1:rx	linux	3	rtt_max_ns	11510817	9676532	11910896
network-budget/formal-expanded-v2	tap:blocking:bulk:1:rx	w16-p2-m2	3	receiver_bytes	4194304	4194304	4194304
network-budget/formal-expanded-v2	tap:blocking:bulk:1:rx	w16-p2-m2	3	elapsed_ns	144894217	140096083	176578826
network-budget/formal-expanded-v2	tap:blocking:bulk:1:rx	w16-p2-m2	3	receiver_mbit_s	231.57882139630183	190.02522986532938	239.51013676806366
network-budget/formal-expanded-v2	tap:blocking:bulk:1:rx	w16-p2-m2	3	connection_mbit_s_min	231.57882139630183	190.02522986532938	239.51013676806366
network-budget/formal-expanded-v2	tap:blocking:bulk:1:rx	w16-p2-m2	3	connection_mbit_s_max	231.57882139630183	190.02522986532938	239.51013676806366
network-budget/formal-expanded-v2	tap:blocking:bulk:1:rx	w16-p2-m2	3	jain_completion_rate	1.0	1.0	1.0
network-budget/formal-expanded-v2	tap:blocking:bulk:1:rx	w16-p2-m2	3	completion_span_ns	0	0	0
network-budget/formal-expanded-v2	tap:blocking:bulk:1:rx	w16-p2-m2	3	slowest_connection_ns	144894217	140096083	176578826
network-budget/formal-expanded-v2	tap:blocking:bulk:1:rx	w16-p2-m2	3	rtt_p50_ns_median	180396	156284	373332
network-budget/formal-expanded-v2	tap:blocking:bulk:1:rx	w16-p2-m2	3	rtt_max_ns	11211170	9360840	11751620
network-budget/formal-expanded-v2	tap:blocking:bulk:1:rx	w8-p1-m1	3	receiver_bytes	4194304	4194304	4194304
network-budget/formal-expanded-v2	tap:blocking:bulk:1:rx	w8-p1-m1	3	elapsed_ns	192617929	183024782	194545812
network-budget/formal-expanded-v2	tap:blocking:bulk:1:rx	w8-p1-m1	3	receiver_mbit_s	174.202018338594	172.47573543243377	183.33272485471394
network-budget/formal-expanded-v2	tap:blocking:bulk:1:rx	w8-p1-m1	3	connection_mbit_s_min	174.202018338594	172.47573543243377	183.33272485471394
network-budget/formal-expanded-v2	tap:blocking:bulk:1:rx	w8-p1-m1	3	connection_mbit_s_max	174.202018338594	172.47573543243377	183.33272485471394
network-budget/formal-expanded-v2	tap:blocking:bulk:1:rx	w8-p1-m1	3	jain_completion_rate	1.0	1.0	1.0
network-budget/formal-expanded-v2	tap:blocking:bulk:1:rx	w8-p1-m1	3	completion_span_ns	0	0	0
network-budget/formal-expanded-v2	tap:blocking:bulk:1:rx	w8-p1-m1	3	slowest_connection_ns	192617929	183024782	194545812
network-budget/formal-expanded-v2	tap:blocking:bulk:1:rx	w8-p1-m1	3	rtt_p50_ns_median	186334	163220	219772
network-budget/formal-expanded-v2	tap:blocking:bulk:1:rx	w8-p1-m1	3	rtt_max_ns	11153380	10600289	11659211
network-budget/formal-expanded-v2	tap:blocking:bulk:1:rx	w8-p4-m2	3	receiver_bytes	4194304	4194304	4194304
network-budget/formal-expanded-v2	tap:blocking:bulk:1:rx	w8-p4-m2	3	elapsed_ns	173951402	158917155	211193313
network-budget/formal-expanded-v2	tap:blocking:bulk:1:rx	w8-p4-m2	3	receiver_mbit_s	192.89543869269878	158.88018196864027	211.14417760625025
network-budget/formal-expanded-v2	tap:blocking:bulk:1:rx	w8-p4-m2	3	connection_mbit_s_min	192.89543869269878	158.88018196864027	211.14417760625025
network-budget/formal-expanded-v2	tap:blocking:bulk:1:rx	w8-p4-m2	3	connection_mbit_s_max	192.89543869269878	158.88018196864027	211.14417760625025
network-budget/formal-expanded-v2	tap:blocking:bulk:1:rx	w8-p4-m2	3	jain_completion_rate	1.0	1.0	1.0
network-budget/formal-expanded-v2	tap:blocking:bulk:1:rx	w8-p4-m2	3	completion_span_ns	0	0	0
network-budget/formal-expanded-v2	tap:blocking:bulk:1:rx	w8-p4-m2	3	slowest_connection_ns	173951402	158917155	211193313
network-budget/formal-expanded-v2	tap:blocking:bulk:1:rx	w8-p4-m2	3	rtt_p50_ns_median	166153	158956	231269
network-budget/formal-expanded-v2	tap:blocking:bulk:1:rx	w8-p4-m2	3	rtt_max_ns	9519530	9210495	9976984
network-budget/formal-expanded-v2	tap:blocking:bulk:1:tx	baseline	3	receiver_bytes	4194304	4194304	4194304
network-budget/formal-expanded-v2	tap:blocking:bulk:1:tx	baseline	3	elapsed_ns	128463412	116519639	149588300
network-budget/formal-expanded-v2	tap:blocking:bulk:1:tx	baseline	3	receiver_mbit_s	261.19835584002703	224.31187465864645	287.9723305699565
network-budget/formal-expanded-v2	tap:blocking:bulk:1:tx	baseline	3	connection_mbit_s_min	261.19835584002703	224.31187465864645	287.9723305699565
network-budget/formal-expanded-v2	tap:blocking:bulk:1:tx	baseline	3	connection_mbit_s_max	261.19835584002703	224.31187465864645	287.9723305699565
network-budget/formal-expanded-v2	tap:blocking:bulk:1:tx	baseline	3	jain_completion_rate	1.0	1.0	1.0
network-budget/formal-expanded-v2	tap:blocking:bulk:1:tx	baseline	3	completion_span_ns	0	0	0
network-budget/formal-expanded-v2	tap:blocking:bulk:1:tx	baseline	3	slowest_connection_ns	128463412	116519639	149588300
network-budget/formal-expanded-v2	tap:blocking:bulk:1:tx	baseline	3	rtt_p50_ns_median	152567	147204	204299
network-budget/formal-expanded-v2	tap:blocking:bulk:1:tx	baseline	3	rtt_max_ns	8939960	8478278	10615538
network-budget/formal-expanded-v2	tap:blocking:bulk:1:tx	linux	3	receiver_bytes	4194304	4194304	4194304
network-budget/formal-expanded-v2	tap:blocking:bulk:1:tx	linux	3	elapsed_ns	41510759	36401205	44079165
network-budget/formal-expanded-v2	tap:blocking:bulk:1:tx	linux	3	receiver_mbit_s	808.3309678823266	761.2311167872622	921.7945394939536
network-budget/formal-expanded-v2	tap:blocking:bulk:1:tx	linux	3	connection_mbit_s_min	808.3309678823266	761.2311167872622	921.7945394939536
network-budget/formal-expanded-v2	tap:blocking:bulk:1:tx	linux	3	connection_mbit_s_max	808.3309678823266	761.2311167872622	921.7945394939536
network-budget/formal-expanded-v2	tap:blocking:bulk:1:tx	linux	3	jain_completion_rate	1.0	1.0	1.0
network-budget/formal-expanded-v2	tap:blocking:bulk:1:tx	linux	3	completion_span_ns	0	0	0
network-budget/formal-expanded-v2	tap:blocking:bulk:1:tx	linux	3	slowest_connection_ns	41510759	36401205	44079165
network-budget/formal-expanded-v2	tap:blocking:bulk:1:tx	linux	3	rtt_p50_ns_median	88455	73399	157980
network-budget/formal-expanded-v2	tap:blocking:bulk:1:tx	linux	3	rtt_max_ns	12283132	10804063	12578441
network-budget/formal-expanded-v2	tap:blocking:bulk:1:tx	w16-p2-m2	3	receiver_bytes	4194304	4194304	4194304
network-budget/formal-expanded-v2	tap:blocking:bulk:1:tx	w16-p2-m2	3	elapsed_ns	134268250	131068857	137288702
network-budget/formal-expanded-v2	tap:blocking:bulk:1:tx	w16-p2-m2	3	receiver_mbit_s	249.90593085111334	244.40781733080993	256.0061388190789
network-budget/formal-expanded-v2	tap:blocking:bulk:1:tx	w16-p2-m2	3	connection_mbit_s_min	249.90593085111334	244.40781733080993	256.0061388190789
network-budget/formal-expanded-v2	tap:blocking:bulk:1:tx	w16-p2-m2	3	connection_mbit_s_max	249.90593085111334	244.40781733080993	256.0061388190789
network-budget/formal-expanded-v2	tap:blocking:bulk:1:tx	w16-p2-m2	3	jain_completion_rate	1.0	1.0	1.0
network-budget/formal-expanded-v2	tap:blocking:bulk:1:tx	w16-p2-m2	3	completion_span_ns	0	0	0
network-budget/formal-expanded-v2	tap:blocking:bulk:1:tx	w16-p2-m2	3	slowest_connection_ns	134268250	131068857	137288702
network-budget/formal-expanded-v2	tap:blocking:bulk:1:tx	w16-p2-m2	3	rtt_p50_ns_median	172918	170835	198120
network-budget/formal-expanded-v2	tap:blocking:bulk:1:tx	w16-p2-m2	3	rtt_max_ns	9068600	8696064	11201740
network-budget/formal-expanded-v2	tap:blocking:bulk:1:tx	w8-p1-m1	3	receiver_bytes	4194304	4194304	4194304
network-budget/formal-expanded-v2	tap:blocking:bulk:1:tx	w8-p1-m1	3	elapsed_ns	161548187	145083522	216606926
network-budget/formal-expanded-v2	tap:blocking:bulk:1:tx	w8-p1-m1	3	receiver_mbit_s	207.70540742744456	154.90932178225916	231.27665731743127
network-budget/formal-expanded-v2	tap:blocking:bulk:1:tx	w8-p1-m1	3	connection_mbit_s_min	207.70540742744456	154.90932178225916	231.27665731743127
network-budget/formal-expanded-v2	tap:blocking:bulk:1:tx	w8-p1-m1	3	connection_mbit_s_max	207.70540742744456	154.90932178225916	231.27665731743127
network-budget/formal-expanded-v2	tap:blocking:bulk:1:tx	w8-p1-m1	3	jain_completion_rate	1.0	1.0	1.0
network-budget/formal-expanded-v2	tap:blocking:bulk:1:tx	w8-p1-m1	3	completion_span_ns	0	0	0
network-budget/formal-expanded-v2	tap:blocking:bulk:1:tx	w8-p1-m1	3	slowest_connection_ns	161548187	145083522	216606926
network-budget/formal-expanded-v2	tap:blocking:bulk:1:tx	w8-p1-m1	3	rtt_p50_ns_median	212281	149370	246852
network-budget/formal-expanded-v2	tap:blocking:bulk:1:tx	w8-p1-m1	3	rtt_max_ns	10245415	8909513	10942241
network-budget/formal-expanded-v2	tap:blocking:bulk:1:tx	w8-p4-m2	3	receiver_bytes	4194304	4194304	4194304
network-budget/formal-expanded-v2	tap:blocking:bulk:1:tx	w8-p4-m2	3	elapsed_ns	146399051	139098205	155500287
network-budget/formal-expanded-v2	tap:blocking:bulk:1:tx	w8-p4-m2	3	receiver_mbit_s	229.198425610013	215.78373035414398	241.228360926728
network-budget/formal-expanded-v2	tap:blocking:bulk:1:tx	w8-p4-m2	3	connection_mbit_s_min	229.198425610013	215.78373035414398	241.228360926728
network-budget/formal-expanded-v2	tap:blocking:bulk:1:tx	w8-p4-m2	3	connection_mbit_s_max	229.198425610013	215.78373035414398	241.228360926728
network-budget/formal-expanded-v2	tap:blocking:bulk:1:tx	w8-p4-m2	3	jain_completion_rate	1.0	1.0	1.0
network-budget/formal-expanded-v2	tap:blocking:bulk:1:tx	w8-p4-m2	3	completion_span_ns	0	0	0
network-budget/formal-expanded-v2	tap:blocking:bulk:1:tx	w8-p4-m2	3	slowest_connection_ns	146399051	139098205	155500287
network-budget/formal-expanded-v2	tap:blocking:bulk:1:tx	w8-p4-m2	3	rtt_p50_ns_median	190633	189150	191607
network-budget/formal-expanded-v2	tap:blocking:bulk:1:tx	w8-p4-m2	3	rtt_max_ns	9757404	8326562	11339145
network-budget/formal-expanded-v2	tap:blocking:rr:5:rx	baseline	3	receiver_bytes	327680	327680	327680
network-budget/formal-expanded-v2	tap:blocking:rr:5:rx	baseline	3	elapsed_ns	587751620	545912351	636371809
network-budget/formal-expanded-v2	tap:blocking:rr:5:rx	baseline	3	receiver_mbit_s	4.4601153119748105	4.119352810614526	4.801943013742146
network-budget/formal-expanded-v2	tap:blocking:rr:5:rx	baseline	3	transactions_s	8711.162718700802	8045.610958231495	9378.794948715127
network-budget/formal-expanded-v2	tap:blocking:rr:5:rx	baseline	3	connection_mbit_s_min	0.8921019830361504	0.8240351589130809	0.9604617661463116
network-budget/formal-expanded-v2	tap:blocking:rr:5:rx	baseline	3	connection_mbit_s_max	0.9032539815650791	0.8354503539728644	0.9717686551883995
network-budget/formal-expanded-v2	tap:blocking:rr:5:rx	baseline	3	jain_completion_rate	0.9999794952514579	0.9999710419711055	0.9999807563734748
network-budget/formal-expanded-v2	tap:blocking:rr:5:rx	baseline	3	completion_span_ns	7209057	6381075	8806636
network-budget/formal-expanded-v2	tap:blocking:rr:5:rx	baseline	3	slowest_connection_ns	587699624	545870766	636244697
network-budget/formal-expanded-v2	tap:blocking:rr:5:rx	baseline	3	rtt_p50_ns_median	549214	526979	849307
network-budget/formal-expanded-v2	tap:blocking:rr:5:rx	baseline	3	rtt_max_ns	13873404	13382959	14372901
network-budget/formal-expanded-v2	tap:blocking:rr:5:rx	linux	3	receiver_bytes	327680	327680	327680
network-budget/formal-expanded-v2	tap:blocking:rr:5:rx	linux	3	elapsed_ns	519940122	519020435	705179890
network-budget/formal-expanded-v2	tap:blocking:rr:5:rx	linux	3	receiver_mbit_s	5.041811333805857	3.7174060649971175	5.050745256301902
network-budget/formal-expanded-v2	tap:blocking:rr:5:rx	linux	3	transactions_s	9847.287761339565	7260.558720697494	9864.736828714653
network-budget/formal-expanded-v2	tap:blocking:rr:5:rx	linux	3	connection_mbit_s_min	1.0084301341669777	0.7435246553937486	1.0101776854587787
network-budget/formal-expanded-v2	tap:blocking:rr:5:rx	linux	3	connection_mbit_s_max	1.1098280727950924	0.8866036189975713	1.2538245963223147
network-budget/formal-expanded-v2	tap:blocking:rr:5:rx	linux	3	jain_completion_rate	0.9952778800317722	0.9932664024615702	0.9987710625270492
network-budget/formal-expanded-v2	tap:blocking:rr:5:rx	linux	3	completion_span_ns	100742826	47430556	113731010
network-budget/formal-expanded-v2	tap:blocking:rr:5:rx	linux	3	slowest_connection_ns	519905130	519005723	705138688
network-budget/formal-expanded-v2	tap:blocking:rr:5:rx	linux	3	rtt_p50_ns_median	372013	65353	576075
network-budget/formal-expanded-v2	tap:blocking:rr:5:rx	linux	3	rtt_max_ns	18625572	17509003	20497607
network-budget/formal-expanded-v2	tap:blocking:rr:5:rx	w16-p2-m2	3	receiver_bytes	327680	327680	327680
network-budget/formal-expanded-v2	tap:blocking:rr:5:rx	w16-p2-m2	3	elapsed_ns	649274322	644208119	783471645
network-budget/formal-expanded-v2	tap:blocking:rr:5:rx	w16-p2-m2	3	receiver_mbit_s	4.037492183465712	3.345928364771899	4.0692439643096145
network-budget/formal-expanded-v2	tap:blocking:rr:5:rx	w16-p2-m2	3	transactions_s	7885.726920831469	6535.016337445116	7947.742117792216
network-budget/formal-expanded-v2	tap:blocking:rr:5:rx	w16-p2-m2	3	connection_mbit_s_min	0.8075854499105448	0.6692148632242279	0.8139430571965025
network-budget/formal-expanded-v2	tap:blocking:rr:5:rx	w16-p2-m2	3	connection_mbit_s_max	0.817832291777531	0.6778592807042487	0.8222546374348845
network-budget/formal-expanded-v2	tap:blocking:rr:5:rx	w16-p2-m2	3	jain_completion_rate	0.9999801347975219	0.9999771528653151	0.9999839519339451
network-budget/formal-expanded-v2	tap:blocking:rr:5:rx	w16-p2-m2	3	completion_span_ns	8117202	6557383	10012041
network-budget/formal-expanded-v2	tap:blocking:rr:5:rx	w16-p2-m2	3	slowest_connection_ns	649204366	644133512	783437471
network-budget/formal-expanded-v2	tap:blocking:rr:5:rx	w16-p2-m2	3	rtt_p50_ns_median	656212	605120	674488
network-budget/formal-expanded-v2	tap:blocking:rr:5:rx	w16-p2-m2	3	rtt_max_ns	14616911	14191478	15071094
network-budget/formal-expanded-v2	tap:blocking:rr:5:rx	w8-p1-m1	3	receiver_bytes	327680	327680	327680
network-budget/formal-expanded-v2	tap:blocking:rr:5:rx	w8-p1-m1	3	elapsed_ns	698965526	670934935	735542825
network-budget/formal-expanded-v2	tap:blocking:rr:5:rx	w8-p1-m1	3	receiver_mbit_s	3.7504567857614197	3.5639529214359476	3.9071448858151947
network-budget/formal-expanded-v2	tap:blocking:rr:5:rx	w8-p1-m1	3	transactions_s	7325.110909690273	6960.845549679585	7631.142355107802
network-budget/formal-expanded-v2	tap:blocking:rr:5:rx	w8-p1-m1	3	connection_mbit_s_min	0.7501412016105178	0.712830717566548	0.7814619694706272
network-budget/formal-expanded-v2	tap:blocking:rr:5:rx	w8-p1-m1	3	connection_mbit_s_max	0.7597665780188275	0.7213579683731459	0.7970918141163427
network-budget/formal-expanded-v2	tap:blocking:rr:5:rx	w8-p1-m1	3	jain_completion_rate	0.9999796888822029	0.9999574435131375	0.9999810515962254
network-budget/formal-expanded-v2	tap:blocking:rr:5:rx	w8-p1-m1	3	completion_span_ns	8796432	8710992	13183857
network-budget/formal-expanded-v2	tap:blocking:rr:5:rx	w8-p1-m1	3	slowest_connection_ns	698919082	670906609	735501413
network-budget/formal-expanded-v2	tap:blocking:rr:5:rx	w8-p1-m1	3	rtt_p50_ns_median	627419	606716	892689
network-budget/formal-expanded-v2	tap:blocking:rr:5:rx	w8-p1-m1	3	rtt_max_ns	15876116	14146920	20730486
network-budget/formal-expanded-v2	tap:blocking:rr:5:rx	w8-p4-m2	3	receiver_bytes	327680	327680	327680
network-budget/formal-expanded-v2	tap:blocking:rr:5:rx	w8-p4-m2	3	elapsed_ns	665474819	663293062	690191091
network-budget/formal-expanded-v2	tap:blocking:rr:5:rx	w8-p4-m2	3	receiver_mbit_s	3.9392023937723177	3.7981365366537307	3.9521595357799777
network-budget/formal-expanded-v2	tap:blocking:rr:5:rx	w8-p4-m2	3	transactions_s	7693.754675336559	7418.235423151818	7719.061593320269
network-budget/formal-expanded-v2	tap:blocking:rr:5:rx	w8-p4-m2	3	connection_mbit_s_min	0.7878782367762698	0.7596927394917531	0.7904319071559955
network-budget/formal-expanded-v2	tap:blocking:rr:5:rx	w8-p4-m2	3	connection_mbit_s_max	0.7979972613927527	0.7684319825938243	0.7989553052267854
network-budget/formal-expanded-v2	tap:blocking:rr:5:rx	w8-p4-m2	3	jain_completion_rate	0.9999816579647618	0.9999811619920828	0.9999833363773236
network-budget/formal-expanded-v2	tap:blocking:rr:5:rx	w8-p4-m2	3	completion_span_ns	7908193	7063770	8470058
network-budget/formal-expanded-v2	tap:blocking:rr:5:rx	w8-p4-m2	3	slowest_connection_ns	665442927	663293062	690131645
network-budget/formal-expanded-v2	tap:blocking:rr:5:rx	w8-p4-m2	3	rtt_p50_ns_median	613562	601884	1050470
network-budget/formal-expanded-v2	tap:blocking:rr:5:rx	w8-p4-m2	3	rtt_max_ns	16756689	14027511	17761904
network-budget/formal-expanded-v2	tap:blocking:bulk:5:rx	baseline	3	receiver_bytes	20971520	20971520	20971520
network-budget/formal-expanded-v2	tap:blocking:bulk:5:rx	baseline	3	elapsed_ns	880673839	876888811	970629281
network-budget/formal-expanded-v2	tap:blocking:bulk:5:rx	baseline	3	receiver_mbit_s	190.5043076906932	172.8488551542059	191.32660594525478
network-budget/formal-expanded-v2	tap:blocking:bulk:5:rx	baseline	3	connection_mbit_s_min	38.10086153813864	34.57789741095808	38.275319254275566
network-budget/formal-expanded-v2	tap:blocking:bulk:5:rx	baseline	3	connection_mbit_s_max	39.25819386106651	36.53964861443853	39.70785331927955
network-budget/formal-expanded-v2	tap:blocking:bulk:5:rx	baseline	3	jain_completion_rate	0.9997503681805738	0.9995593940354986	0.999913995643714
network-budget/formal-expanded-v2	tap:blocking:bulk:5:rx	baseline	3	completion_span_ns	35238557	22177254	52248082
network-budget/formal-expanded-v2	tap:blocking:bulk:5:rx	baseline	3	slowest_connection_ns	880673839	876659755	970401167
network-budget/formal-expanded-v2	tap:blocking:bulk:5:rx	baseline	3	rtt_p50_ns_median	603537	516003	862886
network-budget/formal-expanded-v2	tap:blocking:bulk:5:rx	baseline	3	rtt_max_ns	15229864	14387793	17466307
network-budget/formal-expanded-v2	tap:blocking:bulk:5:rx	linux	3	receiver_bytes	20971520	20971520	20971520
network-budget/formal-expanded-v2	tap:blocking:bulk:5:rx	linux	3	elapsed_ns	159070927	158498556	164299356
network-budget/formal-expanded-v2	tap:blocking:bulk:5:rx	linux	3	receiver_mbit_s	1054.70033502728	1021.1370518092597	1058.509075628424
network-budget/formal-expanded-v2	tap:blocking:bulk:5:rx	linux	3	connection_mbit_s_min	210.97021831615527	204.25621271416404	211.70181512568482
network-budget/formal-expanded-v2	tap:blocking:bulk:5:rx	linux	3	connection_mbit_s_max	223.58553551211438	220.2979138691679	229.8044666128865
network-budget/formal-expanded-v2	tap:blocking:bulk:5:rx	linux	3	jain_completion_rate	0.9991675592598982	0.9990675210962494	0.999579448767159
network-budget/formal-expanded-v2	tap:blocking:bulk:5:rx	linux	3	completion_span_ns	11491053	8143966	12831484
network-budget/formal-expanded-v2	tap:blocking:bulk:5:rx	linux	3	slowest_connection_ns	159048193	158498556	164276188
network-budget/formal-expanded-v2	tap:blocking:bulk:5:rx	linux	3	rtt_p50_ns_median	137755	72554	183235
network-budget/formal-expanded-v2	tap:blocking:bulk:5:rx	linux	3	rtt_max_ns	19492918	16659772	21062791
network-budget/formal-expanded-v2	tap:blocking:bulk:5:rx	w16-p2-m2	3	receiver_bytes	20971520	20971520	20971520
network-budget/formal-expanded-v2	tap:blocking:bulk:5:rx	w16-p2-m2	3	elapsed_ns	836840788	775817038	860102763
network-budget/formal-expanded-v2	tap:blocking:bulk:5:rx	w16-p2-m2	3	receiver_mbit_s	200.48277092344594	195.06059882288739	216.25222414875606
network-budget/formal-expanded-v2	tap:blocking:bulk:5:rx	w16-p2-m2	3	connection_mbit_s_min	40.11735810543162	39.01457317050739	43.262306404412705
network-budget/formal-expanded-v2	tap:blocking:bulk:5:rx	w16-p2-m2	3	connection_mbit_s_max	41.131545910573706	39.468079471315406	43.83510579456908
network-budget/formal-expanded-v2	tap:blocking:bulk:5:rx	w16-p2-m2	3	jain_completion_rate	0.9999773781142953	0.9999176182658598	0.9999841768191728
network-budget/formal-expanded-v2	tap:blocking:bulk:5:rx	w16-p2-m2	3	completion_span_ns	10347641	9936440	21057397
network-budget/formal-expanded-v2	tap:blocking:bulk:5:rx	w16-p2-m2	3	slowest_connection_ns	836406822	775604326	860048676
network-budget/formal-expanded-v2	tap:blocking:bulk:5:rx	w16-p2-m2	3	rtt_p50_ns_median	596135	594771	635172
network-budget/formal-expanded-v2	tap:blocking:bulk:5:rx	w16-p2-m2	3	rtt_max_ns	15092308	14076025	15739437
network-budget/formal-expanded-v2	tap:blocking:bulk:5:rx	w8-p1-m1	3	receiver_bytes	20971520	20971520	20971520
network-budget/formal-expanded-v2	tap:blocking:bulk:5:rx	w8-p1-m1	3	elapsed_ns	997896345	980714067	1032185495
network-budget/formal-expanded-v2	tap:blocking:bulk:5:rx	w8-p1-m1	3	receiver_mbit_s	168.12583876133948	162.5407068910613	171.07143217922254
network-budget/formal-expanded-v2	tap:blocking:bulk:5:rx	w8-p1-m1	3	connection_mbit_s_min	33.64162729644851	32.51774316281847	34.216249158086804
network-budget/formal-expanded-v2	tap:blocking:bulk:5:rx	w8-p1-m1	3	connection_mbit_s_max	34.75986386155628	33.39972381131153	35.97789791478921
network-budget/formal-expanded-v2	tap:blocking:bulk:5:rx	w8-p1-m1	3	jain_completion_rate	0.9998607222788722	0.9996335884488556	0.9998959970992505
network-budget/formal-expanded-v2	tap:blocking:bulk:5:rx	w8-p1-m1	3	completion_span_ns	32222021	27553475	47712256
network-budget/formal-expanded-v2	tap:blocking:bulk:5:rx	w8-p1-m1	3	slowest_connection_ns	997408113	980657811	1031880713
network-budget/formal-expanded-v2	tap:blocking:bulk:5:rx	w8-p1-m1	3	rtt_p50_ns_median	617010	615180	647130
network-budget/formal-expanded-v2	tap:blocking:bulk:5:rx	w8-p1-m1	3	rtt_max_ns	16241506	15154023	19280716
network-budget/formal-expanded-v2	tap:blocking:bulk:5:rx	w8-p4-m2	3	receiver_bytes	20971520	20971520	20971520
network-budget/formal-expanded-v2	tap:blocking:bulk:5:rx	w8-p4-m2	3	elapsed_ns	1039410291	944311041	1134777210
network-budget/formal-expanded-v2	tap:blocking:bulk:5:rx	w8-p4-m2	3	receiver_mbit_s	161.41090910172642	147.8459018400625	177.66620606525345
network-budget/formal-expanded-v2	tap:blocking:bulk:5:rx	w8-p4-m2	3	connection_mbit_s_min	32.28218182034528	29.581544153351352	35.545640485126384
network-budget/formal-expanded-v2	tap:blocking:bulk:5:rx	w8-p4-m2	3	connection_mbit_s_max	33.37411784884859	30.439442101541417	36.7385992002552
network-budget/formal-expanded-v2	tap:blocking:bulk:5:rx	w8-p4-m2	3	jain_completion_rate	0.999850597098077	0.9998311447580017	0.999894462510663
network-budget/formal-expanded-v2	tap:blocking:bulk:5:rx	w8-p4-m2	3	completion_span_ns	32321217	30981934	33846176
network-budget/formal-expanded-v2	tap:blocking:bulk:5:rx	w8-p4-m2	3	slowest_connection_ns	1039410291	943981640	1134302923
network-budget/formal-expanded-v2	tap:blocking:bulk:5:rx	w8-p4-m2	3	rtt_p50_ns_median	750367	629467	848256
network-budget/formal-expanded-v2	tap:blocking:bulk:5:rx	w8-p4-m2	3	rtt_max_ns	14271937	13297176	18110779
network-budget/formal-expanded-v2	tap:blocking:bulk:5:tx	baseline	3	receiver_bytes	20971520	20971520	20971520
network-budget/formal-expanded-v2	tap:blocking:bulk:5:tx	baseline	3	elapsed_ns	695809836	648586538	712957551
network-budget/formal-expanded-v2	tap:blocking:bulk:5:tx	baseline	3	receiver_mbit_s	241.11783323511398	235.3185821016713	258.6735156689299
network-budget/formal-expanded-v2	tap:blocking:bulk:5:tx	baseline	3	connection_mbit_s_min	48.24598483446088	47.069417902735815	51.74058130810863
network-budget/formal-expanded-v2	tap:blocking:bulk:5:tx	baseline	3	connection_mbit_s_max	48.790925282756525	47.52496163570875	52.265680688867945
network-budget/formal-expanded-v2	tap:blocking:bulk:5:tx	baseline	3	jain_completion_rate	0.99998330699813	0.9999809126303661	0.9999854854546
network-budget/formal-expanded-v2	tap:blocking:bulk:5:tx	baseline	3	completion_span_ns	6589121	6584521	8009564
network-budget/formal-expanded-v2	tap:blocking:bulk:5:tx	baseline	3	slowest_connection_ns	695486518	648512853	712871191
network-budget/formal-expanded-v2	tap:blocking:bulk:5:tx	baseline	3	rtt_p50_ns_median	581959	574817	850569
network-budget/formal-expanded-v2	tap:blocking:bulk:5:tx	baseline	3	rtt_max_ns	15222582	15189671	16283256
network-budget/formal-expanded-v2	tap:blocking:bulk:5:tx	linux	3	receiver_bytes	20971520	20971520	20971520
network-budget/formal-expanded-v2	tap:blocking:bulk:5:tx	linux	3	elapsed_ns	182814401	179248824	210036430
network-budget/formal-expanded-v2	tap:blocking:bulk:5:tx	linux	3	receiver_mbit_s	917.7185116833328	798.7764789184429	935.9735604178915
network-budget/formal-expanded-v2	tap:blocking:bulk:5:tx	linux	3	connection_mbit_s_min	183.61708312078107	159.87892545916176	187.57229209098594
network-budget/formal-expanded-v2	tap:blocking:bulk:5:tx	linux	3	connection_mbit_s_max	215.76622348972404	187.88673517689392	230.51094042471502
network-budget/formal-expanded-v2	tap:blocking:bulk:5:tx	linux	3	jain_completion_rate	0.9965224166933411	0.9952721859823992	0.997254895050033
network-budget/formal-expanded-v2	tap:blocking:bulk:5:tx	linux	3	completion_span_ns	31447814	27185296	33683360
network-budget/formal-expanded-v2	tap:blocking:bulk:5:tx	linux	3	slowest_connection_ns	182741341	178887999	209874015
network-budget/formal-expanded-v2	tap:blocking:bulk:5:tx	linux	3	rtt_p50_ns_median	341036	308726	393866
network-budget/formal-expanded-v2	tap:blocking:bulk:5:tx	linux	3	rtt_max_ns	19675953	18802639	22058097
network-budget/formal-expanded-v2	tap:blocking:bulk:5:tx	w16-p2-m2	3	receiver_bytes	20971520	20971520	20971520
network-budget/formal-expanded-v2	tap:blocking:bulk:5:tx	w16-p2-m2	3	elapsed_ns	739670899	706834254	748048580
network-budget/formal-expanded-v2	tap:blocking:bulk:5:tx	w16-p2-m2	3	receiver_mbit_s	226.82000904296763	224.2797653596241	237.35714426765742
network-budget/formal-expanded-v2	tap:blocking:bulk:5:tx	w16-p2-m2	3	connection_mbit_s_min	45.385492933487626	44.87331479763252	47.48764562264748
network-budget/formal-expanded-v2	tap:blocking:bulk:5:tx	w16-p2-m2	3	connection_mbit_s_max	46.02837318432312	45.361770427016644	48.25158941204303
network-budget/formal-expanded-v2	tap:blocking:bulk:5:tx	w16-p2-m2	3	jain_completion_rate	0.9999717618361674	0.9999562994927906	0.9999754329787689
network-budget/formal-expanded-v2	tap:blocking:bulk:5:tx	w16-p2-m2	3	completion_span_ns	10216104	8341296	11428519
network-budget/formal-expanded-v2	tap:blocking:bulk:5:tx	w16-p2-m2	3	slowest_connection_ns	739320647	706592874	747759156
network-budget/formal-expanded-v2	tap:blocking:bulk:5:tx	w16-p2-m2	3	rtt_p50_ns_median	616124	603788	698583
network-budget/formal-expanded-v2	tap:blocking:bulk:5:tx	w16-p2-m2	3	rtt_max_ns	15810482	13356152	16803473
network-budget/formal-expanded-v2	tap:blocking:bulk:5:tx	w8-p1-m1	3	receiver_bytes	20971520	20971520	20971520
network-budget/formal-expanded-v2	tap:blocking:bulk:5:tx	w8-p1-m1	3	elapsed_ns	822002787	781314730	849643490
network-budget/formal-expanded-v2	tap:blocking:bulk:5:tx	w8-p1-m1	3	receiver_mbit_s	204.10169241920102	197.46183190316682	214.73057342717703
network-budget/formal-expanded-v2	tap:blocking:bulk:5:tx	w8-p1-m1	3	connection_mbit_s_min	40.82961417579723	39.492366380633364	42.961630948475225
network-budget/formal-expanded-v2	tap:blocking:bulk:5:tx	w8-p1-m1	3	connection_mbit_s_max	41.13765102767901	39.78737178477303	43.38757973423819
network-budget/formal-expanded-v2	tap:blocking:bulk:5:tx	w8-p1-m1	3	jain_completion_rate	0.9999893773273598	0.9999862633431422	0.9999927035216812
network-budget/formal-expanded-v2	tap:blocking:bulk:5:tx	w8-p1-m1	3	completion_span_ns	6340464	6220367	7949813
network-budget/formal-expanded-v2	tap:blocking:bulk:5:tx	w8-p1-m1	3	slowest_connection_ns	821816044	781032546	849643490
network-budget/formal-expanded-v2	tap:blocking:bulk:5:tx	w8-p1-m1	3	rtt_p50_ns_median	605917	590685	620930
network-budget/formal-expanded-v2	tap:blocking:bulk:5:tx	w8-p1-m1	3	rtt_max_ns	15529797	14180865	15717722
network-budget/formal-expanded-v2	tap:blocking:bulk:5:tx	w8-p4-m2	3	receiver_bytes	20971520	20971520	20971520
network-budget/formal-expanded-v2	tap:blocking:bulk:5:tx	w8-p4-m2	3	elapsed_ns	802540345	751344636	835908638
network-budget/formal-expanded-v2	tap:blocking:bulk:5:tx	w8-p4-m2	3	receiver_mbit_s	209.05137174131724	200.70633604338946	223.29587776547325
network-budget/formal-expanded-v2	tap:blocking:bulk:5:tx	w8-p4-m2	3	connection_mbit_s_min	41.83280037426871	40.15620618143855	44.68328852502181
network-budget/formal-expanded-v2	tap:blocking:bulk:5:tx	w8-p4-m2	3	connection_mbit_s_max	42.23155999992217	40.602246233419955	45.04483656762614
network-budget/formal-expanded-v2	tap:blocking:bulk:5:tx	w8-p4-m2	3	jain_completion_rate	0.9999827852600659	0.9999820408869671	0.9999919556893813
network-budget/formal-expanded-v2	tap:blocking:bulk:5:tx	w8-p4-m2	3	completion_span_ns	8005831	6432798	9490518
network-budget/formal-expanded-v2	tap:blocking:bulk:5:tx	w8-p4-m2	3	slowest_connection_ns	802108195	750939179	835597662
network-budget/formal-expanded-v2	tap:blocking:bulk:5:tx	w8-p4-m2	3	rtt_p50_ns_median	1026204	652849	1170710
network-budget/formal-expanded-v2	tap:blocking:bulk:5:tx	w8-p4-m2	3	rtt_max_ns	16984379	15080836	17593075
network-budget/formal-expanded-v2	tap:blocking:mixed:near:rx	baseline	3	receiver_bytes	113246208	113246208	113246208
network-budget/formal-expanded-v2	tap:blocking:mixed:near:rx	baseline	3	elapsed_ns	5140487977	5027759001	5385590520
network-budget/formal-expanded-v2	tap:blocking:mixed:near:rx	baseline	3	receiver_mbit_s	176.2419575833199	168.2210447741207	180.19353430023327
network-budget/formal-expanded-v2	tap:blocking:mixed:near:rx	baseline	3	connection_mbit_s_min	6.528896810789167	6.230409065708174	6.674344781470302
network-budget/formal-expanded-v2	tap:blocking:mixed:near:rx	baseline	3	connection_mbit_s_max	6.597130212794654	6.3039798212117475	6.746336324912899
network-budget/formal-expanded-v2	tap:blocking:mixed:near:rx	baseline	3	jain_completion_rate	0.9999926892054883	0.9999906139524077	0.999992722877256
network-budget/formal-expanded-v2	tap:blocking:mixed:near:rx	baseline	3	completion_span_ns	53679671	52516674	61387766
network-budget/formal-expanded-v2	tap:blocking:mixed:near:rx	baseline	3	slowest_connection_ns	5139372389	5027374686	5385590520
network-budget/formal-expanded-v2	tap:blocking:mixed:near:rx	baseline	3	rtt_p50_ns_median	3057420	2907030	5464838
network-budget/formal-expanded-v2	tap:blocking:mixed:near:rx	baseline	3	rtt_max_ns	29324701	28414424	31900713
network-budget/formal-expanded-v2	tap:blocking:mixed:near:rx	baseline	3	control_completed_requests	1024	1024	1024
network-budget/formal-expanded-v2	tap:blocking:mixed:near:rx	baseline	3	control_requests_during_bulk	382	380	383
network-budget/formal-expanded-v2	tap:blocking:mixed:near:rx	baseline	3	control_requests_fully_contained	381	379	382
network-budget/formal-expanded-v2	tap:blocking:mixed:near:rx	baseline	3	control_received_bytes	65536	65536	65536
network-budget/formal-expanded-v2	tap:blocking:mixed:near:rx	baseline	3	control_rr_all_p50_ns	148271	138017	155545
network-budget/formal-expanded-v2	tap:blocking:mixed:near:rx	baseline	3	control_rr_all_p95_ns	15282374	14828767	15890363
network-budget/formal-expanded-v2	tap:blocking:mixed:near:rx	baseline	3	control_rr_all_p99_ns	17854616	17763384	20164332
network-budget/formal-expanded-v2	tap:blocking:mixed:near:rx	baseline	3	control_rr_all_max_ns	23196977	21153884	24154497
network-budget/formal-expanded-v2	tap:blocking:mixed:near:rx	baseline	3	control_rr_during_bulk_p50_ns	13244171	12889498	13961651
network-budget/formal-expanded-v2	tap:blocking:mixed:near:rx	baseline	3	control_rr_during_bulk_p95_ns	16685037	16565550	17905154
network-budget/formal-expanded-v2	tap:blocking:mixed:near:rx	baseline	3	control_rr_during_bulk_p99_ns	19495404	19204188	22719833
network-budget/formal-expanded-v2	tap:blocking:mixed:near:rx	baseline	3	control_rr_during_bulk_max_ns	23196977	21153884	24154497
network-budget/formal-expanded-v2	tap:blocking:mixed:near:rx	baseline	3	control_rr_fully_contained_p50_ns	13244171	12900889	13977920
network-budget/formal-expanded-v2	tap:blocking:mixed:near:rx	baseline	3	control_rr_fully_contained_p95_ns	16685037	16565550	18132862
network-budget/formal-expanded-v2	tap:blocking:mixed:near:rx	baseline	3	control_rr_fully_contained_p99_ns	19495404	19204188	22719833
network-budget/formal-expanded-v2	tap:blocking:mixed:near:rx	baseline	3	control_rr_fully_contained_max_ns	23196977	21153884	24154497
network-budget/formal-expanded-v2	tap:blocking:mixed:near:rx	linux	3	receiver_bytes	113246208	113246208	113246208
network-budget/formal-expanded-v2	tap:blocking:mixed:near:rx	linux	3	elapsed_ns	931943719	856062629	980508702
network-budget/formal-expanded-v2	tap:blocking:mixed:near:rx	linux	3	receiver_mbit_s	972.1291592287666	923.9792182894874	1058.298345599198
network-budget/formal-expanded-v2	tap:blocking:mixed:near:rx	linux	3	connection_mbit_s_min	36.02107151663657	34.23499742203708	39.27324578262018
network-budget/formal-expanded-v2	tap:blocking:mixed:near:rx	linux	3	connection_mbit_s_max	41.29631264330074	40.52498271303355	48.480222108395196
network-budget/formal-expanded-v2	tap:blocking:mixed:near:rx	linux	3	jain_completion_rate	0.998234414944691	0.9970276679964253	0.9983541603659629
network-budget/formal-expanded-v2	tap:blocking:mixed:near:rx	linux	3	completion_span_ns	150950104	117689653	163936427
network-budget/formal-expanded-v2	tap:blocking:mixed:near:rx	linux	3	slowest_connection_ns	931522317	854383979	980120769
network-budget/formal-expanded-v2	tap:blocking:mixed:near:rx	linux	3	rtt_p50_ns_median	1528331	1000339	2897575
network-budget/formal-expanded-v2	tap:blocking:mixed:near:rx	linux	3	rtt_max_ns	82985344	81547775	84712765
network-budget/formal-expanded-v2	tap:blocking:mixed:near:rx	linux	3	control_completed_requests	1024	1024	1024
network-budget/formal-expanded-v2	tap:blocking:mixed:near:rx	linux	3	control_requests_during_bulk	165	159	236
network-budget/formal-expanded-v2	tap:blocking:mixed:near:rx	linux	3	control_requests_fully_contained	164	158	235
network-budget/formal-expanded-v2	tap:blocking:mixed:near:rx	linux	3	control_received_bytes	65536	65536	65536
network-budget/formal-expanded-v2	tap:blocking:mixed:near:rx	linux	3	control_rr_all_p50_ns	53475	44028	54015
network-budget/formal-expanded-v2	tap:blocking:mixed:near:rx	linux	3	control_rr_all_p95_ns	4199172	4125167	4344093
network-budget/formal-expanded-v2	tap:blocking:mixed:near:rx	linux	3	control_rr_all_p99_ns	15044873	11741141	16184587
network-budget/formal-expanded-v2	tap:blocking:mixed:near:rx	linux	3	control_rr_all_max_ns	93327755	50502364	129900364
network-budget/formal-expanded-v2	tap:blocking:mixed:near:rx	linux	3	control_rr_during_bulk_p50_ns	3943298	167476	3961785
network-budget/formal-expanded-v2	tap:blocking:mixed:near:rx	linux	3	control_rr_during_bulk_p95_ns	15669818	11839671	15963103
network-budget/formal-expanded-v2	tap:blocking:mixed:near:rx	linux	3	control_rr_during_bulk_p99_ns	47512091	38453209	89688047
network-budget/formal-expanded-v2	tap:blocking:mixed:near:rx	linux	3	control_rr_during_bulk_max_ns	93327755	50502364	129900364
network-budget/formal-expanded-v2	tap:blocking:mixed:near:rx	linux	3	control_rr_fully_contained_p50_ns	3943298	167476	3961785
network-budget/formal-expanded-v2	tap:blocking:mixed:near:rx	linux	3	control_rr_fully_contained_p95_ns	15669818	11839671	15963103
network-budget/formal-expanded-v2	tap:blocking:mixed:near:rx	linux	3	control_rr_fully_contained_p99_ns	47512091	38453209	89688047
network-budget/formal-expanded-v2	tap:blocking:mixed:near:rx	linux	3	control_rr_fully_contained_max_ns	93327755	50502364	129900364
network-budget/formal-expanded-v2	tap:blocking:mixed:near:rx	w16-p2-m2	3	receiver_bytes	113246208	113246208	113246208
network-budget/formal-expanded-v2	tap:blocking:mixed:near:rx	w16-p2-m2	3	elapsed_ns	4679393927	4570051637	4844579260
network-budget/formal-expanded-v2	tap:blocking:mixed:near:rx	w16-p2-m2	3	receiver_mbit_s	193.6083343555615	187.00688240984627	198.24057493466785
network-budget/formal-expanded-v2	tap:blocking:mixed:near:rx	w16-p2-m2	3	connection_mbit_s_min	7.1735025631204605	6.928323511093467	7.344229935897046
network-budget/formal-expanded-v2	tap:blocking:mixed:near:rx	w16-p2-m2	3	connection_mbit_s_max	7.329994913812727	7.052901908997838	7.509392293337925
network-budget/formal-expanded-v2	tap:blocking:mixed:near:rx	w16-p2-m2	3	jain_completion_rate	0.9999757506306125	0.9999652407139873	0.9999766415477458
network-budget/formal-expanded-v2	tap:blocking:mixed:near:rx	w16-p2-m2	3	completion_span_ns	100692887	86072840	100928322
network-budget/formal-expanded-v2	tap:blocking:mixed:near:rx	w16-p2-m2	3	slowest_connection_ns	4677552103	4568815559	4843081006
network-budget/formal-expanded-v2	tap:blocking:mixed:near:rx	w16-p2-m2	3	rtt_p50_ns_median	3580161	3420786	3724947
network-budget/formal-expanded-v2	tap:blocking:mixed:near:rx	w16-p2-m2	3	rtt_max_ns	31337476	29296982	31656597
network-budget/formal-expanded-v2	tap:blocking:mixed:near:rx	w16-p2-m2	3	control_completed_requests	1024	1024	1024
network-budget/formal-expanded-v2	tap:blocking:mixed:near:rx	w16-p2-m2	3	control_requests_during_bulk	201	201	204
network-budget/formal-expanded-v2	tap:blocking:mixed:near:rx	w16-p2-m2	3	control_requests_fully_contained	200	200	203
network-budget/formal-expanded-v2	tap:blocking:mixed:near:rx	w16-p2-m2	3	control_received_bytes	65536	65536	65536
network-budget/formal-expanded-v2	tap:blocking:mixed:near:rx	w16-p2-m2	3	control_rr_all_p50_ns	149687	142457	160653
network-budget/formal-expanded-v2	tap:blocking:mixed:near:rx	w16-p2-m2	3	control_rr_all_p95_ns	24566389	23807127	25659152
network-budget/formal-expanded-v2	tap:blocking:mixed:near:rx	w16-p2-m2	3	control_rr_all_p99_ns	28493805	25965303	30192855
network-budget/formal-expanded-v2	tap:blocking:mixed:near:rx	w16-p2-m2	3	control_rr_all_max_ns	36297183	28074050	36981932
network-budget/formal-expanded-v2	tap:blocking:mixed:near:rx	w16-p2-m2	3	control_rr_during_bulk_p50_ns	23095099	22752172	23999064
network-budget/formal-expanded-v2	tap:blocking:mixed:near:rx	w16-p2-m2	3	control_rr_during_bulk_p95_ns	28493805	25965303	30192855
network-budget/formal-expanded-v2	tap:blocking:mixed:near:rx	w16-p2-m2	3	control_rr_during_bulk_p99_ns	31410174	27432230	34673729
network-budget/formal-expanded-v2	tap:blocking:mixed:near:rx	w16-p2-m2	3	control_rr_during_bulk_max_ns	36297183	28074050	36981932
network-budget/formal-expanded-v2	tap:blocking:mixed:near:rx	w16-p2-m2	3	control_rr_fully_contained_p50_ns	23095099	22777849	23999064
network-budget/formal-expanded-v2	tap:blocking:mixed:near:rx	w16-p2-m2	3	control_rr_fully_contained_p95_ns	28493805	25965303	30192855
network-budget/formal-expanded-v2	tap:blocking:mixed:near:rx	w16-p2-m2	3	control_rr_fully_contained_p99_ns	31410174	27432230	34673729
network-budget/formal-expanded-v2	tap:blocking:mixed:near:rx	w16-p2-m2	3	control_rr_fully_contained_max_ns	36297183	28074050	36981932
network-budget/formal-expanded-v2	tap:blocking:mixed:near:rx	w8-p1-m1	3	receiver_bytes	113246208	113246208	113246208
network-budget/formal-expanded-v2	tap:blocking:mixed:near:rx	w8-p1-m1	3	elapsed_ns	5702413248	5637778693	6066990366
network-budget/formal-expanded-v2	tap:blocking:mixed:near:rx	w8-p1-m1	3	receiver_mbit_s	158.87478241212168	149.32769121855566	160.6962091514648
network-budget/formal-expanded-v2	tap:blocking:mixed:near:rx	w8-p1-m1	3	connection_mbit_s_min	5.885832321627641	5.5307568589332	5.95188092485076
network-budget/formal-expanded-v2	tap:blocking:mixed:near:rx	w8-p1-m1	3	connection_mbit_s_max	5.985977793314816	5.6101993109517325	6.027724553577973
network-budget/formal-expanded-v2	tap:blocking:mixed:near:rx	w8-p1-m1	3	jain_completion_rate	0.9999843691819432	0.9999727708689126	0.9999897025643063
network-budget/formal-expanded-v2	tap:blocking:mixed:near:rx	w8-p1-m1	3	completion_span_ns	84686555	70099809	95745299
network-budget/formal-expanded-v2	tap:blocking:mixed:near:rx	w8-p1-m1	3	slowest_connection_ns	5700881399	5637618162	6066878884
network-budget/formal-expanded-v2	tap:blocking:mixed:near:rx	w8-p1-m1	3	rtt_p50_ns_median	3663295	3323942	3698703
network-budget/formal-expanded-v2	tap:blocking:mixed:near:rx	w8-p1-m1	3	rtt_max_ns	32315336	30554855	39122727
network-budget/formal-expanded-v2	tap:blocking:mixed:near:rx	w8-p1-m1	3	control_completed_requests	1024	1024	1024
network-budget/formal-expanded-v2	tap:blocking:mixed:near:rx	w8-p1-m1	3	control_requests_during_bulk	383	382	383
network-budget/formal-expanded-v2	tap:blocking:mixed:near:rx	w8-p1-m1	3	control_requests_fully_contained	382	381	382
network-budget/formal-expanded-v2	tap:blocking:mixed:near:rx	w8-p1-m1	3	control_received_bytes	65536	65536	65536
network-budget/formal-expanded-v2	tap:blocking:mixed:near:rx	w8-p1-m1	3	control_rr_all_p50_ns	163979	163043	178749
network-budget/formal-expanded-v2	tap:blocking:mixed:near:rx	w8-p1-m1	3	control_rr_all_p95_ns	16855377	16773206	18041868
network-budget/formal-expanded-v2	tap:blocking:mixed:near:rx	w8-p1-m1	3	control_rr_all_p99_ns	20128565	19093930	22260749
network-budget/formal-expanded-v2	tap:blocking:mixed:near:rx	w8-p1-m1	3	control_rr_all_max_ns	26323901	21827734	33416223
network-budget/formal-expanded-v2	tap:blocking:mixed:near:rx	w8-p1-m1	3	control_rr_during_bulk_p50_ns	14806692	14452519	15476957
network-budget/formal-expanded-v2	tap:blocking:mixed:near:rx	w8-p1-m1	3	control_rr_during_bulk_p95_ns	18552298	18236992	20540381
network-budget/formal-expanded-v2	tap:blocking:mixed:near:rx	w8-p1-m1	3	control_rr_during_bulk_p99_ns	24441985	20661009	25065719
network-budget/formal-expanded-v2	tap:blocking:mixed:near:rx	w8-p1-m1	3	control_rr_during_bulk_max_ns	26323901	21827734	33416223
network-budget/formal-expanded-v2	tap:blocking:mixed:near:rx	w8-p1-m1	3	control_rr_fully_contained_p50_ns	14806692	14453666	15476957
network-budget/formal-expanded-v2	tap:blocking:mixed:near:rx	w8-p1-m1	3	control_rr_fully_contained_p95_ns	18552298	18236992	20540381
network-budget/formal-expanded-v2	tap:blocking:mixed:near:rx	w8-p1-m1	3	control_rr_fully_contained_p99_ns	24441985	20661009	25065719
network-budget/formal-expanded-v2	tap:blocking:mixed:near:rx	w8-p1-m1	3	control_rr_fully_contained_max_ns	26323901	21827734	33416223
network-budget/formal-expanded-v2	tap:blocking:mixed:near:rx	w8-p4-m2	3	receiver_bytes	113246208	113246208	113246208
network-budget/formal-expanded-v2	tap:blocking:mixed:near:rx	w8-p4-m2	3	elapsed_ns	5879525718	5589522760	6059907951
network-budget/formal-expanded-v2	tap:blocking:mixed:near:rx	w8-p4-m2	3	receiver_mbit_s	154.08890231169494	149.5022154338991	162.08354503596297
network-budget/formal-expanded-v2	tap:blocking:mixed:near:rx	w8-p4-m2	3	connection_mbit_s_min	5.706996381914627	5.5376073692374845	6.004289038884252
network-budget/formal-expanded-v2	tap:blocking:mixed:near:rx	w8-p4-m2	3	connection_mbit_s_max	5.758482176313863	5.63862791897537	6.102792957473491
network-budget/formal-expanded-v2	tap:blocking:mixed:near:rx	w8-p4-m2	3	jain_completion_rate	0.9999859274244993	0.9999766279532288	0.9999948327631921
network-budget/formal-expanded-v2	tap:blocking:mixed:near:rx	w8-p4-m2	3	completion_span_ns	90690250	52017578	108863157
network-budget/formal-expanded-v2	tap:blocking:mixed:near:rx	w8-p4-m2	3	slowest_connection_ns	5879525718	5588410515	6059373618
network-budget/formal-expanded-v2	tap:blocking:mixed:near:rx	w8-p4-m2	3	rtt_p50_ns_median	3614941	3495322	3867794
network-budget/formal-expanded-v2	tap:blocking:mixed:near:rx	w8-p4-m2	3	rtt_max_ns	34468883	30061779	35164607
network-budget/formal-expanded-v2	tap:blocking:mixed:near:rx	w8-p4-m2	3	control_completed_requests	1024	1024	1024
network-budget/formal-expanded-v2	tap:blocking:mixed:near:rx	w8-p4-m2	3	control_requests_during_bulk	382	381	382
network-budget/formal-expanded-v2	tap:blocking:mixed:near:rx	w8-p4-m2	3	control_requests_fully_contained	381	380	381
network-budget/formal-expanded-v2	tap:blocking:mixed:near:rx	w8-p4-m2	3	control_received_bytes	65536	65536	65536
network-budget/formal-expanded-v2	tap:blocking:mixed:near:rx	w8-p4-m2	3	control_rr_all_p50_ns	188287	185165	194467
network-budget/formal-expanded-v2	tap:blocking:mixed:near:rx	w8-p4-m2	3	control_rr_all_p95_ns	17472111	16159001	18531058
network-budget/formal-expanded-v2	tap:blocking:mixed:near:rx	w8-p4-m2	3	control_rr_all_p99_ns	21232691	19303970	22747142
network-budget/formal-expanded-v2	tap:blocking:mixed:near:rx	w8-p4-m2	3	control_rr_all_max_ns	27437292	23995235	31952374
network-budget/formal-expanded-v2	tap:blocking:mixed:near:rx	w8-p4-m2	3	control_rr_during_bulk_p50_ns	15284116	14425247	15433887
network-budget/formal-expanded-v2	tap:blocking:mixed:near:rx	w8-p4-m2	3	control_rr_during_bulk_p95_ns	19437520	17944331	21145668
network-budget/formal-expanded-v2	tap:blocking:mixed:near:rx	w8-p4-m2	3	control_rr_during_bulk_p99_ns	23106505	22165786	28715379
network-budget/formal-expanded-v2	tap:blocking:mixed:near:rx	w8-p4-m2	3	control_rr_during_bulk_max_ns	27437292	23995235	31952374
network-budget/formal-expanded-v2	tap:blocking:mixed:near:rx	w8-p4-m2	3	control_rr_fully_contained_p50_ns	15284116	14438340	15448852
network-budget/formal-expanded-v2	tap:blocking:mixed:near:rx	w8-p4-m2	3	control_rr_fully_contained_p95_ns	19437520	17944331	21145668
network-budget/formal-expanded-v2	tap:blocking:mixed:near:rx	w8-p4-m2	3	control_rr_fully_contained_p99_ns	23106505	22165786	28715379
network-budget/formal-expanded-v2	tap:blocking:mixed:near:rx	w8-p4-m2	3	control_rr_fully_contained_max_ns	27437292	23995235	31952374
network-budget/formal-expanded-v2	tap:nonblocking:rr:1:rx	baseline	3	receiver_bytes	65536	65536	65536
network-budget/formal-expanded-v2	tap:nonblocking:rr:1:rx	baseline	3	elapsed_ns	171919563	163830067	182562338
network-budget/formal-expanded-v2	tap:nonblocking:rr:1:rx	baseline	3	receiver_mbit_s	3.0496122189421806	2.871830004718717	3.2001940156686866
network-budget/formal-expanded-v2	tap:nonblocking:rr:1:rx	baseline	3	transactions_s	5956.273865121447	5609.0429779662445	6250.378936852904
network-budget/formal-expanded-v2	tap:nonblocking:rr:1:rx	baseline	3	connection_mbit_s_min	3.0496122189421806	2.871830004718717	3.2001940156686866
network-budget/formal-expanded-v2	tap:nonblocking:rr:1:rx	baseline	3	connection_mbit_s_max	3.0496122189421806	2.871830004718717	3.2001940156686866
network-budget/formal-expanded-v2	tap:nonblocking:rr:1:rx	baseline	3	jain_completion_rate	1.0	1.0	1.0
network-budget/formal-expanded-v2	tap:nonblocking:rr:1:rx	baseline	3	completion_span_ns	0	0	0
network-budget/formal-expanded-v2	tap:nonblocking:rr:1:rx	baseline	3	slowest_connection_ns	171919563	163830067	182562338
network-budget/formal-expanded-v2	tap:nonblocking:rr:1:rx	baseline	3	rtt_p50_ns_median	160668	141983	200825
network-budget/formal-expanded-v2	tap:nonblocking:rr:1:rx	baseline	3	rtt_max_ns	10295010	8582890	10857521
network-budget/formal-expanded-v2	tap:nonblocking:rr:1:rx	linux	3	receiver_bytes	65536	65536	65536
network-budget/formal-expanded-v2	tap:nonblocking:rr:1:rx	linux	3	elapsed_ns	64212299	63432057	70060749
network-budget/formal-expanded-v2	tap:nonblocking:rr:1:rx	linux	3	receiver_mbit_s	8.164915571703794	7.48333421328396	8.26534759861248
network-budget/formal-expanded-v2	tap:nonblocking:rr:1:rx	linux	3	transactions_s	15947.100725983973	14615.887135320234	16143.257028540002
network-budget/formal-expanded-v2	tap:nonblocking:rr:1:rx	linux	3	connection_mbit_s_min	8.164915571703794	7.48333421328396	8.26534759861248
network-budget/formal-expanded-v2	tap:nonblocking:rr:1:rx	linux	3	connection_mbit_s_max	8.164915571703794	7.48333421328396	8.26534759861248
network-budget/formal-expanded-v2	tap:nonblocking:rr:1:rx	linux	3	jain_completion_rate	1.0	1.0	1.0
network-budget/formal-expanded-v2	tap:nonblocking:rr:1:rx	linux	3	completion_span_ns	0	0	0
network-budget/formal-expanded-v2	tap:nonblocking:rr:1:rx	linux	3	slowest_connection_ns	64212299	63432057	70060749
network-budget/formal-expanded-v2	tap:nonblocking:rr:1:rx	linux	3	rtt_p50_ns_median	209322	190145	209866
network-budget/formal-expanded-v2	tap:nonblocking:rr:1:rx	linux	3	rtt_max_ns	12525087	12067143	12901600
network-budget/formal-expanded-v2	tap:nonblocking:rr:1:rx	w16-p2-m2	3	receiver_bytes	65536	65536	65536
network-budget/formal-expanded-v2	tap:nonblocking:rr:1:rx	w16-p2-m2	3	elapsed_ns	194196630	189109270	200946808
network-budget/formal-expanded-v2	tap:nonblocking:rr:1:rx	w16-p2-m2	3	receiver_mbit_s	2.6997790847348897	2.60908847081562	2.772407719621571
network-budget/formal-expanded-v2	tap:nonblocking:rr:1:rx	w16-p2-m2	3	transactions_s	5273.006024872831	5095.875919561758	5414.858827385881
network-budget/formal-expanded-v2	tap:nonblocking:rr:1:rx	w16-p2-m2	3	connection_mbit_s_min	2.6997790847348897	2.60908847081562	2.772407719621571
network-budget/formal-expanded-v2	tap:nonblocking:rr:1:rx	w16-p2-m2	3	connection_mbit_s_max	2.6997790847348897	2.60908847081562	2.772407719621571
network-budget/formal-expanded-v2	tap:nonblocking:rr:1:rx	w16-p2-m2	3	jain_completion_rate	1.0	1.0	1.0
network-budget/formal-expanded-v2	tap:nonblocking:rr:1:rx	w16-p2-m2	3	completion_span_ns	0	0	0
network-budget/formal-expanded-v2	tap:nonblocking:rr:1:rx	w16-p2-m2	3	slowest_connection_ns	194196630	189109270	200946808
network-budget/formal-expanded-v2	tap:nonblocking:rr:1:rx	w16-p2-m2	3	rtt_p50_ns_median	177369	172052	250959
network-budget/formal-expanded-v2	tap:nonblocking:rr:1:rx	w16-p2-m2	3	rtt_max_ns	11216144	9497496	11841226
network-budget/formal-expanded-v2	tap:nonblocking:rr:1:rx	w8-p1-m1	3	receiver_bytes	65536	65536	65536
network-budget/formal-expanded-v2	tap:nonblocking:rr:1:rx	w8-p1-m1	3	elapsed_ns	183494889	183205662	193458976
network-budget/formal-expanded-v2	tap:nonblocking:rr:1:rx	w8-p1-m1	3	receiver_mbit_s	2.857234895517989	2.710073271554999	2.861745615700458
network-budget/formal-expanded-v2	tap:nonblocking:rr:1:rx	w8-p1-m1	3	transactions_s	5580.536905308572	5293.1118585058575	5589.346905664957
network-budget/formal-expanded-v2	tap:nonblocking:rr:1:rx	w8-p1-m1	3	connection_mbit_s_min	2.857234895517989	2.710073271554999	2.861745615700458
network-budget/formal-expanded-v2	tap:nonblocking:rr:1:rx	w8-p1-m1	3	connection_mbit_s_max	2.857234895517989	2.710073271554999	2.861745615700458
network-budget/formal-expanded-v2	tap:nonblocking:rr:1:rx	w8-p1-m1	3	jain_completion_rate	1.0	1.0	1.0
network-budget/formal-expanded-v2	tap:nonblocking:rr:1:rx	w8-p1-m1	3	completion_span_ns	0	0	0
network-budget/formal-expanded-v2	tap:nonblocking:rr:1:rx	w8-p1-m1	3	slowest_connection_ns	183494889	183205662	193458976
network-budget/formal-expanded-v2	tap:nonblocking:rr:1:rx	w8-p1-m1	3	rtt_p50_ns_median	198812	195531	213251
network-budget/formal-expanded-v2	tap:nonblocking:rr:1:rx	w8-p1-m1	3	rtt_max_ns	11250734	8660437	14298639
network-budget/formal-expanded-v2	tap:nonblocking:rr:1:rx	w8-p4-m2	3	receiver_bytes	65536	65536	65536
network-budget/formal-expanded-v2	tap:nonblocking:rr:1:rx	w8-p4-m2	3	elapsed_ns	184431626	183673970	203580568
network-budget/formal-expanded-v2	tap:nonblocking:rr:1:rx	w8-p4-m2	3	receiver_mbit_s	2.8427228635939046	2.5753342038027913	2.854449108929262
network-budget/formal-expanded-v2	tap:nonblocking:rr:1:rx	w8-p4-m2	3	transactions_s	5552.193092956844	5029.949616802327	5575.095915877465
network-budget/formal-expanded-v2	tap:nonblocking:rr:1:rx	w8-p4-m2	3	connection_mbit_s_min	2.8427228635939046	2.5753342038027913	2.854449108929262
network-budget/formal-expanded-v2	tap:nonblocking:rr:1:rx	w8-p4-m2	3	connection_mbit_s_max	2.8427228635939046	2.5753342038027913	2.854449108929262
network-budget/formal-expanded-v2	tap:nonblocking:rr:1:rx	w8-p4-m2	3	jain_completion_rate	1.0	1.0	1.0
network-budget/formal-expanded-v2	tap:nonblocking:rr:1:rx	w8-p4-m2	3	completion_span_ns	0	0	0
network-budget/formal-expanded-v2	tap:nonblocking:rr:1:rx	w8-p4-m2	3	slowest_connection_ns	184431626	183673970	203580568
network-budget/formal-expanded-v2	tap:nonblocking:rr:1:rx	w8-p4-m2	3	rtt_p50_ns_median	210679	207292	261056
network-budget/formal-expanded-v2	tap:nonblocking:rr:1:rx	w8-p4-m2	3	rtt_max_ns	10811360	8483910	10916616
network-budget/formal-expanded-v2	tap:nonblocking:bulk:1:rx	baseline	3	receiver_bytes	4194304	4194304	4194304
network-budget/formal-expanded-v2	tap:nonblocking:bulk:1:rx	baseline	3	elapsed_ns	152244326	141170044	164459539
network-budget/formal-expanded-v2	tap:nonblocking:bulk:1:rx	baseline	3	receiver_mbit_s	220.39857170112205	204.02849359805148	237.68804662269568
network-budget/formal-expanded-v2	tap:nonblocking:bulk:1:rx	baseline	3	connection_mbit_s_min	220.39857170112205	204.02849359805148	237.68804662269568
network-budget/formal-expanded-v2	tap:nonblocking:bulk:1:rx	baseline	3	connection_mbit_s_max	220.39857170112205	204.02849359805148	237.68804662269568
network-budget/formal-expanded-v2	tap:nonblocking:bulk:1:rx	baseline	3	jain_completion_rate	1.0	1.0	1.0
network-budget/formal-expanded-v2	tap:nonblocking:bulk:1:rx	baseline	3	completion_span_ns	0	0	0
network-budget/formal-expanded-v2	tap:nonblocking:bulk:1:rx	baseline	3	slowest_connection_ns	152244326	141170044	164459539
network-budget/formal-expanded-v2	tap:nonblocking:bulk:1:rx	baseline	3	rtt_p50_ns_median	163500	154746	198631
network-budget/formal-expanded-v2	tap:nonblocking:bulk:1:rx	baseline	3	rtt_max_ns	10947620	9572646	11522802
network-budget/formal-expanded-v2	tap:nonblocking:bulk:1:rx	linux	3	receiver_bytes	4194304	4194304	4194304
network-budget/formal-expanded-v2	tap:nonblocking:bulk:1:rx	linux	3	elapsed_ns	33199530	32531402	35568855
network-budget/formal-expanded-v2	tap:nonblocking:bulk:1:rx	linux	3	receiver_mbit_s	1010.6899706110297	943.3655370688767	1031.4474611330922
network-budget/formal-expanded-v2	tap:nonblocking:bulk:1:rx	linux	3	connection_mbit_s_min	1010.6899706110297	943.3655370688767	1031.4474611330922
network-budget/formal-expanded-v2	tap:nonblocking:bulk:1:rx	linux	3	connection_mbit_s_max	1010.6899706110297	943.3655370688767	1031.4474611330922
network-budget/formal-expanded-v2	tap:nonblocking:bulk:1:rx	linux	3	jain_completion_rate	1.0	1.0	1.0
network-budget/formal-expanded-v2	tap:nonblocking:bulk:1:rx	linux	3	completion_span_ns	0	0	0
network-budget/formal-expanded-v2	tap:nonblocking:bulk:1:rx	linux	3	slowest_connection_ns	33199530	32531402	35568855
network-budget/formal-expanded-v2	tap:nonblocking:bulk:1:rx	linux	3	rtt_p50_ns_median	115934	114897	126216
network-budget/formal-expanded-v2	tap:nonblocking:bulk:1:rx	linux	3	rtt_max_ns	12366595	9813568	13990145
network-budget/formal-expanded-v2	tap:nonblocking:bulk:1:rx	w16-p2-m2	3	receiver_bytes	4194304	4194304	4194304
network-budget/formal-expanded-v2	tap:nonblocking:bulk:1:rx	w16-p2-m2	3	elapsed_ns	144216327	143222314	155681847
network-budget/formal-expanded-v2	tap:nonblocking:bulk:1:rx	w16-p2-m2	3	receiver_mbit_s	232.66735950084208	215.53207805917154	234.2821524305214
network-budget/formal-expanded-v2	tap:nonblocking:bulk:1:rx	w16-p2-m2	3	connection_mbit_s_min	232.66735950084208	215.53207805917154	234.2821524305214
network-budget/formal-expanded-v2	tap:nonblocking:bulk:1:rx	w16-p2-m2	3	connection_mbit_s_max	232.66735950084208	215.53207805917154	234.2821524305214
network-budget/formal-expanded-v2	tap:nonblocking:bulk:1:rx	w16-p2-m2	3	jain_completion_rate	1.0	1.0	1.0
network-budget/formal-expanded-v2	tap:nonblocking:bulk:1:rx	w16-p2-m2	3	completion_span_ns	0	0	0
network-budget/formal-expanded-v2	tap:nonblocking:bulk:1:rx	w16-p2-m2	3	slowest_connection_ns	144216327	143222314	155681847
network-budget/formal-expanded-v2	tap:nonblocking:bulk:1:rx	w16-p2-m2	3	rtt_p50_ns_median	252126	216961	361985
network-budget/formal-expanded-v2	tap:nonblocking:bulk:1:rx	w16-p2-m2	3	rtt_max_ns	11388379	10348361	12420145
network-budget/formal-expanded-v2	tap:nonblocking:bulk:1:rx	w8-p1-m1	3	receiver_bytes	4194304	4194304	4194304
network-budget/formal-expanded-v2	tap:nonblocking:bulk:1:rx	w8-p1-m1	3	elapsed_ns	175045878	174094893	199316972
network-budget/formal-expanded-v2	tap:nonblocking:bulk:1:rx	w8-p1-m1	3	receiver_mbit_s	191.68935814643976	168.34708887710778	192.73645206812586
network-budget/formal-expanded-v2	tap:nonblocking:bulk:1:rx	w8-p1-m1	3	connection_mbit_s_min	191.68935814643976	168.34708887710778	192.73645206812586
network-budget/formal-expanded-v2	tap:nonblocking:bulk:1:rx	w8-p1-m1	3	connection_mbit_s_max	191.68935814643976	168.34708887710778	192.73645206812586
network-budget/formal-expanded-v2	tap:nonblocking:bulk:1:rx	w8-p1-m1	3	jain_completion_rate	1.0	1.0	1.0
network-budget/formal-expanded-v2	tap:nonblocking:bulk:1:rx	w8-p1-m1	3	completion_span_ns	0	0	0
network-budget/formal-expanded-v2	tap:nonblocking:bulk:1:rx	w8-p1-m1	3	slowest_connection_ns	175045878	174094893	199316972
network-budget/formal-expanded-v2	tap:nonblocking:bulk:1:rx	w8-p1-m1	3	rtt_p50_ns_median	218732	176505	246039
network-budget/formal-expanded-v2	tap:nonblocking:bulk:1:rx	w8-p1-m1	3	rtt_max_ns	11321793	10956651	13571108
network-budget/formal-expanded-v2	tap:nonblocking:bulk:1:rx	w8-p4-m2	3	receiver_bytes	4194304	4194304	4194304
network-budget/formal-expanded-v2	tap:nonblocking:bulk:1:rx	w8-p4-m2	3	elapsed_ns	174482025	169292794	180435016
network-budget/formal-expanded-v2	tap:nonblocking:bulk:1:rx	w8-p4-m2	3	receiver_mbit_s	192.30881805733284	185.96408138429183	198.2035455094444
network-budget/formal-expanded-v2	tap:nonblocking:bulk:1:rx	w8-p4-m2	3	connection_mbit_s_min	192.30881805733284	185.96408138429183	198.2035455094444
network-budget/formal-expanded-v2	tap:nonblocking:bulk:1:rx	w8-p4-m2	3	connection_mbit_s_max	192.30881805733284	185.96408138429183	198.2035455094444
network-budget/formal-expanded-v2	tap:nonblocking:bulk:1:rx	w8-p4-m2	3	jain_completion_rate	1.0	1.0	1.0
network-budget/formal-expanded-v2	tap:nonblocking:bulk:1:rx	w8-p4-m2	3	completion_span_ns	0	0	0
network-budget/formal-expanded-v2	tap:nonblocking:bulk:1:rx	w8-p4-m2	3	slowest_connection_ns	174482025	169292794	180435016
network-budget/formal-expanded-v2	tap:nonblocking:bulk:1:rx	w8-p4-m2	3	rtt_p50_ns_median	225126	166600	228228
network-budget/formal-expanded-v2	tap:nonblocking:bulk:1:rx	w8-p4-m2	3	rtt_max_ns	9480151	9273529	10627874
network-budget/formal-expanded-v2	tap:nonblocking:bulk:1:tx	baseline	3	receiver_bytes	4194304	4194304	4194304
network-budget/formal-expanded-v2	tap:nonblocking:bulk:1:tx	baseline	3	elapsed_ns	133599902	133039904	158348018
network-budget/formal-expanded-v2	tap:nonblocking:bulk:1:tx	baseline	3	receiver_mbit_s	251.1561123749926	211.90307541455934	252.21329083340288
network-budget/formal-expanded-v2	tap:nonblocking:bulk:1:tx	baseline	3	connection_mbit_s_min	251.1561123749926	211.90307541455934	252.21329083340288
network-budget/formal-expanded-v2	tap:nonblocking:bulk:1:tx	baseline	3	connection_mbit_s_max	251.1561123749926	211.90307541455934	252.21329083340288
network-budget/formal-expanded-v2	tap:nonblocking:bulk:1:tx	baseline	3	jain_completion_rate	1.0	1.0	1.0
network-budget/formal-expanded-v2	tap:nonblocking:bulk:1:tx	baseline	3	completion_span_ns	0	0	0
network-budget/formal-expanded-v2	tap:nonblocking:bulk:1:tx	baseline	3	slowest_connection_ns	133599902	133039904	158348018
network-budget/formal-expanded-v2	tap:nonblocking:bulk:1:tx	baseline	3	rtt_p50_ns_median	170462	152531	197808
network-budget/formal-expanded-v2	tap:nonblocking:bulk:1:tx	baseline	3	rtt_max_ns	10075049	9625667	10901869
network-budget/formal-expanded-v2	tap:nonblocking:bulk:1:tx	linux	3	receiver_bytes	4194304	4194304	4194304
network-budget/formal-expanded-v2	tap:nonblocking:bulk:1:tx	linux	3	elapsed_ns	39238995	36112488	42788712
network-budget/formal-expanded-v2	tap:nonblocking:bulk:1:tx	linux	3	receiver_mbit_s	855.1297503924349	784.1888767299189	929.164227067379
network-budget/formal-expanded-v2	tap:nonblocking:bulk:1:tx	linux	3	connection_mbit_s_min	855.1297503924349	784.1888767299189	929.164227067379
network-budget/formal-expanded-v2	tap:nonblocking:bulk:1:tx	linux	3	connection_mbit_s_max	855.1297503924349	784.1888767299189	929.164227067379
network-budget/formal-expanded-v2	tap:nonblocking:bulk:1:tx	linux	3	jain_completion_rate	1.0	1.0	1.0
network-budget/formal-expanded-v2	tap:nonblocking:bulk:1:tx	linux	3	completion_span_ns	0	0	0
network-budget/formal-expanded-v2	tap:nonblocking:bulk:1:tx	linux	3	slowest_connection_ns	39238995	36112488	42788712
network-budget/formal-expanded-v2	tap:nonblocking:bulk:1:tx	linux	3	rtt_p50_ns_median	66170	58064	75443
network-budget/formal-expanded-v2	tap:nonblocking:bulk:1:tx	linux	3	rtt_max_ns	13173067	12286695	15840660
network-budget/formal-expanded-v2	tap:nonblocking:bulk:1:tx	w16-p2-m2	3	receiver_bytes	4194304	4194304	4194304
network-budget/formal-expanded-v2	tap:nonblocking:bulk:1:tx	w16-p2-m2	3	elapsed_ns	136000621	127434638	136551195
network-budget/formal-expanded-v2	tap:nonblocking:bulk:1:tx	w16-p2-m2	3	receiver_mbit_s	246.72263812677738	245.72785320553217	263.30699821189904
network-budget/formal-expanded-v2	tap:nonblocking:bulk:1:tx	w16-p2-m2	3	connection_mbit_s_min	246.72263812677738	245.72785320553217	263.30699821189904
network-budget/formal-expanded-v2	tap:nonblocking:bulk:1:tx	w16-p2-m2	3	connection_mbit_s_max	246.72263812677738	245.72785320553217	263.30699821189904
network-budget/formal-expanded-v2	tap:nonblocking:bulk:1:tx	w16-p2-m2	3	jain_completion_rate	1.0	1.0	1.0
network-budget/formal-expanded-v2	tap:nonblocking:bulk:1:tx	w16-p2-m2	3	completion_span_ns	0	0	0
network-budget/formal-expanded-v2	tap:nonblocking:bulk:1:tx	w16-p2-m2	3	slowest_connection_ns	136000621	127434638	136551195
network-budget/formal-expanded-v2	tap:nonblocking:bulk:1:tx	w16-p2-m2	3	rtt_p50_ns_median	198492	182193	211299
network-budget/formal-expanded-v2	tap:nonblocking:bulk:1:tx	w16-p2-m2	3	rtt_max_ns	11658576	10093537	12466933
network-budget/formal-expanded-v2	tap:nonblocking:bulk:1:tx	w8-p1-m1	3	receiver_bytes	4194304	4194304	4194304
network-budget/formal-expanded-v2	tap:nonblocking:bulk:1:tx	w8-p1-m1	3	elapsed_ns	163878565	155495396	165496609
network-budget/formal-expanded-v2	tap:nonblocking:bulk:1:tx	w8-p1-m1	3	receiver_mbit_s	204.75180509421716	202.74996691926177	215.79051768195117
network-budget/formal-expanded-v2	tap:nonblocking:bulk:1:tx	w8-p1-m1	3	connection_mbit_s_min	204.75180509421716	202.74996691926177	215.79051768195117
network-budget/formal-expanded-v2	tap:nonblocking:bulk:1:tx	w8-p1-m1	3	connection_mbit_s_max	204.75180509421716	202.74996691926177	215.79051768195117
network-budget/formal-expanded-v2	tap:nonblocking:bulk:1:tx	w8-p1-m1	3	jain_completion_rate	1.0	1.0	1.0
network-budget/formal-expanded-v2	tap:nonblocking:bulk:1:tx	w8-p1-m1	3	completion_span_ns	0	0	0
network-budget/formal-expanded-v2	tap:nonblocking:bulk:1:tx	w8-p1-m1	3	slowest_connection_ns	163878565	155495396	165496609
network-budget/formal-expanded-v2	tap:nonblocking:bulk:1:tx	w8-p1-m1	3	rtt_p50_ns_median	185080	181496	193811
network-budget/formal-expanded-v2	tap:nonblocking:bulk:1:tx	w8-p1-m1	3	rtt_max_ns	10991799	10094275	11360581
network-budget/formal-expanded-v2	tap:nonblocking:bulk:1:tx	w8-p4-m2	3	receiver_bytes	4194304	4194304	4194304
network-budget/formal-expanded-v2	tap:nonblocking:bulk:1:tx	w8-p4-m2	3	elapsed_ns	146077207	143961746	146993435
network-budget/formal-expanded-v2	tap:nonblocking:bulk:1:tx	w8-p4-m2	3	receiver_mbit_s	229.70340608990423	228.27163675711097	233.0788069213887
network-budget/formal-expanded-v2	tap:nonblocking:bulk:1:tx	w8-p4-m2	3	connection_mbit_s_min	229.70340608990423	228.27163675711097	233.0788069213887
network-budget/formal-expanded-v2	tap:nonblocking:bulk:1:tx	w8-p4-m2	3	connection_mbit_s_max	229.70340608990423	228.27163675711097	233.0788069213887
network-budget/formal-expanded-v2	tap:nonblocking:bulk:1:tx	w8-p4-m2	3	jain_completion_rate	1.0	1.0	1.0
network-budget/formal-expanded-v2	tap:nonblocking:bulk:1:tx	w8-p4-m2	3	completion_span_ns	0	0	0
network-budget/formal-expanded-v2	tap:nonblocking:bulk:1:tx	w8-p4-m2	3	slowest_connection_ns	146077207	143961746	146993435
network-budget/formal-expanded-v2	tap:nonblocking:bulk:1:tx	w8-p4-m2	3	rtt_p50_ns_median	209693	172528	408437
network-budget/formal-expanded-v2	tap:nonblocking:bulk:1:tx	w8-p4-m2	3	rtt_max_ns	11608012	9925765	12545084
network-budget/formal-expanded-v2	tap:nonblocking:rr:5:rx	baseline	3	receiver_bytes	327680	327680	327680
network-budget/formal-expanded-v2	tap:nonblocking:rr:5:rx	baseline	3	elapsed_ns	670976342	667062187	706627442
network-budget/formal-expanded-v2	tap:nonblocking:rr:5:rx	baseline	3	receiver_mbit_s	3.9069037697904405	3.709790823549703	3.9298285093770424
network-budget/formal-expanded-v2	tap:nonblocking:rr:5:rx	baseline	3	transactions_s	7630.671425371955	7245.685202245514	7675.446307377037
network-budget/formal-expanded-v2	tap:nonblocking:rr:5:rx	baseline	3	connection_mbit_s_min	0.7814167900717656	0.7420501854407882	0.7861144545688781
network-budget/formal-expanded-v2	tap:nonblocking:rr:5:rx	baseline	3	connection_mbit_s_max	0.7917096871997139	0.7490137143678499	0.7950484806199206
network-budget/formal-expanded-v2	tap:nonblocking:rr:5:rx	baseline	3	jain_completion_rate	0.9999836488628913	0.9999770276637768	0.999989287455466
network-budget/formal-expanded-v2	tap:nonblocking:rr:5:rx	baseline	3	completion_span_ns	7601709	6492010	8753802
network-budget/formal-expanded-v2	tap:nonblocking:rr:5:rx	baseline	3	slowest_connection_ns	670945399	666935962	706539814
network-budget/formal-expanded-v2	tap:nonblocking:rr:5:rx	baseline	3	rtt_p50_ns_median	612096	605125	1193434
network-budget/formal-expanded-v2	tap:nonblocking:rr:5:rx	baseline	3	rtt_max_ns	15933938	14147667	17347518
network-budget/formal-expanded-v2	tap:nonblocking:rr:5:rx	linux	3	receiver_bytes	327680	327680	327680
network-budget/formal-expanded-v2	tap:nonblocking:rr:5:rx	linux	3	elapsed_ns	425595792	418441906	467718295
network-budget/formal-expanded-v2	tap:nonblocking:rr:5:rx	linux	3	receiver_mbit_s	6.159459396158692	5.604741204318296	6.264764504729122
network-budget/formal-expanded-v2	tap:nonblocking:rr:5:rx	linux	3	transactions_s	12030.194133122444	10946.760164684172	12235.868173299068
network-budget/formal-expanded-v2	tap:nonblocking:rr:5:rx	linux	3	connection_mbit_s_min	1.2320795966358724	1.120948240863659	1.253297085835666
network-budget/formal-expanded-v2	tap:nonblocking:rr:5:rx	linux	3	connection_mbit_s_max	1.3497439454218711	1.315933002793918	1.502153142135929
network-budget/formal-expanded-v2	tap:nonblocking:rr:5:rx	linux	3	jain_completion_rate	0.9964172793614551	0.9951188841417697	0.9989798106155403
network-budget/formal-expanded-v2	tap:nonblocking:rr:5:rx	linux	3	completion_span_ns	69260777	37059534	69266237
network-budget/formal-expanded-v2	tap:nonblocking:rr:5:rx	linux	3	slowest_connection_ns	425530949	418326992	467718295
network-budget/formal-expanded-v2	tap:nonblocking:rr:5:rx	linux	3	rtt_p50_ns_median	173769	74490	533817
network-budget/formal-expanded-v2	tap:nonblocking:rr:5:rx	linux	3	rtt_max_ns	18717254	17947931	20763017
network-budget/formal-expanded-v2	tap:nonblocking:rr:5:rx	w16-p2-m2	3	receiver_bytes	327680	327680	327680
network-budget/formal-expanded-v2	tap:nonblocking:rr:5:rx	w16-p2-m2	3	elapsed_ns	759817602	736419572	786385036
network-budget/formal-expanded-v2	tap:nonblocking:rr:5:rx	w16-p2-m2	3	receiver_mbit_s	3.4500911706965165	3.3335324046018595	3.55970984432228
network-budget/formal-expanded-v2	tap:nonblocking:rr:5:rx	w16-p2-m2	3	transactions_s	6738.459317766634	6510.8054777380075	6952.558289691953
network-budget/formal-expanded-v2	tap:nonblocking:rr:5:rx	w16-p2-m2	3	connection_mbit_s_min	0.6900182341393033	0.6667973295456784	0.7119419688644559
network-budget/formal-expanded-v2	tap:nonblocking:rr:5:rx	w16-p2-m2	3	connection_mbit_s_max	0.6969928621524762	0.6766312751587361	0.7189426863722246
network-budget/formal-expanded-v2	tap:nonblocking:rr:5:rx	w16-p2-m2	3	jain_completion_rate	0.9999844422928706	0.9999769007376291	0.9999878579081612
network-budget/formal-expanded-v2	tap:nonblocking:rr:5:rx	w16-p2-m2	3	completion_span_ns	7535390	7142503	11510679
network-budget/formal-expanded-v2	tap:nonblocking:rr:5:rx	w16-p2-m2	3	slowest_connection_ns	759817602	736419572	786277894
network-budget/formal-expanded-v2	tap:nonblocking:rr:5:rx	w16-p2-m2	3	rtt_p50_ns_median	717226	700325	803237
network-budget/formal-expanded-v2	tap:nonblocking:rr:5:rx	w16-p2-m2	3	rtt_max_ns	16362871	15722036	17175064
network-budget/formal-expanded-v2	tap:nonblocking:rr:5:rx	w8-p1-m1	3	receiver_bytes	327680	327680	327680
network-budget/formal-expanded-v2	tap:nonblocking:rr:5:rx	w8-p1-m1	3	elapsed_ns	776297494	755917243	900368425
network-budget/formal-expanded-v2	tap:nonblocking:rr:5:rx	w8-p1-m1	3	receiver_mbit_s	3.3768497518813323	2.9115192483565826	3.467892847100989
network-budget/formal-expanded-v2	tap:nonblocking:rr:5:rx	w8-p1-m1	3	transactions_s	6595.409671643227	5686.56103194645	6773.228216994119
network-budget/formal-expanded-v2	tap:nonblocking:rr:5:rx	w8-p1-m1	3	connection_mbit_s_min	0.6753805826740191	0.5824305579884996	0.6935785694201978
network-budget/formal-expanded-v2	tap:nonblocking:rr:5:rx	w8-p1-m1	3	connection_mbit_s_max	0.6833838326180417	0.5883416272324555	0.7012090123151518
network-budget/formal-expanded-v2	tap:nonblocking:rr:5:rx	w8-p1-m1	3	jain_completion_rate	0.9999841962508259	0.9999806725796025	0.9999868058485923
network-budget/formal-expanded-v2	tap:nonblocking:rr:5:rx	w8-p1-m1	3	completion_span_ns	8967087	8176410	9129138
network-budget/formal-expanded-v2	tap:nonblocking:rr:5:rx	w8-p1-m1	3	slowest_connection_ns	776285273	755917243	900172549
network-budget/formal-expanded-v2	tap:nonblocking:rr:5:rx	w8-p1-m1	3	rtt_p50_ns_median	728214	716514	746530
network-budget/formal-expanded-v2	tap:nonblocking:rr:5:rx	w8-p1-m1	3	rtt_max_ns	15596146	15345478	16248159
network-budget/formal-expanded-v2	tap:nonblocking:rr:5:rx	w8-p4-m2	3	receiver_bytes	327680	327680	327680
network-budget/formal-expanded-v2	tap:nonblocking:rr:5:rx	w8-p4-m2	3	elapsed_ns	772019517	713672378	876463498
network-budget/formal-expanded-v2	tap:nonblocking:rr:5:rx	w8-p4-m2	3	receiver_mbit_s	3.395561824896196	2.990928893196189	3.6731700438600976
network-budget/formal-expanded-v2	tap:nonblocking:rr:5:rx	w8-p4-m2	3	transactions_s	6631.9566892503835	5841.657994523806	7174.160241914253
network-budget/formal-expanded-v2	tap:nonblocking:rr:5:rx	w8-p4-m2	3	connection_mbit_s_min	0.6792540632970734	0.5982479171053643	0.7346897637638505
network-budget/formal-expanded-v2	tap:nonblocking:rr:5:rx	w8-p4-m2	3	connection_mbit_s_max	0.6842196394477746	0.603288559667527	0.7430995732777403
network-budget/formal-expanded-v2	tap:nonblocking:rr:5:rx	w8-p4-m2	3	jain_completion_rate	0.9999912457431209	0.9999841252479037	0.9999927995529103
network-budget/formal-expanded-v2	tap:nonblocking:rr:5:rx	w8-p4-m2	3	completion_span_ns	7413370	5691088	8130323
network-budget/formal-expanded-v2	tap:nonblocking:rr:5:rx	w8-p4-m2	3	slowest_connection_ns	771858467	713618218	876372462
network-budget/formal-expanded-v2	tap:nonblocking:rr:5:rx	w8-p4-m2	3	rtt_p50_ns_median	758617	748395	758762
network-budget/formal-expanded-v2	tap:nonblocking:rr:5:rx	w8-p4-m2	3	rtt_max_ns	17114838	14319282	17221965
network-budget/formal-expanded-v2	tap:nonblocking:bulk:5:rx	baseline	3	receiver_bytes	20971520	20971520	20971520
network-budget/formal-expanded-v2	tap:nonblocking:bulk:5:rx	baseline	3	elapsed_ns	1007267076	1006428232	1007617653
network-budget/formal-expanded-v2	tap:nonblocking:bulk:5:rx	baseline	3	receiver_mbit_s	166.5617431538088	166.50379189019628	166.7005700611149
network-budget/formal-expanded-v2	tap:nonblocking:bulk:5:rx	baseline	3	connection_mbit_s_min	33.32712107134788	33.31362049660583	33.34011401222298
network-budget/formal-expanded-v2	tap:nonblocking:bulk:5:rx	baseline	3	connection_mbit_s_max	34.74358979960969	34.552950986577024	35.162831459676525
network-budget/formal-expanded-v2	tap:nonblocking:bulk:5:rx	baseline	3	jain_completion_rate	0.9997659257089749	0.9995918258171688	0.9998107918793172
network-budget/formal-expanded-v2	tap:nonblocking:bulk:5:rx	baseline	3	completion_span_ns	40447549	36267549	52979935
network-budget/formal-expanded-v2	tap:nonblocking:bulk:5:rx	baseline	3	slowest_connection_ns	1006820599	1006428232	1007228620
network-budget/formal-expanded-v2	tap:nonblocking:bulk:5:rx	baseline	3	rtt_p50_ns_median	656201	577804	760523
network-budget/formal-expanded-v2	tap:nonblocking:bulk:5:rx	baseline	3	rtt_max_ns	16034272	15245714	17738476
network-budget/formal-expanded-v2	tap:nonblocking:bulk:5:rx	linux	3	receiver_bytes	20971520	20971520	20971520
network-budget/formal-expanded-v2	tap:nonblocking:bulk:5:rx	linux	3	elapsed_ns	160672672	158145875	188734238
network-budget/formal-expanded-v2	tap:nonblocking:bulk:5:rx	linux	3	receiver_mbit_s	1044.1860330797263	888.933358238901	1060.8696559426542
network-budget/formal-expanded-v2	tap:nonblocking:bulk:5:rx	linux	3	connection_mbit_s_min	209.39173295962232	177.821361721964	212.3450052983048
network-budget/formal-expanded-v2	tap:nonblocking:bulk:5:rx	linux	3	connection_mbit_s_max	226.5307931479942	217.16477145802241	229.14432434694504
network-budget/formal-expanded-v2	tap:nonblocking:bulk:5:rx	linux	3	jain_completion_rate	0.9993110563722668	0.9943020760976161	0.99931779498758
network-budget/formal-expanded-v2	tap:nonblocking:bulk:5:rx	linux	3	completion_span_ns	12445785	11300176	34029089
network-budget/formal-expanded-v2	tap:nonblocking:bulk:5:rx	linux	3	slowest_connection_ns	160247167	158018466	188697419
network-budget/formal-expanded-v2	tap:nonblocking:bulk:5:rx	linux	3	rtt_p50_ns_median	163135	148097	710833
network-budget/formal-expanded-v2	tap:nonblocking:bulk:5:rx	linux	3	rtt_max_ns	19523521	18079885	20217235
network-budget/formal-expanded-v2	tap:nonblocking:bulk:5:rx	w16-p2-m2	3	receiver_bytes	20971520	20971520	20971520
network-budget/formal-expanded-v2	tap:nonblocking:bulk:5:rx	w16-p2-m2	3	elapsed_ns	945377079	892159270	958953436
network-budget/formal-expanded-v2	tap:nonblocking:bulk:5:rx	w16-p2-m2	3	receiver_mbit_s	177.46586386192678	174.9533957559124	188.0518037995615
network-budget/formal-expanded-v2	tap:nonblocking:bulk:5:rx	w16-p2-m2	3	connection_mbit_s_min	35.49317277238536	35.0084995252306	37.62447914471495
network-budget/formal-expanded-v2	tap:nonblocking:bulk:5:rx	w16-p2-m2	3	connection_mbit_s_max	36.058244411504276	35.45577715936394	38.18523403066623
network-budget/formal-expanded-v2	tap:nonblocking:bulk:5:rx	w16-p2-m2	3	jain_completion_rate	0.9999704210996294	0.999970232503258	0.9999788703211654
network-budget/formal-expanded-v2	tap:nonblocking:bulk:5:rx	w16-p2-m2	3	completion_span_ns	12951543	12415837	14618848
network-budget/formal-expanded-v2	tap:nonblocking:bulk:5:rx	w16-p2-m2	3	slowest_connection_ns	945377079	891824492	958465300
network-budget/formal-expanded-v2	tap:nonblocking:bulk:5:rx	w16-p2-m2	3	rtt_p50_ns_median	771842	738473	776546
network-budget/formal-expanded-v2	tap:nonblocking:bulk:5:rx	w16-p2-m2	3	rtt_max_ns	15936336	14938435	18324071
network-budget/formal-expanded-v2	tap:nonblocking:bulk:5:rx	w8-p1-m1	3	receiver_bytes	20971520	20971520	20971520
network-budget/formal-expanded-v2	tap:nonblocking:bulk:5:rx	w8-p1-m1	3	elapsed_ns	1298573874	1091738058	1349993931
network-budget/formal-expanded-v2	tap:nonblocking:bulk:5:rx	w8-p1-m1	3	receiver_mbit_s	129.1972396481465	124.2762327647827	153.67437158630224
network-budget/formal-expanded-v2	tap:nonblocking:bulk:5:rx	w8-p1-m1	3	connection_mbit_s_min	25.841986349906218	24.85524655295654	30.739884346728036
network-budget/formal-expanded-v2	tap:nonblocking:bulk:5:rx	w8-p1-m1	3	connection_mbit_s_max	26.381402771054795	25.17752301931806	31.3804288101057
network-budget/formal-expanded-v2	tap:nonblocking:bulk:5:rx	w8-p1-m1	3	jain_completion_rate	0.9999488660529332	0.9999457054750335	0.9999758399158691
network-budget/formal-expanded-v2	tap:nonblocking:bulk:5:rx	w8-p1-m1	3	completion_span_ns	22057789	17253586	26469233
network-budget/formal-expanded-v2	tap:nonblocking:bulk:5:rx	w8-p1-m1	3	slowest_connection_ns	1298446317	1091560125	1349993931
network-budget/formal-expanded-v2	tap:nonblocking:bulk:5:rx	w8-p1-m1	3	rtt_p50_ns_median	739472	736218	795551
network-budget/formal-expanded-v2	tap:nonblocking:bulk:5:rx	w8-p1-m1	3	rtt_max_ns	18388859	15633246	18891656
network-budget/formal-expanded-v2	tap:nonblocking:bulk:5:rx	w8-p4-m2	3	receiver_bytes	20971520	20971520	20971520
network-budget/formal-expanded-v2	tap:nonblocking:bulk:5:rx	w8-p4-m2	3	elapsed_ns	1155208061	1092577547	1206145571
network-budget/formal-expanded-v2	tap:nonblocking:bulk:5:rx	w8-p4-m2	3	receiver_mbit_s	145.2311195394264	139.0977706454638	153.55629489244848
network-budget/formal-expanded-v2	tap:nonblocking:bulk:5:rx	w8-p4-m2	3	connection_mbit_s_min	29.058577540633294	27.82974179245428	30.715830294166892
network-budget/formal-expanded-v2	tap:nonblocking:bulk:5:rx	w8-p4-m2	3	connection_mbit_s_max	29.365545216295164	28.528060763983703	31.179523518842306
network-budget/formal-expanded-v2	tap:nonblocking:bulk:5:rx	w8-p4-m2	3	jain_completion_rate	0.9999728124285605	0.9999142942077359	0.9999858955066033
network-budget/formal-expanded-v2	tap:nonblocking:bulk:5:rx	w8-p4-m2	3	completion_span_ns	16045729	12514812	29650897
network-budget/formal-expanded-v2	tap:nonblocking:bulk:5:rx	w8-p4-m2	3	slowest_connection_ns	1154716949	1092414943	1205704036
network-budget/formal-expanded-v2	tap:nonblocking:bulk:5:rx	w8-p4-m2	3	rtt_p50_ns_median	706739	672917	707006
network-budget/formal-expanded-v2	tap:nonblocking:bulk:5:rx	w8-p4-m2	3	rtt_max_ns	16510577	15961338	18025909
network-budget/formal-expanded-v2	tap:nonblocking:bulk:5:tx	baseline	3	receiver_bytes	20971520	20971520	20971520
network-budget/formal-expanded-v2	tap:nonblocking:bulk:5:tx	baseline	3	elapsed_ns	783959365	769932672	847199880
network-budget/formal-expanded-v2	tap:nonblocking:bulk:5:tx	baseline	3	receiver_mbit_s	214.00619405828516	198.03137838027078	217.90497546258175
network-budget/formal-expanded-v2	tap:nonblocking:bulk:5:tx	baseline	3	connection_mbit_s_min	42.82156153614561	39.614598577208426	43.580995092516346
network-budget/formal-expanded-v2	tap:nonblocking:bulk:5:tx	baseline	3	connection_mbit_s_max	43.150342016904865	39.99736674478863	44.036121207378834
network-budget/formal-expanded-v2	tap:nonblocking:bulk:5:tx	baseline	3	jain_completion_rate	0.9999874243501973	0.9999797811693375	0.9999922903068963
network-budget/formal-expanded-v2	tap:nonblocking:bulk:5:tx	baseline	3	completion_span_ns	7818273	6299229	7960084
network-budget/formal-expanded-v2	tap:nonblocking:bulk:5:tx	baseline	3	slowest_connection_ns	783587305	769932672	847021886
network-budget/formal-expanded-v2	tap:nonblocking:bulk:5:tx	baseline	3	rtt_p50_ns_median	642512	605891	1005223
network-budget/formal-expanded-v2	tap:nonblocking:bulk:5:tx	baseline	3	rtt_max_ns	15515797	14607191	16757622
network-budget/formal-expanded-v2	tap:nonblocking:bulk:5:tx	linux	3	receiver_bytes	20971520	20971520	20971520
network-budget/formal-expanded-v2	tap:nonblocking:bulk:5:tx	linux	3	elapsed_ns	174312222	163399005	176090494
network-budget/formal-expanded-v2	tap:nonblocking:bulk:5:tx	linux	3	receiver_mbit_s	962.4807605286564	952.7610275203158	1026.7636574653561
network-budget/formal-expanded-v2	tap:nonblocking:bulk:5:tx	linux	3	connection_mbit_s_min	192.8532075620612	190.77809094039236	205.4437119273693
network-budget/formal-expanded-v2	tap:nonblocking:bulk:5:tx	linux	3	connection_mbit_s_max	222.66830222748385	217.66411245350866	233.05394608474654
network-budget/formal-expanded-v2	tap:nonblocking:bulk:5:tx	linux	3	jain_completion_rate	0.9977464164713746	0.996621127140583	0.998059132637669
network-budget/formal-expanded-v2	tap:nonblocking:bulk:5:tx	linux	3	completion_span_ns	19699403	19421902	25357921
network-budget/formal-expanded-v2	tap:nonblocking:bulk:5:tx	linux	3	slowest_connection_ns	173989494	163326644	175881999
network-budget/formal-expanded-v2	tap:nonblocking:bulk:5:tx	linux	3	rtt_p50_ns_median	93023	89815	116259
network-budget/formal-expanded-v2	tap:nonblocking:bulk:5:tx	linux	3	rtt_max_ns	21000320	19574335	23286476
network-budget/formal-expanded-v2	tap:nonblocking:bulk:5:tx	w16-p2-m2	3	receiver_bytes	20971520	20971520	20971520
network-budget/formal-expanded-v2	tap:nonblocking:bulk:5:tx	w16-p2-m2	3	elapsed_ns	799671604	772479761	801142177
network-budget/formal-expanded-v2	tap:nonblocking:bulk:5:tx	w16-p2-m2	3	receiver_mbit_s	209.80132239383605	209.41621202399884	217.18647978920964
network-budget/formal-expanded-v2	tap:nonblocking:bulk:5:tx	w16-p2-m2	3	connection_mbit_s_min	41.98209941060489	41.90174562018258	43.45281968047945
network-budget/formal-expanded-v2	tap:nonblocking:bulk:5:tx	w16-p2-m2	3	connection_mbit_s_max	42.42194671220485	42.36560700920689	43.954574280317104
network-budget/formal-expanded-v2	tap:nonblocking:bulk:5:tx	w16-p2-m2	3	jain_completion_rate	0.9999760970176789	0.9999755241217586	0.9999788809594102
network-budget/formal-expanded-v2	tap:nonblocking:bulk:5:tx	w16-p2-m2	3	completion_span_ns	9090909	8702905	9121612
network-budget/formal-expanded-v2	tap:nonblocking:bulk:5:tx	w16-p2-m2	3	slowest_connection_ns	799255694	772203789	800788404
network-budget/formal-expanded-v2	tap:nonblocking:bulk:5:tx	w16-p2-m2	3	rtt_p50_ns_median	731538	728673	1062812
network-budget/formal-expanded-v2	tap:nonblocking:bulk:5:tx	w16-p2-m2	3	rtt_max_ns	17519165	15748630	18555823
network-budget/formal-expanded-v2	tap:nonblocking:bulk:5:tx	w8-p1-m1	3	receiver_bytes	20971520	20971520	20971520
network-budget/formal-expanded-v2	tap:nonblocking:bulk:5:tx	w8-p1-m1	3	elapsed_ns	948300658	869859388	966882106
network-budget/formal-expanded-v2	tap:nonblocking:bulk:5:tx	w8-p1-m1	3	receiver_mbit_s	176.91874257879087	173.51873507523575	192.87273588636603
network-budget/formal-expanded-v2	tap:nonblocking:bulk:5:tx	w8-p1-m1	3	connection_mbit_s_min	35.39542660962752	34.71201777574227	38.57823642940022
network-budget/formal-expanded-v2	tap:nonblocking:bulk:5:tx	w8-p1-m1	3	connection_mbit_s_max	35.69371666907159	34.977915385550816	38.853405580762825
network-budget/formal-expanded-v2	tap:nonblocking:bulk:5:tx	w8-p1-m1	3	jain_completion_rate	0.9999896399138513	0.9999886738363544	0.9999911484990723
network-budget/formal-expanded-v2	tap:nonblocking:bulk:5:tx	w8-p1-m1	3	completion_span_ns	7578739	6224612	7811988
network-budget/formal-expanded-v2	tap:nonblocking:bulk:5:tx	w8-p1-m1	3	slowest_connection_ns	947987783	869776203	966651729
network-budget/formal-expanded-v2	tap:nonblocking:bulk:5:tx	w8-p1-m1	3	rtt_p50_ns_median	767612	681658	808398
network-budget/formal-expanded-v2	tap:nonblocking:bulk:5:tx	w8-p1-m1	3	rtt_max_ns	16831385	15926881	19412193
network-budget/formal-expanded-v2	tap:nonblocking:bulk:5:tx	w8-p4-m2	3	receiver_bytes	20971520	20971520	20971520
network-budget/formal-expanded-v2	tap:nonblocking:bulk:5:tx	w8-p4-m2	3	elapsed_ns	870037779	828088910	891427737
network-budget/formal-expanded-v2	tap:nonblocking:bulk:5:tx	w8-p4-m2	3	receiver_mbit_s	192.8331896033678	188.20612488973967	202.6016264364656
network-budget/formal-expanded-v2	tap:nonblocking:bulk:5:tx	w8-p4-m2	3	connection_mbit_s_min	38.57570703029726	37.652990474408675	40.53624560799167
network-budget/formal-expanded-v2	tap:nonblocking:bulk:5:tx	w8-p4-m2	3	connection_mbit_s_max	39.03929199584795	37.93071386740677	40.932302442036764
network-budget/formal-expanded-v2	tap:nonblocking:bulk:5:tx	w8-p4-m2	3	jain_completion_rate	0.999986981339842	0.9999808776331098	0.999993073708514
network-budget/formal-expanded-v2	tap:nonblocking:bulk:5:tx	w8-p4-m2	3	completion_span_ns	8138607	6599652	10533667
network-budget/formal-expanded-v2	tap:nonblocking:bulk:5:tx	w8-p4-m2	3	slowest_connection_ns	869833234	827763684	891149191
network-budget/formal-expanded-v2	tap:nonblocking:bulk:5:tx	w8-p4-m2	3	rtt_p50_ns_median	844586	748518	1278758
network-budget/formal-expanded-v2	tap:nonblocking:bulk:5:tx	w8-p4-m2	3	rtt_max_ns	16302892	15094999	17279338
network-budget/formal-expanded-v2	tap:nonblocking:mixed:near:tx	baseline	3	receiver_bytes	113246208	113246208	113246208
network-budget/formal-expanded-v2	tap:nonblocking:mixed:near:tx	baseline	3	elapsed_ns	5339784890	5088413005	5345018394
network-budget/formal-expanded-v2	tap:nonblocking:mixed:near:tx	baseline	3	receiver_mbit_s	169.66407498860877	169.4979506556961	178.04562308715347
network-budget/formal-expanded-v2	tap:nonblocking:mixed:near:tx	baseline	3	connection_mbit_s_min	6.285718944961732	6.279287287926448	6.595583549424908
network-budget/formal-expanded-v2	tap:nonblocking:mixed:near:tx	baseline	3	connection_mbit_s_max	9.052915316595723	8.785025357645033	10.809930005170749
network-budget/formal-expanded-v2	tap:nonblocking:mixed:near:tx	baseline	3	jain_completion_rate	0.9915178684618404	0.9791029478449111	0.9922558305851862
network-budget/formal-expanded-v2	tap:nonblocking:mixed:near:tx	baseline	3	completion_span_ns	1525213877	1381332030	2234660446
network-budget/formal-expanded-v2	tap:nonblocking:mixed:near:tx	baseline	3	slowest_connection_ns	5338201134	5087409135	5343668869
network-budget/formal-expanded-v2	tap:nonblocking:mixed:near:tx	baseline	3	rtt_p50_ns_median	3613280	3533536	5001810
network-budget/formal-expanded-v2	tap:nonblocking:mixed:near:tx	baseline	3	rtt_max_ns	31647735	29613174	32724919
network-budget/formal-expanded-v2	tap:nonblocking:mixed:near:tx	baseline	3	control_completed_requests	1024	1024	1024
network-budget/formal-expanded-v2	tap:nonblocking:mixed:near:tx	baseline	3	control_requests_during_bulk	253	248	278
network-budget/formal-expanded-v2	tap:nonblocking:mixed:near:tx	baseline	3	control_requests_fully_contained	252	247	277
network-budget/formal-expanded-v2	tap:nonblocking:mixed:near:tx	baseline	3	control_received_bytes	65536	65536	65536
network-budget/formal-expanded-v2	tap:nonblocking:mixed:near:tx	baseline	3	control_rr_all_p50_ns	155423	149423	158262
network-budget/formal-expanded-v2	tap:nonblocking:mixed:near:tx	baseline	3	control_rr_all_p95_ns	7279852	7233005	8069047
network-budget/formal-expanded-v2	tap:nonblocking:mixed:near:tx	baseline	3	control_rr_all_p99_ns	257900132	257608580	257901571
network-budget/formal-expanded-v2	tap:nonblocking:mixed:near:tx	baseline	3	control_rr_all_max_ns	509048160	508635916	509889189
network-budget/formal-expanded-v2	tap:nonblocking:mixed:near:tx	baseline	3	control_rr_during_bulk_p50_ns	5281082	2874070	6066617
network-budget/formal-expanded-v2	tap:nonblocking:mixed:near:tx	baseline	3	control_rr_during_bulk_p95_ns	257172475	256625682	257726482
network-budget/formal-expanded-v2	tap:nonblocking:mixed:near:tx	baseline	3	control_rr_during_bulk_p99_ns	263788435	260295871	269338299
network-budget/formal-expanded-v2	tap:nonblocking:mixed:near:tx	baseline	3	control_rr_during_bulk_max_ns	509048160	508635916	509889189
network-budget/formal-expanded-v2	tap:nonblocking:mixed:near:tx	baseline	3	control_rr_fully_contained_p50_ns	5322170	3054432	6066617
network-budget/formal-expanded-v2	tap:nonblocking:mixed:near:tx	baseline	3	control_rr_fully_contained_p95_ns	257172475	256625682	257726482
network-budget/formal-expanded-v2	tap:nonblocking:mixed:near:tx	baseline	3	control_rr_fully_contained_p99_ns	263788435	260295871	269338299
network-budget/formal-expanded-v2	tap:nonblocking:mixed:near:tx	baseline	3	control_rr_fully_contained_max_ns	509048160	508635916	509889189
network-budget/formal-expanded-v2	tap:nonblocking:mixed:near:tx	linux	3	receiver_bytes	113246208	113246208	113246208
network-budget/formal-expanded-v2	tap:nonblocking:mixed:near:tx	linux	3	elapsed_ns	1078687691	1056936926	1121508582
network-budget/formal-expanded-v2	tap:nonblocking:mixed:near:tx	linux	3	receiver_mbit_s	839.8813405946245	807.8134028937818	857.1653063808275
network-budget/formal-expanded-v2	tap:nonblocking:mixed:near:tx	linux	3	connection_mbit_s_min	31.14692333475398	29.930164096349614	31.770490522568746
network-budget/formal-expanded-v2	tap:nonblocking:mixed:near:tx	linux	3	connection_mbit_s_max	38.89321191755431	36.298352410393925	38.91035934555316
network-budget/formal-expanded-v2	tap:nonblocking:mixed:near:tx	linux	3	jain_completion_rate	0.9964536692402438	0.9956562115887545	0.9984881694106156
network-budget/formal-expanded-v2	tap:nonblocking:mixed:near:tx	linux	3	completion_span_ns	191967669	152333406	257324610
network-budget/formal-expanded-v2	tap:nonblocking:mixed:near:tx	linux	3	slowest_connection_ns	1077295232	1056150895	1121090813
network-budget/formal-expanded-v2	tap:nonblocking:mixed:near:tx	linux	3	rtt_p50_ns_median	105557	50352	533414
network-budget/formal-expanded-v2	tap:nonblocking:mixed:near:tx	linux	3	rtt_max_ns	64031555	61689638	80645850
network-budget/formal-expanded-v2	tap:nonblocking:mixed:near:tx	linux	3	control_completed_requests	1024	1024	1024
network-budget/formal-expanded-v2	tap:nonblocking:mixed:near:tx	linux	3	control_requests_during_bulk	502	295	672
network-budget/formal-expanded-v2	tap:nonblocking:mixed:near:tx	linux	3	control_requests_fully_contained	501	294	671
network-budget/formal-expanded-v2	tap:nonblocking:mixed:near:tx	linux	3	control_received_bytes	65536	65536	65536
network-budget/formal-expanded-v2	tap:nonblocking:mixed:near:tx	linux	3	control_rr_all_p50_ns	51590	47533	58387
network-budget/formal-expanded-v2	tap:nonblocking:mixed:near:tx	linux	3	control_rr_all_p95_ns	3527977	101140	4094353
network-budget/formal-expanded-v2	tap:nonblocking:mixed:near:tx	linux	3	control_rr_all_p99_ns	31365670	24461247	33505698
network-budget/formal-expanded-v2	tap:nonblocking:mixed:near:tx	linux	3	control_rr_all_max_ns	100395955	91740643	124701959
network-budget/formal-expanded-v2	tap:nonblocking:mixed:near:tx	linux	3	control_rr_during_bulk_p50_ns	44494	42953	89574
network-budget/formal-expanded-v2	tap:nonblocking:mixed:near:tx	linux	3	control_rr_during_bulk_p95_ns	4820936	797938	15978842
network-budget/formal-expanded-v2	tap:nonblocking:mixed:near:tx	linux	3	control_rr_during_bulk_p99_ns	76517071	58872908	76561993
network-budget/formal-expanded-v2	tap:nonblocking:mixed:near:tx	linux	3	control_rr_during_bulk_max_ns	100395955	91740643	124701959
network-budget/formal-expanded-v2	tap:nonblocking:mixed:near:tx	linux	3	control_rr_fully_contained_p50_ns	44494	42953	87966
network-budget/formal-expanded-v2	tap:nonblocking:mixed:near:tx	linux	3	control_rr_fully_contained_p95_ns	4820936	791661	15978842
network-budget/formal-expanded-v2	tap:nonblocking:mixed:near:tx	linux	3	control_rr_fully_contained_p99_ns	76517071	58872908	76561993
network-budget/formal-expanded-v2	tap:nonblocking:mixed:near:tx	linux	3	control_rr_fully_contained_max_ns	100395955	91740643	124701959
network-budget/formal-expanded-v2	tap:nonblocking:mixed:near:tx	w16-p2-m2	3	receiver_bytes	113246208	113246208	113246208
network-budget/formal-expanded-v2	tap:nonblocking:mixed:near:tx	w16-p2-m2	3	elapsed_ns	12650252562	11950636019	13294539049
network-budget/formal-expanded-v2	tap:nonblocking:mixed:near:tx	w16-p2-m2	3	receiver_mbit_s	71.61672540210269	68.14600044881932	75.80932617808983
network-budget/formal-expanded-v2	tap:nonblocking:mixed:near:tx	w16-p2-m2	3	connection_mbit_s_min	2.6527494763006585	2.5240694261095395	2.808119768146848
network-budget/formal-expanded-v2	tap:nonblocking:mixed:near:tx	w16-p2-m2	3	connection_mbit_s_max	2.798548879794285	2.6454033523732425	2.9100476086973783
network-budget/formal-expanded-v2	tap:nonblocking:mixed:near:tx	w16-p2-m2	3	jain_completion_rate	0.9998606525218576	0.999815282446642	0.9999209511484728
network-budget/formal-expanded-v2	tap:nonblocking:mixed:near:tx	w16-p2-m2	3	completion_span_ns	609613826	418830312	659853673
network-budget/formal-expanded-v2	tap:nonblocking:mixed:near:tx	w16-p2-m2	3	slowest_connection_ns	12648926067	11949074388	13293783306
network-budget/formal-expanded-v2	tap:nonblocking:mixed:near:tx	w16-p2-m2	3	rtt_p50_ns_median	4053188	3898277	4374926
network-budget/formal-expanded-v2	tap:nonblocking:mixed:near:tx	w16-p2-m2	3	rtt_max_ns	33856447	31892337	35248107
network-budget/formal-expanded-v2	tap:nonblocking:mixed:near:tx	w16-p2-m2	3	control_completed_requests	1024	1024	1024
network-budget/formal-expanded-v2	tap:nonblocking:mixed:near:tx	w16-p2-m2	3	control_requests_during_bulk	294	290	766
network-budget/formal-expanded-v2	tap:nonblocking:mixed:near:tx	w16-p2-m2	3	control_requests_fully_contained	293	289	765
network-budget/formal-expanded-v2	tap:nonblocking:mixed:near:tx	w16-p2-m2	3	control_received_bytes	65536	65536	65536
network-budget/formal-expanded-v2	tap:nonblocking:mixed:near:tx	w16-p2-m2	3	control_rr_all_p50_ns	168660	164168	190457
network-budget/formal-expanded-v2	tap:nonblocking:mixed:near:tx	w16-p2-m2	3	control_rr_all_p95_ns	53367828	50899542	56400195
network-budget/formal-expanded-v2	tap:nonblocking:mixed:near:tx	w16-p2-m2	3	control_rr_all_p99_ns	66656028	65966581	70345879
network-budget/formal-expanded-v2	tap:nonblocking:mixed:near:tx	w16-p2-m2	3	control_rr_all_max_ns	87437210	83123712	89561781
network-budget/formal-expanded-v2	tap:nonblocking:mixed:near:tx	w16-p2-m2	3	control_rr_during_bulk_p50_ns	39434262	170177	43088924
network-budget/formal-expanded-v2	tap:nonblocking:mixed:near:tx	w16-p2-m2	3	control_rr_during_bulk_p95_ns	63784253	56918291	65041254
network-budget/formal-expanded-v2	tap:nonblocking:mixed:near:tx	w16-p2-m2	3	control_rr_during_bulk_p99_ns	75358688	67478997	79019570
network-budget/formal-expanded-v2	tap:nonblocking:mixed:near:tx	w16-p2-m2	3	control_rr_during_bulk_max_ns	87437210	83123712	89561781
network-budget/formal-expanded-v2	tap:nonblocking:mixed:near:tx	w16-p2-m2	3	control_rr_fully_contained_p50_ns	39528144	170177	43105391
network-budget/formal-expanded-v2	tap:nonblocking:mixed:near:tx	w16-p2-m2	3	control_rr_fully_contained_p95_ns	63784253	56918291	65041254
network-budget/formal-expanded-v2	tap:nonblocking:mixed:near:tx	w16-p2-m2	3	control_rr_fully_contained_p99_ns	75358688	67478997	79019570
network-budget/formal-expanded-v2	tap:nonblocking:mixed:near:tx	w16-p2-m2	3	control_rr_fully_contained_max_ns	87437210	83123712	89561781
network-budget/formal-expanded-v2	tap:nonblocking:mixed:near:tx	w8-p1-m1	3	receiver_bytes	113246208	113246208	113246208
network-budget/formal-expanded-v2	tap:nonblocking:mixed:near:tx	w8-p1-m1	3	elapsed_ns	12406872517	12216615594	13140175512
network-budget/formal-expanded-v2	tap:nonblocking:mixed:near:tx	w8-p1-m1	3	receiver_mbit_s	73.02159853408929	68.94654208938393	74.15880912590495
network-budget/formal-expanded-v2	tap:nonblocking:mixed:near:tx	w8-p1-m1	3	connection_mbit_s_min	2.7045987647634693	2.553713428232373	2.74705292094998
network-budget/formal-expanded-v2	tap:nonblocking:mixed:near:tx	w8-p1-m1	3	connection_mbit_s_max	2.8261654340227103	2.678101290754727	2.839824322052527
network-budget/formal-expanded-v2	tap:nonblocking:mixed:near:tx	w8-p1-m1	3	jain_completion_rate	0.9999150568910964	0.999898685642251	0.9999254769850121
network-budget/formal-expanded-v2	tap:nonblocking:mixed:near:tx	w8-p1-m1	3	completion_span_ns	532498119	399664568	609159666
network-budget/formal-expanded-v2	tap:nonblocking:mixed:near:tx	w8-p1-m1	3	slowest_connection_ns	12406436192	12214701706	13139466484
network-budget/formal-expanded-v2	tap:nonblocking:mixed:near:tx	w8-p1-m1	3	rtt_p50_ns_median	4243798	3985180	5021342
network-budget/formal-expanded-v2	tap:nonblocking:mixed:near:tx	w8-p1-m1	3	rtt_max_ns	32811701	32486933	33249609
network-budget/formal-expanded-v2	tap:nonblocking:mixed:near:tx	w8-p1-m1	3	control_completed_requests	1024	1024	1024
network-budget/formal-expanded-v2	tap:nonblocking:mixed:near:tx	w8-p1-m1	3	control_requests_during_bulk	1023	518	1024
network-budget/formal-expanded-v2	tap:nonblocking:mixed:near:tx	w8-p1-m1	3	control_requests_fully_contained	1023	517	1024
network-budget/formal-expanded-v2	tap:nonblocking:mixed:near:tx	w8-p1-m1	3	control_received_bytes	65536	65536	65536
network-budget/formal-expanded-v2	tap:nonblocking:mixed:near:tx	w8-p1-m1	3	control_rr_all_p50_ns	8865459	2096784	12197219
network-budget/formal-expanded-v2	tap:nonblocking:mixed:near:tx	w8-p1-m1	3	control_rr_all_p95_ns	32151958	31300439	35112987
network-budget/formal-expanded-v2	tap:nonblocking:mixed:near:tx	w8-p1-m1	3	control_rr_all_p99_ns	40636791	40510113	43259031
network-budget/formal-expanded-v2	tap:nonblocking:mixed:near:tx	w8-p1-m1	3	control_rr_all_max_ns	65300995	54809524	65857631
network-budget/formal-expanded-v2	tap:nonblocking:mixed:near:tx	w8-p1-m1	3	control_rr_during_bulk_p50_ns	12202765	8865459	23473884
network-budget/formal-expanded-v2	tap:nonblocking:mixed:near:tx	w8-p1-m1	3	control_rr_during_bulk_p95_ns	35112987	32151958	35337790
network-budget/formal-expanded-v2	tap:nonblocking:mixed:near:tx	w8-p1-m1	3	control_rr_during_bulk_p99_ns	43259031	40636791	44214451
network-budget/formal-expanded-v2	tap:nonblocking:mixed:near:tx	w8-p1-m1	3	control_rr_during_bulk_max_ns	65300995	54809524	65857631
network-budget/formal-expanded-v2	tap:nonblocking:mixed:near:tx	w8-p1-m1	3	control_rr_fully_contained_p50_ns	12202765	8865459	23487486
network-budget/formal-expanded-v2	tap:nonblocking:mixed:near:tx	w8-p1-m1	3	control_rr_fully_contained_p95_ns	35112987	32151958	35337790
network-budget/formal-expanded-v2	tap:nonblocking:mixed:near:tx	w8-p1-m1	3	control_rr_fully_contained_p99_ns	43259031	40636791	44214451
network-budget/formal-expanded-v2	tap:nonblocking:mixed:near:tx	w8-p1-m1	3	control_rr_fully_contained_max_ns	65300995	54809524	65857631
network-budget/formal-expanded-v2	tap:nonblocking:mixed:near:tx	w8-p4-m2	3	receiver_bytes	113246208	113246208	113246208
network-budget/formal-expanded-v2	tap:nonblocking:mixed:near:tx	w8-p4-m2	3	elapsed_ns	5390631726	5347147421	5448347753
network-budget/formal-expanded-v2	tap:nonblocking:mixed:near:tx	w8-p4-m2	3	receiver_mbit_s	168.06372797279826	166.28337710292993	169.43046313665494
network-budget/formal-expanded-v2	tap:nonblocking:mixed:near:tx	w8-p4-m2	3	connection_mbit_s_min	6.225430724856791	6.160452655934681	6.276095622722724
network-budget/formal-expanded-v2	tap:nonblocking:mixed:near:tx	w8-p4-m2	3	connection_mbit_s_max	6.263828881221572	6.21684836012004	6.330588396062611
network-budget/formal-expanded-v2	tap:nonblocking:mixed:near:tx	w8-p4-m2	3	jain_completion_rate	0.9999935170346651	0.9999932450455065	0.9999964513156314
network-budget/formal-expanded-v2	tap:nonblocking:mixed:near:tx	w8-p4-m2	3	completion_span_ns	46536785	33146602	49544544
network-budget/formal-expanded-v2	tap:nonblocking:mixed:near:tx	w8-p4-m2	3	slowest_connection_ns	5389897259	5346386355	5446747808
network-budget/formal-expanded-v2	tap:nonblocking:mixed:near:tx	w8-p4-m2	3	rtt_p50_ns_median	4423851	4004704	4463226
network-budget/formal-expanded-v2	tap:nonblocking:mixed:near:tx	w8-p4-m2	3	rtt_max_ns	33293323	32156497	34615128
network-budget/formal-expanded-v2	tap:nonblocking:mixed:near:tx	w8-p4-m2	3	control_completed_requests	1024	1024	1024
network-budget/formal-expanded-v2	tap:nonblocking:mixed:near:tx	w8-p4-m2	3	control_requests_during_bulk	373	373	373
network-budget/formal-expanded-v2	tap:nonblocking:mixed:near:tx	w8-p4-m2	3	control_requests_fully_contained	372	372	372
network-budget/formal-expanded-v2	tap:nonblocking:mixed:near:tx	w8-p4-m2	3	control_received_bytes	65536	65536	65536
network-budget/formal-expanded-v2	tap:nonblocking:mixed:near:tx	w8-p4-m2	3	control_rr_all_p50_ns	174135	170625	175350
network-budget/formal-expanded-v2	tap:nonblocking:mixed:near:tx	w8-p4-m2	3	control_rr_all_p95_ns	16486491	16113576	17775002
network-budget/formal-expanded-v2	tap:nonblocking:mixed:near:tx	w8-p4-m2	3	control_rr_all_p99_ns	20212957	18837438	22028667
network-budget/formal-expanded-v2	tap:nonblocking:mixed:near:tx	w8-p4-m2	3	control_rr_all_max_ns	25426703	21760240	29990023
network-budget/formal-expanded-v2	tap:nonblocking:mixed:near:tx	w8-p4-m2	3	control_rr_during_bulk_p50_ns	13905247	13824384	14210217
network-budget/formal-expanded-v2	tap:nonblocking:mixed:near:tx	w8-p4-m2	3	control_rr_during_bulk_p95_ns	18584835	18449184	20512872
network-budget/formal-expanded-v2	tap:nonblocking:mixed:near:tx	w8-p4-m2	3	control_rr_during_bulk_p99_ns	23150335	20690580	24081738
network-budget/formal-expanded-v2	tap:nonblocking:mixed:near:tx	w8-p4-m2	3	control_rr_during_bulk_max_ns	25426703	21760240	29990023
network-budget/formal-expanded-v2	tap:nonblocking:mixed:near:tx	w8-p4-m2	3	control_rr_fully_contained_p50_ns	13905247	13824384	14210217
network-budget/formal-expanded-v2	tap:nonblocking:mixed:near:tx	w8-p4-m2	3	control_rr_fully_contained_p95_ns	18584835	18449184	20512872
network-budget/formal-expanded-v2	tap:nonblocking:mixed:near:tx	w8-p4-m2	3	control_rr_fully_contained_p99_ns	23150335	20690580	24081738
network-budget/formal-expanded-v2	tap:nonblocking:mixed:near:tx	w8-p4-m2	3	control_rr_fully_contained_max_ns	25426703	21760240	29990023
network-budget/formal-expanded-v2	loopback:blocking:rr:near:rx	baseline	3	receiver_bytes	917504	917504	917504
network-budget/formal-expanded-v2	loopback:blocking:rr:near:rx	baseline	3	elapsed_ns	1904039900	1870139300	2005119700
network-budget/formal-expanded-v2	loopback:blocking:rr:near:rx	baseline	3	receiver_mbit_s	3.854978039063152	3.660645297136126	3.9248584316687
network-budget/formal-expanded-v2	loopback:blocking:rr:near:rx	baseline	3	transactions_s	7529.253982545219	7149.697845968996	7665.739124352929
network-budget/formal-expanded-v2	loopback:blocking:rr:near:rx	baseline	3	connection_mbit_s_min	0.275453442048954	0.2615210307526441	0.28043346388613083
network-budget/formal-expanded-v2	loopback:blocking:rr:near:rx	baseline	3	connection_mbit_s_max	0.2781794602611307	0.2641198009953056	0.2832237641575283
network-budget/formal-expanded-v2	loopback:blocking:rr:near:rx	baseline	3	jain_completion_rate	0.999993022909992	0.9999923508885213	0.9999935256317992
network-budget/formal-expanded-v2	loopback:blocking:rr:near:rx	baseline	3	completion_span_ns	18514000	18191300	20081100
network-budget/formal-expanded-v2	loopback:blocking:rr:near:rx	baseline	3	slowest_connection_ns	1903363400	1869562900	2004764200
network-budget/formal-expanded-v2	loopback:blocking:rr:near:rx	baseline	3	rtt_p50_ns_median	1878400.0	1869950.0	1955850.0
network-budget/formal-expanded-v2	loopback:blocking:rr:near:rx	baseline	3	rtt_max_ns	3594100	3393800	4250900
network-budget/formal-expanded-v2	loopback:blocking:rr:near:rx	linux	3	receiver_bytes	917504	917504	917504
network-budget/formal-expanded-v2	loopback:blocking:rr:near:rx	linux	3	elapsed_ns	2550681600	2437995300	2643669500
network-budget/formal-expanded-v2	loopback:blocking:rr:near:rx	linux	3	receiver_mbit_s	2.877674736039183	2.7764559828677524	3.010683408618548
network-budget/formal-expanded-v2	loopback:blocking:rr:near:rx	linux	3	transactions_s	5620.458468826529	5422.765591538579	5880.241032458102
network-budget/formal-expanded-v2	loopback:blocking:rr:near:rx	linux	3	connection_mbit_s_min	0.20564628265145823	0.19839042388410494	0.21525708845540328
network-budget/formal-expanded-v2	loopback:blocking:rr:near:rx	linux	3	connection_mbit_s_max	0.2119578925477853	0.20331311401539212	0.22163847211123489
network-budget/formal-expanded-v2	loopback:blocking:rr:near:rx	linux	3	jain_completion_rate	0.9999402326246757	0.9999139696089712	0.9999455603812892
network-budget/formal-expanded-v2	loopback:blocking:rr:near:rx	linux	3	completion_span_ns	69875900	64651200	75804000
network-budget/formal-expanded-v2	loopback:blocking:rr:near:rx	linux	3	slowest_connection_ns	2549465000	2435636400	2642708200
network-budget/formal-expanded-v2	loopback:blocking:rr:near:rx	linux	3	rtt_p50_ns_median	2566450.0	1853350.0	2689900.0
network-budget/formal-expanded-v2	loopback:blocking:rr:near:rx	linux	3	rtt_max_ns	11099700	9071600	14097200
network-budget/formal-expanded-v2	loopback:blocking:rr:near:rx	w16-p2-m2	3	receiver_bytes	917504	917504	917504
network-budget/formal-expanded-v2	loopback:blocking:rr:near:rx	w16-p2-m2	3	elapsed_ns	2301319100	2276828400	2309621700
network-budget/formal-expanded-v2	loopback:blocking:rr:near:rx	w16-p2-m2	3	receiver_mbit_s	3.189489019580118	3.178023483239701	3.2237967516568222
network-budget/formal-expanded-v2	loopback:blocking:rr:near:rx	w16-p2-m2	3	transactions_s	6229.470741367419	6207.077115702541	6296.478030579731
network-budget/formal-expanded-v2	loopback:blocking:rr:near:rx	w16-p2-m2	3	connection_mbit_s_min	0.22785374331894762	0.22714310941296004	0.2303587536352744
network-budget/formal-expanded-v2	loopback:blocking:rr:near:rx	w16-p2-m2	3	connection_mbit_s_max	0.23020455655629285	0.228870478040307	0.2322228107283636
network-budget/formal-expanded-v2	loopback:blocking:rr:near:rx	w16-p2-m2	3	jain_completion_rate	0.9999945656978901	0.99999253026727	0.9999949692255368
network-budget/formal-expanded-v2	loopback:blocking:rr:near:rx	w16-p2-m2	3	completion_span_ns	18200100	17738800	23044100
network-budget/formal-expanded-v2	loopback:blocking:rr:near:rx	w16-p2-m2	3	slowest_connection_ns	2300984800	2275963000	2308183600
network-budget/formal-expanded-v2	loopback:blocking:rr:near:rx	w16-p2-m2	3	rtt_p50_ns_median	2303150.0	2235950.0	2363300.0
network-budget/formal-expanded-v2	loopback:blocking:rr:near:rx	w16-p2-m2	3	rtt_max_ns	4084000	3965900	4481200
network-budget/formal-expanded-v2	loopback:blocking:rr:near:rx	w8-p1-m1	3	receiver_bytes	917504	917504	917504
network-budget/formal-expanded-v2	loopback:blocking:rr:near:rx	w8-p1-m1	3	elapsed_ns	2273327600	2252251300	2355764100
network-budget/formal-expanded-v2	loopback:blocking:rr:near:rx	w8-p1-m1	3	receiver_mbit_s	3.2287612220957507	3.1157754717460886	3.258975585894878
network-budget/formal-expanded-v2	loopback:blocking:rr:near:rx	w8-p1-m1	3	transactions_s	6306.174261905763	6085.498968254079	6365.186691200933
network-budget/formal-expanded-v2	loopback:blocking:rr:near:rx	w8-p1-m1	3	connection_mbit_s_min	0.23073719514586133	0.22269503347276834	0.232882003632385
network-budget/formal-expanded-v2	loopback:blocking:rr:near:rx	w8-p1-m1	3	connection_mbit_s_max	0.23244577478570208	0.22428486121249128	0.23527143756427146
network-budget/formal-expanded-v2	loopback:blocking:rr:near:rx	w8-p1-m1	3	jain_completion_rate	0.9999959719843121	0.99999148447014	0.9999959802205595
network-budget/formal-expanded-v2	loopback:blocking:rr:near:rx	w8-p1-m1	3	completion_span_ns	17952300	16150800	22754600
network-budget/formal-expanded-v2	loopback:blocking:rr:near:rx	w8-p1-m1	3	slowest_connection_ns	2272230100	2251303200	2354286900
network-budget/formal-expanded-v2	loopback:blocking:rr:near:rx	w8-p1-m1	3	rtt_p50_ns_median	2288350.0	2272950.0	2325200.0
network-budget/formal-expanded-v2	loopback:blocking:rr:near:rx	w8-p1-m1	3	rtt_max_ns	4010600	3947600	4398100
network-budget/formal-expanded-v2	loopback:blocking:rr:near:rx	w8-p4-m2	3	receiver_bytes	917504	917504	917504
network-budget/formal-expanded-v2	loopback:blocking:rr:near:rx	w8-p4-m2	3	elapsed_ns	2299875100	2280285100	2350089700
network-budget/formal-expanded-v2	loopback:blocking:rr:near:rx	w8-p4-m2	3	receiver_mbit_s	3.1914915727380153	3.1232986553662188	3.218909775799526
network-budget/formal-expanded-v2	loopback:blocking:rr:near:rx	w8-p4-m2	3	transactions_s	6233.381978003936	6100.192686262146	6286.933155858449
network-budget/formal-expanded-v2	loopback:blocking:rr:near:rx	w8-p4-m2	3	connection_mbit_s_min	0.22801605099256664	0.22315073059595505	0.2300496673812864
network-budget/formal-expanded-v2	loopback:blocking:rr:near:rx	w8-p4-m2	3	connection_mbit_s_max	0.22984264953134348	0.22504453133564647	0.23199140439562754
network-budget/formal-expanded-v2	loopback:blocking:rr:near:rx	w8-p4-m2	3	jain_completion_rate	0.9999949810589481	0.9999947064082781	0.9999950002285884
network-budget/formal-expanded-v2	loopback:blocking:rr:near:rx	w8-p4-m2	3	completion_span_ns	19494900	17621900	20176400
network-budget/formal-expanded-v2	loopback:blocking:rr:near:rx	w8-p4-m2	3	slowest_connection_ns	2299346900	2279020900	2349479200
network-budget/formal-expanded-v2	loopback:blocking:rr:near:rx	w8-p4-m2	3	rtt_p50_ns_median	2379550.0	2365250.0	2388200.0
network-budget/formal-expanded-v2	loopback:blocking:rr:near:rx	w8-p4-m2	3	rtt_max_ns	3924900	3916400	4578100
network-budget/formal-expanded-v2	tap:nonblocking:rr:near:rx	baseline	3	receiver_bytes	1835008	1835008	1835008
network-budget/formal-expanded-v2	tap:nonblocking:rr:near:rx	baseline	3	elapsed_ns	4114494486	3831138922	4513785614
network-budget/formal-expanded-v2	tap:nonblocking:rr:near:rx	baseline	3	receiver_mbit_s	3.5678900652195455	3.2522732037756015	3.8317754325485147
network-budget/formal-expanded-v2	tap:nonblocking:rr:near:rx	baseline	3	transactions_s	6968.535283631924	6352.096101124222	7483.9363916963175
network-budget/formal-expanded-v2	tap:nonblocking:rr:near:rx	baseline	3	connection_mbit_s_min	0.1274404603689596	0.1161609862836281	0.13685734809453798
network-budget/formal-expanded-v2	tap:nonblocking:rr:near:rx	baseline	3	connection_mbit_s_max	0.1279168139095763	0.11660704248798918	0.13740917980323555
network-budget/formal-expanded-v2	tap:nonblocking:rr:near:rx	baseline	3	jain_completion_rate	0.9999990192584028	0.9999988566502772	0.9999991630386735
network-budget/formal-expanded-v2	tap:nonblocking:rr:near:rx	baseline	3	completion_span_ns	15830800	15297088	17508417
network-budget/formal-expanded-v2	tap:nonblocking:rr:near:rx	baseline	3	slowest_connection_ns	4113983883	3830908660	4513460300
network-budget/formal-expanded-v2	tap:nonblocking:rr:near:rx	baseline	3	rtt_p50_ns_median	3681918.0	3507713.5	5285953.0
network-budget/formal-expanded-v2	tap:nonblocking:rr:near:rx	baseline	3	rtt_max_ns	30355226	30111063	30563651
network-budget/formal-expanded-v2	tap:nonblocking:rr:near:rx	linux	3	receiver_bytes	1835008	1835008	1835008
network-budget/formal-expanded-v2	tap:nonblocking:rr:near:rx	linux	3	elapsed_ns	2388254355	2375340897	2683882399
network-budget/formal-expanded-v2	tap:nonblocking:rr:near:rx	linux	3	receiver_mbit_s	6.146775769199843	5.46971208778362	6.180192501438668
network-budget/formal-expanded-v2	tap:nonblocking:rr:near:rx	linux	3	transactions_s	12005.421424218443	10683.031421452382	12070.688479372398
network-budget/formal-expanded-v2	tap:nonblocking:rr:near:rx	linux	3	connection_mbit_s_min	0.2195597309534803	0.19537534556268016	0.22074821354966806
network-budget/formal-expanded-v2	tap:nonblocking:rr:near:rx	linux	3	connection_mbit_s_max	0.26033587454156953	0.2566070729440815	0.2752817736471547
network-budget/formal-expanded-v2	tap:nonblocking:rr:near:rx	linux	3	jain_completion_rate	0.9970089343275353	0.9959359750279752	0.9975962383699096
network-budget/formal-expanded-v2	tap:nonblocking:rr:near:rx	linux	3	completion_span_ns	470532689	373979448	640591669
network-budget/formal-expanded-v2	tap:nonblocking:rr:near:rx	linux	3	slowest_connection_ns	2387906005	2375049798	2683491095
network-budget/formal-expanded-v2	tap:nonblocking:rr:near:rx	linux	3	rtt_p50_ns_median	91203.0	81362.5	129013.5
network-budget/formal-expanded-v2	tap:nonblocking:rr:near:rx	linux	3	rtt_max_ns	75299061	68167677	87318161
network-budget/formal-expanded-v2	tap:nonblocking:rr:near:rx	w16-p2-m2	3	receiver_bytes	1835008	1835008	1835008
network-budget/formal-expanded-v2	tap:nonblocking:rr:near:rx	w16-p2-m2	3	elapsed_ns	4223985824	4188375918	4330066580
network-budget/formal-expanded-v2	tap:nonblocking:rr:near:rx	w16-p2-m2	3	receiver_mbit_s	3.475405603065774	3.3902628813619766	3.504953778602067
network-budget/formal-expanded-v2	tap:nonblocking:rr:near:rx	w16-p2-m2	3	transactions_s	6787.9015684878395	6621.607190160111	6845.612848832162
network-budget/formal-expanded-v2	tap:nonblocking:rr:near:rx	w16-p2-m2	3	connection_mbit_s_min	0.12412980493643054	0.12108243010770717	0.12518872091391708
network-budget/formal-expanded-v2	tap:nonblocking:rr:near:rx	w16-p2-m2	3	connection_mbit_s_max	0.12470371750416437	0.12154492305611707	0.1257645510105812
network-budget/formal-expanded-v2	tap:nonblocking:rr:near:rx	w16-p2-m2	3	jain_completion_rate	0.9999989504281411	0.9999984464742979	0.9999990610528711
network-budget/formal-expanded-v2	tap:nonblocking:rr:near:rx	w16-p2-m2	3	completion_span_ns	19149920	16457902	19617532
network-budget/formal-expanded-v2	tap:nonblocking:rr:near:rx	w16-p2-m2	3	slowest_connection_ns	4223707596	4187981123	4330008900
network-budget/formal-expanded-v2	tap:nonblocking:rr:near:rx	w16-p2-m2	3	rtt_p50_ns_median	4050110.5	3746810.5	6258690.5
network-budget/formal-expanded-v2	tap:nonblocking:rr:near:rx	w16-p2-m2	3	rtt_max_ns	33692654	33144916	36247537
network-budget/formal-expanded-v2	tap:nonblocking:rr:near:rx	w8-p1-m1	3	receiver_bytes	1835008	1835008	1835008
network-budget/formal-expanded-v2	tap:nonblocking:rr:near:rx	w8-p1-m1	3	elapsed_ns	4190483203	4055222143	4417905806
network-budget/formal-expanded-v2	tap:nonblocking:rr:near:rx	w8-p1-m1	3	receiver_mbit_s	3.5031912285176148	3.3228558155456516	3.6200394164202017
network-budget/formal-expanded-v2	tap:nonblocking:rr:near:rx	w8-p1-m1	3	transactions_s	6842.170368198466	6489.952764737601	7070.389485195707
network-budget/formal-expanded-v2	tap:nonblocking:rr:near:rx	w8-p1-m1	3	connection_mbit_s_min	0.12513201900214083	0.11868545409238485	0.1293059393510376
network-budget/formal-expanded-v2	tap:nonblocking:rr:near:rx	w8-p1-m1	3	connection_mbit_s_max	0.12558955612325245	0.11920851389330792	0.12988518329455145
network-budget/formal-expanded-v2	tap:nonblocking:rr:near:rx	w8-p1-m1	3	jain_completion_rate	0.9999991428108905	0.9999990079153566	0.9999993818705928
network-budget/formal-expanded-v2	tap:nonblocking:rr:near:rx	w8-p1-m1	3	completion_span_ns	18620375	15550186	19589932
network-budget/formal-expanded-v2	tap:nonblocking:rr:near:rx	w8-p1-m1	3	slowest_connection_ns	4189878851	4054632004	4417457927
network-budget/formal-expanded-v2	tap:nonblocking:rr:near:rx	w8-p1-m1	3	rtt_p50_ns_median	4453308.0	4328572.0	4721174.0
network-budget/formal-expanded-v2	tap:nonblocking:rr:near:rx	w8-p1-m1	3	rtt_max_ns	33776452	23658888	34499510
network-budget/formal-expanded-v2	tap:nonblocking:rr:near:rx	w8-p4-m2	3	receiver_bytes	1835008	1835008	1835008
network-budget/formal-expanded-v2	tap:nonblocking:rr:near:rx	w8-p4-m2	3	elapsed_ns	4079953344	3917479568	4151511024
network-budget/formal-expanded-v2	tap:nonblocking:rr:near:rx	w8-p4-m2	3	receiver_mbit_s	3.598096047247348	3.5360773258541633	3.747323692486965
network-budget/formal-expanded-v2	tap:nonblocking:rr:near:rx	w8-p4-m2	3	transactions_s	7027.531342279977	6906.401027058913	7318.991586888604
network-budget/formal-expanded-v2	tap:nonblocking:rr:near:rx	w8-p4-m2	3	connection_mbit_s_min	0.1285174153500026	0.1263121570091104	0.13385186026347187
network-budget/formal-expanded-v2	tap:nonblocking:rr:near:rx	w8-p4-m2	3	connection_mbit_s_max	0.1291059117843453	0.1267827812060631	0.13443912346705905
network-budget/formal-expanded-v2	tap:nonblocking:rr:near:rx	w8-p4-m2	3	jain_completion_rate	0.9999988659429531	0.9999988496693791	0.9999993185531189
network-budget/formal-expanded-v2	tap:nonblocking:rr:near:rx	w8-p4-m2	3	completion_span_ns	17579126	16186061	18879533
network-budget/formal-expanded-v2	tap:nonblocking:rr:near:rx	w8-p4-m2	3	slowest_connection_ns	4079509369	3916927258	4150732696
network-budget/formal-expanded-v2	tap:nonblocking:rr:near:rx	w8-p4-m2	3	rtt_p50_ns_median	4065986.0	3925074.0	4090910.0
network-budget/formal-expanded-v2	tap:nonblocking:rr:near:rx	w8-p4-m2	3	rtt_max_ns	33571371	31730650	34539311
